{"type": "FeatureCollection", "name": "Monsoon_Basin2", "crs": {"type": "name", "properties": {"name": "urn:ogc:def:crs:OGC:1.3:CRS84"}}, "features": [{"type": "Feature", "properties": {"No_": "1", "Latitude": 36.88125, "Longitude": 75.16458333, "Annual_Rai": 302.01}, "geometry": {"type": "Point", "coordinates": [75.16458333, 36.88125]}}, {"type": "Feature", "properties": {"No_": "2", "Latitude": 36.87291667, "Longitude": 75.16458333, "Annual_Rai": 302.01}, "geometry": {"type": "Point", "coordinates": [75.16458333, 36.87291667]}}, {"type": "Feature", "properties": {"No_": "3", "Latitude": 36.86458333, "Longitude": 75.03125, "Annual_Rai": 82.45}, "geometry": {"type": "Point", "coordinates": [75.03125, 36.86458333]}}, {"type": "Feature", "properties": {"No_": "4", "Latitude": 36.86041667, "Longitude": 75.03541667, "Annual_Rai": 82.45}, "geometry": {"type": "Point", "coordinates": [75.03541667, 36.86041667]}}, {"type": "Feature", "properties": {"No_": "5", "Latitude": 36.82291667, "Longitude": 74.36458333, "Annual_Rai": 237.53}, "geometry": {"type": "Point", "coordinates": [74.36458333, 36.82291667]}}, {"type": "Feature", "properties": {"No_": "6", "Latitude": 36.82291667, "Longitude": 74.71458333, "Annual_Rai": 57.6}, "geometry": {"type": "Point", "coordinates": [74.71458333, 36.82291667]}}, {"type": "Feature", "properties": {"No_": "7", "Latitude": 36.81875, "Longitude": 74.36458333, "Annual_Rai": 237.53}, "geometry": {"type": "Point", "coordinates": [74.36458333, 36.81875]}}, {"type": "Feature", "properties": {"No_": "8", "Latitude": 36.81875, "Longitude": 74.71041667, "Annual_Rai": 57.6}, "geometry": {"type": "Point", "coordinates": [74.71041667, 36.81875]}}, {"type": "Feature", "properties": {"No_": "9", "Latitude": 36.79791667, "Longitude": 74.95625, "Annual_Rai": 67.23}, "geometry": {"type": "Point", "coordinates": [74.95625, 36.79791667]}}, {"type": "Feature", "properties": {"No_": "10", "Latitude": 36.79375, "Longitude": 74.95208333, "Annual_Rai": 67.23}, "geometry": {"type": "Point", "coordinates": [74.95208333, 36.79375]}}, {"type": "Feature", "properties": {"No_": "11", "Latitude": 36.79375, "Longitude": 74.96041667, "Annual_Rai": 67.23}, "geometry": {"type": "Point", "coordinates": [74.96041667, 36.79375]}}, {"type": "Feature", "properties": {"No_": "12", "Latitude": 36.78958333, "Longitude": 74.94791667, "Annual_Rai": 67.23}, "geometry": {"type": "Point", "coordinates": [74.94791667, 36.78958333]}}, {"type": "Feature", "properties": {"No_": "13", "Latitude": 36.75208333, "Longitude": 74.71041667, "Annual_Rai": 65.4}, "geometry": {"type": "Point", "coordinates": [74.71041667, 36.75208333]}}, {"type": "Feature", "properties": {"No_": "14", "Latitude": 36.74791667, "Longitude": 74.70625, "Annual_Rai": 65.4}, "geometry": {"type": "Point", "coordinates": [74.70625, 36.74791667]}}, {"type": "Feature", "properties": {"No_": "15", "Latitude": 36.74375, "Longitude": 74.82291667, "Annual_Rai": 60.2}, "geometry": {"type": "Point", "coordinates": [74.82291667, 36.74375]}}, {"type": "Feature", "properties": {"No_": "16", "Latitude": 36.74375, "Longitude": 74.82708333, "Annual_Rai": 60.2}, "geometry": {"type": "Point", "coordinates": [74.82708333, 36.74375]}}, {"type": "Feature", "properties": {"No_": "17", "Latitude": 36.69791667, "Longitude": 74.81875, "Annual_Rai": 77.79}, "geometry": {"type": "Point", "coordinates": [74.81875, 36.69791667]}}, {"type": "Feature", "properties": {"No_": "18", "Latitude": 36.69375, "Longitude": 74.81458333, "Annual_Rai": 85.91}, "geometry": {"type": "Point", "coordinates": [74.81458333, 36.69375]}}, {"type": "Feature", "properties": {"No_": "19", "Latitude": 36.66875, "Longitude": 75.31041667, "Annual_Rai": 270.82}, "geometry": {"type": "Point", "coordinates": [75.31041667, 36.66875]}}, {"type": "Feature", "properties": {"No_": "20", "Latitude": 36.66041667, "Longitude": 75.31041667, "Annual_Rai": 270.82}, "geometry": {"type": "Point", "coordinates": [75.31041667, 36.66041667]}}, {"type": "Feature", "properties": {"No_": "21", "Latitude": 36.62708333, "Longitude": 74.06875, "Annual_Rai": 259.38}, "geometry": {"type": "Point", "coordinates": [74.06875, 36.62708333]}}, {"type": "Feature", "properties": {"No_": "22", "Latitude": 36.61875, "Longitude": 74.07291667, "Annual_Rai": 259.38}, "geometry": {"type": "Point", "coordinates": [74.07291667, 36.61875]}}, {"type": "Feature", "properties": {"No_": "23", "Latitude": 36.61458333, "Longitude": 74.86041667, "Annual_Rai": 95.06}, "geometry": {"type": "Point", "coordinates": [74.86041667, 36.61458333]}}, {"type": "Feature", "properties": {"No_": "24", "Latitude": 36.61458333, "Longitude": 74.86875, "Annual_Rai": 95.06}, "geometry": {"type": "Point", "coordinates": [74.86875, 36.61458333]}}, {"type": "Feature", "properties": {"No_": "25", "Latitude": 36.53125, "Longitude": 75.01458333, "Annual_Rai": 124.77}, "geometry": {"type": "Point", "coordinates": [75.01458333, 36.53125]}}, {"type": "Feature", "properties": {"No_": "26", "Latitude": 36.52708333, "Longitude": 74.85625, "Annual_Rai": 130.7}, "geometry": {"type": "Point", "coordinates": [74.85625, 36.52708333]}}, {"type": "Feature", "properties": {"No_": "27", "Latitude": 36.52708333, "Longitude": 75.01458333, "Annual_Rai": 124.77}, "geometry": {"type": "Point", "coordinates": [75.01458333, 36.52708333]}}, {"type": "Feature", "properties": {"No_": "28", "Latitude": 36.51875, "Longitude": 74.85625, "Annual_Rai": 130.7}, "geometry": {"type": "Point", "coordinates": [74.85625, 36.51875]}}, {"type": "Feature", "properties": {"No_": "29", "Latitude": 36.51458333, "Longitude": 73.20625, "Annual_Rai": 244.71}, "geometry": {"type": "Point", "coordinates": [73.20625, 36.51458333]}}, {"type": "Feature", "properties": {"No_": "30", "Latitude": 36.51458333, "Longitude": 73.92708333, "Annual_Rai": 218.6}, "geometry": {"type": "Point", "coordinates": [73.92708333, 36.51458333]}}, {"type": "Feature", "properties": {"No_": "31", "Latitude": 36.51041667, "Longitude": 73.20625, "Annual_Rai": 244.71}, "geometry": {"type": "Point", "coordinates": [73.20625, 36.51041667]}}, {"type": "Feature", "properties": {"No_": "32", "Latitude": 36.50625, "Longitude": 73.92708333, "Annual_Rai": 218.6}, "geometry": {"type": "Point", "coordinates": [73.92708333, 36.50625]}}, {"type": "Feature", "properties": {"No_": "33", "Latitude": 36.49375, "Longitude": 74.89375, "Annual_Rai": 129.0}, "geometry": {"type": "Point", "coordinates": [74.89375, 36.49375]}}, {"type": "Feature", "properties": {"No_": "34", "Latitude": 36.49375, "Longitude": 74.89791667, "Annual_Rai": 129.0}, "geometry": {"type": "Point", "coordinates": [74.89791667, 36.49375]}}, {"type": "Feature", "properties": {"No_": "35", "Latitude": 36.47708333, "Longitude": 73.83958333, "Annual_Rai": 286.25}, "geometry": {"type": "Point", "coordinates": [73.83958333, 36.47708333]}}, {"type": "Feature", "properties": {"No_": "36", "Latitude": 36.47708333, "Longitude": 73.84375, "Annual_Rai": 228.93}, "geometry": {"type": "Point", "coordinates": [73.84375, 36.47708333]}}, {"type": "Feature", "properties": {"No_": "37", "Latitude": 36.46041667, "Longitude": 76.00625, "Annual_Rai": 119.61}, "geometry": {"type": "Point", "coordinates": [76.00625, 36.46041667]}}, {"type": "Feature", "properties": {"No_": "38", "Latitude": 36.45208333, "Longitude": 73.38125, "Annual_Rai": 241.67}, "geometry": {"type": "Point", "coordinates": [73.38125, 36.45208333]}}, {"type": "Feature", "properties": {"No_": "39", "Latitude": 36.45208333, "Longitude": 73.38958333, "Annual_Rai": 241.67}, "geometry": {"type": "Point", "coordinates": [73.38958333, 36.45208333]}}, {"type": "Feature", "properties": {"No_": "40", "Latitude": 36.44791667, "Longitude": 74.28958333, "Annual_Rai": 189.66}, "geometry": {"type": "Point", "coordinates": [74.28958333, 36.44791667]}}, {"type": "Feature", "properties": {"No_": "41", "Latitude": 36.44791667, "Longitude": 74.29791667, "Annual_Rai": 207.7}, "geometry": {"type": "Point", "coordinates": [74.29791667, 36.44791667]}}, {"type": "Feature", "properties": {"No_": "42", "Latitude": 36.43958333, "Longitude": 73.38125, "Annual_Rai": 241.67}, "geometry": {"type": "Point", "coordinates": [73.38125, 36.43958333]}}, {"type": "Feature", "properties": {"No_": "43", "Latitude": 36.43541667, "Longitude": 73.38125, "Annual_Rai": 241.67}, "geometry": {"type": "Point", "coordinates": [73.38125, 36.43541667]}}, {"type": "Feature", "properties": {"No_": "44", "Latitude": 36.42708333, "Longitude": 75.37291667, "Annual_Rai": 177.39}, "geometry": {"type": "Point", "coordinates": [75.37291667, 36.42708333]}}, {"type": "Feature", "properties": {"No_": "45", "Latitude": 36.42708333, "Longitude": 75.38541667, "Annual_Rai": 177.39}, "geometry": {"type": "Point", "coordinates": [75.38541667, 36.42708333]}}, {"type": "Feature", "properties": {"No_": "46", "Latitude": 36.42291667, "Longitude": 75.36875, "Annual_Rai": 175.07}, "geometry": {"type": "Point", "coordinates": [75.36875, 36.42291667]}}, {"type": "Feature", "properties": {"No_": "47", "Latitude": 36.42291667, "Longitude": 75.38541667, "Annual_Rai": 177.39}, "geometry": {"type": "Point", "coordinates": [75.38541667, 36.42291667]}}, {"type": "Feature", "properties": {"No_": "48", "Latitude": 36.41458333, "Longitude": 73.83541667, "Annual_Rai": 213.56}, "geometry": {"type": "Point", "coordinates": [73.83541667, 36.41458333]}}, {"type": "Feature", "properties": {"No_": "49", "Latitude": 36.41041667, "Longitude": 73.83125, "Annual_Rai": 213.56}, "geometry": {"type": "Point", "coordinates": [73.83125, 36.41041667]}}, {"type": "Feature", "properties": {"No_": "50", "Latitude": 36.39791667, "Longitude": 75.85625, "Annual_Rai": 296.43}, "geometry": {"type": "Point", "coordinates": [75.85625, 36.39791667]}}, {"type": "Feature", "properties": {"No_": "51", "Latitude": 36.39375, "Longitude": 75.86458333, "Annual_Rai": 288.37}, "geometry": {"type": "Point", "coordinates": [75.86458333, 36.39375]}}, {"type": "Feature", "properties": {"No_": "52", "Latitude": 36.38125, "Longitude": 73.33541667, "Annual_Rai": 260.51}, "geometry": {"type": "Point", "coordinates": [73.33541667, 36.38125]}}, {"type": "Feature", "properties": {"No_": "53", "Latitude": 36.38125, "Longitude": 73.34375, "Annual_Rai": 260.51}, "geometry": {"type": "Point", "coordinates": [73.34375, 36.38125]}}, {"type": "Feature", "properties": {"No_": "54", "Latitude": 36.38125, "Longitude": 75.78958333, "Annual_Rai": 273.56}, "geometry": {"type": "Point", "coordinates": [75.78958333, 36.38125]}}, {"type": "Feature", "properties": {"No_": "55", "Latitude": 36.37708333, "Longitude": 75.79375, "Annual_Rai": 273.56}, "geometry": {"type": "Point", "coordinates": [75.79375, 36.37708333]}}, {"type": "Feature", "properties": {"No_": "56", "Latitude": 36.33541667, "Longitude": 74.28958333, "Annual_Rai": 217.5}, "geometry": {"type": "Point", "coordinates": [74.28958333, 36.33541667]}}, {"type": "Feature", "properties": {"No_": "57", "Latitude": 36.33541667, "Longitude": 75.49375, "Annual_Rai": 163.16}, "geometry": {"type": "Point", "coordinates": [75.49375, 36.33541667]}}, {"type": "Feature", "properties": {"No_": "58", "Latitude": 36.33125, "Longitude": 74.28958333, "Annual_Rai": 217.5}, "geometry": {"type": "Point", "coordinates": [74.28958333, 36.33125]}}, {"type": "Feature", "properties": {"No_": "59", "Latitude": 36.33125, "Longitude": 75.48958333, "Annual_Rai": 163.16}, "geometry": {"type": "Point", "coordinates": [75.48958333, 36.33125]}}, {"type": "Feature", "properties": {"No_": "60", "Latitude": 36.31041667, "Longitude": 74.67291667, "Annual_Rai": 215.85}, "geometry": {"type": "Point", "coordinates": [74.67291667, 36.31041667]}}, {"type": "Feature", "properties": {"No_": "61", "Latitude": 36.30625, "Longitude": 75.79791667, "Annual_Rai": 285.75}, "geometry": {"type": "Point", "coordinates": [75.79791667, 36.30625]}}, {"type": "Feature", "properties": {"No_": "62", "Latitude": 36.30625, "Longitude": 75.80208333, "Annual_Rai": 285.75}, "geometry": {"type": "Point", "coordinates": [75.80208333, 36.30625]}}, {"type": "Feature", "properties": {"No_": "63", "Latitude": 36.30208333, "Longitude": 74.67291667, "Annual_Rai": 215.85}, "geometry": {"type": "Point", "coordinates": [74.67291667, 36.30208333]}}, {"type": "Feature", "properties": {"No_": "64", "Latitude": 36.29791667, "Longitude": 74.61458333, "Annual_Rai": 236.96}, "geometry": {"type": "Point", "coordinates": [74.61458333, 36.29791667]}}, {"type": "Feature", "properties": {"No_": "65", "Latitude": 36.29375, "Longitude": 74.60625, "Annual_Rai": 236.96}, "geometry": {"type": "Point", "coordinates": [74.60625, 36.29375]}}, {"type": "Feature", "properties": {"No_": "66", "Latitude": 36.28125, "Longitude": 75.80208333, "Annual_Rai": 180.42}, "geometry": {"type": "Point", "coordinates": [75.80208333, 36.28125]}}, {"type": "Feature", "properties": {"No_": "67", "Latitude": 36.28125, "Longitude": 75.80625, "Annual_Rai": 180.42}, "geometry": {"type": "Point", "coordinates": [75.80625, 36.28125]}}, {"type": "Feature", "properties": {"No_": "68", "Latitude": 36.27291667, "Longitude": 73.65208333, "Annual_Rai": 207.08}, "geometry": {"type": "Point", "coordinates": [73.65208333, 36.27291667]}}, {"type": "Feature", "properties": {"No_": "69", "Latitude": 36.26458333, "Longitude": 73.64791667, "Annual_Rai": 207.08}, "geometry": {"type": "Point", "coordinates": [73.64791667, 36.26458333]}}, {"type": "Feature", "properties": {"No_": "70", "Latitude": 36.26041667, "Longitude": 74.35625, "Annual_Rai": 274.25}, "geometry": {"type": "Point", "coordinates": [74.35625, 36.26041667]}}, {"type": "Feature", "properties": {"No_": "71", "Latitude": 36.25625, "Longitude": 74.34791667, "Annual_Rai": 274.25}, "geometry": {"type": "Point", "coordinates": [74.34791667, 36.25625]}}, {"type": "Feature", "properties": {"No_": "72", "Latitude": 36.25625, "Longitude": 74.76458333, "Annual_Rai": 234.47}, "geometry": {"type": "Point", "coordinates": [74.76458333, 36.25625]}}, {"type": "Feature", "properties": {"No_": "73", "Latitude": 36.25208333, "Longitude": 74.76041667, "Annual_Rai": 234.47}, "geometry": {"type": "Point", "coordinates": [74.76041667, 36.25208333]}}, {"type": "Feature", "properties": {"No_": "74", "Latitude": 36.25208333, "Longitude": 74.78958333, "Annual_Rai": 272.26}, "geometry": {"type": "Point", "coordinates": [74.78958333, 36.25208333]}}, {"type": "Feature", "properties": {"No_": "75", "Latitude": 36.24791667, "Longitude": 73.41458333, "Annual_Rai": 176.29}, "geometry": {"type": "Point", "coordinates": [73.41458333, 36.24791667]}}, {"type": "Feature", "properties": {"No_": "76", "Latitude": 36.24375, "Longitude": 73.41041667, "Annual_Rai": 163.49}, "geometry": {"type": "Point", "coordinates": [73.41041667, 36.24375]}}, {"type": "Feature", "properties": {"No_": "77", "Latitude": 36.24375, "Longitude": 74.78958333, "Annual_Rai": 319.64}, "geometry": {"type": "Point", "coordinates": [74.78958333, 36.24375]}}, {"type": "Feature", "properties": {"No_": "78", "Latitude": 36.23125, "Longitude": 73.45208333, "Annual_Rai": 166.18}, "geometry": {"type": "Point", "coordinates": [73.45208333, 36.23125]}}, {"type": "Feature", "properties": {"No_": "79", "Latitude": 36.22708333, "Longitude": 73.45625, "Annual_Rai": 166.18}, "geometry": {"type": "Point", "coordinates": [73.45625, 36.22708333]}}, {"type": "Feature", "properties": {"No_": "80", "Latitude": 36.21875, "Longitude": 73.51041667, "Annual_Rai": 202.74}, "geometry": {"type": "Point", "coordinates": [73.51041667, 36.21875]}}, {"type": "Feature", "properties": {"No_": "81", "Latitude": 36.21875, "Longitude": 73.51875, "Annual_Rai": 202.74}, "geometry": {"type": "Point", "coordinates": [73.51875, 36.21875]}}, {"type": "Feature", "properties": {"No_": "82", "Latitude": 36.21458333, "Longitude": 73.73541667, "Annual_Rai": 204.14}, "geometry": {"type": "Point", "coordinates": [73.73541667, 36.21458333]}}, {"type": "Feature", "properties": {"No_": "83", "Latitude": 36.21041667, "Longitude": 73.73125, "Annual_Rai": 204.14}, "geometry": {"type": "Point", "coordinates": [73.73125, 36.21041667]}}, {"type": "Feature", "properties": {"No_": "84", "Latitude": 36.19791667, "Longitude": 73.23541667, "Annual_Rai": 235.95}, "geometry": {"type": "Point", "coordinates": [73.23541667, 36.19791667]}}, {"type": "Feature", "properties": {"No_": "85", "Latitude": 36.19375, "Longitude": 73.24375, "Annual_Rai": 235.95}, "geometry": {"type": "Point", "coordinates": [73.24375, 36.19375]}}, {"type": "Feature", "properties": {"No_": "86", "Latitude": 36.18958333, "Longitude": 72.99791667, "Annual_Rai": 225.28}, "geometry": {"type": "Point", "coordinates": [72.99791667, 36.18958333]}}, {"type": "Feature", "properties": {"No_": "87", "Latitude": 36.18541667, "Longitude": 72.98958333, "Annual_Rai": 225.28}, "geometry": {"type": "Point", "coordinates": [72.98958333, 36.18541667]}}, {"type": "Feature", "properties": {"No_": "88", "Latitude": 36.18541667, "Longitude": 72.99375, "Annual_Rai": 225.28}, "geometry": {"type": "Point", "coordinates": [72.99375, 36.18541667]}}, {"type": "Feature", "properties": {"No_": "89", "Latitude": 36.18125, "Longitude": 72.99375, "Annual_Rai": 225.28}, "geometry": {"type": "Point", "coordinates": [72.99375, 36.18125]}}, {"type": "Feature", "properties": {"No_": "90", "Latitude": 36.17708333, "Longitude": 72.73958333, "Annual_Rai": 306.94}, "geometry": {"type": "Point", "coordinates": [72.73958333, 36.17708333]}}, {"type": "Feature", "properties": {"No_": "91", "Latitude": 36.17291667, "Longitude": 72.79791667, "Annual_Rai": 315.14}, "geometry": {"type": "Point", "coordinates": [72.79791667, 36.17291667]}}, {"type": "Feature", "properties": {"No_": "92", "Latitude": 36.16875, "Longitude": 72.73958333, "Annual_Rai": 306.94}, "geometry": {"type": "Point", "coordinates": [72.73958333, 36.16875]}}, {"type": "Feature", "properties": {"No_": "93", "Latitude": 36.16458333, "Longitude": 72.80208333, "Annual_Rai": 315.14}, "geometry": {"type": "Point", "coordinates": [72.80208333, 36.16458333]}}, {"type": "Feature", "properties": {"No_": "94", "Latitude": 36.16041667, "Longitude": 72.67708333, "Annual_Rai": 320.3}, "geometry": {"type": "Point", "coordinates": [72.67708333, 36.16041667]}}, {"type": "Feature", "properties": {"No_": "95", "Latitude": 36.15208333, "Longitude": 72.67291667, "Annual_Rai": 351.45}, "geometry": {"type": "Point", "coordinates": [72.67291667, 36.15208333]}}, {"type": "Feature", "properties": {"No_": "96", "Latitude": 36.14375, "Longitude": 75.09375, "Annual_Rai": 200.12}, "geometry": {"type": "Point", "coordinates": [75.09375, 36.14375]}}, {"type": "Feature", "properties": {"No_": "97", "Latitude": 36.13541667, "Longitude": 75.08958333, "Annual_Rai": 200.12}, "geometry": {"type": "Point", "coordinates": [75.08958333, 36.13541667]}}, {"type": "Feature", "properties": {"No_": "98", "Latitude": 36.11875, "Longitude": 73.88541667, "Annual_Rai": 306.35}, "geometry": {"type": "Point", "coordinates": [73.88541667, 36.11875]}}, {"type": "Feature", "properties": {"No_": "99", "Latitude": 36.11458333, "Longitude": 73.88958333, "Annual_Rai": 291.01}, "geometry": {"type": "Point", "coordinates": [73.88958333, 36.11458333]}}, {"type": "Feature", "properties": {"No_": "100", "Latitude": 36.10625, "Longitude": 73.32291667, "Annual_Rai": 380.86}, "geometry": {"type": "Point", "coordinates": [73.32291667, 36.10625]}}, {"type": "Feature", "properties": {"No_": "101", "Latitude": 36.10625, "Longitude": 73.32708333, "Annual_Rai": 380.86}, "geometry": {"type": "Point", "coordinates": [73.32708333, 36.10625]}}, {"type": "Feature", "properties": {"No_": "102", "Latitude": 36.09791667, "Longitude": 73.99791667, "Annual_Rai": 185.34}, "geometry": {"type": "Point", "coordinates": [73.99791667, 36.09791667]}}, {"type": "Feature", "properties": {"No_": "103", "Latitude": 36.09375, "Longitude": 74.00208333, "Annual_Rai": 185.34}, "geometry": {"type": "Point", "coordinates": [74.00208333, 36.09375]}}, {"type": "Feature", "properties": {"No_": "104", "Latitude": 36.09375, "Longitude": 74.03541667, "Annual_Rai": 181.03}, "geometry": {"type": "Point", "coordinates": [74.03541667, 36.09375]}}, {"type": "Feature", "properties": {"No_": "105", "Latitude": 36.09375, "Longitude": 74.29375, "Annual_Rai": 143.69}, "geometry": {"type": "Point", "coordinates": [74.29375, 36.09375]}}, {"type": "Feature", "properties": {"No_": "106", "Latitude": 36.08958333, "Longitude": 74.03125, "Annual_Rai": 181.03}, "geometry": {"type": "Point", "coordinates": [74.03125, 36.08958333]}}, {"type": "Feature", "properties": {"No_": "107", "Latitude": 36.08958333, "Longitude": 74.28958333, "Annual_Rai": 136.48}, "geometry": {"type": "Point", "coordinates": [74.28958333, 36.08958333]}}, {"type": "Feature", "properties": {"No_": "108", "Latitude": 36.08958333, "Longitude": 75.26041667, "Annual_Rai": 195.62}, "geometry": {"type": "Point", "coordinates": [75.26041667, 36.08958333]}}, {"type": "Feature", "properties": {"No_": "109", "Latitude": 36.08125, "Longitude": 75.26041667, "Annual_Rai": 195.62}, "geometry": {"type": "Point", "coordinates": [75.26041667, 36.08125]}}, {"type": "Feature", "properties": {"No_": "110", "Latitude": 36.06458333, "Longitude": 73.01458333, "Annual_Rai": 316.67}, "geometry": {"type": "Point", "coordinates": [73.01458333, 36.06458333]}}, {"type": "Feature", "properties": {"No_": "111", "Latitude": 36.06041667, "Longitude": 73.01041667, "Annual_Rai": 316.67}, "geometry": {"type": "Point", "coordinates": [73.01041667, 36.06041667]}}, {"type": "Feature", "properties": {"No_": "112", "Latitude": 36.00625, "Longitude": 73.14791667, "Annual_Rai": 536.05}, "geometry": {"type": "Point", "coordinates": [73.14791667, 36.00625]}}, {"type": "Feature", "properties": {"No_": "113", "Latitude": 36.00625, "Longitude": 73.15208333, "Annual_Rai": 536.05}, "geometry": {"type": "Point", "coordinates": [73.15208333, 36.00625]}}, {"type": "Feature", "properties": {"No_": "114", "Latitude": 35.99375, "Longitude": 73.47708333, "Annual_Rai": 288.44}, "geometry": {"type": "Point", "coordinates": [73.47708333, 35.99375]}}, {"type": "Feature", "properties": {"No_": "115", "Latitude": 35.98958333, "Longitude": 73.47291667, "Annual_Rai": 288.44}, "geometry": {"type": "Point", "coordinates": [73.47291667, 35.98958333]}}, {"type": "Feature", "properties": {"No_": "116", "Latitude": 35.94375, "Longitude": 76.02291667, "Annual_Rai": 322.23}, "geometry": {"type": "Point", "coordinates": [76.02291667, 35.94375]}}, {"type": "Feature", "properties": {"No_": "117", "Latitude": 35.93541667, "Longitude": 74.37708333, "Annual_Rai": 158.91}, "geometry": {"type": "Point", "coordinates": [74.37708333, 35.93541667]}}, {"type": "Feature", "properties": {"No_": "118", "Latitude": 35.93541667, "Longitude": 76.02708333, "Annual_Rai": 322.23}, "geometry": {"type": "Point", "coordinates": [76.02708333, 35.93541667]}}, {"type": "Feature", "properties": {"No_": "119", "Latitude": 35.93125, "Longitude": 74.25208333, "Annual_Rai": 137.2}, "geometry": {"type": "Point", "coordinates": [74.25208333, 35.93125]}}, {"type": "Feature", "properties": {"No_": "120", "Latitude": 35.93125, "Longitude": 74.38125, "Annual_Rai": 200.46}, "geometry": {"type": "Point", "coordinates": [74.38125, 35.93125]}}, {"type": "Feature", "properties": {"No_": "121", "Latitude": 35.92708333, "Longitude": 74.25625, "Annual_Rai": 137.2}, "geometry": {"type": "Point", "coordinates": [74.25625, 35.92708333]}}, {"type": "Feature", "properties": {"No_": "122", "Latitude": 35.91875, "Longitude": 74.36458333, "Annual_Rai": 182.32}, "geometry": {"type": "Point", "coordinates": [74.36458333, 35.91875]}}, {"type": "Feature", "properties": {"No_": "123", "Latitude": 35.91875, "Longitude": 74.37291667, "Annual_Rai": 182.32}, "geometry": {"type": "Point", "coordinates": [74.37291667, 35.91875]}}, {"type": "Feature", "properties": {"No_": "124", "Latitude": 35.87708333, "Longitude": 74.48125, "Annual_Rai": 184.68}, "geometry": {"type": "Point", "coordinates": [74.48125, 35.87708333]}}, {"type": "Feature", "properties": {"No_": "125", "Latitude": 35.87291667, "Longitude": 74.47708333, "Annual_Rai": 184.68}, "geometry": {"type": "Point", "coordinates": [74.47708333, 35.87291667]}}, {"type": "Feature", "properties": {"No_": "126", "Latitude": 35.87291667, "Longitude": 75.32708333, "Annual_Rai": 213.78}, "geometry": {"type": "Point", "coordinates": [75.32708333, 35.87291667]}}, {"type": "Feature", "properties": {"No_": "127", "Latitude": 35.87291667, "Longitude": 75.39375, "Annual_Rai": 211.09}, "geometry": {"type": "Point", "coordinates": [75.39375, 35.87291667]}}, {"type": "Feature", "properties": {"No_": "128", "Latitude": 35.86875, "Longitude": 75.38958333, "Annual_Rai": 211.09}, "geometry": {"type": "Point", "coordinates": [75.38958333, 35.86875]}}, {"type": "Feature", "properties": {"No_": "129", "Latitude": 35.86458333, "Longitude": 75.32708333, "Annual_Rai": 213.78}, "geometry": {"type": "Point", "coordinates": [75.32708333, 35.86458333]}}, {"type": "Feature", "properties": {"No_": "130", "Latitude": 35.85625, "Longitude": 74.73541667, "Annual_Rai": 361.72}, "geometry": {"type": "Point", "coordinates": [74.73541667, 35.85625]}}, {"type": "Feature", "properties": {"No_": "131", "Latitude": 35.84791667, "Longitude": 74.73958333, "Annual_Rai": 355.37}, "geometry": {"type": "Point", "coordinates": [74.73958333, 35.84791667]}}, {"type": "Feature", "properties": {"No_": "132", "Latitude": 35.83125, "Longitude": 75.96875, "Annual_Rai": 249.34}, "geometry": {"type": "Point", "coordinates": [75.96875, 35.83125]}}, {"type": "Feature", "properties": {"No_": "133", "Latitude": 35.82708333, "Longitude": 75.96458333, "Annual_Rai": 249.34}, "geometry": {"type": "Point", "coordinates": [75.96458333, 35.82708333]}}, {"type": "Feature", "properties": {"No_": "134", "Latitude": 35.76458333, "Longitude": 73.38958333, "Annual_Rai": 483.79}, "geometry": {"type": "Point", "coordinates": [73.38958333, 35.76458333]}}, {"type": "Feature", "properties": {"No_": "135", "Latitude": 35.76041667, "Longitude": 73.38541667, "Annual_Rai": 483.79}, "geometry": {"type": "Point", "coordinates": [73.38541667, 35.76041667]}}, {"type": "Feature", "properties": {"No_": "136", "Latitude": 35.74791667, "Longitude": 74.62708333, "Annual_Rai": 238.25}, "geometry": {"type": "Point", "coordinates": [74.62708333, 35.74791667]}}, {"type": "Feature", "properties": {"No_": "137", "Latitude": 35.74791667, "Longitude": 76.52708333, "Annual_Rai": 194.36}, "geometry": {"type": "Point", "coordinates": [76.52708333, 35.74791667]}}, {"type": "Feature", "properties": {"No_": "138", "Latitude": 35.74375, "Longitude": 74.63125, "Annual_Rai": 238.25}, "geometry": {"type": "Point", "coordinates": [74.63125, 35.74375]}}, {"type": "Feature", "properties": {"No_": "139", "Latitude": 35.74375, "Longitude": 75.61875, "Annual_Rai": 228.72}, "geometry": {"type": "Point", "coordinates": [75.61875, 35.74375]}}, {"type": "Feature", "properties": {"No_": "140", "Latitude": 35.74375, "Longitude": 76.31458333, "Annual_Rai": 160.73}, "geometry": {"type": "Point", "coordinates": [76.31458333, 35.74375]}}, {"type": "Feature", "properties": {"No_": "141", "Latitude": 35.74375, "Longitude": 76.53125, "Annual_Rai": 194.36}, "geometry": {"type": "Point", "coordinates": [76.53125, 35.74375]}}, {"type": "Feature", "properties": {"No_": "142", "Latitude": 35.73958333, "Longitude": 73.39375, "Annual_Rai": 876.4}, "geometry": {"type": "Point", "coordinates": [73.39375, 35.73958333]}}, {"type": "Feature", "properties": {"No_": "143", "Latitude": 35.73958333, "Longitude": 75.62291667, "Annual_Rai": 228.72}, "geometry": {"type": "Point", "coordinates": [75.62291667, 35.73958333]}}, {"type": "Feature", "properties": {"No_": "144", "Latitude": 35.73958333, "Longitude": 76.31875, "Annual_Rai": 160.73}, "geometry": {"type": "Point", "coordinates": [76.31875, 35.73958333]}}, {"type": "Feature", "properties": {"No_": "145", "Latitude": 35.73125, "Longitude": 73.38541667, "Annual_Rai": 389.58}, "geometry": {"type": "Point", "coordinates": [73.38541667, 35.73125]}}, {"type": "Feature", "properties": {"No_": "146", "Latitude": 35.68958333, "Longitude": 76.15208333, "Annual_Rai": 225.74}, "geometry": {"type": "Point", "coordinates": [76.15208333, 35.68958333]}}, {"type": "Feature", "properties": {"No_": "147", "Latitude": 35.68541667, "Longitude": 75.96458333, "Annual_Rai": 214.87}, "geometry": {"type": "Point", "coordinates": [75.96458333, 35.68541667]}}, {"type": "Feature", "properties": {"No_": "148", "Latitude": 35.68541667, "Longitude": 76.16041667, "Annual_Rai": 225.74}, "geometry": {"type": "Point", "coordinates": [76.16041667, 35.68541667]}}, {"type": "Feature", "properties": {"No_": "149", "Latitude": 35.67708333, "Longitude": 75.96458333, "Annual_Rai": 214.87}, "geometry": {"type": "Point", "coordinates": [75.96458333, 35.67708333]}}, {"type": "Feature", "properties": {"No_": "150", "Latitude": 35.67291667, "Longitude": 75.87291667, "Annual_Rai": 227.63}, "geometry": {"type": "Point", "coordinates": [75.87291667, 35.67291667]}}, {"type": "Feature", "properties": {"No_": "151", "Latitude": 35.66875, "Longitude": 74.62291667, "Annual_Rai": 250.4}, "geometry": {"type": "Point", "coordinates": [74.62291667, 35.66875]}}, {"type": "Feature", "properties": {"No_": "152", "Latitude": 35.66875, "Longitude": 75.87291667, "Annual_Rai": 227.63}, "geometry": {"type": "Point", "coordinates": [75.87291667, 35.66875]}}, {"type": "Feature", "properties": {"No_": "153", "Latitude": 35.66458333, "Longitude": 74.62708333, "Annual_Rai": 250.4}, "geometry": {"type": "Point", "coordinates": [74.62708333, 35.66458333]}}, {"type": "Feature", "properties": {"No_": "154", "Latitude": 35.64791667, "Longitude": 76.02291667, "Annual_Rai": 216.74}, "geometry": {"type": "Point", "coordinates": [76.02291667, 35.64791667]}}, {"type": "Feature", "properties": {"No_": "155", "Latitude": 35.64375, "Longitude": 76.01875, "Annual_Rai": 216.74}, "geometry": {"type": "Point", "coordinates": [76.01875, 35.64375]}}, {"type": "Feature", "properties": {"No_": "156", "Latitude": 35.63541667, "Longitude": 75.02291667, "Annual_Rai": 314.14}, "geometry": {"type": "Point", "coordinates": [75.02291667, 35.63541667]}}, {"type": "Feature", "properties": {"No_": "157", "Latitude": 35.63125, "Longitude": 75.02708333, "Annual_Rai": 314.14}, "geometry": {"type": "Point", "coordinates": [75.02708333, 35.63125]}}, {"type": "Feature", "properties": {"No_": "158", "Latitude": 35.60208333, "Longitude": 75.14375, "Annual_Rai": 311.81}, "geometry": {"type": "Point", "coordinates": [75.14375, 35.60208333]}}, {"type": "Feature", "properties": {"No_": "159", "Latitude": 35.59791667, "Longitude": 75.13958333, "Annual_Rai": 309.8}, "geometry": {"type": "Point", "coordinates": [75.13958333, 35.59791667]}}, {"type": "Feature", "properties": {"No_": "160", "Latitude": 35.59791667, "Longitude": 75.54791667, "Annual_Rai": 198.33}, "geometry": {"type": "Point", "coordinates": [75.54791667, 35.59791667]}}, {"type": "Feature", "properties": {"No_": "161", "Latitude": 35.59375, "Longitude": 75.22708333, "Annual_Rai": 242.68}, "geometry": {"type": "Point", "coordinates": [75.22708333, 35.59375]}}, {"type": "Feature", "properties": {"No_": "162", "Latitude": 35.59375, "Longitude": 75.53958333, "Annual_Rai": 198.33}, "geometry": {"type": "Point", "coordinates": [75.53958333, 35.59375]}}, {"type": "Feature", "properties": {"No_": "163", "Latitude": 35.58958333, "Longitude": 75.22291667, "Annual_Rai": 242.68}, "geometry": {"type": "Point", "coordinates": [75.22291667, 35.58958333]}}, {"type": "Feature", "properties": {"No_": "164", "Latitude": 35.58958333, "Longitude": 75.31041667, "Annual_Rai": 209.86}, "geometry": {"type": "Point", "coordinates": [75.31041667, 35.58958333]}}, {"type": "Feature", "properties": {"No_": "165", "Latitude": 35.58541667, "Longitude": 75.31458333, "Annual_Rai": 209.86}, "geometry": {"type": "Point", "coordinates": [75.31458333, 35.58541667]}}, {"type": "Feature", "properties": {"No_": "166", "Latitude": 35.57291667, "Longitude": 74.64375, "Annual_Rai": 267.88}, "geometry": {"type": "Point", "coordinates": [74.64375, 35.57291667]}}, {"type": "Feature", "properties": {"No_": "167", "Latitude": 35.56875, "Longitude": 74.64791667, "Annual_Rai": 267.88}, "geometry": {"type": "Point", "coordinates": [74.64791667, 35.56875]}}, {"type": "Feature", "properties": {"No_": "168", "Latitude": 35.54375, "Longitude": 73.58541667, "Annual_Rai": 449.98}, "geometry": {"type": "Point", "coordinates": [73.58541667, 35.54375]}}, {"type": "Feature", "properties": {"No_": "169", "Latitude": 35.53958333, "Longitude": 73.51041667, "Annual_Rai": 446.46}, "geometry": {"type": "Point", "coordinates": [73.51041667, 35.53958333]}}, {"type": "Feature", "properties": {"No_": "170", "Latitude": 35.53541667, "Longitude": 73.51458333, "Annual_Rai": 446.46}, "geometry": {"type": "Point", "coordinates": [73.51458333, 35.53541667]}}, {"type": "Feature", "properties": {"No_": "171", "Latitude": 35.53674737, "Longitude": 73.52069588, "Annual_Rai": 446.46}, "geometry": {"type": "Point", "coordinates": [73.52069588, 35.53674737]}}, {"type": "Feature", "properties": {"No_": "172", "Latitude": 35.52291667, "Longitude": 73.79375, "Annual_Rai": 469.66}, "geometry": {"type": "Point", "coordinates": [73.79375, 35.52291667]}}, {"type": "Feature", "properties": {"No_": "173", "Latitude": 35.51875, "Longitude": 76.39791667, "Annual_Rai": 228.29}, "geometry": {"type": "Point", "coordinates": [76.39791667, 35.51875]}}, {"type": "Feature", "properties": {"No_": "174", "Latitude": 35.51458333, "Longitude": 73.79375, "Annual_Rai": 469.66}, "geometry": {"type": "Point", "coordinates": [73.79375, 35.51458333]}}, {"type": "Feature", "properties": {"No_": "175", "Latitude": 35.51458333, "Longitude": 76.39791667, "Annual_Rai": 228.29}, "geometry": {"type": "Point", "coordinates": [76.39791667, 35.51458333]}}, {"type": "Feature", "properties": {"No_": "176", "Latitude": 35.49375, "Longitude": 74.60208333, "Annual_Rai": 369.47}, "geometry": {"type": "Point", "coordinates": [74.60208333, 35.49375]}}, {"type": "Feature", "properties": {"No_": "177", "Latitude": 35.49375, "Longitude": 74.60625, "Annual_Rai": 303.28}, "geometry": {"type": "Point", "coordinates": [74.60625, 35.49375]}}, {"type": "Feature", "properties": {"No_": "178", "Latitude": 35.49375, "Longitude": 76.36041667, "Annual_Rai": 228.29}, "geometry": {"type": "Point", "coordinates": [76.36041667, 35.49375]}}, {"type": "Feature", "properties": {"No_": "179", "Latitude": 35.48958333, "Longitude": 74.59791667, "Annual_Rai": 369.47}, "geometry": {"type": "Point", "coordinates": [74.59791667, 35.48958333]}}, {"type": "Feature", "properties": {"No_": "180", "Latitude": 35.48958333, "Longitude": 74.60208333, "Annual_Rai": 369.47}, "geometry": {"type": "Point", "coordinates": [74.60208333, 35.48958333]}}, {"type": "Feature", "properties": {"No_": "181", "Latitude": 35.48958333, "Longitude": 76.35625, "Annual_Rai": 235.99}, "geometry": {"type": "Point", "coordinates": [76.35625, 35.48958333]}}, {"type": "Feature", "properties": {"No_": "182", "Latitude": 35.48541667, "Longitude": 73.86041667, "Annual_Rai": 416.97}, "geometry": {"type": "Point", "coordinates": [73.86041667, 35.48541667]}}, {"type": "Feature", "properties": {"No_": "183", "Latitude": 35.48541667, "Longitude": 73.86875, "Annual_Rai": 416.97}, "geometry": {"type": "Point", "coordinates": [73.86875, 35.48541667]}}, {"type": "Feature", "properties": {"No_": "184", "Latitude": 35.48541667, "Longitude": 77.01875, "Annual_Rai": 179.92}, "geometry": {"type": "Point", "coordinates": [77.01875, 35.48541667]}}, {"type": "Feature", "properties": {"No_": "185", "Latitude": 35.48541667, "Longitude": 77.02708333, "Annual_Rai": 179.92}, "geometry": {"type": "Point", "coordinates": [77.02708333, 35.48541667]}}, {"type": "Feature", "properties": {"No_": "186", "Latitude": 35.46875, "Longitude": 75.35625, "Annual_Rai": 251.63}, "geometry": {"type": "Point", "coordinates": [75.35625, 35.46875]}}, {"type": "Feature", "properties": {"No_": "187", "Latitude": 35.46875, "Longitude": 75.36458333, "Annual_Rai": 251.63}, "geometry": {"type": "Point", "coordinates": [75.36458333, 35.46875]}}, {"type": "Feature", "properties": {"No_": "188", "Latitude": 35.45625, "Longitude": 75.69791667, "Annual_Rai": 168.64}, "geometry": {"type": "Point", "coordinates": [75.69791667, 35.45625]}}, {"type": "Feature", "properties": {"No_": "189", "Latitude": 35.45208333, "Longitude": 75.69375, "Annual_Rai": 168.64}, "geometry": {"type": "Point", "coordinates": [75.69375, 35.45208333]}}, {"type": "Feature", "properties": {"No_": "190", "Latitude": 35.43541667, "Longitude": 75.46041667, "Annual_Rai": 181.79}, "geometry": {"type": "Point", "coordinates": [75.46041667, 35.43541667]}}, {"type": "Feature", "properties": {"No_": "191", "Latitude": 35.43541667, "Longitude": 75.46458333, "Annual_Rai": 181.79}, "geometry": {"type": "Point", "coordinates": [75.46458333, 35.43541667]}}, {"type": "Feature", "properties": {"No_": "192", "Latitude": 35.43125, "Longitude": 75.71458333, "Annual_Rai": 180.2}, "geometry": {"type": "Point", "coordinates": [75.71458333, 35.43125]}}, {"type": "Feature", "properties": {"No_": "193", "Latitude": 35.42708333, "Longitude": 74.11875, "Annual_Rai": 382.25}, "geometry": {"type": "Point", "coordinates": [74.11875, 35.42708333]}}, {"type": "Feature", "properties": {"No_": "194", "Latitude": 35.42708333, "Longitude": 75.71875, "Annual_Rai": 180.2}, "geometry": {"type": "Point", "coordinates": [75.71875, 35.42708333]}}, {"type": "Feature", "properties": {"No_": "195", "Latitude": 35.42291667, "Longitude": 74.11458333, "Annual_Rai": 382.25}, "geometry": {"type": "Point", "coordinates": [74.11458333, 35.42291667]}}, {"type": "Feature", "properties": {"No_": "196", "Latitude": 35.41458333, "Longitude": 74.14375, "Annual_Rai": 382.25}, "geometry": {"type": "Point", "coordinates": [74.14375, 35.41458333]}}, {"type": "Feature", "properties": {"No_": "197", "Latitude": 35.41041667, "Longitude": 74.14791667, "Annual_Rai": 382.25}, "geometry": {"type": "Point", "coordinates": [74.14791667, 35.41041667]}}, {"type": "Feature", "properties": {"No_": "198", "Latitude": 35.41041667, "Longitude": 74.32708333, "Annual_Rai": 430.23}, "geometry": {"type": "Point", "coordinates": [74.32708333, 35.41041667]}}, {"type": "Feature", "properties": {"No_": "199", "Latitude": 35.41041667, "Longitude": 76.64791667, "Annual_Rai": 207.3}, "geometry": {"type": "Point", "coordinates": [76.64791667, 35.41041667]}}, {"type": "Feature", "properties": {"No_": "200", "Latitude": 35.41041667, "Longitude": 76.65208333, "Annual_Rai": 207.3}, "geometry": {"type": "Point", "coordinates": [76.65208333, 35.41041667]}}, {"type": "Feature", "properties": {"No_": "201", "Latitude": 35.40625, "Longitude": 74.14791667, "Annual_Rai": 382.25}, "geometry": {"type": "Point", "coordinates": [74.14791667, 35.40625]}}, {"type": "Feature", "properties": {"No_": "202", "Latitude": 35.40625, "Longitude": 74.15208333, "Annual_Rai": 382.25}, "geometry": {"type": "Point", "coordinates": [74.15208333, 35.40625]}}, {"type": "Feature", "properties": {"No_": "203", "Latitude": 35.40625, "Longitude": 74.32291667, "Annual_Rai": 430.23}, "geometry": {"type": "Point", "coordinates": [74.32291667, 35.40625]}}, {"type": "Feature", "properties": {"No_": "204", "Latitude": 35.37291667, "Longitude": 74.86875, "Annual_Rai": 537.8}, "geometry": {"type": "Point", "coordinates": [74.86875, 35.37291667]}}, {"type": "Feature", "properties": {"No_": "205", "Latitude": 35.36875, "Longitude": 76.37291667, "Annual_Rai": 188.53}, "geometry": {"type": "Point", "coordinates": [76.37291667, 35.36875]}}, {"type": "Feature", "properties": {"No_": "206", "Latitude": 35.36458333, "Longitude": 74.86875, "Annual_Rai": 537.8}, "geometry": {"type": "Point", "coordinates": [74.86875, 35.36458333]}}, {"type": "Feature", "properties": {"No_": "207", "Latitude": 35.36458333, "Longitude": 76.36875, "Annual_Rai": 188.53}, "geometry": {"type": "Point", "coordinates": [76.36875, 35.36458333]}}, {"type": "Feature", "properties": {"No_": "208", "Latitude": 35.33541667, "Longitude": 76.37708333, "Annual_Rai": 178.2}, "geometry": {"type": "Point", "coordinates": [76.37708333, 35.33541667]}}, {"type": "Feature", "properties": {"No_": "209", "Latitude": 35.33125, "Longitude": 76.38125, "Annual_Rai": 178.2}, "geometry": {"type": "Point", "coordinates": [76.38125, 35.33125]}}, {"type": "Feature", "properties": {"No_": "210", "Latitude": 35.32708333, "Longitude": 75.62708333, "Annual_Rai": 117.34}, "geometry": {"type": "Point", "coordinates": [75.62708333, 35.32708333]}}, {"type": "Feature", "properties": {"No_": "211", "Latitude": 35.32291667, "Longitude": 75.60625, "Annual_Rai": 117.34}, "geometry": {"type": "Point", "coordinates": [75.60625, 35.32291667]}}, {"type": "Feature", "properties": {"No_": "212", "Latitude": 35.32291667, "Longitude": 75.62708333, "Annual_Rai": 117.34}, "geometry": {"type": "Point", "coordinates": [75.62708333, 35.32291667]}}, {"type": "Feature", "properties": {"No_": "213", "Latitude": 35.31875, "Longitude": 75.60208333, "Annual_Rai": 117.34}, "geometry": {"type": "Point", "coordinates": [75.60208333, 35.31875]}}, {"type": "Feature", "properties": {"No_": "214", "Latitude": 35.28125, "Longitude": 76.68958333, "Annual_Rai": 161.55}, "geometry": {"type": "Point", "coordinates": [76.68958333, 35.28125]}}, {"type": "Feature", "properties": {"No_": "215", "Latitude": 35.27708333, "Longitude": 76.69375, "Annual_Rai": 161.55}, "geometry": {"type": "Point", "coordinates": [76.69375, 35.27708333]}}, {"type": "Feature", "properties": {"No_": "216", "Latitude": 35.26458333, "Longitude": 74.84791667, "Annual_Rai": 474.33}, "geometry": {"type": "Point", "coordinates": [74.84791667, 35.26458333]}}, {"type": "Feature", "properties": {"No_": "217", "Latitude": 35.26041667, "Longitude": 74.84375, "Annual_Rai": 474.33}, "geometry": {"type": "Point", "coordinates": [74.84375, 35.26041667]}}, {"type": "Feature", "properties": {"No_": "218", "Latitude": 35.24791667, "Longitude": 76.40625, "Annual_Rai": 174.25}, "geometry": {"type": "Point", "coordinates": [76.40625, 35.24791667]}}, {"type": "Feature", "properties": {"No_": "219", "Latitude": 35.24791667, "Longitude": 76.41041667, "Annual_Rai": 174.25}, "geometry": {"type": "Point", "coordinates": [76.41041667, 35.24791667]}}, {"type": "Feature", "properties": {"No_": "220", "Latitude": 35.23958333, "Longitude": 76.20208333, "Annual_Rai": 188.33}, "geometry": {"type": "Point", "coordinates": [76.20208333, 35.23958333]}}, {"type": "Feature", "properties": {"No_": "221", "Latitude": 35.23541667, "Longitude": 76.19375, "Annual_Rai": 188.33}, "geometry": {"type": "Point", "coordinates": [76.19375, 35.23541667]}}, {"type": "Feature", "properties": {"No_": "222", "Latitude": 35.23125, "Longitude": 75.91458333, "Annual_Rai": 194.5}, "geometry": {"type": "Point", "coordinates": [75.91458333, 35.23125]}}, {"type": "Feature", "properties": {"No_": "223", "Latitude": 35.22708333, "Longitude": 75.91458333, "Annual_Rai": 194.5}, "geometry": {"type": "Point", "coordinates": [75.91458333, 35.22708333]}}, {"type": "Feature", "properties": {"No_": "224", "Latitude": 35.21458333, "Longitude": 74.81458333, "Annual_Rai": 405.65}, "geometry": {"type": "Point", "coordinates": [74.81458333, 35.21458333]}}, {"type": "Feature", "properties": {"No_": "225", "Latitude": 35.20625, "Longitude": 74.81458333, "Annual_Rai": 405.74}, "geometry": {"type": "Point", "coordinates": [74.81458333, 35.20625]}}, {"type": "Feature", "properties": {"No_": "226", "Latitude": 35.20625, "Longitude": 76.58958333, "Annual_Rai": 173.17}, "geometry": {"type": "Point", "coordinates": [76.58958333, 35.20625]}}, {"type": "Feature", "properties": {"No_": "227", "Latitude": 35.19791667, "Longitude": 74.95208333, "Annual_Rai": 365.87}, "geometry": {"type": "Point", "coordinates": [74.95208333, 35.19791667]}}, {"type": "Feature", "properties": {"No_": "228", "Latitude": 35.19791667, "Longitude": 76.58958333, "Annual_Rai": 173.17}, "geometry": {"type": "Point", "coordinates": [76.58958333, 35.19791667]}}, {"type": "Feature", "properties": {"No_": "229", "Latitude": 35.19791667, "Longitude": 77.21041667, "Annual_Rai": 118.54}, "geometry": {"type": "Point", "coordinates": [77.21041667, 35.19791667]}}, {"type": "Feature", "properties": {"No_": "230", "Latitude": 35.18958333, "Longitude": 74.95208333, "Annual_Rai": 365.87}, "geometry": {"type": "Point", "coordinates": [74.95208333, 35.18958333]}}, {"type": "Feature", "properties": {"No_": "231", "Latitude": 35.18958333, "Longitude": 77.20625, "Annual_Rai": 119.24}, "geometry": {"type": "Point", "coordinates": [77.20625, 35.18958333]}}, {"type": "Feature", "properties": {"No_": "232", "Latitude": 35.18541667, "Longitude": 76.41458333, "Annual_Rai": 177.38}, "geometry": {"type": "Point", "coordinates": [76.41458333, 35.18541667]}}, {"type": "Feature", "properties": {"No_": "233", "Latitude": 35.18125, "Longitude": 76.42291667, "Annual_Rai": 177.38}, "geometry": {"type": "Point", "coordinates": [76.42291667, 35.18125]}}, {"type": "Feature", "properties": {"No_": "234", "Latitude": 35.17708333, "Longitude": 75.91041667, "Annual_Rai": 198.32}, "geometry": {"type": "Point", "coordinates": [75.91041667, 35.17708333]}}, {"type": "Feature", "properties": {"No_": "235", "Latitude": 35.17291667, "Longitude": 75.91458333, "Annual_Rai": 198.32}, "geometry": {"type": "Point", "coordinates": [75.91458333, 35.17291667]}}, {"type": "Feature", "properties": {"No_": "236", "Latitude": 35.17291667, "Longitude": 76.35208333, "Annual_Rai": 188.48}, "geometry": {"type": "Point", "coordinates": [76.35208333, 35.17291667]}}, {"type": "Feature", "properties": {"No_": "237", "Latitude": 35.16875, "Longitude": 76.34791667, "Annual_Rai": 207.71}, "geometry": {"type": "Point", "coordinates": [76.34791667, 35.16875]}}, {"type": "Feature", "properties": {"No_": "238", "Latitude": 35.15625, "Longitude": 76.79791667, "Annual_Rai": 149.16}, "geometry": {"type": "Point", "coordinates": [76.79791667, 35.15625]}}, {"type": "Feature", "properties": {"No_": "239", "Latitude": 35.15625, "Longitude": 76.83541667, "Annual_Rai": 152.48}, "geometry": {"type": "Point", "coordinates": [76.83541667, 35.15625]}}, {"type": "Feature", "properties": {"No_": "240", "Latitude": 35.15208333, "Longitude": 76.79791667, "Annual_Rai": 149.16}, "geometry": {"type": "Point", "coordinates": [76.79791667, 35.15208333]}}, {"type": "Feature", "properties": {"No_": "241", "Latitude": 35.15208333, "Longitude": 76.83541667, "Annual_Rai": 152.48}, "geometry": {"type": "Point", "coordinates": [76.83541667, 35.15208333]}}, {"type": "Feature", "properties": {"No_": "242", "Latitude": 35.14791667, "Longitude": 74.79375, "Annual_Rai": 417.45}, "geometry": {"type": "Point", "coordinates": [74.79375, 35.14791667]}}, {"type": "Feature", "properties": {"No_": "243", "Latitude": 35.14791667, "Longitude": 74.79791667, "Annual_Rai": 417.45}, "geometry": {"type": "Point", "coordinates": [74.79791667, 35.14791667]}}, {"type": "Feature", "properties": {"No_": "244", "Latitude": 35.13541667, "Longitude": 75.96041667, "Annual_Rai": 224.02}, "geometry": {"type": "Point", "coordinates": [75.96041667, 35.13541667]}}, {"type": "Feature", "properties": {"No_": "245", "Latitude": 35.13125, "Longitude": 75.96875, "Annual_Rai": 224.02}, "geometry": {"type": "Point", "coordinates": [75.96875, 35.13125]}}, {"type": "Feature", "properties": {"No_": "246", "Latitude": 35.09375, "Longitude": 76.00625, "Annual_Rai": 232.66}, "geometry": {"type": "Point", "coordinates": [76.00625, 35.09375]}}, {"type": "Feature", "properties": {"No_": "247", "Latitude": 35.08958333, "Longitude": 76.00208333, "Annual_Rai": 232.66}, "geometry": {"type": "Point", "coordinates": [76.00208333, 35.08958333]}}, {"type": "Feature", "properties": {"No_": "248", "Latitude": 35.04791667, "Longitude": 74.83958333, "Annual_Rai": 473.15}, "geometry": {"type": "Point", "coordinates": [74.83958333, 35.04791667]}}, {"type": "Feature", "properties": {"No_": "249", "Latitude": 35.04375, "Longitude": 74.83958333, "Annual_Rai": 473.15}, "geometry": {"type": "Point", "coordinates": [74.83958333, 35.04375]}}, {"type": "Feature", "properties": {"No_": "250", "Latitude": 34.97291667, "Longitude": 76.53541667, "Annual_Rai": 184.15}, "geometry": {"type": "Point", "coordinates": [76.53541667, 34.97291667]}}, {"type": "Feature", "properties": {"No_": "251", "Latitude": 34.97291667, "Longitude": 76.54375, "Annual_Rai": 173.76}, "geometry": {"type": "Point", "coordinates": [76.54375, 34.97291667]}}, {"type": "Feature", "properties": {"No_": "252", "Latitude": 34.96458333, "Longitude": 74.86875, "Annual_Rai": 395.42}, "geometry": {"type": "Point", "coordinates": [74.86875, 34.96458333]}}, {"type": "Feature", "properties": {"No_": "253", "Latitude": 34.96458333, "Longitude": 74.87291667, "Annual_Rai": 395.42}, "geometry": {"type": "Point", "coordinates": [74.87291667, 34.96458333]}}, {"type": "Feature", "properties": {"No_": "254", "Latitude": 34.94375, "Longitude": 76.22708333, "Annual_Rai": 286.09}, "geometry": {"type": "Point", "coordinates": [76.22708333, 34.94375]}}, {"type": "Feature", "properties": {"No_": "255", "Latitude": 34.93958333, "Longitude": 76.22708333, "Annual_Rai": 286.09}, "geometry": {"type": "Point", "coordinates": [76.22708333, 34.93958333]}}, {"type": "Feature", "properties": {"No_": "256", "Latitude": 34.93958333, "Longitude": 76.59375, "Annual_Rai": 182.91}, "geometry": {"type": "Point", "coordinates": [76.59375, 34.93958333]}}, {"type": "Feature", "properties": {"No_": "257", "Latitude": 34.93958333, "Longitude": 76.77291667, "Annual_Rai": 188.6}, "geometry": {"type": "Point", "coordinates": [76.77291667, 34.93958333]}}, {"type": "Feature", "properties": {"No_": "258", "Latitude": 34.93541667, "Longitude": 76.60208333, "Annual_Rai": 182.91}, "geometry": {"type": "Point", "coordinates": [76.60208333, 34.93541667]}}, {"type": "Feature", "properties": {"No_": "259", "Latitude": 34.92708333, "Longitude": 75.43958333, "Annual_Rai": 370.71}, "geometry": {"type": "Point", "coordinates": [75.43958333, 34.92708333]}}, {"type": "Feature", "properties": {"No_": "260", "Latitude": 34.92291667, "Longitude": 75.43541667, "Annual_Rai": 370.71}, "geometry": {"type": "Point", "coordinates": [75.43541667, 34.92291667]}}, {"type": "Feature", "properties": {"No_": "261", "Latitude": 34.82708333, "Longitude": 74.36458333, "Annual_Rai": 724.79}, "geometry": {"type": "Point", "coordinates": [74.36458333, 34.82708333]}}, {"type": "Feature", "properties": {"No_": "262", "Latitude": 34.82291667, "Longitude": 74.36458333, "Annual_Rai": 724.79}, "geometry": {"type": "Point", "coordinates": [74.36458333, 34.82291667]}}, {"type": "Feature", "properties": {"No_": "263", "Latitude": 34.81458333, "Longitude": 74.43125, "Annual_Rai": 721.82}, "geometry": {"type": "Point", "coordinates": [74.43125, 34.81458333]}}, {"type": "Feature", "properties": {"No_": "264", "Latitude": 34.81041667, "Longitude": 74.42708333, "Annual_Rai": 721.82}, "geometry": {"type": "Point", "coordinates": [74.42708333, 34.81041667]}}, {"type": "Feature", "properties": {"No_": "265", "Latitude": 34.80208333, "Longitude": 74.18958333, "Annual_Rai": 596.51}, "geometry": {"type": "Point", "coordinates": [74.18958333, 34.80208333]}}, {"type": "Feature", "properties": {"No_": "266", "Latitude": 34.79791667, "Longitude": 74.19375, "Annual_Rai": 596.51}, "geometry": {"type": "Point", "coordinates": [74.19375, 34.79791667]}}, {"type": "Feature", "properties": {"No_": "267", "Latitude": 34.78958333, "Longitude": 74.56458333, "Annual_Rai": 523.68}, "geometry": {"type": "Point", "coordinates": [74.56458333, 34.78958333]}}, {"type": "Feature", "properties": {"No_": "268", "Latitude": 34.78125, "Longitude": 74.56875, "Annual_Rai": 523.68}, "geometry": {"type": "Point", "coordinates": [74.56875, 34.78125]}}, {"type": "Feature", "properties": {"No_": "269", "Latitude": 34.76458333, "Longitude": 75.33125, "Annual_Rai": 302.27}, "geometry": {"type": "Point", "coordinates": [75.33125, 34.76458333]}}, {"type": "Feature", "properties": {"No_": "270", "Latitude": 34.76041667, "Longitude": 75.33125, "Annual_Rai": 302.27}, "geometry": {"type": "Point", "coordinates": [75.33125, 34.76041667]}}, {"type": "Feature", "properties": {"No_": "271", "Latitude": 34.74791667, "Longitude": 76.21875, "Annual_Rai": 321.35}, "geometry": {"type": "Point", "coordinates": [76.21875, 34.74791667]}}, {"type": "Feature", "properties": {"No_": "272", "Latitude": 34.74375, "Longitude": 76.21041667, "Annual_Rai": 321.35}, "geometry": {"type": "Point", "coordinates": [76.21041667, 34.74375]}}, {"type": "Feature", "properties": {"No_": "273", "Latitude": 34.72708333, "Longitude": 74.13958333, "Annual_Rai": 677.12}, "geometry": {"type": "Point", "coordinates": [74.13958333, 34.72708333]}}, {"type": "Feature", "properties": {"No_": "274", "Latitude": 34.72708333, "Longitude": 74.71041667, "Annual_Rai": 486.61}, "geometry": {"type": "Point", "coordinates": [74.71041667, 34.72708333]}}, {"type": "Feature", "properties": {"No_": "275", "Latitude": 34.72291667, "Longitude": 74.14375, "Annual_Rai": 677.12}, "geometry": {"type": "Point", "coordinates": [74.14375, 34.72291667]}}, {"type": "Feature", "properties": {"No_": "276", "Latitude": 34.72291667, "Longitude": 74.71041667, "Annual_Rai": 486.61}, "geometry": {"type": "Point", "coordinates": [74.71041667, 34.72291667]}}, {"type": "Feature", "properties": {"No_": "277", "Latitude": 34.71041667, "Longitude": 75.74375, "Annual_Rai": 410.66}, "geometry": {"type": "Point", "coordinates": [75.74375, 34.71041667]}}, {"type": "Feature", "properties": {"No_": "278", "Latitude": 34.71041667, "Longitude": 75.74791667, "Annual_Rai": 410.66}, "geometry": {"type": "Point", "coordinates": [75.74791667, 34.71041667]}}, {"type": "Feature", "properties": {"No_": "279", "Latitude": 34.70208333, "Longitude": 74.11458333, "Annual_Rai": 565.4}, "geometry": {"type": "Point", "coordinates": [74.11458333, 34.70208333]}}, {"type": "Feature", "properties": {"No_": "280", "Latitude": 34.69791667, "Longitude": 74.11041667, "Annual_Rai": 624.06}, "geometry": {"type": "Point", "coordinates": [74.11041667, 34.69791667]}}, {"type": "Feature", "properties": {"No_": "281", "Latitude": 34.68958333, "Longitude": 73.96875, "Annual_Rai": 579.18}, "geometry": {"type": "Point", "coordinates": [73.96875, 34.68958333]}}, {"type": "Feature", "properties": {"No_": "282", "Latitude": 34.68958333, "Longitude": 73.97291667, "Annual_Rai": 579.18}, "geometry": {"type": "Point", "coordinates": [73.97291667, 34.68958333]}}, {"type": "Feature", "properties": {"No_": "283", "Latitude": 34.66458333, "Longitude": 75.65625, "Annual_Rai": 350.32}, "geometry": {"type": "Point", "coordinates": [75.65625, 34.66458333]}}, {"type": "Feature", "properties": {"No_": "284", "Latitude": 34.66041667, "Longitude": 75.50625, "Annual_Rai": 350.38}, "geometry": {"type": "Point", "coordinates": [75.50625, 34.66041667]}}, {"type": "Feature", "properties": {"No_": "285", "Latitude": 34.66041667, "Longitude": 75.65208333, "Annual_Rai": 350.32}, "geometry": {"type": "Point", "coordinates": [75.65208333, 34.66041667]}}, {"type": "Feature", "properties": {"No_": "286", "Latitude": 34.65625, "Longitude": 75.51458333, "Annual_Rai": 350.38}, "geometry": {"type": "Point", "coordinates": [75.51458333, 34.65625]}}, {"type": "Feature", "properties": {"No_": "287", "Latitude": 34.64375, "Longitude": 75.84791667, "Annual_Rai": 412.45}, "geometry": {"type": "Point", "coordinates": [75.84791667, 34.64375]}}, {"type": "Feature", "properties": {"No_": "288", "Latitude": 34.63958333, "Longitude": 75.85208333, "Annual_Rai": 412.45}, "geometry": {"type": "Point", "coordinates": [75.85208333, 34.63958333]}}, {"type": "Feature", "properties": {"No_": "289", "Latitude": 34.63541667, "Longitude": 75.89375, "Annual_Rai": 386.12}, "geometry": {"type": "Point", "coordinates": [75.89375, 34.63541667]}}, {"type": "Feature", "properties": {"No_": "290", "Latitude": 34.63125, "Longitude": 75.90208333, "Annual_Rai": 386.12}, "geometry": {"type": "Point", "coordinates": [75.90208333, 34.63125]}}, {"type": "Feature", "properties": {"No_": "291", "Latitude": 34.55625, "Longitude": 73.84375, "Annual_Rai": 685.05}, "geometry": {"type": "Point", "coordinates": [73.84375, 34.55625]}}, {"type": "Feature", "properties": {"No_": "292", "Latitude": 34.55625, "Longitude": 73.85208333, "Annual_Rai": 685.05}, "geometry": {"type": "Point", "coordinates": [73.85208333, 34.55625]}}, {"type": "Feature", "properties": {"No_": "293", "Latitude": 34.50911945, "Longitude": 71.57755101, "Annual_Rai": 691.9}, "geometry": {"type": "Point", "coordinates": [71.57755101, 34.50911945]}}, {"type": "Feature", "properties": {"No_": "294", "Latitude": 34.51191738, "Longitude": 71.54668155, "Annual_Rai": 657.55}, "geometry": {"type": "Point", "coordinates": [71.54668155, 34.51191738]}}, {"type": "Feature", "properties": {"No_": "295", "Latitude": 34.46041667, "Longitude": 73.56458333, "Annual_Rai": 1069.06}, "geometry": {"type": "Point", "coordinates": [73.56458333, 34.46041667]}}, {"type": "Feature", "properties": {"No_": "296", "Latitude": 34.46041667, "Longitude": 73.56875, "Annual_Rai": 1069.06}, "geometry": {"type": "Point", "coordinates": [73.56875, 34.46041667]}}, {"type": "Feature", "properties": {"No_": "297", "Latitude": 34.38958333, "Longitude": 73.76875, "Annual_Rai": 835.5}, "geometry": {"type": "Point", "coordinates": [73.76875, 34.38958333]}}, {"type": "Feature", "properties": {"No_": "298", "Latitude": 34.36041667, "Longitude": 73.47291667, "Annual_Rai": 1301.71}, "geometry": {"type": "Point", "coordinates": [73.47291667, 34.36041667]}}, {"type": "Feature", "properties": {"No_": "299", "Latitude": 34.35208333, "Longitude": 73.47291667, "Annual_Rai": 1301.71}, "geometry": {"type": "Point", "coordinates": [73.47291667, 34.35208333]}}, {"type": "Feature", "properties": {"No_": "300", "Latitude": 34.29375, "Longitude": 73.47708333, "Annual_Rai": 1332.16}, "geometry": {"type": "Point", "coordinates": [73.47708333, 34.29375]}}, {"type": "Feature", "properties": {"No_": "301", "Latitude": 34.28541667, "Longitude": 73.47291667, "Annual_Rai": 1332.16}, "geometry": {"type": "Point", "coordinates": [73.47291667, 34.28541667]}}, {"type": "Feature", "properties": {"No_": "302", "Latitude": 34.22364909, "Longitude": 71.55422667, "Annual_Rai": 584.94}, "geometry": {"type": "Point", "coordinates": [71.55422667, 34.22364909]}}, {"type": "Feature", "properties": {"No_": "303", "Latitude": 34.20625, "Longitude": 73.49791667, "Annual_Rai": 1209.88}, "geometry": {"type": "Point", "coordinates": [73.49791667, 34.20625]}}, {"type": "Feature", "properties": {"No_": "304", "Latitude": 34.16476415, "Longitude": 71.73726602, "Annual_Rai": 607.31}, "geometry": {"type": "Point", "coordinates": [71.73726602, 34.16476415]}}, {"type": "Feature", "properties": {"No_": "305", "Latitude": 34.15625, "Longitude": 73.84375, "Annual_Rai": 878.09}, "geometry": {"type": "Point", "coordinates": [73.84375, 34.15625]}}, {"type": "Feature", "properties": {"No_": "306", "Latitude": 34.14791667, "Longitude": 73.84375, "Annual_Rai": 878.09}, "geometry": {"type": "Point", "coordinates": [73.84375, 34.14791667]}}, {"type": "Feature", "properties": {"No_": "307", "Latitude": 34.16422682, "Longitude": 71.37983956, "Annual_Rai": 587.4}, "geometry": {"type": "Point", "coordinates": [71.37983956, 34.16422682]}}, {"type": "Feature", "properties": {"No_": "308", "Latitude": 34.11269221, "Longitude": 71.70770057, "Annual_Rai": 646.01}, "geometry": {"type": "Point", "coordinates": [71.70770057, 34.11269221]}}, {"type": "Feature", "properties": {"No_": "309", "Latitude": 34.0703093, "Longitude": 71.78230538, "Annual_Rai": 599.61}, "geometry": {"type": "Point", "coordinates": [71.78230538, 34.0703093]}}, {"type": "Feature", "properties": {"No_": "310", "Latitude": 34.05171976, "Longitude": 71.81844345, "Annual_Rai": 599.61}, "geometry": {"type": "Point", "coordinates": [71.81844345, 34.05171976]}}, {"type": "Feature", "properties": {"No_": "311", "Latitude": 34.03952502, "Longitude": 71.8817966, "Annual_Rai": 623.11}, "geometry": {"type": "Point", "coordinates": [71.8817966, 34.03952502]}}, {"type": "Feature", "properties": {"No_": "312", "Latitude": 34.04502753, "Longitude": 71.87510436, "Annual_Rai": 623.11}, "geometry": {"type": "Point", "coordinates": [71.87510436, 34.04502753]}}, {"type": "Feature", "properties": {"No_": "313", "Latitude": 34.00749028, "Longitude": 71.78985916, "Annual_Rai": 609.92}, "geometry": {"type": "Point", "coordinates": [71.78985916, 34.00749028]}}, {"type": "Feature", "properties": {"No_": "314", "Latitude": 34.02822259, "Longitude": 71.84907901, "Annual_Rai": 624.66}, "geometry": {"type": "Point", "coordinates": [71.84907901, 34.02822259]}}, {"type": "Feature", "properties": {"No_": "315", "Latitude": 33.90359574, "Longitude": 72.21023457, "Annual_Rai": 611.62}, "geometry": {"type": "Point", "coordinates": [72.21023457, 33.90359574]}}, {"type": "Feature", "properties": {"No_": "316", "Latitude": 33.91458333, "Longitude": 73.58541667, "Annual_Rai": 1266.21}, "geometry": {"type": "Point", "coordinates": [73.58541667, 33.91458333]}}, {"type": "Feature", "properties": {"No_": "317", "Latitude": 33.91041667, "Longitude": 73.57708333, "Annual_Rai": 1346.29}, "geometry": {"type": "Point", "coordinates": [73.57708333, 33.91041667]}}, {"type": "Feature", "properties": {"No_": "318", "Latitude": 33.91597293, "Longitude": 72.23823268, "Annual_Rai": 659.79}, "geometry": {"type": "Point", "coordinates": [72.23823268, 33.91597293]}}, {"type": "Feature", "properties": {"No_": "319", "Latitude": 33.89791667, "Longitude": 72.74791667, "Annual_Rai": 993.92}, "geometry": {"type": "Point", "coordinates": [72.74791667, 33.89791667]}}, {"type": "Feature", "properties": {"No_": "320", "Latitude": 33.91458333, "Longitude": 72.28541667, "Annual_Rai": 655.29}, "geometry": {"type": "Point", "coordinates": [72.28541667, 33.91458333]}}, {"type": "Feature", "properties": {"No_": "321", "Latitude": 33.91041667, "Longitude": 72.28125, "Annual_Rai": 588.95}, "geometry": {"type": "Point", "coordinates": [72.28125, 33.91041667]}}, {"type": "Feature", "properties": {"No_": "322", "Latitude": 33.90208333, "Longitude": 72.23958333, "Annual_Rai": 611.62}, "geometry": {"type": "Point", "coordinates": [72.23958333, 33.90208333]}}, {"type": "Feature", "properties": {"No_": "323", "Latitude": 33.89375, "Longitude": 72.74791667, "Annual_Rai": 993.92}, "geometry": {"type": "Point", "coordinates": [72.74791667, 33.89375]}}, {"type": "Feature", "properties": {"No_": "324", "Latitude": 33.8825, "Longitude": 72.37694444, "Annual_Rai": 675.35}, "geometry": {"type": "Point", "coordinates": [72.37694444, 33.8825]}}, {"type": "Feature", "properties": {"No_": "325", "Latitude": 33.8825, "Longitude": 72.47416667, "Annual_Rai": 785.72}, "geometry": {"type": "Point", "coordinates": [72.47416667, 33.8825]}}, {"type": "Feature", "properties": {"No_": "326", "Latitude": 33.85972222, "Longitude": 72.69611111, "Annual_Rai": 937.45}, "geometry": {"type": "Point", "coordinates": [72.69611111, 33.85972222]}}, {"type": "Feature", "properties": {"No_": "327", "Latitude": 33.83541667, "Longitude": 72.63125, "Annual_Rai": 937.45}, "geometry": {"type": "Point", "coordinates": [72.63125, 33.83541667]}}, {"type": "Feature", "properties": {"No_": "328", "Latitude": 33.83958333, "Longitude": 72.63541667, "Annual_Rai": 937.45}, "geometry": {"type": "Point", "coordinates": [72.63541667, 33.83958333]}}, {"type": "Feature", "properties": {"No_": "329", "Latitude": 33.83583333, "Longitude": 72.62944444, "Annual_Rai": 937.6}, "geometry": {"type": "Point", "coordinates": [72.62944444, 33.83583333]}}, {"type": "Feature", "properties": {"No_": "330", "Latitude": 33.82611111, "Longitude": 72.58111111, "Annual_Rai": 844.39}, "geometry": {"type": "Point", "coordinates": [72.58111111, 33.82611111]}}, {"type": "Feature", "properties": {"No_": "331", "Latitude": 33.79333333, "Longitude": 72.75194444, "Annual_Rai": 929.79}, "geometry": {"type": "Point", "coordinates": [72.75194444, 33.79333333]}}, {"type": "Feature", "properties": {"No_": "332", "Latitude": 33.78055556, "Longitude": 72.67138889, "Annual_Rai": 883.42}, "geometry": {"type": "Point", "coordinates": [72.67138889, 33.78055556]}}, {"type": "Feature", "properties": {"No_": "333", "Latitude": 33.79083333, "Longitude": 72.50638889, "Annual_Rai": 763.51}, "geometry": {"type": "Point", "coordinates": [72.50638889, 33.79083333]}}, {"type": "Feature", "properties": {"No_": "334", "Latitude": 33.74791667, "Longitude": 73.60208333, "Annual_Rai": 1418.96}, "geometry": {"type": "Point", "coordinates": [73.60208333, 33.74791667]}}, {"type": "Feature", "properties": {"No_": "335", "Latitude": 33.76041667, "Longitude": 72.24375, "Annual_Rai": 603.65}, "geometry": {"type": "Point", "coordinates": [72.24375, 33.76041667]}}, {"type": "Feature", "properties": {"No_": "336", "Latitude": 33.75208333, "Longitude": 73.59375, "Annual_Rai": 1418.96}, "geometry": {"type": "Point", "coordinates": [73.59375, 33.75208333]}}, {"type": "Feature", "properties": {"No_": "337", "Latitude": 33.73861111, "Longitude": 72.71833333, "Annual_Rai": 881.54}, "geometry": {"type": "Point", "coordinates": [72.71833333, 33.73861111]}}, {"type": "Feature", "properties": {"No_": "338", "Latitude": 33.76222222, "Longitude": 72.43444444, "Annual_Rai": 750.82}, "geometry": {"type": "Point", "coordinates": [72.43444444, 33.76222222]}}, {"type": "Feature", "properties": {"No_": "339", "Latitude": 33.73944444, "Longitude": 72.31694444, "Annual_Rai": 588.8}, "geometry": {"type": "Point", "coordinates": [72.31694444, 33.73944444]}}, {"type": "Feature", "properties": {"No_": "340", "Latitude": 33.74027778, "Longitude": 72.24666667, "Annual_Rai": 603.65}, "geometry": {"type": "Point", "coordinates": [72.24666667, 33.74027778]}}, {"type": "Feature", "properties": {"No_": "341", "Latitude": 33.77222222, "Longitude": 73.25944444, "Annual_Rai": 1458.16}, "geometry": {"type": "Point", "coordinates": [73.25944444, 33.77222222]}}, {"type": "Feature", "properties": {"No_": "342", "Latitude": 33.75805556, "Longitude": 73.37833333, "Annual_Rai": 1547.55}, "geometry": {"type": "Point", "coordinates": [73.37833333, 33.75805556]}}, {"type": "Feature", "properties": {"No_": "343", "Latitude": 33.72708333, "Longitude": 73.94791667, "Annual_Rai": 1006.78}, "geometry": {"type": "Point", "coordinates": [73.94791667, 33.72708333]}}, {"type": "Feature", "properties": {"No_": "344", "Latitude": 33.72708333, "Longitude": 73.95625, "Annual_Rai": 1006.78}, "geometry": {"type": "Point", "coordinates": [73.95625, 33.72708333]}}, {"type": "Feature", "properties": {"No_": "345", "Latitude": 33.73541667, "Longitude": 72.33958333, "Annual_Rai": 588.8}, "geometry": {"type": "Point", "coordinates": [72.33958333, 33.73541667]}}, {"type": "Feature", "properties": {"No_": "346", "Latitude": 33.73125, "Longitude": 72.33541667, "Annual_Rai": 631.96}, "geometry": {"type": "Point", "coordinates": [72.33541667, 33.73125]}}, {"type": "Feature", "properties": {"No_": "347", "Latitude": 33.7025, "Longitude": 72.47944444, "Annual_Rai": 787.81}, "geometry": {"type": "Point", "coordinates": [72.47944444, 33.7025]}}, {"type": "Feature", "properties": {"No_": "348", "Latitude": 33.71388889, "Longitude": 73.43527778, "Annual_Rai": 1484.56}, "geometry": {"type": "Point", "coordinates": [73.43527778, 33.71388889]}}, {"type": "Feature", "properties": {"No_": "349", "Latitude": 33.67291667, "Longitude": 72.54375, "Annual_Rai": 768.16}, "geometry": {"type": "Point", "coordinates": [72.54375, 33.67291667]}}, {"type": "Feature", "properties": {"No_": "350", "Latitude": 33.67291667, "Longitude": 72.54791667, "Annual_Rai": 768.16}, "geometry": {"type": "Point", "coordinates": [72.54791667, 33.67291667]}}, {"type": "Feature", "properties": {"No_": "351", "Latitude": 33.68861111, "Longitude": 72.36388889, "Annual_Rai": 699.99}, "geometry": {"type": "Point", "coordinates": [72.36388889, 33.68861111]}}, {"type": "Feature", "properties": {"No_": "352", "Latitude": 33.69861111, "Longitude": 72.41222222, "Annual_Rai": 771.96}, "geometry": {"type": "Point", "coordinates": [72.41222222, 33.69861111]}}, {"type": "Feature", "properties": {"No_": "353", "Latitude": 33.66444444, "Longitude": 72.60722222, "Annual_Rai": 809.43}, "geometry": {"type": "Point", "coordinates": [72.60722222, 33.66444444]}}, {"type": "Feature", "properties": {"No_": "354", "Latitude": 33.67694444, "Longitude": 73.34861111, "Annual_Rai": 1360.5}, "geometry": {"type": "Point", "coordinates": [73.34861111, 33.67694444]}}, {"type": "Feature", "properties": {"No_": "355", "Latitude": 33.66944444, "Longitude": 73.47194444, "Annual_Rai": 1361.93}, "geometry": {"type": "Point", "coordinates": [73.47194444, 33.66944444]}}, {"type": "Feature", "properties": {"No_": "356", "Latitude": 33.66041667, "Longitude": 73.97291667, "Annual_Rai": 1054.6}, "geometry": {"type": "Point", "coordinates": [73.97291667, 33.66041667]}}, {"type": "Feature", "properties": {"No_": "357", "Latitude": 33.65625, "Longitude": 73.97708333, "Annual_Rai": 1054.6}, "geometry": {"type": "Point", "coordinates": [73.97708333, 33.65625]}}, {"type": "Feature", "properties": {"No_": "358", "Latitude": 33.64791667, "Longitude": 72.64791667, "Annual_Rai": 821.15}, "geometry": {"type": "Point", "coordinates": [72.64791667, 33.64791667]}}, {"type": "Feature", "properties": {"No_": "359", "Latitude": 33.63958333, "Longitude": 72.64791667, "Annual_Rai": 774.3}, "geometry": {"type": "Point", "coordinates": [72.64791667, 33.63958333]}}, {"type": "Feature", "properties": {"No_": "360", "Latitude": 33.65625, "Longitude": 71.98125, "Annual_Rai": 727.92}, "geometry": {"type": "Point", "coordinates": [71.98125, 33.65625]}}, {"type": "Feature", "properties": {"No_": "361", "Latitude": 33.65208333, "Longitude": 71.98541667, "Annual_Rai": 727.92}, "geometry": {"type": "Point", "coordinates": [71.98541667, 33.65208333]}}, {"type": "Feature", "properties": {"No_": "362", "Latitude": 33.65138889, "Longitude": 72.10416667, "Annual_Rai": 725.96}, "geometry": {"type": "Point", "coordinates": [72.10416667, 33.65138889]}}, {"type": "Feature", "properties": {"No_": "363", "Latitude": 33.64083333, "Longitude": 72.33583333, "Annual_Rai": 721.74}, "geometry": {"type": "Point", "coordinates": [72.33583333, 33.64083333]}}, {"type": "Feature", "properties": {"No_": "364", "Latitude": 33.61166667, "Longitude": 73.38916667, "Annual_Rai": 1262.64}, "geometry": {"type": "Point", "coordinates": [73.38916667, 33.61166667]}}, {"type": "Feature", "properties": {"No_": "365", "Latitude": 33.61638889, "Longitude": 72.56472222, "Annual_Rai": 775.53}, "geometry": {"type": "Point", "coordinates": [72.56472222, 33.61638889]}}, {"type": "Feature", "properties": {"No_": "366", "Latitude": 33.62277778, "Longitude": 72.66472222, "Annual_Rai": 774.3}, "geometry": {"type": "Point", "coordinates": [72.66472222, 33.62277778]}}, {"type": "Feature", "properties": {"No_": "367", "Latitude": 33.57291667, "Longitude": 73.62708333, "Annual_Rai": 1195.82}, "geometry": {"type": "Point", "coordinates": [73.62708333, 33.57291667]}}, {"type": "Feature", "properties": {"No_": "368", "Latitude": 33.56875, "Longitude": 73.63541667, "Annual_Rai": 1195.82}, "geometry": {"type": "Point", "coordinates": [73.63541667, 33.56875]}}, {"type": "Feature", "properties": {"No_": "369", "Latitude": 33.55208333, "Longitude": 73.09791667, "Annual_Rai": 1064.57}, "geometry": {"type": "Point", "coordinates": [73.09791667, 33.55208333]}}, {"type": "Feature", "properties": {"No_": "370", "Latitude": 33.55208333, "Longitude": 73.10208333, "Annual_Rai": 1064.57}, "geometry": {"type": "Point", "coordinates": [73.10208333, 33.55208333]}}, {"type": "Feature", "properties": {"No_": "371", "Latitude": 33.58722222, "Longitude": 73.28833333, "Annual_Rai": 1234.12}, "geometry": {"type": "Point", "coordinates": [73.28833333, 33.58722222]}}, {"type": "Feature", "properties": {"No_": "372", "Latitude": 33.56444444, "Longitude": 73.35333333, "Annual_Rai": 1214.08}, "geometry": {"type": "Point", "coordinates": [73.35333333, 33.56444444]}}, {"type": "Feature", "properties": {"No_": "373", "Latitude": 33.58527778, "Longitude": 72.07388889, "Annual_Rai": 707.56}, "geometry": {"type": "Point", "coordinates": [72.07388889, 33.58527778]}}, {"type": "Feature", "properties": {"No_": "374", "Latitude": 33.56638889, "Longitude": 72.71305556, "Annual_Rai": 700.33}, "geometry": {"type": "Point", "coordinates": [72.71305556, 33.56638889]}}, {"type": "Feature", "properties": {"No_": "375", "Latitude": 33.55333333, "Longitude": 72.77222222, "Annual_Rai": 777.22}, "geometry": {"type": "Point", "coordinates": [72.77222222, 33.55333333]}}, {"type": "Feature", "properties": {"No_": "376", "Latitude": 33.53958333, "Longitude": 73.91875, "Annual_Rai": 1265.99}, "geometry": {"type": "Point", "coordinates": [73.91875, 33.53958333]}}, {"type": "Feature", "properties": {"No_": "377", "Latitude": 33.53541667, "Longitude": 73.92291667, "Annual_Rai": 1265.99}, "geometry": {"type": "Point", "coordinates": [73.92291667, 33.53541667]}}, {"type": "Feature", "properties": {"No_": "378", "Latitude": 33.53198883, "Longitude": 73.30788245, "Annual_Rai": 1141.46}, "geometry": {"type": "Point", "coordinates": [73.30788245, 33.53198883]}}, {"type": "Feature", "properties": {"No_": "379", "Latitude": 33.52444444, "Longitude": 73.04472222, "Annual_Rai": 978.2}, "geometry": {"type": "Point", "coordinates": [73.04472222, 33.52444444]}}, {"type": "Feature", "properties": {"No_": "380", "Latitude": 33.51944444, "Longitude": 73.26722222, "Annual_Rai": 1162.3}, "geometry": {"type": "Point", "coordinates": [73.26722222, 33.51944444]}}, {"type": "Feature", "properties": {"No_": "381", "Latitude": 33.54694444, "Longitude": 73.52888889, "Annual_Rai": 1194.01}, "geometry": {"type": "Point", "coordinates": [73.52888889, 33.54694444]}}, {"type": "Feature", "properties": {"No_": "382", "Latitude": 33.50625, "Longitude": 73.87291667, "Annual_Rai": 1239.52}, "geometry": {"type": "Point", "coordinates": [73.87291667, 33.50625]}}, {"type": "Feature", "properties": {"No_": "383", "Latitude": 33.50208333, "Longitude": 73.88125, "Annual_Rai": 1239.52}, "geometry": {"type": "Point", "coordinates": [73.88125, 33.50208333]}}, {"type": "Feature", "properties": {"No_": "384", "Latitude": 33.48958333, "Longitude": 73.88541667, "Annual_Rai": 1239.52}, "geometry": {"type": "Point", "coordinates": [73.88541667, 33.48958333]}}, {"type": "Feature", "properties": {"No_": "385", "Latitude": 33.48125, "Longitude": 73.88541667, "Annual_Rai": 1239.52}, "geometry": {"type": "Point", "coordinates": [73.88541667, 33.48125]}}, {"type": "Feature", "properties": {"No_": "386", "Latitude": 33.48125, "Longitude": 72.15625, "Annual_Rai": 715.4}, "geometry": {"type": "Point", "coordinates": [72.15625, 33.48125]}}, {"type": "Feature", "properties": {"No_": "387", "Latitude": 33.48541667, "Longitude": 72.15625, "Annual_Rai": 715.4}, "geometry": {"type": "Point", "coordinates": [72.15625, 33.48541667]}}, {"type": "Feature", "properties": {"No_": "388", "Latitude": 33.48972222, "Longitude": 72.02611111, "Annual_Rai": 723.2}, "geometry": {"type": "Point", "coordinates": [72.02611111, 33.48972222]}}, {"type": "Feature", "properties": {"No_": "389", "Latitude": 33.49111111, "Longitude": 72.18722222, "Annual_Rai": 733.63}, "geometry": {"type": "Point", "coordinates": [72.18722222, 33.49111111]}}, {"type": "Feature", "properties": {"No_": "390", "Latitude": 33.495, "Longitude": 72.25444444, "Annual_Rai": 733.63}, "geometry": {"type": "Point", "coordinates": [72.25444444, 33.495]}}, {"type": "Feature", "properties": {"No_": "391", "Latitude": 33.50166667, "Longitude": 72.35888889, "Annual_Rai": 727.17}, "geometry": {"type": "Point", "coordinates": [72.35888889, 33.50166667]}}, {"type": "Feature", "properties": {"No_": "392", "Latitude": 33.49361111, "Longitude": 72.59333333, "Annual_Rai": 669.23}, "geometry": {"type": "Point", "coordinates": [72.59333333, 33.49361111]}}, {"type": "Feature", "properties": {"No_": "393", "Latitude": 33.47861111, "Longitude": 72.88666667, "Annual_Rai": 898.7}, "geometry": {"type": "Point", "coordinates": [72.88666667, 33.47861111]}}, {"type": "Feature", "properties": {"No_": "394", "Latitude": 33.45996024, "Longitude": 72.88146627, "Annual_Rai": 873.39}, "geometry": {"type": "Point", "coordinates": [72.88146627, 33.45996024]}}, {"type": "Feature", "properties": {"No_": "395", "Latitude": 33.46611111, "Longitude": 73.02166667, "Annual_Rai": 966.59}, "geometry": {"type": "Point", "coordinates": [73.02166667, 33.46611111]}}, {"type": "Feature", "properties": {"No_": "396", "Latitude": 33.46, "Longitude": 72.09972222, "Annual_Rai": 725.44}, "geometry": {"type": "Point", "coordinates": [72.09972222, 33.46]}}, {"type": "Feature", "properties": {"No_": "397", "Latitude": 33.42708333, "Longitude": 73.85208333, "Annual_Rai": 1276.14}, "geometry": {"type": "Point", "coordinates": [73.85208333, 33.42708333]}}, {"type": "Feature", "properties": {"No_": "398", "Latitude": 33.42291667, "Longitude": 73.85625, "Annual_Rai": 1276.14}, "geometry": {"type": "Point", "coordinates": [73.85625, 33.42291667]}}, {"type": "Feature", "properties": {"No_": "399", "Latitude": 33.41875, "Longitude": 72.03958333, "Annual_Rai": 694.58}, "geometry": {"type": "Point", "coordinates": [72.03958333, 33.41875]}}, {"type": "Feature", "properties": {"No_": "400", "Latitude": 33.41458333, "Longitude": 71.87291667, "Annual_Rai": 659.77}, "geometry": {"type": "Point", "coordinates": [71.87291667, 33.41458333]}}, {"type": "Feature", "properties": {"No_": "401", "Latitude": 33.41458333, "Longitude": 72.04375, "Annual_Rai": 690.04}, "geometry": {"type": "Point", "coordinates": [72.04375, 33.41458333]}}, {"type": "Feature", "properties": {"No_": "402", "Latitude": 33.41805556, "Longitude": 72.03944444, "Annual_Rai": 694.58}, "geometry": {"type": "Point", "coordinates": [72.03944444, 33.41805556]}}, {"type": "Feature", "properties": {"No_": "403", "Latitude": 33.42805556, "Longitude": 72.15444444, "Annual_Rai": 722.78}, "geometry": {"type": "Point", "coordinates": [72.15444444, 33.42805556]}}, {"type": "Feature", "properties": {"No_": "404", "Latitude": 33.43166667, "Longitude": 72.48166667, "Annual_Rai": 740.6}, "geometry": {"type": "Point", "coordinates": [72.48166667, 33.43166667]}}, {"type": "Feature", "properties": {"No_": "405", "Latitude": 33.42666667, "Longitude": 73.39166667, "Annual_Rai": 1072.0}, "geometry": {"type": "Point", "coordinates": [73.39166667, 33.42666667]}}, {"type": "Feature", "properties": {"No_": "406", "Latitude": 33.39928269, "Longitude": 72.77397048, "Annual_Rai": 791.6}, "geometry": {"type": "Point", "coordinates": [72.77397048, 33.39928269]}}, {"type": "Feature", "properties": {"No_": "407", "Latitude": 33.37708333, "Longitude": 72.00208333, "Annual_Rai": 690.04}, "geometry": {"type": "Point", "coordinates": [72.00208333, 33.37708333]}}, {"type": "Feature", "properties": {"No_": "408", "Latitude": 33.37291667, "Longitude": 72.00625, "Annual_Rai": 690.04}, "geometry": {"type": "Point", "coordinates": [72.00625, 33.37291667]}}, {"type": "Feature", "properties": {"No_": "409", "Latitude": 33.38444444, "Longitude": 71.95194444, "Annual_Rai": 684.67}, "geometry": {"type": "Point", "coordinates": [71.95194444, 33.38444444]}}, {"type": "Feature", "properties": {"No_": "410", "Latitude": 33.37583333, "Longitude": 72.18138889, "Annual_Rai": 727.24}, "geometry": {"type": "Point", "coordinates": [72.18138889, 33.37583333]}}, {"type": "Feature", "properties": {"No_": "411", "Latitude": 33.38888889, "Longitude": 72.44944444, "Annual_Rai": 721.31}, "geometry": {"type": "Point", "coordinates": [72.44944444, 33.38888889]}}, {"type": "Feature", "properties": {"No_": "412", "Latitude": 33.39527778, "Longitude": 72.97888889, "Annual_Rai": 955.09}, "geometry": {"type": "Point", "coordinates": [72.97888889, 33.39527778]}}, {"type": "Feature", "properties": {"No_": "413", "Latitude": 33.37611111, "Longitude": 73.25833333, "Annual_Rai": 991.46}, "geometry": {"type": "Point", "coordinates": [73.25833333, 33.37611111]}}, {"type": "Feature", "properties": {"No_": "414", "Latitude": 33.36, "Longitude": 72.06277778, "Annual_Rai": 701.08}, "geometry": {"type": "Point", "coordinates": [72.06277778, 33.36]}}, {"type": "Feature", "properties": {"No_": "415", "Latitude": 33.35916667, "Longitude": 73.46055556, "Annual_Rai": 999.58}, "geometry": {"type": "Point", "coordinates": [73.46055556, 33.35916667]}}, {"type": "Feature", "properties": {"No_": "416", "Latitude": 33.34833333, "Longitude": 72.96472222, "Annual_Rai": 933.71}, "geometry": {"type": "Point", "coordinates": [72.96472222, 33.34833333]}}, {"type": "Feature", "properties": {"No_": "417", "Latitude": 33.3375, "Longitude": 72.84916667, "Annual_Rai": 803.73}, "geometry": {"type": "Point", "coordinates": [72.84916667, 33.3375]}}, {"type": "Feature", "properties": {"No_": "418", "Latitude": 33.35194444, "Longitude": 72.75444444, "Annual_Rai": 756.19}, "geometry": {"type": "Point", "coordinates": [72.75444444, 33.35194444]}}, {"type": "Feature", "properties": {"No_": "419", "Latitude": 33.29166667, "Longitude": 71.62499999, "Annual_Rai": 685.48}, "geometry": {"type": "Point", "coordinates": [71.62499999, 33.29166667]}}, {"type": "Feature", "properties": {"No_": "420", "Latitude": 33.30208333, "Longitude": 72.35625, "Annual_Rai": 719.34}, "geometry": {"type": "Point", "coordinates": [72.35625, 33.30208333]}}, {"type": "Feature", "properties": {"No_": "421", "Latitude": 33.31416667, "Longitude": 72.40972222, "Annual_Rai": 721.15}, "geometry": {"type": "Point", "coordinates": [72.40972222, 33.31416667]}}, {"type": "Feature", "properties": {"No_": "422", "Latitude": 33.30138889, "Longitude": 73.32638889, "Annual_Rai": 872.97}, "geometry": {"type": "Point", "coordinates": [73.32638889, 33.30138889]}}, {"type": "Feature", "properties": {"No_": "423", "Latitude": 33.28958333, "Longitude": 72.97708333, "Annual_Rai": 933.71}, "geometry": {"type": "Point", "coordinates": [72.97708333, 33.28958333]}}, {"type": "Feature", "properties": {"No_": "424", "Latitude": 33.28541667, "Longitude": 72.98125, "Annual_Rai": 933.71}, "geometry": {"type": "Point", "coordinates": [72.98125, 33.28541667]}}, {"type": "Feature", "properties": {"No_": "425", "Latitude": 33.28541667, "Longitude": 73.31458333, "Annual_Rai": 872.97}, "geometry": {"type": "Point", "coordinates": [73.31458333, 33.28541667]}}, {"type": "Feature", "properties": {"No_": "426", "Latitude": 33.28125, "Longitude": 71.70625, "Annual_Rai": 674.9}, "geometry": {"type": "Point", "coordinates": [71.70625, 33.28125]}}, {"type": "Feature", "properties": {"No_": "427", "Latitude": 33.28125, "Longitude": 72.69375, "Annual_Rai": 737.26}, "geometry": {"type": "Point", "coordinates": [72.69375, 33.28125]}}, {"type": "Feature", "properties": {"No_": "428", "Latitude": 33.28125, "Longitude": 73.32291667, "Annual_Rai": 815.32}, "geometry": {"type": "Point", "coordinates": [73.32291667, 33.28125]}}, {"type": "Feature", "properties": {"No_": "429", "Latitude": 33.27708333, "Longitude": 72.69791667, "Annual_Rai": 737.26}, "geometry": {"type": "Point", "coordinates": [72.69791667, 33.27708333]}}, {"type": "Feature", "properties": {"No_": "430", "Latitude": 33.27361111, "Longitude": 72.31861111, "Annual_Rai": 720.11}, "geometry": {"type": "Point", "coordinates": [72.31861111, 33.27361111]}}, {"type": "Feature", "properties": {"No_": "431", "Latitude": 33.28777778, "Longitude": 72.68944444, "Annual_Rai": 702.41}, "geometry": {"type": "Point", "coordinates": [72.68944444, 33.28777778]}}, {"type": "Feature", "properties": {"No_": "432", "Latitude": 33.27861111, "Longitude": 72.97777778, "Annual_Rai": 921.68}, "geometry": {"type": "Point", "coordinates": [72.97777778, 33.27861111]}}, {"type": "Feature", "properties": {"No_": "433", "Latitude": 33.27611111, "Longitude": 73.44916667, "Annual_Rai": 989.94}, "geometry": {"type": "Point", "coordinates": [73.44916667, 33.27611111]}}, {"type": "Feature", "properties": {"No_": "434", "Latitude": 33.24791667, "Longitude": 73.61041667, "Annual_Rai": 1038.7}, "geometry": {"type": "Point", "coordinates": [73.61041667, 33.24791667]}}, {"type": "Feature", "properties": {"No_": "435", "Latitude": 33.21875, "Longitude": 73.68541667, "Annual_Rai": 1200.36}, "geometry": {"type": "Point", "coordinates": [73.68541667, 33.21875]}}, {"type": "Feature", "properties": {"No_": "436", "Latitude": 33.25208333, "Longitude": 73.61458333, "Annual_Rai": 1038.7}, "geometry": {"type": "Point", "coordinates": [73.61458333, 33.25208333]}}, {"type": "Feature", "properties": {"No_": "437", "Latitude": 33.24375, "Longitude": 73.43541667, "Annual_Rai": 895.68}, "geometry": {"type": "Point", "coordinates": [73.43541667, 33.24375]}}, {"type": "Feature", "properties": {"No_": "438", "Latitude": 33.23541667, "Longitude": 73.43125, "Annual_Rai": 920.71}, "geometry": {"type": "Point", "coordinates": [73.43125, 33.23541667]}}, {"type": "Feature", "properties": {"No_": "439", "Latitude": 33.22291667, "Longitude": 73.36458333, "Annual_Rai": 887.64}, "geometry": {"type": "Point", "coordinates": [73.36458333, 33.22291667]}}, {"type": "Feature", "properties": {"No_": "440", "Latitude": 33.22277778, "Longitude": 73.51388889, "Annual_Rai": 1044.94}, "geometry": {"type": "Point", "coordinates": [73.51388889, 33.22277778]}}, {"type": "Feature", "properties": {"No_": "441", "Latitude": 33.24194444, "Longitude": 73.31472222, "Annual_Rai": 815.32}, "geometry": {"type": "Point", "coordinates": [73.31472222, 33.24194444]}}, {"type": "Feature", "properties": {"No_": "442", "Latitude": 33.21555556, "Longitude": 73.37527778, "Annual_Rai": 887.64}, "geometry": {"type": "Point", "coordinates": [73.37527778, 33.21555556]}}, {"type": "Feature", "properties": {"No_": "443", "Latitude": 33.22805556, "Longitude": 72.67388889, "Annual_Rai": 772.2}, "geometry": {"type": "Point", "coordinates": [72.67388889, 33.22805556]}}, {"type": "Feature", "properties": {"No_": "444", "Latitude": 33.23611111, "Longitude": 72.22361111, "Annual_Rai": 743.89}, "geometry": {"type": "Point", "coordinates": [72.22361111, 33.23611111]}}, {"type": "Feature", "properties": {"No_": "445", "Latitude": 33.2425, "Longitude": 71.75861111, "Annual_Rai": 634.15}, "geometry": {"type": "Point", "coordinates": [71.75861111, 33.2425]}}, {"type": "Feature", "properties": {"No_": "446", "Latitude": 33.23805556, "Longitude": 73.59166667, "Annual_Rai": 1038.7}, "geometry": {"type": "Point", "coordinates": [73.59166667, 33.23805556]}}, {"type": "Feature", "properties": {"No_": "447", "Latitude": 33.21458333, "Longitude": 73.68958333, "Annual_Rai": 1200.36}, "geometry": {"type": "Point", "coordinates": [73.68958333, 33.21458333]}}, {"type": "Feature", "properties": {"No_": "448", "Latitude": 33.21041667, "Longitude": 73.67291667, "Annual_Rai": 1200.36}, "geometry": {"type": "Point", "coordinates": [73.67291667, 33.21041667]}}, {"type": "Feature", "properties": {"No_": "449", "Latitude": 33.21041667, "Longitude": 73.68125, "Annual_Rai": 1200.36}, "geometry": {"type": "Point", "coordinates": [73.68125, 33.21041667]}}, {"type": "Feature", "properties": {"No_": "450", "Latitude": 33.21458333, "Longitude": 73.36458333, "Annual_Rai": 887.64}, "geometry": {"type": "Point", "coordinates": [73.36458333, 33.21458333]}}, {"type": "Feature", "properties": {"No_": "451", "Latitude": 33.20208333, "Longitude": 72.64375, "Annual_Rai": 772.2}, "geometry": {"type": "Point", "coordinates": [72.64375, 33.20208333]}}, {"type": "Feature", "properties": {"No_": "452", "Latitude": 33.20208333, "Longitude": 73.40625, "Annual_Rai": 920.71}, "geometry": {"type": "Point", "coordinates": [73.40625, 33.20208333]}}, {"type": "Feature", "properties": {"No_": "453", "Latitude": 33.19375, "Longitude": 72.64791667, "Annual_Rai": 772.2}, "geometry": {"type": "Point", "coordinates": [72.64791667, 33.19375]}}, {"type": "Feature", "properties": {"No_": "454", "Latitude": 33.19375, "Longitude": 73.41041667, "Annual_Rai": 920.71}, "geometry": {"type": "Point", "coordinates": [73.41041667, 33.19375]}}, {"type": "Feature", "properties": {"No_": "455", "Latitude": 33.18958333, "Longitude": 72.69791667, "Annual_Rai": 775.49}, "geometry": {"type": "Point", "coordinates": [72.69791667, 33.18958333]}}, {"type": "Feature", "properties": {"No_": "456", "Latitude": 33.18541667, "Longitude": 72.69375, "Annual_Rai": 775.49}, "geometry": {"type": "Point", "coordinates": [72.69375, 33.18541667]}}, {"type": "Feature", "properties": {"No_": "457", "Latitude": 33.18125, "Longitude": 72.69791667, "Annual_Rai": 775.49}, "geometry": {"type": "Point", "coordinates": [72.69791667, 33.18125]}}, {"type": "Feature", "properties": {"No_": "458", "Latitude": 33.19444444, "Longitude": 73.41638889, "Annual_Rai": 920.71}, "geometry": {"type": "Point", "coordinates": [73.41638889, 33.19444444]}}, {"type": "Feature", "properties": {"No_": "459", "Latitude": 33.19111111, "Longitude": 73.28138889, "Annual_Rai": 915.99}, "geometry": {"type": "Point", "coordinates": [73.28138889, 33.19111111]}}, {"type": "Feature", "properties": {"No_": "460", "Latitude": 33.18444444, "Longitude": 72.75861111, "Annual_Rai": 808.04}, "geometry": {"type": "Point", "coordinates": [72.75861111, 33.18444444]}}, {"type": "Feature", "properties": {"No_": "461", "Latitude": 33.18138889, "Longitude": 72.68805556, "Annual_Rai": 775.49}, "geometry": {"type": "Point", "coordinates": [72.68805556, 33.18138889]}}, {"type": "Feature", "properties": {"No_": "462", "Latitude": 33.14087833, "Longitude": 73.64183689, "Annual_Rai": 1114.36}, "geometry": {"type": "Point", "coordinates": [73.64183689, 33.14087833]}}, {"type": "Feature", "properties": {"No_": "463", "Latitude": 33.17708333, "Longitude": 72.68958333, "Annual_Rai": 775.49}, "geometry": {"type": "Point", "coordinates": [72.68958333, 33.17708333]}}, {"type": "Feature", "properties": {"No_": "464", "Latitude": 33.14375, "Longitude": 72.42708333, "Annual_Rai": 755.64}, "geometry": {"type": "Point", "coordinates": [72.42708333, 33.14375]}}, {"type": "Feature", "properties": {"No_": "465", "Latitude": 33.16861111, "Longitude": 73.36305556, "Annual_Rai": 933.8}, "geometry": {"type": "Point", "coordinates": [73.36305556, 33.16861111]}}, {"type": "Feature", "properties": {"No_": "466", "Latitude": 33.14972222, "Longitude": 73.28861111, "Annual_Rai": 915.99}, "geometry": {"type": "Point", "coordinates": [73.28861111, 33.14972222]}}, {"type": "Feature", "properties": {"No_": "467", "Latitude": 33.16638889, "Longitude": 72.09194444, "Annual_Rai": 699.5}, "geometry": {"type": "Point", "coordinates": [72.09194444, 33.16638889]}}, {"type": "Feature", "properties": {"No_": "468", "Latitude": 33.15833333, "Longitude": 72.51944444, "Annual_Rai": 732.92}, "geometry": {"type": "Point", "coordinates": [72.51944444, 33.15833333]}}, {"type": "Feature", "properties": {"No_": "469", "Latitude": 33.16, "Longitude": 72.60722222, "Annual_Rai": 773.08}, "geometry": {"type": "Point", "coordinates": [72.60722222, 33.16]}}, {"type": "Feature", "properties": {"No_": "470", "Latitude": 33.12291667, "Longitude": 72.07291667, "Annual_Rai": 653.64}, "geometry": {"type": "Point", "coordinates": [72.07291667, 33.12291667]}}, {"type": "Feature", "properties": {"No_": "471", "Latitude": 33.10625, "Longitude": 72.04791667, "Annual_Rai": 653.64}, "geometry": {"type": "Point", "coordinates": [72.04791667, 33.10625]}}, {"type": "Feature", "properties": {"No_": "472", "Latitude": 33.13958333, "Longitude": 72.42708333, "Annual_Rai": 755.64}, "geometry": {"type": "Point", "coordinates": [72.42708333, 33.13958333]}}, {"type": "Feature", "properties": {"No_": "473", "Latitude": 33.11875, "Longitude": 72.04791667, "Annual_Rai": 653.64}, "geometry": {"type": "Point", "coordinates": [72.04791667, 33.11875]}}, {"type": "Feature", "properties": {"No_": "474", "Latitude": 33.11875, "Longitude": 72.05208333, "Annual_Rai": 653.64}, "geometry": {"type": "Point", "coordinates": [72.05208333, 33.11875]}}, {"type": "Feature", "properties": {"No_": "475", "Latitude": 33.11458333, "Longitude": 72.07708333, "Annual_Rai": 653.64}, "geometry": {"type": "Point", "coordinates": [72.07708333, 33.11458333]}}, {"type": "Feature", "properties": {"No_": "476", "Latitude": 33.11041667, "Longitude": 72.04791667, "Annual_Rai": 653.64}, "geometry": {"type": "Point", "coordinates": [72.04791667, 33.11041667]}}, {"type": "Feature", "properties": {"No_": "477", "Latitude": 33.12972222, "Longitude": 72.35555556, "Annual_Rai": 703.52}, "geometry": {"type": "Point", "coordinates": [72.35555556, 33.12972222]}}, {"type": "Feature", "properties": {"No_": "478", "Latitude": 33.13, "Longitude": 71.75444444, "Annual_Rai": 647.56}, "geometry": {"type": "Point", "coordinates": [71.75444444, 33.13]}}, {"type": "Feature", "properties": {"No_": "479", "Latitude": 33.10694444, "Longitude": 72.65138889, "Annual_Rai": 761.08}, "geometry": {"type": "Point", "coordinates": [72.65138889, 33.10694444]}}, {"type": "Feature", "properties": {"No_": "480", "Latitude": 33.10555556, "Longitude": 72.04805556, "Annual_Rai": 653.64}, "geometry": {"type": "Point", "coordinates": [72.04805556, 33.10555556]}}, {"type": "Feature", "properties": {"No_": "481", "Latitude": 33.11055556, "Longitude": 72.11472222, "Annual_Rai": 668.39}, "geometry": {"type": "Point", "coordinates": [72.11472222, 33.11055556]}}, {"type": "Feature", "properties": {"No_": "482", "Latitude": 33.07291667, "Longitude": 72.46458333, "Annual_Rai": 753.06}, "geometry": {"type": "Point", "coordinates": [72.46458333, 33.07291667]}}, {"type": "Feature", "properties": {"No_": "483", "Latitude": 33.06875, "Longitude": 72.45625, "Annual_Rai": 753.06}, "geometry": {"type": "Point", "coordinates": [72.45625, 33.06875]}}, {"type": "Feature", "properties": {"No_": "484", "Latitude": 33.0725, "Longitude": 72.74861111, "Annual_Rai": 750.22}, "geometry": {"type": "Point", "coordinates": [72.74861111, 33.0725]}}, {"type": "Feature", "properties": {"No_": "485", "Latitude": 33.03333334, "Longitude": 73.35833332, "Annual_Rai": 1017.23}, "geometry": {"type": "Point", "coordinates": [73.35833332, 33.03333334]}}, {"type": "Feature", "properties": {"No_": "486", "Latitude": 33.05625, "Longitude": 71.91875, "Annual_Rai": 602.17}, "geometry": {"type": "Point", "coordinates": [71.91875, 33.05625]}}, {"type": "Feature", "properties": {"No_": "487", "Latitude": 33.04791667, "Longitude": 71.91875, "Annual_Rai": 602.17}, "geometry": {"type": "Point", "coordinates": [71.91875, 33.04791667]}}, {"type": "Feature", "properties": {"No_": "488", "Latitude": 33.04638889, "Longitude": 72.69166667, "Annual_Rai": 729.82}, "geometry": {"type": "Point", "coordinates": [72.69166667, 33.04638889]}}, {"type": "Feature", "properties": {"No_": "489", "Latitude": 33.03694444, "Longitude": 73.0875, "Annual_Rai": 870.98}, "geometry": {"type": "Point", "coordinates": [73.0875, 33.03694444]}}, {"type": "Feature", "properties": {"No_": "490", "Latitude": 33.0425, "Longitude": 73.29666667, "Annual_Rai": 944.18}, "geometry": {"type": "Point", "coordinates": [73.29666667, 33.0425]}}, {"type": "Feature", "properties": {"No_": "491", "Latitude": 33.05416667, "Longitude": 73.44138889, "Annual_Rai": 1072.15}, "geometry": {"type": "Point", "coordinates": [73.44138889, 33.05416667]}}, {"type": "Feature", "properties": {"No_": "492", "Latitude": 33.06361111, "Longitude": 71.91555556, "Annual_Rai": 604.14}, "geometry": {"type": "Point", "coordinates": [71.91555556, 33.06361111]}}, {"type": "Feature", "properties": {"No_": "493", "Latitude": 33.06305556, "Longitude": 72.38027778, "Annual_Rai": 751.76}, "geometry": {"type": "Point", "coordinates": [72.38027778, 33.06305556]}}, {"type": "Feature", "properties": {"No_": "494", "Latitude": 33.02565242, "Longitude": 72.7695178, "Annual_Rai": 671.92}, "geometry": {"type": "Point", "coordinates": [72.7695178, 33.02565242]}}, {"type": "Feature", "properties": {"No_": "495", "Latitude": 33.02708333, "Longitude": 71.72291667, "Annual_Rai": 627.86}, "geometry": {"type": "Point", "coordinates": [71.72291667, 33.02708333]}}, {"type": "Feature", "properties": {"No_": "496", "Latitude": 33.02291667, "Longitude": 71.72291667, "Annual_Rai": 627.86}, "geometry": {"type": "Point", "coordinates": [71.72291667, 33.02291667]}}, {"type": "Feature", "properties": {"No_": "497", "Latitude": 33.01458333, "Longitude": 71.81458333, "Annual_Rai": 621.54}, "geometry": {"type": "Point", "coordinates": [71.81458333, 33.01458333]}}, {"type": "Feature", "properties": {"No_": "498", "Latitude": 33.00625, "Longitude": 71.81458333, "Annual_Rai": 590.69}, "geometry": {"type": "Point", "coordinates": [71.81458333, 33.00625]}}, {"type": "Feature", "properties": {"No_": "499", "Latitude": 33.00208333, "Longitude": 73.42291667, "Annual_Rai": 1073.56}, "geometry": {"type": "Point", "coordinates": [73.42291667, 33.00208333]}}, {"type": "Feature", "properties": {"No_": "500", "Latitude": 32.99791667, "Longitude": 73.35208333, "Annual_Rai": 1026.62}, "geometry": {"type": "Point", "coordinates": [73.35208333, 32.99791667]}}, {"type": "Feature", "properties": {"No_": "501", "Latitude": 32.99791667, "Longitude": 73.41875, "Annual_Rai": 1073.56}, "geometry": {"type": "Point", "coordinates": [73.41875, 32.99791667]}}, {"type": "Feature", "properties": {"No_": "502", "Latitude": 32.99375, "Longitude": 73.34791667, "Annual_Rai": 1023.88}, "geometry": {"type": "Point", "coordinates": [73.34791667, 32.99375]}}, {"type": "Feature", "properties": {"No_": "503", "Latitude": 33.02638889, "Longitude": 72.77777778, "Annual_Rai": 671.92}, "geometry": {"type": "Point", "coordinates": [72.77777778, 33.02638889]}}, {"type": "Feature", "properties": {"No_": "504", "Latitude": 33.01972222, "Longitude": 72.68833333, "Annual_Rai": 729.82}, "geometry": {"type": "Point", "coordinates": [72.68833333, 33.01972222]}}, {"type": "Feature", "properties": {"No_": "505", "Latitude": 33.0225, "Longitude": 73.32166667, "Annual_Rai": 987.06}, "geometry": {"type": "Point", "coordinates": [73.32166667, 33.0225]}}, {"type": "Feature", "properties": {"No_": "506", "Latitude": 33.025, "Longitude": 71.8175, "Annual_Rai": 621.54}, "geometry": {"type": "Point", "coordinates": [71.8175, 33.025]}}, {"type": "Feature", "properties": {"No_": "507", "Latitude": 32.9925, "Longitude": 73.34972222, "Annual_Rai": 1026.62}, "geometry": {"type": "Point", "coordinates": [73.34972222, 32.9925]}}, {"type": "Feature", "properties": {"No_": "508", "Latitude": 33.0225, "Longitude": 72.13361111, "Annual_Rai": 646.09}, "geometry": {"type": "Point", "coordinates": [72.13361111, 33.0225]}}, {"type": "Feature", "properties": {"No_": "509", "Latitude": 32.98333334, "Longitude": 71.81666666, "Annual_Rai": 590.69}, "geometry": {"type": "Point", "coordinates": [71.81666666, 32.98333334]}}, {"type": "Feature", "properties": {"No_": "510", "Latitude": 32.97337167, "Longitude": 72.14495672, "Annual_Rai": 667.9}, "geometry": {"type": "Point", "coordinates": [72.14495672, 32.97337167]}}, {"type": "Feature", "properties": {"No_": "511", "Latitude": 32.98541667, "Longitude": 73.58958333, "Annual_Rai": 1080.01}, "geometry": {"type": "Point", "coordinates": [73.58958333, 32.98541667]}}, {"type": "Feature", "properties": {"No_": "512", "Latitude": 32.98125, "Longitude": 73.58541667, "Annual_Rai": 1080.01}, "geometry": {"type": "Point", "coordinates": [73.58541667, 32.98125]}}, {"type": "Feature", "properties": {"No_": "513", "Latitude": 32.97708333, "Longitude": 72.49791667, "Annual_Rai": 785.27}, "geometry": {"type": "Point", "coordinates": [72.49791667, 32.97708333]}}, {"type": "Feature", "properties": {"No_": "514", "Latitude": 32.97708333, "Longitude": 73.77708333, "Annual_Rai": 1123.91}, "geometry": {"type": "Point", "coordinates": [73.77708333, 32.97708333]}}, {"type": "Feature", "properties": {"No_": "515", "Latitude": 32.97708333, "Longitude": 73.78125, "Annual_Rai": 1123.91}, "geometry": {"type": "Point", "coordinates": [73.78125, 32.97708333]}}, {"type": "Feature", "properties": {"No_": "516", "Latitude": 32.97291667, "Longitude": 72.49375, "Annual_Rai": 784.26}, "geometry": {"type": "Point", "coordinates": [72.49375, 32.97291667]}}, {"type": "Feature", "properties": {"No_": "517", "Latitude": 32.96875, "Longitude": 71.57708333, "Annual_Rai": 658.58}, "geometry": {"type": "Point", "coordinates": [71.57708333, 32.96875]}}, {"type": "Feature", "properties": {"No_": "518", "Latitude": 32.96458333, "Longitude": 71.58125, "Annual_Rai": 664.04}, "geometry": {"type": "Point", "coordinates": [71.58125, 32.96458333]}}, {"type": "Feature", "properties": {"No_": "519", "Latitude": 32.96458333, "Longitude": 73.46458333, "Annual_Rai": 1098.15}, "geometry": {"type": "Point", "coordinates": [73.46458333, 32.96458333]}}, {"type": "Feature", "properties": {"No_": "520", "Latitude": 32.95625, "Longitude": 73.46875, "Annual_Rai": 1098.15}, "geometry": {"type": "Point", "coordinates": [73.46875, 32.95625]}}, {"type": "Feature", "properties": {"No_": "521", "Latitude": 32.95625, "Longitude": 73.77708333, "Annual_Rai": 1071.3}, "geometry": {"type": "Point", "coordinates": [73.77708333, 32.95625]}}, {"type": "Feature", "properties": {"No_": "522", "Latitude": 32.99111111, "Longitude": 72.49722222, "Annual_Rai": 785.27}, "geometry": {"type": "Point", "coordinates": [72.49722222, 32.99111111]}}, {"type": "Feature", "properties": {"No_": "523", "Latitude": 32.96527778, "Longitude": 72.79194444, "Annual_Rai": 590.08}, "geometry": {"type": "Point", "coordinates": [72.79194444, 32.96527778]}}, {"type": "Feature", "properties": {"No_": "524", "Latitude": 32.98305556, "Longitude": 73.45416667, "Annual_Rai": 1104.1}, "geometry": {"type": "Point", "coordinates": [73.45416667, 32.98305556]}}, {"type": "Feature", "properties": {"No_": "525", "Latitude": 32.98055556, "Longitude": 73.58916667, "Annual_Rai": 1080.01}, "geometry": {"type": "Point", "coordinates": [73.58916667, 32.98055556]}}, {"type": "Feature", "properties": {"No_": "526", "Latitude": 32.96055556, "Longitude": 73.52916667, "Annual_Rai": 1041.81}, "geometry": {"type": "Point", "coordinates": [73.52916667, 32.96055556]}}, {"type": "Feature", "properties": {"No_": "527", "Latitude": 32.95208333, "Longitude": 73.06875, "Annual_Rai": 860.11}, "geometry": {"type": "Point", "coordinates": [73.06875, 32.95208333]}}, {"type": "Feature", "properties": {"No_": "528", "Latitude": 32.95208333, "Longitude": 73.77708333, "Annual_Rai": 1071.3}, "geometry": {"type": "Point", "coordinates": [73.77708333, 32.95208333]}}, {"type": "Feature", "properties": {"No_": "529", "Latitude": 32.94375, "Longitude": 73.06458333, "Annual_Rai": 860.11}, "geometry": {"type": "Point", "coordinates": [73.06458333, 32.94375]}}, {"type": "Feature", "properties": {"No_": "530", "Latitude": 32.94611111, "Longitude": 73.07583333, "Annual_Rai": 860.11}, "geometry": {"type": "Point", "coordinates": [73.07583333, 32.94611111]}}, {"type": "Feature", "properties": {"No_": "531", "Latitude": 32.93166667, "Longitude": 72.93305556, "Annual_Rai": 680.41}, "geometry": {"type": "Point", "coordinates": [72.93305556, 32.93166667]}}, {"type": "Feature", "properties": {"No_": "532", "Latitude": 32.92416667, "Longitude": 72.61305556, "Annual_Rai": 741.76}, "geometry": {"type": "Point", "coordinates": [72.61305556, 32.92416667]}}, {"type": "Feature", "properties": {"No_": "533", "Latitude": 32.92138889, "Longitude": 72.50194444, "Annual_Rai": 760.83}, "geometry": {"type": "Point", "coordinates": [72.50194444, 32.92138889]}}, {"type": "Feature", "properties": {"No_": "534", "Latitude": 32.94305556, "Longitude": 72.05027778, "Annual_Rai": 632.96}, "geometry": {"type": "Point", "coordinates": [72.05027778, 32.94305556]}}, {"type": "Feature", "properties": {"No_": "535", "Latitude": 32.92305556, "Longitude": 72.15472222, "Annual_Rai": 656.9}, "geometry": {"type": "Point", "coordinates": [72.15472222, 32.92305556]}}, {"type": "Feature", "properties": {"No_": "536", "Latitude": 32.9088991, "Longitude": 72.66431455, "Annual_Rai": 715.31}, "geometry": {"type": "Point", "coordinates": [72.66431455, 32.9088991]}}, {"type": "Feature", "properties": {"No_": "537", "Latitude": 32.89791667, "Longitude": 71.88125, "Annual_Rai": 580.1}, "geometry": {"type": "Point", "coordinates": [71.88125, 32.89791667]}}, {"type": "Feature", "properties": {"No_": "538", "Latitude": 32.89375, "Longitude": 71.87291667, "Annual_Rai": 580.1}, "geometry": {"type": "Point", "coordinates": [71.87291667, 32.89375]}}, {"type": "Feature", "properties": {"No_": "539", "Latitude": 32.90625, "Longitude": 73.11458333, "Annual_Rai": 883.74}, "geometry": {"type": "Point", "coordinates": [73.11458333, 32.90625]}}, {"type": "Feature", "properties": {"No_": "540", "Latitude": 32.90208333, "Longitude": 71.47291667, "Annual_Rai": 692.48}, "geometry": {"type": "Point", "coordinates": [71.47291667, 32.90208333]}}, {"type": "Feature", "properties": {"No_": "541", "Latitude": 32.90208333, "Longitude": 71.47708333, "Annual_Rai": 692.48}, "geometry": {"type": "Point", "coordinates": [71.47708333, 32.90208333]}}, {"type": "Feature", "properties": {"No_": "542", "Latitude": 32.90208333, "Longitude": 73.11458333, "Annual_Rai": 883.74}, "geometry": {"type": "Point", "coordinates": [73.11458333, 32.90208333]}}, {"type": "Feature", "properties": {"No_": "543", "Latitude": 32.915, "Longitude": 73.38055556, "Annual_Rai": 1044.29}, "geometry": {"type": "Point", "coordinates": [73.38055556, 32.915]}}, {"type": "Feature", "properties": {"No_": "ss544", "Latitude": 32.90083333, "Longitude": 73.07527778, "Annual_Rai": 860.11}, "geometry": {"type": "Point", "coordinates": [73.07527778, 32.90083333]}}, {"type": "Feature", "properties": {"No_": "545", "Latitude": 32.89222222, "Longitude": 71.89416667, "Annual_Rai": 580.1}, "geometry": {"type": "Point", "coordinates": [71.89416667, 32.89222222]}}, {"type": "Feature", "properties": {"No_": "546", "Latitude": 32.86458333, "Longitude": 73.67291667, "Annual_Rai": 1016.39}, "geometry": {"type": "Point", "coordinates": [73.67291667, 32.86458333]}}, {"type": "Feature", "properties": {"No_": "547", "Latitude": 32.86458333, "Longitude": 73.67708333, "Annual_Rai": 1016.39}, "geometry": {"type": "Point", "coordinates": [73.67708333, 32.86458333]}}, {"type": "Feature", "properties": {"No_": "548", "Latitude": 32.85166667, "Longitude": 73.26944444, "Annual_Rai": 948.56}, "geometry": {"type": "Point", "coordinates": [73.26944444, 32.85166667]}}, {"type": "Feature", "properties": {"No_": "549", "Latitude": 32.865, "Longitude": 73.05027778, "Annual_Rai": 827.43}, "geometry": {"type": "Point", "coordinates": [73.05027778, 32.865]}}, {"type": "Feature", "properties": {"No_": "550", "Latitude": 32.85111111, "Longitude": 72.74777778, "Annual_Rai": 644.52}, "geometry": {"type": "Point", "coordinates": [72.74777778, 32.85111111]}}, {"type": "Feature", "properties": {"No_": "551", "Latitude": 32.87888889, "Longitude": 72.295, "Annual_Rai": 709.3}, "geometry": {"type": "Point", "coordinates": [72.295, 32.87888889]}}, {"type": "Feature", "properties": {"No_": "552", "Latitude": 32.8342422, "Longitude": 71.5791453, "Annual_Rai": 650.94}, "geometry": {"type": "Point", "coordinates": [71.5791453, 32.8342422]}}, {"type": "Feature", "properties": {"No_": "553", "Latitude": 32.82277778, "Longitude": 72.52055556, "Annual_Rai": 678.85}, "geometry": {"type": "Point", "coordinates": [72.52055556, 32.82277778]}}, {"type": "Feature", "properties": {"No_": "554", "Latitude": 32.78541667, "Longitude": 71.41875, "Annual_Rai": 617.35}, "geometry": {"type": "Point", "coordinates": [71.41875, 32.78541667]}}, {"type": "Feature", "properties": {"No_": "555", "Latitude": 32.78541667, "Longitude": 71.42291667, "Annual_Rai": 617.35}, "geometry": {"type": "Point", "coordinates": [71.42291667, 32.78541667]}}, {"type": "Feature", "properties": {"No_": "556", "Latitude": 32.78541667, "Longitude": 71.54791667, "Annual_Rai": 621.2}, "geometry": {"type": "Point", "coordinates": [71.54791667, 32.78541667]}}, {"type": "Feature", "properties": {"No_": "557", "Latitude": 32.78125, "Longitude": 71.55208333, "Annual_Rai": 624.77}, "geometry": {"type": "Point", "coordinates": [71.55208333, 32.78125]}}, {"type": "Feature", "properties": {"No_": "558", "Latitude": 32.77611111, "Longitude": 73.50833333, "Annual_Rai": 938.32}, "geometry": {"type": "Point", "coordinates": [73.50833333, 32.77611111]}}, {"type": "Feature", "properties": {"No_": "559", "Latitude": 32.7725, "Longitude": 73.28583333, "Annual_Rai": 915.36}, "geometry": {"type": "Point", "coordinates": [73.28583333, 32.7725]}}, {"type": "Feature", "properties": {"No_": "560", "Latitude": 32.75, "Longitude": 73.29999999, "Annual_Rai": 915.36}, "geometry": {"type": "Point", "coordinates": [73.29999999, 32.75]}}, {"type": "Feature", "properties": {"No_": "561", "Latitude": 32.74791667, "Longitude": 73.59375, "Annual_Rai": 908.08}, "geometry": {"type": "Point", "coordinates": [73.59375, 32.74791667]}}, {"type": "Feature", "properties": {"No_": "562", "Latitude": 32.74375, "Longitude": 73.58958333, "Annual_Rai": 908.08}, "geometry": {"type": "Point", "coordinates": [73.58958333, 32.74375]}}, {"type": "Feature", "properties": {"No_": "563", "Latitude": 32.73958333, "Longitude": 74.51875, "Annual_Rai": 1280.23}, "geometry": {"type": "Point", "coordinates": [74.51875, 32.73958333]}}, {"type": "Feature", "properties": {"No_": "564", "Latitude": 32.73958333, "Longitude": 74.52291667, "Annual_Rai": 1280.23}, "geometry": {"type": "Point", "coordinates": [74.52291667, 32.73958333]}}, {"type": "Feature", "properties": {"No_": "565", "Latitude": 32.76527778, "Longitude": 73.36861111, "Annual_Rai": 956.25}, "geometry": {"type": "Point", "coordinates": [73.36861111, 32.76527778]}}, {"type": "Feature", "properties": {"No_": "566", "Latitude": 32.75611111, "Longitude": 72.02555556, "Annual_Rai": 643.45}, "geometry": {"type": "Point", "coordinates": [72.02555556, 32.75611111]}}, {"type": "Feature", "properties": {"No_": "567", "Latitude": 32.70625, "Longitude": 74.49375, "Annual_Rai": 1277.98}, "geometry": {"type": "Point", "coordinates": [74.49375, 32.70625]}}, {"type": "Feature", "properties": {"No_": "568", "Latitude": 32.70625, "Longitude": 74.49791667, "Annual_Rai": 1277.98}, "geometry": {"type": "Point", "coordinates": [74.49791667, 32.70625]}}, {"type": "Feature", "properties": {"No_": "569", "Latitude": 32.66856606, "Longitude": 74.48311835, "Annual_Rai": 1219.46}, "geometry": {"type": "Point", "coordinates": [74.48311835, 32.66856606]}}, {"type": "Feature", "properties": {"No_": "570", "Latitude": 32.68125, "Longitude": 74.57708333, "Annual_Rai": 1184.19}, "geometry": {"type": "Point", "coordinates": [74.57708333, 32.68125]}}, {"type": "Feature", "properties": {"No_": "571", "Latitude": 32.67708333, "Longitude": 71.80625, "Annual_Rai": 574.76}, "geometry": {"type": "Point", "coordinates": [71.80625, 32.67708333]}}, {"type": "Feature", "properties": {"No_": "572", "Latitude": 32.67708333, "Longitude": 71.81041667, "Annual_Rai": 574.76}, "geometry": {"type": "Point", "coordinates": [71.81041667, 32.67708333]}}, {"type": "Feature", "properties": {"No_": "573", "Latitude": 32.66875, "Longitude": 71.83125, "Annual_Rai": 570.86}, "geometry": {"type": "Point", "coordinates": [71.83125, 32.66875]}}, {"type": "Feature", "properties": {"No_": "574", "Latitude": 32.68958333, "Longitude": 74.48541667, "Annual_Rai": 1219.46}, "geometry": {"type": "Point", "coordinates": [74.48541667, 32.68958333]}}, {"type": "Feature", "properties": {"No_": "575", "Latitude": 32.68541667, "Longitude": 74.48541667, "Annual_Rai": 1219.46}, "geometry": {"type": "Point", "coordinates": [74.48541667, 32.68541667]}}, {"type": "Feature", "properties": {"No_": "576", "Latitude": 32.68125, "Longitude": 71.38125, "Annual_Rai": 579.1}, "geometry": {"type": "Point", "coordinates": [71.38125, 32.68125]}}, {"type": "Feature", "properties": {"No_": "577", "Latitude": 32.67708333, "Longitude": 71.37708333, "Annual_Rai": 579.1}, "geometry": {"type": "Point", "coordinates": [71.37708333, 32.67708333]}}, {"type": "Feature", "properties": {"No_": "578", "Latitude": 32.67708333, "Longitude": 71.83125, "Annual_Rai": 570.86}, "geometry": {"type": "Point", "coordinates": [71.83125, 32.67708333]}}, {"type": "Feature", "properties": {"No_": "579", "Latitude": 32.67708333, "Longitude": 74.58125, "Annual_Rai": 1184.19}, "geometry": {"type": "Point", "coordinates": [74.58125, 32.67708333]}}, {"type": "Feature", "properties": {"No_": "580", "Latitude": 32.66083333, "Longitude": 72.89722222, "Annual_Rai": 681.72}, "geometry": {"type": "Point", "coordinates": [72.89722222, 32.66083333]}}, {"type": "Feature", "properties": {"No_": "581", "Latitude": 32.66, "Longitude": 72.60333333, "Annual_Rai": 644.27}, "geometry": {"type": "Point", "coordinates": [72.60333333, 32.66]}}, {"type": "Feature", "properties": {"No_": "582", "Latitude": 32.62708333, "Longitude": 74.03958333, "Annual_Rai": 978.14}, "geometry": {"type": "Point", "coordinates": [74.03958333, 32.62708333]}}, {"type": "Feature", "properties": {"No_": "583", "Latitude": 32.63125, "Longitude": 71.30208333, "Annual_Rai": 578.55}, "geometry": {"type": "Point", "coordinates": [71.30208333, 32.63125]}}, {"type": "Feature", "properties": {"No_": "584", "Latitude": 32.62708333, "Longitude": 74.04375, "Annual_Rai": 978.14}, "geometry": {"type": "Point", "coordinates": [74.04375, 32.62708333]}}, {"type": "Feature", "properties": {"No_": "585", "Latitude": 32.62291667, "Longitude": 71.30208333, "Annual_Rai": 578.55}, "geometry": {"type": "Point", "coordinates": [71.30208333, 32.62291667]}}, {"type": "Feature", "properties": {"No_": "586", "Latitude": 32.61875, "Longitude": 71.36041667, "Annual_Rai": 578.55}, "geometry": {"type": "Point", "coordinates": [71.36041667, 32.61875]}}, {"type": "Feature", "properties": {"No_": "587", "Latitude": 32.61875, "Longitude": 71.36458333, "Annual_Rai": 578.55}, "geometry": {"type": "Point", "coordinates": [71.36458333, 32.61875]}}, {"type": "Feature", "properties": {"No_": "588", "Latitude": 32.60208333, "Longitude": 71.51041667, "Annual_Rai": 540.37}, "geometry": {"type": "Point", "coordinates": [71.51041667, 32.60208333]}}, {"type": "Feature", "properties": {"No_": "589", "Latitude": 32.60208333, "Longitude": 74.26875, "Annual_Rai": 1044.85}, "geometry": {"type": "Point", "coordinates": [74.26875, 32.60208333]}}, {"type": "Feature", "properties": {"No_": "590", "Latitude": 32.60208333, "Longitude": 74.27708333, "Annual_Rai": 1044.85}, "geometry": {"type": "Point", "coordinates": [74.27708333, 32.60208333]}}, {"type": "Feature", "properties": {"No_": "591", "Latitude": 32.59791667, "Longitude": 71.51041667, "Annual_Rai": 540.37}, "geometry": {"type": "Point", "coordinates": [71.51041667, 32.59791667]}}, {"type": "Feature", "properties": {"No_": "592", "Latitude": 32.58541667, "Longitude": 74.26041667, "Annual_Rai": 1044.85}, "geometry": {"type": "Point", "coordinates": [74.26041667, 32.58541667]}}, {"type": "Feature", "properties": {"No_": "593", "Latitude": 32.58541667, "Longitude": 74.26458333, "Annual_Rai": 1044.85}, "geometry": {"type": "Point", "coordinates": [74.26458333, 32.58541667]}}, {"type": "Feature", "properties": {"No_": "594", "Latitude": 32.59777778, "Longitude": 73.24861111, "Annual_Rai": 897.33}, "geometry": {"type": "Point", "coordinates": [73.24861111, 32.59777778]}}, {"type": "Feature", "properties": {"No_": "595", "Latitude": 32.60833333, "Longitude": 73.12194444, "Annual_Rai": 888.33}, "geometry": {"type": "Point", "coordinates": [73.12194444, 32.60833333]}}, {"type": "Feature", "properties": {"No_": "596", "Latitude": 32.57291667, "Longitude": 73.14791667, "Annual_Rai": 888.33}, "geometry": {"type": "Point", "coordinates": [73.14791667, 32.57291667]}}, {"type": "Feature", "properties": {"No_": "597", "Latitude": 32.54791667, "Longitude": 73.73125, "Annual_Rai": 796.85}, "geometry": {"type": "Point", "coordinates": [73.73125, 32.54791667]}}, {"type": "Feature", "properties": {"No_": "598", "Latitude": 32.58125, "Longitude": 73.14791667, "Annual_Rai": 888.33}, "geometry": {"type": "Point", "coordinates": [73.14791667, 32.58125]}}, {"type": "Feature", "properties": {"No_": "599", "Latitude": 32.56041667, "Longitude": 72.02708333, "Annual_Rai": 597.06}, "geometry": {"type": "Point", "coordinates": [72.02708333, 32.56041667]}}, {"type": "Feature", "properties": {"No_": "600", "Latitude": 32.5475, "Longitude": 72.92416667, "Annual_Rai": 600.23}, "geometry": {"type": "Point", "coordinates": [72.92416667, 32.5475]}}, {"type": "Feature", "properties": {"No_": "601", "Latitude": 32.54375, "Longitude": 73.73125, "Annual_Rai": 796.85}, "geometry": {"type": "Point", "coordinates": [73.73125, 32.54375]}}, {"type": "Feature", "properties": {"No_": "602", "Latitude": 32.51458333, "Longitude": 72.88958333, "Annual_Rai": 535.51}, "geometry": {"type": "Point", "coordinates": [72.88958333, 32.51458333]}}, {"type": "Feature", "properties": {"No_": "603", "Latitude": 32.51041667, "Longitude": 72.89375, "Annual_Rai": 535.51}, "geometry": {"type": "Point", "coordinates": [72.89375, 32.51041667]}}, {"type": "Feature", "properties": {"No_": "604", "Latitude": 32.52055556, "Longitude": 72.71277778, "Annual_Rai": 603.02}, "geometry": {"type": "Point", "coordinates": [72.71277778, 32.52055556]}}, {"type": "Feature", "properties": {"No_": "605", "Latitude": 32.5, "Longitude": 74.15, "Annual_Rai": 844.88}, "geometry": {"type": "Point", "coordinates": [74.15, 32.5]}}, {"type": "Feature", "properties": {"No_": "606", "Latitude": 32.47785377, "Longitude": 74.13410415, "Annual_Rai": 844.88}, "geometry": {"type": "Point", "coordinates": [74.13410415, 32.47785377]}}, {"type": "Feature", "properties": {"No_": "607", "Latitude": 32.50208333, "Longitude": 73.72291667, "Annual_Rai": 808.72}, "geometry": {"type": "Point", "coordinates": [73.72291667, 32.50208333]}}, {"type": "Feature", "properties": {"No_": "608", "Latitude": 32.49791667, "Longitude": 73.72291667, "Annual_Rai": 808.72}, "geometry": {"type": "Point", "coordinates": [73.72291667, 32.49791667]}}, {"type": "Feature", "properties": {"No_": "609", "Latitude": 32.48958333, "Longitude": 74.08958333, "Annual_Rai": 850.14}, "geometry": {"type": "Point", "coordinates": [74.08958333, 32.48958333]}}, {"type": "Feature", "properties": {"No_": "610", "Latitude": 32.48958333, "Longitude": 74.09375, "Annual_Rai": 850.14}, "geometry": {"type": "Point", "coordinates": [74.09375, 32.48958333]}}, {"type": "Feature", "properties": {"No_": "611", "Latitude": 32.47708333, "Longitude": 73.69791667, "Annual_Rai": 783.51}, "geometry": {"type": "Point", "coordinates": [73.69791667, 32.47708333]}}, {"type": "Feature", "properties": {"No_": "612", "Latitude": 32.47291667, "Longitude": 73.68958333, "Annual_Rai": 783.51}, "geometry": {"type": "Point", "coordinates": [73.68958333, 32.47291667]}}, {"type": "Feature", "properties": {"No_": "613", "Latitude": 32.45625, "Longitude": 74.14375, "Annual_Rai": 844.88}, "geometry": {"type": "Point", "coordinates": [74.14375, 32.45625]}}, {"type": "Feature", "properties": {"No_": "614", "Latitude": 32.46458333, "Longitude": 74.04791667, "Annual_Rai": 860.4}, "geometry": {"type": "Point", "coordinates": [74.04791667, 32.46458333]}}, {"type": "Feature", "properties": {"No_": "615", "Latitude": 32.46041667, "Longitude": 74.14375, "Annual_Rai": 844.88}, "geometry": {"type": "Point", "coordinates": [74.14375, 32.46041667]}}, {"type": "Feature", "properties": {"No_": "616", "Latitude": 32.45625, "Longitude": 74.05208333, "Annual_Rai": 860.4}, "geometry": {"type": "Point", "coordinates": [74.05208333, 32.45625]}}, {"type": "Feature", "properties": {"No_": "617", "Latitude": 32.44791667, "Longitude": 72.79791667, "Annual_Rai": 558.47}, "geometry": {"type": "Point", "coordinates": [72.79791667, 32.44791667]}}, {"type": "Feature", "properties": {"No_": "618", "Latitude": 32.44375, "Longitude": 74.02708333, "Annual_Rai": 860.4}, "geometry": {"type": "Point", "coordinates": [74.02708333, 32.44375]}}, {"type": "Feature", "properties": {"No_": "619", "Latitude": 32.44375, "Longitude": 74.03125, "Annual_Rai": 860.4}, "geometry": {"type": "Point", "coordinates": [74.03125, 32.44375]}}, {"type": "Feature", "properties": {"No_": "620", "Latitude": 32.43958333, "Longitude": 72.79791667, "Annual_Rai": 558.47}, "geometry": {"type": "Point", "coordinates": [72.79791667, 32.43958333]}}, {"type": "Feature", "properties": {"No_": "621", "Latitude": 32.42291667, "Longitude": 71.37708333, "Annual_Rai": 491.25}, "geometry": {"type": "Point", "coordinates": [71.37708333, 32.42291667]}}, {"type": "Feature", "properties": {"No_": "622", "Latitude": 32.42291667, "Longitude": 71.38541667, "Annual_Rai": 491.25}, "geometry": {"type": "Point", "coordinates": [71.38541667, 32.42291667]}}, {"type": "Feature", "properties": {"No_": "623", "Latitude": 32.38268403, "Longitude": 73.89137683, "Annual_Rai": 734.16}, "geometry": {"type": "Point", "coordinates": [73.89137683, 32.38268403]}}, {"type": "Feature", "properties": {"No_": "624", "Latitude": 32.38469896, "Longitude": 73.83680311, "Annual_Rai": 778.09}, "geometry": {"type": "Point", "coordinates": [73.83680311, 32.38469896]}}, {"type": "Feature", "properties": {"No_": "625", "Latitude": 32.33958333, "Longitude": 73.71041667, "Annual_Rai": 690.99}, "geometry": {"type": "Point", "coordinates": [73.71041667, 32.33958333]}}, {"type": "Feature", "properties": {"No_": "626", "Latitude": 32.33125, "Longitude": 73.71458333, "Annual_Rai": 679.53}, "geometry": {"type": "Point", "coordinates": [73.71458333, 32.33125]}}, {"type": "Feature", "properties": {"No_": "627", "Latitude": 32.27291667, "Longitude": 71.76458333, "Annual_Rai": 518.77}, "geometry": {"type": "Point", "coordinates": [71.76458333, 32.27291667]}}, {"type": "Feature", "properties": {"No_": "628", "Latitude": 32.27291667, "Longitude": 75.35208333, "Annual_Rai": 1337.05}, "geometry": {"type": "Point", "coordinates": [75.35208333, 32.27291667]}}, {"type": "Feature", "properties": {"No_": "629", "Latitude": 32.27708333, "Longitude": 71.76875, "Annual_Rai": 518.77}, "geometry": {"type": "Point", "coordinates": [71.76875, 32.27708333]}}, {"type": "Feature", "properties": {"No_": "630", "Latitude": 32.27291667, "Longitude": 75.36041667, "Annual_Rai": 1337.05}, "geometry": {"type": "Point", "coordinates": [75.36041667, 32.27291667]}}, {"type": "Feature", "properties": {"No_": "631", "Latitude": 32.22291667, "Longitude": 74.51458333, "Annual_Rai": 878.61}, "geometry": {"type": "Point", "coordinates": [74.51458333, 32.22291667]}}, {"type": "Feature", "properties": {"No_": "632", "Latitude": 32.21458333, "Longitude": 74.51458333, "Annual_Rai": 878.61}, "geometry": {"type": "Point", "coordinates": [74.51458333, 32.21458333]}}, {"type": "Feature", "properties": {"No_": "633", "Latitude": 32.23958333, "Longitude": 71.27291667, "Annual_Rai": 548.99}, "geometry": {"type": "Point", "coordinates": [71.27291667, 32.23958333]}}, {"type": "Feature", "properties": {"No_": "634", "Latitude": 32.23958333, "Longitude": 71.27708333, "Annual_Rai": 548.99}, "geometry": {"type": "Point", "coordinates": [71.27708333, 32.23958333]}}, {"type": "Feature", "properties": {"No_": "635", "Latitude": 32.23958333, "Longitude": 75.36875, "Annual_Rai": 1307.69}, "geometry": {"type": "Point", "coordinates": [75.36875, 32.23958333]}}, {"type": "Feature", "properties": {"No_": "636", "Latitude": 32.23541667, "Longitude": 73.43125, "Annual_Rai": 612.98}, "geometry": {"type": "Point", "coordinates": [73.43125, 32.23541667]}}, {"type": "Feature", "properties": {"No_": "637", "Latitude": 32.22708333, "Longitude": 73.43125, "Annual_Rai": 612.98}, "geometry": {"type": "Point", "coordinates": [73.43125, 32.22708333]}}, {"type": "Feature", "properties": {"No_": "638", "Latitude": 32.21875, "Longitude": 71.93541667, "Annual_Rai": 514.48}, "geometry": {"type": "Point", "coordinates": [71.93541667, 32.21875]}}, {"type": "Feature", "properties": {"No_": "639", "Latitude": 32.21458333, "Longitude": 71.93958333, "Annual_Rai": 514.48}, "geometry": {"type": "Point", "coordinates": [71.93958333, 32.21458333]}}, {"type": "Feature", "properties": {"No_": "640", "Latitude": 32.21458333, "Longitude": 72.54791667, "Annual_Rai": 523.77}, "geometry": {"type": "Point", "coordinates": [72.54791667, 32.21458333]}}, {"type": "Feature", "properties": {"No_": "641", "Latitude": 32.21041667, "Longitude": 72.55625, "Annual_Rai": 523.77}, "geometry": {"type": "Point", "coordinates": [72.55625, 32.21041667]}}, {"type": "Feature", "properties": {"No_": "642", "Latitude": 32.23807716, "Longitude": 70.67068454, "Annual_Rai": 479.93}, "geometry": {"type": "Point", "coordinates": [70.67068454, 32.23807716]}}, {"type": "Feature", "properties": {"No_": "643", "Latitude": 32.19791667, "Longitude": 73.72291667, "Annual_Rai": 661.99}, "geometry": {"type": "Point", "coordinates": [73.72291667, 32.19791667]}}, {"type": "Feature", "properties": {"No_": "644", "Latitude": 32.19375, "Longitude": 72.53125, "Annual_Rai": 492.85}, "geometry": {"type": "Point", "coordinates": [72.53125, 32.19375]}}, {"type": "Feature", "properties": {"No_": "645", "Latitude": 32.18958333, "Longitude": 72.53125, "Annual_Rai": 492.85}, "geometry": {"type": "Point", "coordinates": [72.53125, 32.18958333]}}, {"type": "Feature", "properties": {"No_": "646", "Latitude": 32.18958333, "Longitude": 73.72291667, "Annual_Rai": 661.99}, "geometry": {"type": "Point", "coordinates": [73.72291667, 32.18958333]}}, {"type": "Feature", "properties": {"No_": "647", "Latitude": 32.18125, "Longitude": 74.01041667, "Annual_Rai": 744.83}, "geometry": {"type": "Point", "coordinates": [74.01041667, 32.18125]}}, {"type": "Feature", "properties": {"No_": "648", "Latitude": 32.17708333, "Longitude": 74.01875, "Annual_Rai": 744.83}, "geometry": {"type": "Point", "coordinates": [74.01875, 32.17708333]}}, {"type": "Feature", "properties": {"No_": "649", "Latitude": 32.17291667, "Longitude": 73.36458333, "Annual_Rai": 617.87}, "geometry": {"type": "Point", "coordinates": [73.36458333, 32.17291667]}}, {"type": "Feature", "properties": {"No_": "650", "Latitude": 32.16458333, "Longitude": 74.72291667, "Annual_Rai": 883.24}, "geometry": {"type": "Point", "coordinates": [74.72291667, 32.16458333]}}, {"type": "Feature", "properties": {"No_": "651", "Latitude": 32.14375, "Longitude": 73.57708333, "Annual_Rai": 556.75}, "geometry": {"type": "Point", "coordinates": [73.57708333, 32.14375]}}, {"type": "Feature", "properties": {"No_": "652", "Latitude": 32.13541667, "Longitude": 73.57708333, "Annual_Rai": 556.75}, "geometry": {"type": "Point", "coordinates": [73.57708333, 32.13541667]}}, {"type": "Feature", "properties": {"No_": "653", "Latitude": 32.16875, "Longitude": 73.36458333, "Annual_Rai": 617.87}, "geometry": {"type": "Point", "coordinates": [73.36458333, 32.16875]}}, {"type": "Feature", "properties": {"No_": "654", "Latitude": 32.16041667, "Longitude": 74.72291667, "Annual_Rai": 883.24}, "geometry": {"type": "Point", "coordinates": [74.72291667, 32.16041667]}}, {"type": "Feature", "properties": {"No_": "655", "Latitude": 32.15625, "Longitude": 71.77291667, "Annual_Rai": 497.4}, "geometry": {"type": "Point", "coordinates": [71.77291667, 32.15625]}}, {"type": "Feature", "properties": {"No_": "656", "Latitude": 32.15208333, "Longitude": 71.76875, "Annual_Rai": 497.4}, "geometry": {"type": "Point", "coordinates": [71.76875, 32.15208333]}}, {"type": "Feature", "properties": {"No_": "657", "Latitude": 32.1630255, "Longitude": 70.86781373, "Annual_Rai": 461.99}, "geometry": {"type": "Point", "coordinates": [70.86781373, 32.1630255]}}, {"type": "Feature", "properties": {"No_": "658", "Latitude": 32.16859609, "Longitude": 70.61797651, "Annual_Rai": 448.79}, "geometry": {"type": "Point", "coordinates": [70.61797651, 32.16859609]}}, {"type": "Feature", "properties": {"No_": "659", "Latitude": 32.1292788, "Longitude": 73.4059374, "Annual_Rai": 604.23}, "geometry": {"type": "Point", "coordinates": [73.4059374, 32.1292788]}}, {"type": "Feature", "properties": {"No_": "660", "Latitude": 32.11047376, "Longitude": 73.37469122, "Annual_Rai": 570.72}, "geometry": {"type": "Point", "coordinates": [73.37469122, 32.11047376]}}, {"type": "Feature", "properties": {"No_": "661", "Latitude": 32.10625, "Longitude": 74.40208333, "Annual_Rai": 780.09}, "geometry": {"type": "Point", "coordinates": [74.40208333, 32.10625]}}, {"type": "Feature", "properties": {"No_": "662", "Latitude": 32.12708333, "Longitude": 71.18958333, "Annual_Rai": 545.96}, "geometry": {"type": "Point", "coordinates": [71.18958333, 32.12708333]}}, {"type": "Feature", "properties": {"No_": "663", "Latitude": 32.12708333, "Longitude": 71.19375, "Annual_Rai": 533.52}, "geometry": {"type": "Point", "coordinates": [71.19375, 32.12708333]}}, {"type": "Feature", "properties": {"No_": "664", "Latitude": 32.12708333, "Longitude": 72.83958333, "Annual_Rai": 565.96}, "geometry": {"type": "Point", "coordinates": [72.83958333, 32.12708333]}}, {"type": "Feature", "properties": {"No_": "665", "Latitude": 32.11875, "Longitude": 72.84375, "Annual_Rai": 565.96}, "geometry": {"type": "Point", "coordinates": [72.84375, 32.11875]}}, {"type": "Feature", "properties": {"No_": "666", "Latitude": 32.10625, "Longitude": 74.40625, "Annual_Rai": 780.09}, "geometry": {"type": "Point", "coordinates": [74.40625, 32.10625]}}, {"type": "Feature", "properties": {"No_": "667", "Latitude": 32.08958333, "Longitude": 75.06458333, "Annual_Rai": 991.2}, "geometry": {"type": "Point", "coordinates": [75.06458333, 32.08958333]}}, {"type": "Feature", "properties": {"No_": "668", "Latitude": 32.08541667, "Longitude": 73.26458333, "Annual_Rai": 563.34}, "geometry": {"type": "Point", "coordinates": [73.26458333, 32.08541667]}}, {"type": "Feature", "properties": {"No_": "669", "Latitude": 32.08541667, "Longitude": 75.06875, "Annual_Rai": 991.2}, "geometry": {"type": "Point", "coordinates": [75.06875, 32.08541667]}}, {"type": "Feature", "properties": {"No_": "670", "Latitude": 32.08125, "Longitude": 73.26458333, "Annual_Rai": 563.34}, "geometry": {"type": "Point", "coordinates": [73.26458333, 32.08125]}}, {"type": "Feature", "properties": {"No_": "671", "Latitude": 32.03028, "Longitude": 70.6488, "Annual_Rai": 379.89}, "geometry": {"type": "Point", "coordinates": [70.6488, 32.03028]}}, {"type": "Feature", "properties": {"No_": "672", "Latitude": 32.05625, "Longitude": 72.48125, "Annual_Rai": 443.62}, "geometry": {"type": "Point", "coordinates": [72.48125, 32.05625]}}, {"type": "Feature", "properties": {"No_": "673", "Latitude": 32.03958333, "Longitude": 73.95625, "Annual_Rai": 691.48}, "geometry": {"type": "Point", "coordinates": [73.95625, 32.03958333]}}, {"type": "Feature", "properties": {"No_": "674", "Latitude": 32.05625, "Longitude": 72.28125, "Annual_Rai": 433.75}, "geometry": {"type": "Point", "coordinates": [72.28125, 32.05625]}}, {"type": "Feature", "properties": {"No_": "675", "Latitude": 32.05208333, "Longitude": 72.27708333, "Annual_Rai": 433.75}, "geometry": {"type": "Point", "coordinates": [72.27708333, 32.05208333]}}, {"type": "Feature", "properties": {"No_": "676", "Latitude": 32.05208333, "Longitude": 72.48541667, "Annual_Rai": 443.62}, "geometry": {"type": "Point", "coordinates": [72.48541667, 32.05208333]}}, {"type": "Feature", "properties": {"No_": "677", "Latitude": 32.03125, "Longitude": 73.96041667, "Annual_Rai": 691.48}, "geometry": {"type": "Point", "coordinates": [73.96041667, 32.03125]}}, {"type": "Feature", "properties": {"No_": "678", "Latitude": 32.0366047, "Longitude": 70.35801651, "Annual_Rai": 353.09}, "geometry": {"type": "Point", "coordinates": [70.35801651, 32.0366047]}}, {"type": "Feature", "properties": {"No_": "679", "Latitude": 32.00337, "Longitude": 70.79609, "Annual_Rai": 388.78}, "geometry": {"type": "Point", "coordinates": [70.79609, 32.00337]}}, {"type": "Feature", "properties": {"No_": "680", "Latitude": 32.01038, "Longitude": 70.75195, "Annual_Rai": 393.35}, "geometry": {"type": "Point", "coordinates": [70.75195, 32.01038]}}, {"type": "Feature", "properties": {"No_": "681", "Latitude": 31.98712, "Longitude": 70.72857, "Annual_Rai": 386.5}, "geometry": {"type": "Point", "coordinates": [70.72857, 31.98712]}}, {"type": "Feature", "properties": {"No_": "682", "Latitude": 32.01041667, "Longitude": 72.69791667, "Annual_Rai": 495.49}, "geometry": {"type": "Point", "coordinates": [72.69791667, 32.01041667]}}, {"type": "Feature", "properties": {"No_": "683", "Latitude": 32.00208333, "Longitude": 72.69791667, "Annual_Rai": 495.49}, "geometry": {"type": "Point", "coordinates": [72.69791667, 32.00208333]}}, {"type": "Feature", "properties": {"No_": "684", "Latitude": 31.98541667, "Longitude": 74.49375, "Annual_Rai": 785.28}, "geometry": {"type": "Point", "coordinates": [74.49375, 31.98541667]}}, {"type": "Feature", "properties": {"No_": "685", "Latitude": 31.96893, "Longitude": 71.00048, "Annual_Rai": 420.7}, "geometry": {"type": "Point", "coordinates": [71.00048, 31.96893]}}, {"type": "Feature", "properties": {"No_": "686", "Latitude": 31.96869, "Longitude": 70.82055, "Annual_Rai": 391.93}, "geometry": {"type": "Point", "coordinates": [70.82055, 31.96869]}}, {"type": "Feature", "properties": {"No_": "687", "Latitude": 31.97381, "Longitude": 70.74742, "Annual_Rai": 393.13}, "geometry": {"type": "Point", "coordinates": [70.74742, 31.97381]}}, {"type": "Feature", "properties": {"No_": "688", "Latitude": 31.97708333, "Longitude": 74.49791667, "Annual_Rai": 810.69}, "geometry": {"type": "Point", "coordinates": [74.49791667, 31.97708333]}}, {"type": "Feature", "properties": {"No_": "689", "Latitude": 31.96041667, "Longitude": 74.41041667, "Annual_Rai": 786.33}, "geometry": {"type": "Point", "coordinates": [74.41041667, 31.96041667]}}, {"type": "Feature", "properties": {"No_": "690", "Latitude": 31.96458333, "Longitude": 74.40625, "Annual_Rai": 786.33}, "geometry": {"type": "Point", "coordinates": [74.40625, 31.96458333]}}, {"type": "Feature", "properties": {"No_": "691", "Latitude": 31.95625, "Longitude": 71.48125, "Annual_Rai": 504.16}, "geometry": {"type": "Point", "coordinates": [71.48125, 31.95625]}}, {"type": "Feature", "properties": {"No_": "692", "Latitude": 31.95625, "Longitude": 71.48541667, "Annual_Rai": 504.16}, "geometry": {"type": "Point", "coordinates": [71.48541667, 31.95625]}}, {"type": "Feature", "properties": {"No_": "693", "Latitude": 31.94353, "Longitude": 70.98589, "Annual_Rai": 420.7}, "geometry": {"type": "Point", "coordinates": [70.98589, 31.94353]}}, {"type": "Feature", "properties": {"No_": "694", "Latitude": 31.93541667, "Longitude": 72.99375, "Annual_Rai": 538.77}, "geometry": {"type": "Point", "coordinates": [72.99375, 31.93541667]}}, {"type": "Feature", "properties": {"No_": "695", "Latitude": 31.92708333, "Longitude": 72.99375, "Annual_Rai": 521.62}, "geometry": {"type": "Point", "coordinates": [72.99375, 31.92708333]}}, {"type": "Feature", "properties": {"No_": "696", "Latitude": 31.94353223, "Longitude": 70.98589, "Annual_Rai": 420.7}, "geometry": {"type": "Point", "coordinates": [70.98589, 31.94353223]}}, {"type": "Feature", "properties": {"No_": "697", "Latitude": 31.902218, "Longitude": 74.5935844, "Annual_Rai": 836.15}, "geometry": {"type": "Point", "coordinates": [74.5935844, 31.902218]}}, {"type": "Feature", "properties": {"No_": "698", "Latitude": 31.87787, "Longitude": 70.88267, "Annual_Rai": 374.77}, "geometry": {"type": "Point", "coordinates": [70.88267, 31.87787]}}, {"type": "Feature", "properties": {"No_": "699", "Latitude": 31.90208333, "Longitude": 72.23541667, "Annual_Rai": 429.47}, "geometry": {"type": "Point", "coordinates": [72.23541667, 31.90208333]}}, {"type": "Feature", "properties": {"No_": "700", "Latitude": 31.89791667, "Longitude": 72.23125, "Annual_Rai": 429.47}, "geometry": {"type": "Point", "coordinates": [72.23125, 31.89791667]}}, {"type": "Feature", "properties": {"No_": "701", "Latitude": 31.85625, "Longitude": 74.20625, "Annual_Rai": 734.51}, "geometry": {"type": "Point", "coordinates": [74.20625, 31.85625]}}, {"type": "Feature", "properties": {"No_": "702", "Latitude": 31.84375, "Longitude": 72.57708333, "Annual_Rai": 424.1}, "geometry": {"type": "Point", "coordinates": [72.57708333, 31.84375]}}, {"type": "Feature", "properties": {"No_": "703", "Latitude": 31.85625, "Longitude": 74.21041667, "Annual_Rai": 734.51}, "geometry": {"type": "Point", "coordinates": [74.21041667, 31.85625]}}, {"type": "Feature", "properties": {"No_": "704", "Latitude": 31.83958333, "Longitude": 72.57708333, "Annual_Rai": 424.1}, "geometry": {"type": "Point", "coordinates": [72.57708333, 31.83958333]}}, {"type": "Feature", "properties": {"No_": "705", "Latitude": 31.81041667, "Longitude": 73.07708333, "Annual_Rai": 484.23}, "geometry": {"type": "Point", "coordinates": [73.07708333, 31.81041667]}}, {"type": "Feature", "properties": {"No_": "706", "Latitude": 31.80208333, "Longitude": 73.07708333, "Annual_Rai": 484.23}, "geometry": {"type": "Point", "coordinates": [73.07708333, 31.80208333]}}, {"type": "Feature", "properties": {"No_": "707", "Latitude": 31.76967, "Longitude": 70.27789, "Annual_Rai": 353.6}, "geometry": {"type": "Point", "coordinates": [70.27789, 31.76967]}}, {"type": "Feature", "properties": {"No_": "708", "Latitude": 31.78589, "Longitude": 70.23937, "Annual_Rai": 348.57}, "geometry": {"type": "Point", "coordinates": [70.23937, 31.78589]}}, {"type": "Feature", "properties": {"No_": "709", "Latitude": 31.78616, "Longitude": 70.23937, "Annual_Rai": 348.57}, "geometry": {"type": "Point", "coordinates": [70.23937, 31.78616]}}, {"type": "Feature", "properties": {"No_": "710", "Latitude": 31.78958333, "Longitude": 72.21041667, "Annual_Rai": 385.63}, "geometry": {"type": "Point", "coordinates": [72.21041667, 31.78958333]}}, {"type": "Feature", "properties": {"No_": "711", "Latitude": 31.79375, "Longitude": 72.21041667, "Annual_Rai": 385.63}, "geometry": {"type": "Point", "coordinates": [72.21041667, 31.79375]}}, {"type": "Feature", "properties": {"No_": "712", "Latitude": 31.77708333, "Longitude": 74.53125, "Annual_Rai": 826.91}, "geometry": {"type": "Point", "coordinates": [74.53125, 31.77708333]}}, {"type": "Feature", "properties": {"No_": "713", "Latitude": 31.77291667, "Longitude": 74.53541667, "Annual_Rai": 826.91}, "geometry": {"type": "Point", "coordinates": [74.53541667, 31.77291667]}}, {"type": "Feature", "properties": {"No_": "714", "Latitude": 31.76041667, "Longitude": 71.43541667, "Annual_Rai": 409.98}, "geometry": {"type": "Point", "coordinates": [71.43541667, 31.76041667]}}, {"type": "Feature", "properties": {"No_": "715", "Latitude": 31.75625, "Longitude": 73.58125, "Annual_Rai": 553.44}, "geometry": {"type": "Point", "coordinates": [73.58125, 31.75625]}}, {"type": "Feature", "properties": {"No_": "716", "Latitude": 31.76041667, "Longitude": 73.57708333, "Annual_Rai": 553.44}, "geometry": {"type": "Point", "coordinates": [73.57708333, 31.76041667]}}, {"type": "Feature", "properties": {"No_": "717", "Latitude": 31.75625, "Longitude": 71.43958333, "Annual_Rai": 409.98}, "geometry": {"type": "Point", "coordinates": [71.43958333, 31.75625]}}, {"type": "Feature", "properties": {"No_": "718", "Latitude": 31.71843, "Longitude": 70.30669, "Annual_Rai": 351.66}, "geometry": {"type": "Point", "coordinates": [70.30669, 31.71843]}}, {"type": "Feature", "properties": {"No_": "719", "Latitude": 31.71445, "Longitude": 70.31714, "Annual_Rai": 351.66}, "geometry": {"type": "Point", "coordinates": [70.31714, 31.71445]}}, {"type": "Feature", "properties": {"No_": "720", "Latitude": 31.72368, "Longitude": 70.35334, "Annual_Rai": 336.64}, "geometry": {"type": "Point", "coordinates": [70.35334, 31.72368]}}, {"type": "Feature", "properties": {"No_": "721", "Latitude": 31.71875, "Longitude": 71.91041667, "Annual_Rai": 283.97}, "geometry": {"type": "Point", "coordinates": [71.91041667, 31.71875]}}, {"type": "Feature", "properties": {"No_": "722", "Latitude": 31.71458333, "Longitude": 70.94375, "Annual_Rai": 360.13}, "geometry": {"type": "Point", "coordinates": [70.94375, 31.71458333]}}, {"type": "Feature", "properties": {"No_": "723", "Latitude": 31.71458333, "Longitude": 71.91041667, "Annual_Rai": 283.97}, "geometry": {"type": "Point", "coordinates": [71.91041667, 31.71458333]}}, {"type": "Feature", "properties": {"No_": "724", "Latitude": 31.71041667, "Longitude": 70.94375, "Annual_Rai": 360.13}, "geometry": {"type": "Point", "coordinates": [70.94375, 31.71041667]}}, {"type": "Feature", "properties": {"No_": "725", "Latitude": 31.71041667, "Longitude": 74.48958333, "Annual_Rai": 831.44}, "geometry": {"type": "Point", "coordinates": [74.48958333, 31.71041667]}}, {"type": "Feature", "properties": {"No_": "726", "Latitude": 31.70625, "Longitude": 74.48541667, "Annual_Rai": 847.75}, "geometry": {"type": "Point", "coordinates": [74.48541667, 31.70625]}}, {"type": "Feature", "properties": {"No_": "727", "Latitude": 31.67854614, "Longitude": 74.33096821, "Annual_Rai": 848.44}, "geometry": {"type": "Point", "coordinates": [74.33096821, 31.67854614]}}, {"type": "Feature", "properties": {"No_": "728", "Latitude": 31.68336, "Longitude": 70.26145, "Annual_Rai": 375.8}, "geometry": {"type": "Point", "coordinates": [70.26145, 31.68336]}}, {"type": "Feature", "properties": {"No_": "729", "Latitude": 31.68125, "Longitude": 74.35208333, "Annual_Rai": 822.49}, "geometry": {"type": "Point", "coordinates": [74.35208333, 31.68125]}}, {"type": "Feature", "properties": {"No_": "730", "Latitude": 31.67708333, "Longitude": 73.78125, "Annual_Rai": 607.66}, "geometry": {"type": "Point", "coordinates": [73.78125, 31.67708333]}}, {"type": "Feature", "properties": {"No_": "731", "Latitude": 31.67708333, "Longitude": 74.34375, "Annual_Rai": 822.49}, "geometry": {"type": "Point", "coordinates": [74.34375, 31.67708333]}}, {"type": "Feature", "properties": {"No_": "732", "Latitude": 31.67291667, "Longitude": 73.78125, "Annual_Rai": 607.66}, "geometry": {"type": "Point", "coordinates": [73.78125, 31.67291667]}}, {"type": "Feature", "properties": {"No_": "733", "Latitude": 31.65208333, "Longitude": 70.88125, "Annual_Rai": 337.54}, "geometry": {"type": "Point", "coordinates": [70.88125, 31.65208333]}}, {"type": "Feature", "properties": {"No_": "734", "Latitude": 31.65208333, "Longitude": 70.88541667, "Annual_Rai": 337.54}, "geometry": {"type": "Point", "coordinates": [70.88541667, 31.65208333]}}, {"type": "Feature", "properties": {"No_": "735", "Latitude": 31.61663068, "Longitude": 74.31546349, "Annual_Rai": 841.94}, "geometry": {"type": "Point", "coordinates": [74.31546349, 31.61663068]}}, {"type": "Feature", "properties": {"No_": "736", "Latitude": 31.6296949, "Longitude": 74.30375972, "Annual_Rai": 816.05}, "geometry": {"type": "Point", "coordinates": [74.30375972, 31.6296949]}}, {"type": "Feature", "properties": {"No_": "737", "Latitude": 31.64535, "Longitude": 70.38336, "Annual_Rai": 379.47}, "geometry": {"type": "Point", "coordinates": [70.38336, 31.64535]}}, {"type": "Feature", "properties": {"No_": "738", "Latitude": 31.64375, "Longitude": 71.24375, "Annual_Rai": 406.96}, "geometry": {"type": "Point", "coordinates": [71.24375, 31.64375]}}, {"type": "Feature", "properties": {"No_": "739", "Latitude": 31.64375, "Longitude": 71.24791667, "Annual_Rai": 406.96}, "geometry": {"type": "Point", "coordinates": [71.24791667, 31.64375]}}, {"type": "Feature", "properties": {"No_": "740", "Latitude": 31.63541667, "Longitude": 71.88125, "Annual_Rai": 303.93}, "geometry": {"type": "Point", "coordinates": [71.88125, 31.63541667]}}, {"type": "Feature", "properties": {"No_": "741", "Latitude": 31.63125, "Longitude": 71.87708333, "Annual_Rai": 303.93}, "geometry": {"type": "Point", "coordinates": [71.87708333, 31.63125]}}, {"type": "Feature", "properties": {"No_": "742", "Latitude": 31.63125, "Longitude": 72.52708333, "Annual_Rai": 402.33}, "geometry": {"type": "Point", "coordinates": [72.52708333, 31.63125]}}, {"type": "Feature", "properties": {"No_": "743", "Latitude": 31.63125, "Longitude": 74.31041667, "Annual_Rai": 816.05}, "geometry": {"type": "Point", "coordinates": [74.31041667, 31.63125]}}, {"type": "Feature", "properties": {"No_": "744", "Latitude": 31.63125, "Longitude": 74.31875, "Annual_Rai": 816.05}, "geometry": {"type": "Point", "coordinates": [74.31875, 31.63125]}}, {"type": "Feature", "properties": {"No_": "745", "Latitude": 31.62708333, "Longitude": 72.53541667, "Annual_Rai": 402.33}, "geometry": {"type": "Point", "coordinates": [72.53541667, 31.62708333]}}, {"type": "Feature", "properties": {"No_": "746", "Latitude": 31.61513064, "Longitude": 74.42660156, "Annual_Rai": 856.74}, "geometry": {"type": "Point", "coordinates": [74.42660156, 31.61513064]}}, {"type": "Feature", "properties": {"No_": "747", "Latitude": 31.62413284, "Longitude": 70.62210736, "Annual_Rai": 330.76}, "geometry": {"type": "Point", "coordinates": [70.62210736, 31.62413284]}}, {"type": "Feature", "properties": {"No_": "748", "Latitude": 31.61041667, "Longitude": 72.14375, "Annual_Rai": 360.61}, "geometry": {"type": "Point", "coordinates": [72.14375, 31.61041667]}}, {"type": "Feature", "properties": {"No_": "749", "Latitude": 31.60625, "Longitude": 72.14791667, "Annual_Rai": 360.61}, "geometry": {"type": "Point", "coordinates": [72.14791667, 31.60625]}}, {"type": "Feature", "properties": {"No_": "750", "Latitude": 31.5863092, "Longitude": 74.38680516, "Annual_Rai": 856.74}, "geometry": {"type": "Point", "coordinates": [74.38680516, 31.5863092]}}, {"type": "Feature", "properties": {"No_": "751", "Latitude": 31.57877386, "Longitude": 74.28255893, "Annual_Rai": 826.55}, "geometry": {"type": "Point", "coordinates": [74.28255893, 31.57877386]}}, {"type": "Feature", "properties": {"No_": "752", "Latitude": 31.54791667, "Longitude": 72.12708333, "Annual_Rai": 343.37}, "geometry": {"type": "Point", "coordinates": [72.12708333, 31.54791667]}}, {"type": "Feature", "properties": {"No_": "753", "Latitude": 31.53958333, "Longitude": 73.51458333, "Annual_Rai": 530.29}, "geometry": {"type": "Point", "coordinates": [73.51458333, 31.53958333]}}, {"type": "Feature", "properties": {"No_": "754", "Latitude": 31.56458333, "Longitude": 72.50208333, "Annual_Rai": 390.87}, "geometry": {"type": "Point", "coordinates": [72.50208333, 31.56458333]}}, {"type": "Feature", "properties": {"No_": "755", "Latitude": 31.56041667, "Longitude": 72.50625, "Annual_Rai": 390.87}, "geometry": {"type": "Point", "coordinates": [72.50625, 31.56041667]}}, {"type": "Feature", "properties": {"No_": "756", "Latitude": 31.54791667, "Longitude": 72.13125, "Annual_Rai": 343.37}, "geometry": {"type": "Point", "coordinates": [72.13125, 31.54791667]}}, {"type": "Feature", "properties": {"No_": "757", "Latitude": 31.54195076, "Longitude": 74.30106372, "Annual_Rai": 841.94}, "geometry": {"type": "Point", "coordinates": [74.30106372, 31.54195076]}}, {"type": "Feature", "properties": {"No_": "758", "Latitude": 31.52701, "Longitude": 70.32077, "Annual_Rai": 386.49}, "geometry": {"type": "Point", "coordinates": [70.32077, 31.52701]}}, {"type": "Feature", "properties": {"No_": "759", "Latitude": 31.53541667, "Longitude": 73.51458333, "Annual_Rai": 530.29}, "geometry": {"type": "Point", "coordinates": [73.51458333, 31.53541667]}}, {"type": "Feature", "properties": {"No_": "760", "Latitude": 31.52708333, "Longitude": 73.61458333, "Annual_Rai": 560.66}, "geometry": {"type": "Point", "coordinates": [73.61458333, 31.52708333]}}, {"type": "Feature", "properties": {"No_": "761", "Latitude": 31.51458333, "Longitude": 71.43958333, "Annual_Rai": 390.72}, "geometry": {"type": "Point", "coordinates": [71.43958333, 31.51458333]}}, {"type": "Feature", "properties": {"No_": "762", "Latitude": 31.53541667, "Longitude": 73.61041667, "Annual_Rai": 578.95}, "geometry": {"type": "Point", "coordinates": [73.61041667, 31.53541667]}}, {"type": "Feature", "properties": {"No_": "763", "Latitude": 31.51458333, "Longitude": 71.44375, "Annual_Rai": 390.72}, "geometry": {"type": "Point", "coordinates": [71.44375, 31.51458333]}}, {"type": "Feature", "properties": {"No_": "764", "Latitude": 31.48964, "Longitude": 70.42472, "Annual_Rai": 382.45}, "geometry": {"type": "Point", "coordinates": [70.42472, 31.48964]}}, {"type": "Feature", "properties": {"No_": "765", "Latitude": 31.49791667, "Longitude": 71.22708333, "Annual_Rai": 371.65}, "geometry": {"type": "Point", "coordinates": [71.22708333, 31.49791667]}}, {"type": "Feature", "properties": {"No_": "766", "Latitude": 31.49791667, "Longitude": 73.99791667, "Annual_Rai": 654.8}, "geometry": {"type": "Point", "coordinates": [73.99791667, 31.49791667]}}, {"type": "Feature", "properties": {"No_": "767", "Latitude": 31.46458333, "Longitude": 71.27291667, "Annual_Rai": 377.52}, "geometry": {"type": "Point", "coordinates": [71.27291667, 31.46458333]}}, {"type": "Feature", "properties": {"No_": "768", "Latitude": 31.49791667, "Longitude": 71.23125, "Annual_Rai": 371.65}, "geometry": {"type": "Point", "coordinates": [71.23125, 31.49791667]}}, {"type": "Feature", "properties": {"No_": "769", "Latitude": 31.49375, "Longitude": 74.00208333, "Annual_Rai": 654.8}, "geometry": {"type": "Point", "coordinates": [74.00208333, 31.49375]}}, {"type": "Feature", "properties": {"No_": "770", "Latitude": 31.46458333, "Longitude": 71.28125, "Annual_Rai": 377.02}, "geometry": {"type": "Point", "coordinates": [71.28125, 31.46458333]}}, {"type": "Feature", "properties": {"No_": "771", "Latitude": 31.44280213, "Longitude": 74.13302755, "Annual_Rai": 716.85}, "geometry": {"type": "Point", "coordinates": [74.13302755, 31.44280213]}}, {"type": "Feature", "properties": {"No_": "772", "Latitude": 31.43958333, "Longitude": 73.26041667, "Annual_Rai": 532.68}, "geometry": {"type": "Point", "coordinates": [73.26041667, 31.43958333]}}, {"type": "Feature", "properties": {"No_": "773", "Latitude": 31.43958333, "Longitude": 73.26875, "Annual_Rai": 532.68}, "geometry": {"type": "Point", "coordinates": [73.26875, 31.43958333]}}, {"type": "Feature", "properties": {"No_": "774", "Latitude": 31.43541667, "Longitude": 71.95208333, "Annual_Rai": 346.57}, "geometry": {"type": "Point", "coordinates": [71.95208333, 31.43541667]}}, {"type": "Feature", "properties": {"No_": "775", "Latitude": 31.43125, "Longitude": 71.95625, "Annual_Rai": 326.99}, "geometry": {"type": "Point", "coordinates": [71.95625, 31.43125]}}, {"type": "Feature", "properties": {"No_": "776", "Latitude": 31.42708333, "Longitude": 74.12708333, "Annual_Rai": 686.09}, "geometry": {"type": "Point", "coordinates": [74.12708333, 31.42708333]}}, {"type": "Feature", "properties": {"No_": "777", "Latitude": 31.41939, "Longitude": 70.34233, "Annual_Rai": 369.3}, "geometry": {"type": "Point", "coordinates": [70.34233, 31.41939]}}, {"type": "Feature", "properties": {"No_": "778", "Latitude": 31.42291667, "Longitude": 74.13125, "Annual_Rai": 686.09}, "geometry": {"type": "Point", "coordinates": [74.13125, 31.42291667]}}, {"type": "Feature", "properties": {"No_": "779", "Latitude": 31.40208333, "Longitude": 74.38125, "Annual_Rai": 811.56}, "geometry": {"type": "Point", "coordinates": [74.38125, 31.40208333]}}, {"type": "Feature", "properties": {"No_": "780", "Latitude": 31.39791667, "Longitude": 74.38541667, "Annual_Rai": 811.56}, "geometry": {"type": "Point", "coordinates": [74.38541667, 31.39791667]}}, {"type": "Feature", "properties": {"No_": "781", "Latitude": 31.38, "Longitude": 74.05, "Annual_Rai": 595.27}, "geometry": {"type": "Point", "coordinates": [74.05, 31.38]}}, {"type": "Feature", "properties": {"No_": "782", "Latitude": 31.37447, "Longitude": 70.36857, "Annual_Rai": 378.9}, "geometry": {"type": "Point", "coordinates": [70.36857, 31.37447]}}, {"type": "Feature", "properties": {"No_": "783", "Latitude": 31.37708333, "Longitude": 72.10625, "Annual_Rai": 356.11}, "geometry": {"type": "Point", "coordinates": [72.10625, 31.37708333]}}, {"type": "Feature", "properties": {"No_": "784", "Latitude": 31.37708333, "Longitude": 72.11458333, "Annual_Rai": 356.11}, "geometry": {"type": "Point", "coordinates": [72.11458333, 31.37708333]}}, {"type": "Feature", "properties": {"No_": "785", "Latitude": 31.36458333, "Longitude": 73.34791667, "Annual_Rai": 532.61}, "geometry": {"type": "Point", "coordinates": [73.34791667, 31.36458333]}}, {"type": "Feature", "properties": {"No_": "786", "Latitude": 31.36041667, "Longitude": 73.35208333, "Annual_Rai": 532.56}, "geometry": {"type": "Point", "coordinates": [73.35208333, 31.36041667]}}, {"type": "Feature", "properties": {"No_": "787", "Latitude": 31.35208333, "Longitude": 73.65208333, "Annual_Rai": 569.59}, "geometry": {"type": "Point", "coordinates": [73.65208333, 31.35208333]}}, {"type": "Feature", "properties": {"No_": "788", "Latitude": 31.33268, "Longitude": 70.38091, "Annual_Rai": 388.03}, "geometry": {"type": "Point", "coordinates": [70.38091, 31.33268]}}, {"type": "Feature", "properties": {"No_": "789", "Latitude": 31.33541667, "Longitude": 71.29791667, "Annual_Rai": 375.01}, "geometry": {"type": "Point", "coordinates": [71.29791667, 31.33541667]}}, {"type": "Feature", "properties": {"No_": "790", "Latitude": 31.33125, "Longitude": 71.29375, "Annual_Rai": 375.01}, "geometry": {"type": "Point", "coordinates": [71.29375, 31.33125]}}, {"type": "Feature", "properties": {"No_": "791", "Latitude": 31.32708333, "Longitude": 71.78541667, "Annual_Rai": 336.78}, "geometry": {"type": "Point", "coordinates": [71.78541667, 31.32708333]}}, {"type": "Feature", "properties": {"No_": "792", "Latitude": 31.34791667, "Longitude": 73.65625, "Annual_Rai": 554.55}, "geometry": {"type": "Point", "coordinates": [73.65625, 31.34791667]}}, {"type": "Feature", "properties": {"No_": "793", "Latitude": 31.32291667, "Longitude": 70.72291667, "Annual_Rai": 369.9}, "geometry": {"type": "Point", "coordinates": [70.72291667, 31.32291667]}}, {"type": "Feature", "properties": {"No_": "794", "Latitude": 31.31875, "Longitude": 70.73125, "Annual_Rai": 369.9}, "geometry": {"type": "Point", "coordinates": [70.73125, 31.31875]}}, {"type": "Feature", "properties": {"No_": "795", "Latitude": 31.31875, "Longitude": 71.78541667, "Annual_Rai": 336.78}, "geometry": {"type": "Point", "coordinates": [71.78541667, 31.31875]}}, {"type": "Feature", "properties": {"No_": "796", "Latitude": 31.30208333, "Longitude": 71.40625, "Annual_Rai": 360.72}, "geometry": {"type": "Point", "coordinates": [71.40625, 31.30208333]}}, {"type": "Feature", "properties": {"No_": "797", "Latitude": 31.29791667, "Longitude": 73.60208333, "Annual_Rai": 539.87}, "geometry": {"type": "Point", "coordinates": [73.60208333, 31.29791667]}}, {"type": "Feature", "properties": {"No_": "798", "Latitude": 31.30208333, "Longitude": 73.59791667, "Annual_Rai": 539.87}, "geometry": {"type": "Point", "coordinates": [73.59791667, 31.30208333]}}, {"type": "Feature", "properties": {"No_": "799", "Latitude": 31.29791667, "Longitude": 71.40208333, "Annual_Rai": 360.72}, "geometry": {"type": "Point", "coordinates": [71.40208333, 31.29791667]}}, {"type": "Feature", "properties": {"No_": "800", "Latitude": 31.28958333, "Longitude": 70.76875, "Annual_Rai": 369.3}, "geometry": {"type": "Point", "coordinates": [70.76875, 31.28958333]}}, {"type": "Feature", "properties": {"No_": "801", "Latitude": 31.28958333, "Longitude": 70.77291667, "Annual_Rai": 369.3}, "geometry": {"type": "Point", "coordinates": [70.77291667, 31.28958333]}}, {"type": "Feature", "properties": {"No_": "802", "Latitude": 31.25362007, "Longitude": 73.91949451, "Annual_Rai": 599.78}, "geometry": {"type": "Point", "coordinates": [73.91949451, 31.25362007]}}, {"type": "Feature", "properties": {"No_": "803", "Latitude": 31.27708333, "Longitude": 73.19375, "Annual_Rai": 494.99}, "geometry": {"type": "Point", "coordinates": [73.19375, 31.27708333]}}, {"type": "Feature", "properties": {"No_": "804", "Latitude": 31.27708333, "Longitude": 73.19791667, "Annual_Rai": 494.99}, "geometry": {"type": "Point", "coordinates": [73.19791667, 31.27708333]}}, {"type": "Feature", "properties": {"No_": "805", "Latitude": 31.24375, "Longitude": 72.81458333, "Annual_Rai": 411.01}, "geometry": {"type": "Point", "coordinates": [72.81458333, 31.24375]}}, {"type": "Feature", "properties": {"No_": "806", "Latitude": 31.22651, "Longitude": 70.41629, "Annual_Rai": 385.51}, "geometry": {"type": "Point", "coordinates": [70.41629, 31.22651]}}, {"type": "Feature", "properties": {"No_": "807", "Latitude": 31.23958333, "Longitude": 72.82291667, "Annual_Rai": 411.01}, "geometry": {"type": "Point", "coordinates": [72.82291667, 31.23958333]}}, {"type": "Feature", "properties": {"No_": "808", "Latitude": 31.22708333, "Longitude": 73.58125, "Annual_Rai": 554.74}, "geometry": {"type": "Point", "coordinates": [73.58125, 31.22708333]}}, {"type": "Feature", "properties": {"No_": "809", "Latitude": 31.20625, "Longitude": 71.55625, "Annual_Rai": 382.32}, "geometry": {"type": "Point", "coordinates": [71.55625, 31.20625]}}, {"type": "Feature", "properties": {"No_": "810", "Latitude": 31.23958333, "Longitude": 73.04791667, "Annual_Rai": 499.05}, "geometry": {"type": "Point", "coordinates": [73.04791667, 31.23958333]}}, {"type": "Feature", "properties": {"No_": "811", "Latitude": 31.23541667, "Longitude": 73.75208333, "Annual_Rai": 574.8}, "geometry": {"type": "Point", "coordinates": [73.75208333, 31.23541667]}}, {"type": "Feature", "properties": {"No_": "812", "Latitude": 31.23125, "Longitude": 73.05208333, "Annual_Rai": 499.05}, "geometry": {"type": "Point", "coordinates": [73.05208333, 31.23125]}}, {"type": "Feature", "properties": {"No_": "813", "Latitude": 31.23125, "Longitude": 73.75625, "Annual_Rai": 574.82}, "geometry": {"type": "Point", "coordinates": [73.75625, 31.23125]}}, {"type": "Feature", "properties": {"No_": "814", "Latitude": 31.22708333, "Longitude": 73.58541667, "Annual_Rai": 554.74}, "geometry": {"type": "Point", "coordinates": [73.58541667, 31.22708333]}}, {"type": "Feature", "properties": {"No_": "815", "Latitude": 31.22291667, "Longitude": 72.22291667, "Annual_Rai": 375.11}, "geometry": {"type": "Point", "coordinates": [72.22291667, 31.22291667]}}, {"type": "Feature", "properties": {"No_": "816", "Latitude": 31.21875, "Longitude": 72.22291667, "Annual_Rai": 375.11}, "geometry": {"type": "Point", "coordinates": [72.22291667, 31.21875]}}, {"type": "Feature", "properties": {"No_": "817", "Latitude": 31.20625, "Longitude": 73.72708333, "Annual_Rai": 555.87}, "geometry": {"type": "Point", "coordinates": [73.72708333, 31.20625]}}, {"type": "Feature", "properties": {"No_": "818", "Latitude": 31.17832, "Longitude": 70.43606, "Annual_Rai": 377.68}, "geometry": {"type": "Point", "coordinates": [70.43606, 31.17832]}}, {"type": "Feature", "properties": {"No_": "819", "Latitude": 31.17862, "Longitude": 70.44838, "Annual_Rai": 377.68}, "geometry": {"type": "Point", "coordinates": [70.44838, 31.17862]}}, {"type": "Feature", "properties": {"No_": "820", "Latitude": 31.20208333, "Longitude": 71.56041667, "Annual_Rai": 382.32}, "geometry": {"type": "Point", "coordinates": [71.56041667, 31.20208333]}}, {"type": "Feature", "properties": {"No_": "821", "Latitude": 31.18125, "Longitude": 71.38958333, "Annual_Rai": 377.16}, "geometry": {"type": "Point", "coordinates": [71.38958333, 31.18125]}}, {"type": "Feature", "properties": {"No_": "822", "Latitude": 31.19791667, "Longitude": 73.72708333, "Annual_Rai": 555.87}, "geometry": {"type": "Point", "coordinates": [73.72708333, 31.19791667]}}, {"type": "Feature", "properties": {"No_": "823", "Latitude": 31.19375, "Longitude": 70.44375, "Annual_Rai": 377.68}, "geometry": {"type": "Point", "coordinates": [70.44375, 31.19375]}}, {"type": "Feature", "properties": {"No_": "824", "Latitude": 31.18541667, "Longitude": 70.44375, "Annual_Rai": 377.68}, "geometry": {"type": "Point", "coordinates": [70.44375, 31.18541667]}}, {"type": "Feature", "properties": {"No_": "825", "Latitude": 31.18541667, "Longitude": 71.38541667, "Annual_Rai": 377.16}, "geometry": {"type": "Point", "coordinates": [71.38541667, 31.18541667]}}, {"type": "Feature", "properties": {"No_": "826", "Latitude": 31.17708333, "Longitude": 71.54375, "Annual_Rai": 388.28}, "geometry": {"type": "Point", "coordinates": [71.54375, 31.17708333]}}, {"type": "Feature", "properties": {"No_": "827", "Latitude": 31.17291667, "Longitude": 71.54791667, "Annual_Rai": 388.28}, "geometry": {"type": "Point", "coordinates": [71.54791667, 31.17291667]}}, {"type": "Feature", "properties": {"No_": "828", "Latitude": 31.16875, "Longitude": 72.14375, "Annual_Rai": 364.19}, "geometry": {"type": "Point", "coordinates": [72.14375, 31.16875]}}, {"type": "Feature", "properties": {"No_": "829", "Latitude": 31.16875, "Longitude": 72.14791667, "Annual_Rai": 364.19}, "geometry": {"type": "Point", "coordinates": [72.14791667, 31.16875]}}, {"type": "Feature", "properties": {"No_": "830", "Latitude": 31.09504, "Longitude": 70.47899, "Annual_Rai": 389.48}, "geometry": {"type": "Point", "coordinates": [70.47899, 31.09504]}}, {"type": "Feature", "properties": {"No_": "831", "Latitude": 31.11875, "Longitude": 72.74791667, "Annual_Rai": 376.92}, "geometry": {"type": "Point", "coordinates": [72.74791667, 31.11875]}}, {"type": "Feature", "properties": {"No_": "832", "Latitude": 31.12291667, "Longitude": 73.51458333, "Annual_Rai": 532.19}, "geometry": {"type": "Point", "coordinates": [73.51458333, 31.12291667]}}, {"type": "Feature", "properties": {"No_": "833", "Latitude": 31.11875, "Longitude": 72.75208333, "Annual_Rai": 376.92}, "geometry": {"type": "Point", "coordinates": [72.75208333, 31.11875]}}, {"type": "Feature", "properties": {"No_": "834", "Latitude": 31.11875, "Longitude": 73.51875, "Annual_Rai": 532.19}, "geometry": {"type": "Point", "coordinates": [73.51875, 31.11875]}}, {"type": "Feature", "properties": {"No_": "835", "Latitude": 31.10208333, "Longitude": 73.41458333, "Annual_Rai": 538.77}, "geometry": {"type": "Point", "coordinates": [73.41458333, 31.10208333]}}, {"type": "Feature", "properties": {"No_": "836", "Latitude": 31.10208333, "Longitude": 73.41875, "Annual_Rai": 538.77}, "geometry": {"type": "Point", "coordinates": [73.41875, 31.10208333]}}, {"type": "Feature", "properties": {"No_": "837", "Latitude": 31.08958333, "Longitude": 71.33125, "Annual_Rai": 352.22}, "geometry": {"type": "Point", "coordinates": [71.33125, 31.08958333]}}, {"type": "Feature", "properties": {"No_": "838", "Latitude": 31.08125, "Longitude": 74.29375, "Annual_Rai": 508.54}, "geometry": {"type": "Point", "coordinates": [74.29375, 31.08125]}}, {"type": "Feature", "properties": {"No_": "839", "Latitude": 31.07291667, "Longitude": 74.26458333, "Annual_Rai": 504.97}, "geometry": {"type": "Point", "coordinates": [74.26458333, 31.07291667]}}, {"type": "Feature", "properties": {"No_": "840", "Latitude": 31.08958333, "Longitude": 71.33541667, "Annual_Rai": 352.22}, "geometry": {"type": "Point", "coordinates": [71.33541667, 31.08958333]}}, {"type": "Feature", "properties": {"No_": "841", "Latitude": 31.08958333, "Longitude": 74.29375, "Annual_Rai": 552.15}, "geometry": {"type": "Point", "coordinates": [74.29375, 31.08958333]}}, {"type": "Feature", "properties": {"No_": "842", "Latitude": 31.07708333, "Longitude": 74.26041667, "Annual_Rai": 504.97}, "geometry": {"type": "Point", "coordinates": [74.26041667, 31.07708333]}}, {"type": "Feature", "properties": {"No_": "843", "Latitude": 31.04375, "Longitude": 70.67708333, "Annual_Rai": 382.33}, "geometry": {"type": "Point", "coordinates": [70.67708333, 31.04375]}}, {"type": "Feature", "properties": {"No_": "844", "Latitude": 31.04375, "Longitude": 71.75625, "Annual_Rai": 370.67}, "geometry": {"type": "Point", "coordinates": [71.75625, 31.04375]}}, {"type": "Feature", "properties": {"No_": "845", "Latitude": 31.01875, "Longitude": 74.06458333, "Annual_Rai": 520.91}, "geometry": {"type": "Point", "coordinates": [74.06458333, 31.01875]}}, {"type": "Feature", "properties": {"No_": "846", "Latitude": 31.04791667, "Longitude": 70.67708333, "Annual_Rai": 382.33}, "geometry": {"type": "Point", "coordinates": [70.67708333, 31.04791667]}}, {"type": "Feature", "properties": {"No_": "847", "Latitude": 31.04375, "Longitude": 70.67291667, "Annual_Rai": 382.33}, "geometry": {"type": "Point", "coordinates": [70.67291667, 31.04375]}}, {"type": "Feature", "properties": {"No_": "848", "Latitude": 31.04375, "Longitude": 70.68125, "Annual_Rai": 382.33}, "geometry": {"type": "Point", "coordinates": [70.68125, 31.04375]}}, {"type": "Feature", "properties": {"No_": "849", "Latitude": 31.04375, "Longitude": 71.76041667, "Annual_Rai": 370.67}, "geometry": {"type": "Point", "coordinates": [71.76041667, 31.04375]}}, {"type": "Feature", "properties": {"No_": "850", "Latitude": 31.02291667, "Longitude": 74.06041667, "Annual_Rai": 520.91}, "geometry": {"type": "Point", "coordinates": [74.06041667, 31.02291667]}}, {"type": "Feature", "properties": {"No_": "851", "Latitude": 31.01041667, "Longitude": 71.36041667, "Annual_Rai": 350.06}, "geometry": {"type": "Point", "coordinates": [71.36041667, 31.01041667]}}, {"type": "Feature", "properties": {"No_": "852", "Latitude": 31.01041667, "Longitude": 71.36458333, "Annual_Rai": 350.06}, "geometry": {"type": "Point", "coordinates": [71.36458333, 31.01041667]}}, {"type": "Feature", "properties": {"No_": "853", "Latitude": 30.99791667, "Longitude": 73.33958333, "Annual_Rai": 452.61}, "geometry": {"type": "Point", "coordinates": [73.33958333, 30.99791667]}}, {"type": "Feature", "properties": {"No_": "854", "Latitude": 30.99375, "Longitude": 73.33541667, "Annual_Rai": 452.61}, "geometry": {"type": "Point", "coordinates": [73.33541667, 30.99375]}}, {"type": "Feature", "properties": {"No_": "855", "Latitude": 30.96875, "Longitude": 71.91458333, "Annual_Rai": 355.5}, "geometry": {"type": "Point", "coordinates": [71.91458333, 30.96875]}}, {"type": "Feature", "properties": {"No_": "856", "Latitude": 30.96458333, "Longitude": 71.72708333, "Annual_Rai": 368.98}, "geometry": {"type": "Point", "coordinates": [71.72708333, 30.96458333]}}, {"type": "Feature", "properties": {"No_": "857", "Latitude": 30.97708333, "Longitude": 73.59375, "Annual_Rai": 477.43}, "geometry": {"type": "Point", "coordinates": [73.59375, 30.97708333]}}, {"type": "Feature", "properties": {"No_": "858", "Latitude": 30.97291667, "Longitude": 71.91041667, "Annual_Rai": 355.56}, "geometry": {"type": "Point", "coordinates": [71.91041667, 30.97291667]}}, {"type": "Feature", "properties": {"No_": "859", "Latitude": 30.96875, "Longitude": 73.59791667, "Annual_Rai": 477.43}, "geometry": {"type": "Point", "coordinates": [73.59791667, 30.96875]}}, {"type": "Feature", "properties": {"No_": "860", "Latitude": 30.96041667, "Longitude": 71.72291667, "Annual_Rai": 368.98}, "geometry": {"type": "Point", "coordinates": [71.72291667, 30.96041667]}}, {"type": "Feature", "properties": {"No_": "861", "Latitude": 30.95625, "Longitude": 70.81041667, "Annual_Rai": 315.12}, "geometry": {"type": "Point", "coordinates": [70.81041667, 30.95625]}}, {"type": "Feature", "properties": {"No_": "862", "Latitude": 30.95625, "Longitude": 70.81458333, "Annual_Rai": 315.12}, "geometry": {"type": "Point", "coordinates": [70.81458333, 30.95625]}}, {"type": "Feature", "properties": {"No_": "863", "Latitude": 30.91849365, "Longitude": 74.36381428, "Annual_Rai": 482.01}, "geometry": {"type": "Point", "coordinates": [74.36381428, 30.91849365]}}, {"type": "Feature", "properties": {"No_": "864", "Latitude": 30.91458333, "Longitude": 71.05208333, "Annual_Rai": 306.52}, "geometry": {"type": "Point", "coordinates": [71.05208333, 30.91458333]}}, {"type": "Feature", "properties": {"No_": "865", "Latitude": 30.91458333, "Longitude": 73.92708333, "Annual_Rai": 489.19}, "geometry": {"type": "Point", "coordinates": [73.92708333, 30.91458333]}}, {"type": "Feature", "properties": {"No_": "866", "Latitude": 30.91041667, "Longitude": 73.47291667, "Annual_Rai": 444.24}, "geometry": {"type": "Point", "coordinates": [73.47291667, 30.91041667]}}, {"type": "Feature", "properties": {"No_": "867", "Latitude": 30.91875, "Longitude": 73.92708333, "Annual_Rai": 489.19}, "geometry": {"type": "Point", "coordinates": [73.92708333, 30.91875]}}, {"type": "Feature", "properties": {"No_": "868", "Latitude": 30.91458333, "Longitude": 71.04791667, "Annual_Rai": 306.52}, "geometry": {"type": "Point", "coordinates": [71.04791667, 30.91458333]}}, {"type": "Feature", "properties": {"No_": "869", "Latitude": 30.90625, "Longitude": 73.47291667, "Annual_Rai": 444.24}, "geometry": {"type": "Point", "coordinates": [73.47291667, 30.90625]}}, {"type": "Feature", "properties": {"No_": "870", "Latitude": 30.87291667, "Longitude": 70.86875, "Annual_Rai": 266.92}, "geometry": {"type": "Point", "coordinates": [70.86875, 30.87291667]}}, {"type": "Feature", "properties": {"No_": "871", "Latitude": 30.86875, "Longitude": 70.87291667, "Annual_Rai": 266.92}, "geometry": {"type": "Point", "coordinates": [70.87291667, 30.86875]}}, {"type": "Feature", "properties": {"No_": "872", "Latitude": 30.86875, "Longitude": 71.98125, "Annual_Rai": 320.44}, "geometry": {"type": "Point", "coordinates": [71.98125, 30.86875]}}, {"type": "Feature", "properties": {"No_": "873", "Latitude": 30.86041667, "Longitude": 73.90208333, "Annual_Rai": 474.49}, "geometry": {"type": "Point", "coordinates": [73.90208333, 30.86041667]}}, {"type": "Feature", "properties": {"No_": "874", "Latitude": 30.86041667, "Longitude": 73.91041667, "Annual_Rai": 474.49}, "geometry": {"type": "Point", "coordinates": [73.91041667, 30.86041667]}}, {"type": "Feature", "properties": {"No_": "875", "Latitude": 30.85625, "Longitude": 72.08541667, "Annual_Rai": 303.92}, "geometry": {"type": "Point", "coordinates": [72.08541667, 30.85625]}}, {"type": "Feature", "properties": {"No_": "876", "Latitude": 30.84791667, "Longitude": 72.23958333, "Annual_Rai": 301.48}, "geometry": {"type": "Point", "coordinates": [72.23958333, 30.84791667]}}, {"type": "Feature", "properties": {"No_": "877", "Latitude": 30.84375, "Longitude": 72.24791667, "Annual_Rai": 301.48}, "geometry": {"type": "Point", "coordinates": [72.24791667, 30.84375]}}, {"type": "Feature", "properties": {"No_": "878", "Latitude": 30.86458333, "Longitude": 71.98541667, "Annual_Rai": 320.44}, "geometry": {"type": "Point", "coordinates": [71.98541667, 30.86458333]}}, {"type": "Feature", "properties": {"No_": "879", "Latitude": 30.86458333, "Longitude": 74.32291667, "Annual_Rai": 444.97}, "geometry": {"type": "Point", "coordinates": [74.32291667, 30.86458333]}}, {"type": "Feature", "properties": {"No_": "880", "Latitude": 30.85208333, "Longitude": 72.08541667, "Annual_Rai": 303.92}, "geometry": {"type": "Point", "coordinates": [72.08541667, 30.85208333]}}, {"type": "Feature", "properties": {"No_": "881", "Latitude": 30.83958333, "Longitude": 70.71041667, "Annual_Rai": 344.74}, "geometry": {"type": "Point", "coordinates": [70.71041667, 30.83958333]}}, {"type": "Feature", "properties": {"No_": "882", "Latitude": 30.83541667, "Longitude": 70.70625, "Annual_Rai": 344.74}, "geometry": {"type": "Point", "coordinates": [70.70625, 30.83541667]}}, {"type": "Feature", "properties": {"No_": "883", "Latitude": 30.76530494, "Longitude": 74.25579714, "Annual_Rai": 387.8}, "geometry": {"type": "Point", "coordinates": [74.25579714, 30.76530494]}}, {"type": "Feature", "properties": {"No_": "884", "Latitude": 30.78541667, "Longitude": 73.80625, "Annual_Rai": 371.76}, "geometry": {"type": "Point", "coordinates": [73.80625, 30.78541667]}}, {"type": "Feature", "properties": {"No_": "885", "Latitude": 30.78125, "Longitude": 72.99375, "Annual_Rai": 390.39}, "geometry": {"type": "Point", "coordinates": [72.99375, 30.78125]}}, {"type": "Feature", "properties": {"No_": "886", "Latitude": 30.78125, "Longitude": 72.99791667, "Annual_Rai": 390.39}, "geometry": {"type": "Point", "coordinates": [72.99791667, 30.78125]}}, {"type": "Feature", "properties": {"No_": "887", "Latitude": 30.78125, "Longitude": 73.80625, "Annual_Rai": 371.76}, "geometry": {"type": "Point", "coordinates": [73.80625, 30.78125]}}, {"type": "Feature", "properties": {"No_": "888", "Latitude": 30.77708333, "Longitude": 73.66875, "Annual_Rai": 356.83}, "geometry": {"type": "Point", "coordinates": [73.66875, 30.77708333]}}, {"type": "Feature", "properties": {"No_": "889", "Latitude": 30.77291667, "Longitude": 73.63541667, "Annual_Rai": 367.86}, "geometry": {"type": "Point", "coordinates": [73.63541667, 30.77291667]}}, {"type": "Feature", "properties": {"No_": "890", "Latitude": 30.77291667, "Longitude": 73.64375, "Annual_Rai": 367.86}, "geometry": {"type": "Point", "coordinates": [73.64375, 30.77291667]}}, {"type": "Feature", "properties": {"No_": "891", "Latitude": 30.77291667, "Longitude": 73.66875, "Annual_Rai": 356.83}, "geometry": {"type": "Point", "coordinates": [73.66875, 30.77291667]}}, {"type": "Feature", "properties": {"No_": "892", "Latitude": 30.75499687, "Longitude": 72.97499687, "Annual_Rai": 430.83}, "geometry": {"type": "Point", "coordinates": [72.97499687, 30.75499687]}}, {"type": "Feature", "properties": {"No_": "893", "Latitude": 30.74375, "Longitude": 71.68958333, "Annual_Rai": 317.88}, "geometry": {"type": "Point", "coordinates": [71.68958333, 30.74375]}}, {"type": "Feature", "properties": {"No_": "894", "Latitude": 30.71875, "Longitude": 73.06458333, "Annual_Rai": 468.66}, "geometry": {"type": "Point", "coordinates": [73.06458333, 30.71875]}}, {"type": "Feature", "properties": {"No_": "895", "Latitude": 30.74791667, "Longitude": 70.72291667, "Annual_Rai": 356.69}, "geometry": {"type": "Point", "coordinates": [70.72291667, 30.74791667]}}, {"type": "Feature", "properties": {"No_": "896", "Latitude": 30.74375, "Longitude": 70.71875, "Annual_Rai": 356.69}, "geometry": {"type": "Point", "coordinates": [70.71875, 30.74375]}}, {"type": "Feature", "properties": {"No_": "897", "Latitude": 30.74375, "Longitude": 71.69791667, "Annual_Rai": 317.88}, "geometry": {"type": "Point", "coordinates": [71.69791667, 30.74375]}}, {"type": "Feature", "properties": {"No_": "898", "Latitude": 30.70625, "Longitude": 72.43125, "Annual_Rai": 263.71}, "geometry": {"type": "Point", "coordinates": [72.43125, 30.70625]}}, {"type": "Feature", "properties": {"No_": "899", "Latitude": 30.71041667, "Longitude": 73.06875, "Annual_Rai": 468.66}, "geometry": {"type": "Point", "coordinates": [73.06875, 30.71041667]}}, {"type": "Feature", "properties": {"No_": "900", "Latitude": 30.69791667, "Longitude": 70.76458333, "Annual_Rai": 308.5}, "geometry": {"type": "Point", "coordinates": [70.76458333, 30.69791667]}}, {"type": "Feature", "properties": {"No_": "901", "Latitude": 30.69791667, "Longitude": 70.77291667, "Annual_Rai": 308.5}, "geometry": {"type": "Point", "coordinates": [70.77291667, 30.69791667]}}, {"type": "Feature", "properties": {"No_": "902", "Latitude": 30.69791667, "Longitude": 72.43541667, "Annual_Rai": 263.71}, "geometry": {"type": "Point", "coordinates": [72.43541667, 30.69791667]}}, {"type": "Feature", "properties": {"No_": "903", "Latitude": 30.68958333, "Longitude": 72.20625, "Annual_Rai": 275.58}, "geometry": {"type": "Point", "coordinates": [72.20625, 30.68958333]}}, {"type": "Feature", "properties": {"No_": "904", "Latitude": 30.68541667, "Longitude": 70.76041667, "Annual_Rai": 308.5}, "geometry": {"type": "Point", "coordinates": [70.76041667, 30.68541667]}}, {"type": "Feature", "properties": {"No_": "905", "Latitude": 30.68541667, "Longitude": 70.76458333, "Annual_Rai": 308.5}, "geometry": {"type": "Point", "coordinates": [70.76458333, 30.68541667]}}, {"type": "Feature", "properties": {"No_": "906", "Latitude": 30.68541667, "Longitude": 71.31458333, "Annual_Rai": 306.9}, "geometry": {"type": "Point", "coordinates": [71.31458333, 30.68541667]}}, {"type": "Feature", "properties": {"No_": "907", "Latitude": 30.68541667, "Longitude": 71.48958333, "Annual_Rai": 282.18}, "geometry": {"type": "Point", "coordinates": [71.48958333, 30.68541667]}}, {"type": "Feature", "properties": {"No_": "908", "Latitude": 30.68541667, "Longitude": 71.49791667, "Annual_Rai": 282.18}, "geometry": {"type": "Point", "coordinates": [71.49791667, 30.68541667]}}, {"type": "Feature", "properties": {"No_": "909", "Latitude": 30.68541667, "Longitude": 72.21041667, "Annual_Rai": 275.58}, "geometry": {"type": "Point", "coordinates": [72.21041667, 30.68541667]}}, {"type": "Feature", "properties": {"No_": "910", "Latitude": 30.66875, "Longitude": 70.41458333, "Annual_Rai": 434.06}, "geometry": {"type": "Point", "coordinates": [70.41458333, 30.66875]}}, {"type": "Feature", "properties": {"No_": "911", "Latitude": 30.67708333, "Longitude": 71.31041667, "Annual_Rai": 306.9}, "geometry": {"type": "Point", "coordinates": [71.31041667, 30.67708333]}}, {"type": "Feature", "properties": {"No_": "912", "Latitude": 30.66041667, "Longitude": 70.42291667, "Annual_Rai": 434.06}, "geometry": {"type": "Point", "coordinates": [70.42291667, 30.66041667]}}, {"type": "Feature", "properties": {"No_": "913", "Latitude": 30.66041667, "Longitude": 73.83958333, "Annual_Rai": 330.97}, "geometry": {"type": "Point", "coordinates": [73.83958333, 30.66041667]}}, {"type": "Feature", "properties": {"No_": "914", "Latitude": 30.65625, "Longitude": 73.83541667, "Annual_Rai": 330.97}, "geometry": {"type": "Point", "coordinates": [73.83541667, 30.65625]}}, {"type": "Feature", "properties": {"No_": "915", "Latitude": 30.64791667, "Longitude": 72.75208333, "Annual_Rai": 334.2}, "geometry": {"type": "Point", "coordinates": [72.75208333, 30.64791667]}}, {"type": "Feature", "properties": {"No_": "916", "Latitude": 30.64375, "Longitude": 71.50208333, "Annual_Rai": 282.18}, "geometry": {"type": "Point", "coordinates": [71.50208333, 30.64375]}}, {"type": "Feature", "properties": {"No_": "917", "Latitude": 30.64375, "Longitude": 71.91875, "Annual_Rai": 283.66}, "geometry": {"type": "Point", "coordinates": [71.91875, 30.64375]}}, {"type": "Feature", "properties": {"No_": "918", "Latitude": 30.64375, "Longitude": 72.75625, "Annual_Rai": 334.2}, "geometry": {"type": "Point", "coordinates": [72.75625, 30.64375]}}, {"type": "Feature", "properties": {"No_": "919", "Latitude": 30.63308555, "Longitude": 74.10793428, "Annual_Rai": 371.05}, "geometry": {"type": "Point", "coordinates": [74.10793428, 30.63308555]}}, {"type": "Feature", "properties": {"No_": "920", "Latitude": 30.62708333, "Longitude": 70.38541667, "Annual_Rai": 412.41}, "geometry": {"type": "Point", "coordinates": [70.38541667, 30.62708333]}}, {"type": "Feature", "properties": {"No_": "921", "Latitude": 30.63958333, "Longitude": 71.51041667, "Annual_Rai": 290.51}, "geometry": {"type": "Point", "coordinates": [71.51041667, 30.63958333]}}, {"type": "Feature", "properties": {"No_": "922", "Latitude": 30.63958333, "Longitude": 71.92291667, "Annual_Rai": 283.66}, "geometry": {"type": "Point", "coordinates": [71.92291667, 30.63958333]}}, {"type": "Feature", "properties": {"No_": "923", "Latitude": 30.63125, "Longitude": 70.37708333, "Annual_Rai": 419.44}, "geometry": {"type": "Point", "coordinates": [70.37708333, 30.63125]}}, {"type": "Feature", "properties": {"No_": "924", "Latitude": 30.62708333, "Longitude": 71.82291667, "Annual_Rai": 263.33}, "geometry": {"type": "Point", "coordinates": [71.82291667, 30.62708333]}}, {"type": "Feature", "properties": {"No_": "925", "Latitude": 30.62291667, "Longitude": 71.82708333, "Annual_Rai": 263.33}, "geometry": {"type": "Point", "coordinates": [71.82708333, 30.62291667]}}, {"type": "Feature", "properties": {"No_": "926", "Latitude": 30.61458333, "Longitude": 70.36041667, "Annual_Rai": 419.44}, "geometry": {"type": "Point", "coordinates": [70.36041667, 30.61458333]}}, {"type": "Feature", "properties": {"No_": "927", "Latitude": 30.61041667, "Longitude": 70.36458333, "Annual_Rai": 419.44}, "geometry": {"type": "Point", "coordinates": [70.36458333, 30.61041667]}}, {"type": "Feature", "properties": {"No_": "928", "Latitude": 30.60625, "Longitude": 73.66875, "Annual_Rai": 284.52}, "geometry": {"type": "Point", "coordinates": [73.66875, 30.60625]}}, {"type": "Feature", "properties": {"No_": "929", "Latitude": 30.60625, "Longitude": 72.46458333, "Annual_Rai": 250.52}, "geometry": {"type": "Point", "coordinates": [72.46458333, 30.60625]}}, {"type": "Feature", "properties": {"No_": "930", "Latitude": 30.60625, "Longitude": 73.67291667, "Annual_Rai": 284.52}, "geometry": {"type": "Point", "coordinates": [73.67291667, 30.60625]}}, {"type": "Feature", "properties": {"No_": "931", "Latitude": 30.59791667, "Longitude": 72.07708333, "Annual_Rai": 272.48}, "geometry": {"type": "Point", "coordinates": [72.07708333, 30.59791667]}}, {"type": "Feature", "properties": {"No_": "932", "Latitude": 30.59791667, "Longitude": 72.55208333, "Annual_Rai": 271.69}, "geometry": {"type": "Point", "coordinates": [72.55208333, 30.59791667]}}, {"type": "Feature", "properties": {"No_": "933", "Latitude": 30.58541667, "Longitude": 72.37291667, "Annual_Rai": 276.95}, "geometry": {"type": "Point", "coordinates": [72.37291667, 30.58541667]}}, {"type": "Feature", "properties": {"No_": "934", "Latitude": 30.58541667, "Longitude": 72.66041667, "Annual_Rai": 281.28}, "geometry": {"type": "Point", "coordinates": [72.66041667, 30.58541667]}}, {"type": "Feature", "properties": {"No_": "935", "Latitude": 30.57708333, "Longitude": 71.66458333, "Annual_Rai": 263.07}, "geometry": {"type": "Point", "coordinates": [71.66458333, 30.57708333]}}, {"type": "Feature", "properties": {"No_": "936", "Latitude": 30.57708333, "Longitude": 71.66875, "Annual_Rai": 263.07}, "geometry": {"type": "Point", "coordinates": [71.66875, 30.57708333]}}, {"type": "Feature", "properties": {"No_": "937", "Latitude": 30.57708333, "Longitude": 72.18958333, "Annual_Rai": 254.53}, "geometry": {"type": "Point", "coordinates": [72.18958333, 30.57708333]}}, {"type": "Feature", "properties": {"No_": "938", "Latitude": 30.57708333, "Longitude": 72.28958333, "Annual_Rai": 257.44}, "geometry": {"type": "Point", "coordinates": [72.28958333, 30.57708333]}}, {"type": "Feature", "properties": {"No_": "939", "Latitude": 30.56041667, "Longitude": 73.66458333, "Annual_Rai": 256.76}, "geometry": {"type": "Point", "coordinates": [73.66458333, 30.56041667]}}, {"type": "Feature", "properties": {"No_": "940", "Latitude": 30.54791667, "Longitude": 73.25625, "Annual_Rai": 347.51}, "geometry": {"type": "Point", "coordinates": [73.25625, 30.54791667]}}, {"type": "Feature", "properties": {"No_": "941", "Latitude": 30.55625, "Longitude": 73.66458333, "Annual_Rai": 256.76}, "geometry": {"type": "Point", "coordinates": [73.66458333, 30.55625]}}, {"type": "Feature", "properties": {"No_": "942", "Latitude": 30.54791667, "Longitude": 73.26041667, "Annual_Rai": 330.88}, "geometry": {"type": "Point", "coordinates": [73.26041667, 30.54791667]}}, {"type": "Feature", "properties": {"No_": "943", "Latitude": 30.54375, "Longitude": 71.58958333, "Annual_Rai": 261.16}, "geometry": {"type": "Point", "coordinates": [71.58958333, 30.54375]}}, {"type": "Feature", "properties": {"No_": "944", "Latitude": 30.54375, "Longitude": 71.59375, "Annual_Rai": 261.16}, "geometry": {"type": "Point", "coordinates": [71.59375, 30.54375]}}, {"type": "Feature", "properties": {"No_": "945", "Latitude": 30.51701315, "Longitude": 73.99858485, "Annual_Rai": 305.7}, "geometry": {"type": "Point", "coordinates": [73.99858485, 30.51701315]}}, {"type": "Feature", "properties": {"No_": "946", "Latitude": 30.5219867, "Longitude": 70.9178739, "Annual_Rai": 301.72}, "geometry": {"type": "Point", "coordinates": [70.9178739, 30.5219867]}}, {"type": "Feature", "properties": {"No_": "947", "Latitude": 30.51041667, "Longitude": 70.84375, "Annual_Rai": 301.72}, "geometry": {"type": "Point", "coordinates": [70.84375, 30.51041667]}}, {"type": "Feature", "properties": {"No_": "948", "Latitude": 30.51041667, "Longitude": 70.85208333, "Annual_Rai": 301.72}, "geometry": {"type": "Point", "coordinates": [70.85208333, 30.51041667]}}, {"type": "Feature", "properties": {"No_": "949", "Latitude": 30.49791667, "Longitude": 72.09791667, "Annual_Rai": 248.66}, "geometry": {"type": "Point", "coordinates": [72.09791667, 30.49791667]}}, {"type": "Feature", "properties": {"No_": "950", "Latitude": 30.48958333, "Longitude": 72.09375, "Annual_Rai": 263.76}, "geometry": {"type": "Point", "coordinates": [72.09375, 30.48958333]}}, {"type": "Feature", "properties": {"No_": "951", "Latitude": 30.44375, "Longitude": 73.10625, "Annual_Rai": 309.21}, "geometry": {"type": "Point", "coordinates": [73.10625, 30.44375]}}, {"type": "Feature", "properties": {"No_": "952", "Latitude": 30.44791667, "Longitude": 73.10208333, "Annual_Rai": 309.21}, "geometry": {"type": "Point", "coordinates": [73.10208333, 30.44791667]}}, {"type": "Feature", "properties": {"No_": "953", "Latitude": 30.44375, "Longitude": 70.07708333, "Annual_Rai": 382.19}, "geometry": {"type": "Point", "coordinates": [70.07708333, 30.44375]}}, {"type": "Feature", "properties": {"No_": "954", "Latitude": 30.44375, "Longitude": 70.08541667, "Annual_Rai": 382.19}, "geometry": {"type": "Point", "coordinates": [70.08541667, 30.44375]}}, {"type": "Feature", "properties": {"No_": "955", "Latitude": 30.43958333, "Longitude": 73.06041667, "Annual_Rai": 339.18}, "geometry": {"type": "Point", "coordinates": [73.06041667, 30.43958333]}}, {"type": "Feature", "properties": {"No_": "956", "Latitude": 30.43541667, "Longitude": 73.06458333, "Annual_Rai": 339.18}, "geometry": {"type": "Point", "coordinates": [73.06458333, 30.43541667]}}, {"type": "Feature", "properties": {"No_": "957", "Latitude": 30.42291667, "Longitude": 70.74791667, "Annual_Rai": 286.57}, "geometry": {"type": "Point", "coordinates": [70.74791667, 30.42291667]}}, {"type": "Feature", "properties": {"No_": "958", "Latitude": 30.42291667, "Longitude": 70.75208333, "Annual_Rai": 286.57}, "geometry": {"type": "Point", "coordinates": [70.75208333, 30.42291667]}}, {"type": "Feature", "properties": {"No_": "959", "Latitude": 30.42291667, "Longitude": 73.91458333, "Annual_Rai": 310.28}, "geometry": {"type": "Point", "coordinates": [73.91458333, 30.42291667]}}, {"type": "Feature", "properties": {"No_": "960", "Latitude": 30.39526011, "Longitude": 73.86033638, "Annual_Rai": 291.24}, "geometry": {"type": "Point", "coordinates": [73.86033638, 30.39526011]}}, {"type": "Feature", "properties": {"No_": "961", "Latitude": 30.41875, "Longitude": 73.91875, "Annual_Rai": 310.28}, "geometry": {"type": "Point", "coordinates": [73.91875, 30.41875]}}, {"type": "Feature", "properties": {"No_": "962", "Latitude": 30.38541667, "Longitude": 70.40625, "Annual_Rai": 355.56}, "geometry": {"type": "Point", "coordinates": [70.40625, 30.38541667]}}, {"type": "Feature", "properties": {"No_": "963", "Latitude": 30.36733253, "Longitude": 66.97539524, "Annual_Rai": 365.47}, "geometry": {"type": "Point", "coordinates": [66.97539524, 30.36733253]}}, {"type": "Feature", "properties": {"No_": "964", "Latitude": 30.38125, "Longitude": 70.40625, "Annual_Rai": 355.56}, "geometry": {"type": "Point", "coordinates": [70.40625, 30.38125]}}, {"type": "Feature", "properties": {"No_": "965", "Latitude": 30.38125, "Longitude": 72.78541667, "Annual_Rai": 314.35}, "geometry": {"type": "Point", "coordinates": [72.78541667, 30.38125]}}, {"type": "Feature", "properties": {"No_": "966", "Latitude": 30.37708333, "Longitude": 72.78958333, "Annual_Rai": 314.35}, "geometry": {"type": "Point", "coordinates": [72.78958333, 30.37708333]}}, {"type": "Feature", "properties": {"No_": "967", "Latitude": 30.36458333, "Longitude": 72.69375, "Annual_Rai": 264.74}, "geometry": {"type": "Point", "coordinates": [72.69375, 30.36458333]}}, {"type": "Feature", "properties": {"No_": "968", "Latitude": 30.36458333, "Longitude": 72.69791667, "Annual_Rai": 264.74}, "geometry": {"type": "Point", "coordinates": [72.69791667, 30.36458333]}}, {"type": "Feature", "properties": {"No_": "969", "Latitude": 30.36458333, "Longitude": 73.81041667, "Annual_Rai": 263.35}, "geometry": {"type": "Point", "coordinates": [73.81041667, 30.36458333]}}, {"type": "Feature", "properties": {"No_": "970", "Latitude": 30.35625, "Longitude": 73.80625, "Annual_Rai": 274.59}, "geometry": {"type": "Point", "coordinates": [73.80625, 30.35625]}}, {"type": "Feature", "properties": {"No_": "971", "Latitude": 30.34147668, "Longitude": 67.00456057, "Annual_Rai": 370.8}, "geometry": {"type": "Point", "coordinates": [67.00456057, 30.34147668]}}, {"type": "Feature", "properties": {"No_": "972", "Latitude": 30.33125, "Longitude": 73.68125, "Annual_Rai": 262.15}, "geometry": {"type": "Point", "coordinates": [73.68125, 30.33125]}}, {"type": "Feature", "properties": {"No_": "973", "Latitude": 30.32708333, "Longitude": 73.68541667, "Annual_Rai": 262.15}, "geometry": {"type": "Point", "coordinates": [73.68541667, 30.32708333]}}, {"type": "Feature", "properties": {"No_": "974", "Latitude": 30.31875, "Longitude": 73.23541667, "Annual_Rai": 280.28}, "geometry": {"type": "Point", "coordinates": [73.23541667, 30.31875]}}, {"type": "Feature", "properties": {"No_": "975", "Latitude": 30.31458333, "Longitude": 73.23958333, "Annual_Rai": 310.21}, "geometry": {"type": "Point", "coordinates": [73.23958333, 30.31458333]}}, {"type": "Feature", "properties": {"No_": "976", "Latitude": 30.28278897, "Longitude": 73.60164935, "Annual_Rai": 274.28}, "geometry": {"type": "Point", "coordinates": [73.60164935, 30.28278897]}}, {"type": "Feature", "properties": {"No_": "977", "Latitude": 30.30208333, "Longitude": 70.79375, "Annual_Rai": 269.89}, "geometry": {"type": "Point", "coordinates": [70.79375, 30.30208333]}}, {"type": "Feature", "properties": {"No_": "978", "Latitude": 30.30208333, "Longitude": 70.79791667, "Annual_Rai": 269.89}, "geometry": {"type": "Point", "coordinates": [70.79791667, 30.30208333]}}, {"type": "Feature", "properties": {"No_": "979", "Latitude": 30.27291667, "Longitude": 72.17291667, "Annual_Rai": 299.82}, "geometry": {"type": "Point", "coordinates": [72.17291667, 30.27291667]}}, {"type": "Feature", "properties": {"No_": "980", "Latitude": 30.26016032, "Longitude": 73.40548095, "Annual_Rai": 303.61}, "geometry": {"type": "Point", "coordinates": [73.40548095, 30.26016032]}}, {"type": "Feature", "properties": {"No_": "981", "Latitude": 30.25625, "Longitude": 72.11041667, "Annual_Rai": 289.7}, "geometry": {"type": "Point", "coordinates": [72.11041667, 30.25625]}}, {"type": "Feature", "properties": {"No_": "982", "Latitude": 30.25208333, "Longitude": 71.01041667, "Annual_Rai": 283.3}, "geometry": {"type": "Point", "coordinates": [71.01041667, 30.25208333]}}, {"type": "Feature", "properties": {"No_": "983", "Latitude": 30.25208333, "Longitude": 71.83541667, "Annual_Rai": 281.36}, "geometry": {"type": "Point", "coordinates": [71.83541667, 30.25208333]}}, {"type": "Feature", "properties": {"No_": "984", "Latitude": 30.24375, "Longitude": 71.01041667, "Annual_Rai": 283.3}, "geometry": {"type": "Point", "coordinates": [71.01041667, 30.24375]}}, {"type": "Feature", "properties": {"No_": "985", "Latitude": 30.26875, "Longitude": 72.17708333, "Annual_Rai": 299.82}, "geometry": {"type": "Point", "coordinates": [72.17708333, 30.26875]}}, {"type": "Feature", "properties": {"No_": "986", "Latitude": 30.26458333, "Longitude": 71.38125, "Annual_Rai": 262.7}, "geometry": {"type": "Point", "coordinates": [71.38125, 30.26458333]}}, {"type": "Feature", "properties": {"No_": "987", "Latitude": 30.26041667, "Longitude": 71.38125, "Annual_Rai": 262.7}, "geometry": {"type": "Point", "coordinates": [71.38125, 30.26041667]}}, {"type": "Feature", "properties": {"No_": "988", "Latitude": 30.26041667, "Longitude": 72.10208333, "Annual_Rai": 289.7}, "geometry": {"type": "Point", "coordinates": [72.10208333, 30.26041667]}}, {"type": "Feature", "properties": {"No_": "989", "Latitude": 30.25625, "Longitude": 71.36875, "Annual_Rai": 262.87}, "geometry": {"type": "Point", "coordinates": [71.36875, 30.25625]}}, {"type": "Feature", "properties": {"No_": "990", "Latitude": 30.25625, "Longitude": 71.37291667, "Annual_Rai": 262.7}, "geometry": {"type": "Point", "coordinates": [71.37291667, 30.25625]}}, {"type": "Feature", "properties": {"No_": "991", "Latitude": 30.25625, "Longitude": 71.37708333, "Annual_Rai": 262.7}, "geometry": {"type": "Point", "coordinates": [71.37708333, 30.25625]}}, {"type": "Feature", "properties": {"No_": "992", "Latitude": 30.25208333, "Longitude": 71.84375, "Annual_Rai": 281.36}, "geometry": {"type": "Point", "coordinates": [71.84375, 30.25208333]}}, {"type": "Feature", "properties": {"No_": "993", "Latitude": 30.24791667, "Longitude": 73.41875, "Annual_Rai": 303.61}, "geometry": {"type": "Point", "coordinates": [73.41875, 30.24791667]}}, {"type": "Feature", "properties": {"No_": "994", "Latitude": 30.24375, "Longitude": 73.41458333, "Annual_Rai": 303.61}, "geometry": {"type": "Point", "coordinates": [73.41458333, 30.24375]}}, {"type": "Feature", "properties": {"No_": "995", "Latitude": 30.23125, "Longitude": 71.03541667, "Annual_Rai": 286.1}, "geometry": {"type": "Point", "coordinates": [71.03541667, 30.23125]}}, {"type": "Feature", "properties": {"No_": "996", "Latitude": 30.23125, "Longitude": 71.03125, "Annual_Rai": 286.1}, "geometry": {"type": "Point", "coordinates": [71.03125, 30.23125]}}, {"type": "Feature", "properties": {"No_": "997", "Latitude": 30.23125, "Longitude": 73.83125, "Annual_Rai": 287.17}, "geometry": {"type": "Point", "coordinates": [73.83125, 30.23125]}}, {"type": "Feature", "properties": {"No_": "998", "Latitude": 30.22708333, "Longitude": 73.82708333, "Annual_Rai": 314.94}, "geometry": {"type": "Point", "coordinates": [73.82708333, 30.22708333]}}, {"type": "Feature", "properties": {"No_": "999", "Latitude": 30.21041667, "Longitude": 70.78541667, "Annual_Rai": 257.83}, "geometry": {"type": "Point", "coordinates": [70.78541667, 30.21041667]}}, {"type": "Feature", "properties": {"No_": "1000", "Latitude": 30.21041667, "Longitude": 70.78958333, "Annual_Rai": 260.28}, "geometry": {"type": "Point", "coordinates": [70.78958333, 30.21041667]}}, {"type": "Feature", "properties": {"No_": "1001", "Latitude": 30.16007067, "Longitude": 66.73929131, "Annual_Rai": 353.2}, "geometry": {"type": "Point", "coordinates": [66.73929131, 30.16007067]}}, {"type": "Feature", "properties": {"No_": "1002", "Latitude": 30.16875, "Longitude": 70.31041667, "Annual_Rai": 317.55}, "geometry": {"type": "Point", "coordinates": [70.31041667, 30.16875]}}, {"type": "Feature", "properties": {"No_": "1003", "Latitude": 30.16875, "Longitude": 70.31458333, "Annual_Rai": 317.55}, "geometry": {"type": "Point", "coordinates": [70.31458333, 30.16875]}}, {"type": "Feature", "properties": {"No_": "1004", "Latitude": 30.19375, "Longitude": 72.26458333, "Annual_Rai": 286.79}, "geometry": {"type": "Point", "coordinates": [72.26458333, 30.19375]}}, {"type": "Feature", "properties": {"No_": "1005", "Latitude": 30.18541667, "Longitude": 72.26458333, "Annual_Rai": 286.79}, "geometry": {"type": "Point", "coordinates": [72.26458333, 30.18541667]}}, {"type": "Feature", "properties": {"No_": "1006", "Latitude": 30.14088964, "Longitude": 66.40521864, "Annual_Rai": 288.42}, "geometry": {"type": "Point", "coordinates": [66.40521864, 30.14088964]}}, {"type": "Feature", "properties": {"No_": "1007", "Latitude": 30.13905704, "Longitude": 66.52848979, "Annual_Rai": 301.34}, "geometry": {"type": "Point", "coordinates": [66.52848979, 30.13905704]}}, {"type": "Feature", "properties": {"No_": "1008", "Latitude": 30.15625, "Longitude": 72.41875, "Annual_Rai": 250.05}, "geometry": {"type": "Point", "coordinates": [72.41875, 30.15625]}}, {"type": "Feature", "properties": {"No_": "1009", "Latitude": 30.15625, "Longitude": 72.42291667, "Annual_Rai": 250.05}, "geometry": {"type": "Point", "coordinates": [72.42291667, 30.15625]}}, {"type": "Feature", "properties": {"No_": "1010", "Latitude": 30.15208333, "Longitude": 71.30208333, "Annual_Rai": 269.09}, "geometry": {"type": "Point", "coordinates": [71.30208333, 30.15208333]}}, {"type": "Feature", "properties": {"No_": "1011", "Latitude": 30.15208333, "Longitude": 71.30625, "Annual_Rai": 269.09}, "geometry": {"type": "Point", "coordinates": [71.30625, 30.15208333]}}, {"type": "Feature", "properties": {"No_": "1012", "Latitude": 30.15208333, "Longitude": 73.81875, "Annual_Rai": 328.76}, "geometry": {"type": "Point", "coordinates": [73.81875, 30.15208333]}}, {"type": "Feature", "properties": {"No_": "1013", "Latitude": 30.10053194, "Longitude": 73.19120209, "Annual_Rai": 309.87}, "geometry": {"type": "Point", "coordinates": [73.19120209, 30.10053194]}}, {"type": "Feature", "properties": {"No_": "1014", "Latitude": 30.11041667, "Longitude": 73.67708333, "Annual_Rai": 276.06}, "geometry": {"type": "Point", "coordinates": [73.67708333, 30.11041667]}}, {"type": "Feature", "properties": {"No_": "1015", "Latitude": 30.09791667, "Longitude": 72.04791667, "Annual_Rai": 261.96}, "geometry": {"type": "Point", "coordinates": [72.04791667, 30.09791667]}}, {"type": "Feature", "properties": {"No_": "1016", "Latitude": 30.09791667, "Longitude": 72.05625, "Annual_Rai": 261.96}, "geometry": {"type": "Point", "coordinates": [72.05625, 30.09791667]}}, {"type": "Feature", "properties": {"No_": "1017", "Latitude": 30.08061027, "Longitude": 66.47282838, "Annual_Rai": 291.28}, "geometry": {"type": "Point", "coordinates": [66.47282838, 30.08061027]}}, {"type": "Feature", "properties": {"No_": "1018", "Latitude": 30.06708983, "Longitude": 66.54784584, "Annual_Rai": 288.02}, "geometry": {"type": "Point", "coordinates": [66.54784584, 30.06708983]}}, {"type": "Feature", "properties": {"No_": "1019", "Latitude": 30.05513526, "Longitude": 66.57502785, "Annual_Rai": 304.51}, "geometry": {"type": "Point", "coordinates": [66.57502785, 30.05513526]}}, {"type": "Feature", "properties": {"No_": "1020", "Latitude": 30.06875, "Longitude": 71.96875, "Annual_Rai": 276.98}, "geometry": {"type": "Point", "coordinates": [71.96875, 30.06875]}}, {"type": "Feature", "properties": {"No_": "1021", "Latitude": 30.06041667, "Longitude": 73.44791667, "Annual_Rai": 301.55}, "geometry": {"type": "Point", "coordinates": [73.44791667, 30.06041667]}}, {"type": "Feature", "properties": {"No_": "1022", "Latitude": 30.06041667, "Longitude": 73.51458333, "Annual_Rai": 269.64}, "geometry": {"type": "Point", "coordinates": [73.51458333, 30.06041667]}}, {"type": "Feature", "properties": {"No_": "1023", "Latitude": 30.08125, "Longitude": 70.48958333, "Annual_Rai": 238.12}, "geometry": {"type": "Point", "coordinates": [70.48958333, 30.08125]}}, {"type": "Feature", "properties": {"No_": "1024", "Latitude": 30.08125, "Longitude": 73.16875, "Annual_Rai": 306.54}, "geometry": {"type": "Point", "coordinates": [73.16875, 30.08125]}}, {"type": "Feature", "properties": {"No_": "1025", "Latitude": 30.07708333, "Longitude": 73.17291667, "Annual_Rai": 306.54}, "geometry": {"type": "Point", "coordinates": [73.17291667, 30.07708333]}}, {"type": "Feature", "properties": {"No_": "1026", "Latitude": 30.07291667, "Longitude": 70.48958333, "Annual_Rai": 238.12}, "geometry": {"type": "Point", "coordinates": [70.48958333, 30.07291667]}}, {"type": "Feature", "properties": {"No_": "1027", "Latitude": 30.06875, "Longitude": 71.97708333, "Annual_Rai": 276.98}, "geometry": {"type": "Point", "coordinates": [71.97708333, 30.06875]}}, {"type": "Feature", "properties": {"No_": "1028", "Latitude": 30.04791667, "Longitude": 71.90625, "Annual_Rai": 246.04}, "geometry": {"type": "Point", "coordinates": [71.90625, 30.04791667]}}, {"type": "Feature", "properties": {"No_": "1029", "Latitude": 30.04198579, "Longitude": 66.51307788, "Annual_Rai": 282.98}, "geometry": {"type": "Point", "coordinates": [66.51307788, 30.04198579]}}, {"type": "Feature", "properties": {"No_": "1030", "Latitude": 30.01067136, "Longitude": 66.57727029, "Annual_Rai": 290.15}, "geometry": {"type": "Point", "coordinates": [66.57727029, 30.01067136]}}, {"type": "Feature", "properties": {"No_": "1031", "Latitude": 30.04375, "Longitude": 71.90625, "Annual_Rai": 246.04}, "geometry": {"type": "Point", "coordinates": [71.90625, 30.04375]}}, {"type": "Feature", "properties": {"No_": "1032", "Latitude": 30.04375, "Longitude": 72.57291667, "Annual_Rai": 290.46}, "geometry": {"type": "Point", "coordinates": [72.57291667, 30.04375]}}, {"type": "Feature", "properties": {"No_": "1033", "Latitude": 30.03958333, "Longitude": 72.57708333, "Annual_Rai": 290.46}, "geometry": {"type": "Point", "coordinates": [72.57708333, 30.03958333]}}, {"type": "Feature", "properties": {"No_": "1034", "Latitude": 30.03541667, "Longitude": 71.70625, "Annual_Rai": 238.8}, "geometry": {"type": "Point", "coordinates": [71.70625, 30.03541667]}}, {"type": "Feature", "properties": {"No_": "1035", "Latitude": 30.02708333, "Longitude": 73.24375, "Annual_Rai": 296.27}, "geometry": {"type": "Point", "coordinates": [73.24375, 30.02708333]}}, {"type": "Feature", "properties": {"No_": "1036", "Latitude": 30.03125, "Longitude": 71.20625, "Annual_Rai": 236.32}, "geometry": {"type": "Point", "coordinates": [71.20625, 30.03125]}}, {"type": "Feature", "properties": {"No_": "1037", "Latitude": 30.03125, "Longitude": 71.21041667, "Annual_Rai": 236.32}, "geometry": {"type": "Point", "coordinates": [71.21041667, 30.03125]}}, {"type": "Feature", "properties": {"No_": "1038", "Latitude": 30.03125, "Longitude": 71.70625, "Annual_Rai": 238.8}, "geometry": {"type": "Point", "coordinates": [71.70625, 30.03125]}}, {"type": "Feature", "properties": {"No_": "1039", "Latitude": 30.01041667, "Longitude": 72.90208333, "Annual_Rai": 314.35}, "geometry": {"type": "Point", "coordinates": [72.90208333, 30.01041667]}}, {"type": "Feature", "properties": {"No_": "1040", "Latitude": 29.98888066, "Longitude": 66.57793863, "Annual_Rai": 277.04}, "geometry": {"type": "Point", "coordinates": [66.57793863, 29.98888066]}}, {"type": "Feature", "properties": {"No_": "1041", "Latitude": 29.99040979, "Longitude": 66.46965503, "Annual_Rai": 261.62}, "geometry": {"type": "Point", "coordinates": [66.46965503, 29.99040979]}}, {"type": "Feature", "properties": {"No_": "1042", "Latitude": 29.99949534, "Longitude": 66.457163, "Annual_Rai": 261.62}, "geometry": {"type": "Point", "coordinates": [66.457163, 29.99949534]}}, {"type": "Feature", "properties": {"No_": "1043", "Latitude": 30.00208333, "Longitude": 73.36458333, "Annual_Rai": 308.7}, "geometry": {"type": "Point", "coordinates": [73.36458333, 30.00208333]}}, {"type": "Feature", "properties": {"No_": "1044", "Latitude": 30.00625, "Longitude": 72.90208333, "Annual_Rai": 314.35}, "geometry": {"type": "Point", "coordinates": [72.90208333, 30.00625]}}, {"type": "Feature", "properties": {"No_": "1045", "Latitude": 29.98125, "Longitude": 70.80625, "Annual_Rai": 227.28}, "geometry": {"type": "Point", "coordinates": [70.80625, 29.98125]}}, {"type": "Feature", "properties": {"No_": "1046", "Latitude": 29.98125, "Longitude": 70.81458333, "Annual_Rai": 227.28}, "geometry": {"type": "Point", "coordinates": [70.81458333, 29.98125]}}, {"type": "Feature", "properties": {"No_": "1047", "Latitude": 29.95806042, "Longitude": 66.5408116, "Annual_Rai": 257.29}, "geometry": {"type": "Point", "coordinates": [66.5408116, 29.95806042]}}, {"type": "Feature", "properties": {"No_": "1048", "Latitude": 29.95565842, "Longitude": 66.47772914, "Annual_Rai": 252.52}, "geometry": {"type": "Point", "coordinates": [66.47772914, 29.95565842]}}, {"type": "Feature", "properties": {"No_": "1049", "Latitude": 29.95978916, "Longitude": 72.79803679, "Annual_Rai": 328.3}, "geometry": {"type": "Point", "coordinates": [72.79803679, 29.95978916]}}, {"type": "Feature", "properties": {"No_": "1050", "Latitude": 29.96458333, "Longitude": 73.18958333, "Annual_Rai": 340.46}, "geometry": {"type": "Point", "coordinates": [73.18958333, 29.96458333]}}, {"type": "Feature", "properties": {"No_": "1051", "Latitude": 29.96041667, "Longitude": 71.59791667, "Annual_Rai": 223.38}, "geometry": {"type": "Point", "coordinates": [71.59791667, 29.96041667]}}, {"type": "Feature", "properties": {"No_": "1052", "Latitude": 29.96041667, "Longitude": 73.10625, "Annual_Rai": 357.43}, "geometry": {"type": "Point", "coordinates": [73.10625, 29.96041667]}}, {"type": "Feature", "properties": {"No_": "1053", "Latitude": 29.96041667, "Longitude": 73.19375, "Annual_Rai": 340.46}, "geometry": {"type": "Point", "coordinates": [73.19375, 29.96041667]}}, {"type": "Feature", "properties": {"No_": "1054", "Latitude": 29.96875, "Longitude": 71.59791667, "Annual_Rai": 223.38}, "geometry": {"type": "Point", "coordinates": [71.59791667, 29.96875]}}, {"type": "Feature", "properties": {"No_": "1055", "Latitude": 29.95625, "Longitude": 72.80208333, "Annual_Rai": 328.15}, "geometry": {"type": "Point", "coordinates": [72.80208333, 29.95625]}}, {"type": "Feature", "properties": {"No_": "1056", "Latitude": 29.95625, "Longitude": 73.10625, "Annual_Rai": 358.28}, "geometry": {"type": "Point", "coordinates": [73.10625, 29.95625]}}, {"type": "Feature", "properties": {"No_": "1057", "Latitude": 29.91607011, "Longitude": 72.793717, "Annual_Rai": 328.15}, "geometry": {"type": "Point", "coordinates": [72.793717, 29.91607011]}}, {"type": "Feature", "properties": {"No_": "1058", "Latitude": 29.91875, "Longitude": 70.24791667, "Annual_Rai": 325.4}, "geometry": {"type": "Point", "coordinates": [70.24791667, 29.91875]}}, {"type": "Feature", "properties": {"No_": "1059", "Latitude": 29.93541667, "Longitude": 70.52708333, "Annual_Rai": 224.21}, "geometry": {"type": "Point", "coordinates": [70.52708333, 29.93541667]}}, {"type": "Feature", "properties": {"No_": "1060", "Latitude": 29.93125, "Longitude": 70.52708333, "Annual_Rai": 224.21}, "geometry": {"type": "Point", "coordinates": [70.52708333, 29.93125]}}, {"type": "Feature", "properties": {"No_": "1061", "Latitude": 29.91458333, "Longitude": 70.24375, "Annual_Rai": 325.4}, "geometry": {"type": "Point", "coordinates": [70.24375, 29.91458333]}}, {"type": "Feature", "properties": {"No_": "1062", "Latitude": 29.91458333, "Longitude": 72.73541667, "Annual_Rai": 310.69}, "geometry": {"type": "Point", "coordinates": [72.73541667, 29.91458333]}}, {"type": "Feature", "properties": {"No_": "1063", "Latitude": 29.88554998, "Longitude": 72.6267156, "Annual_Rai": 281.8}, "geometry": {"type": "Point", "coordinates": [72.6267156, 29.88554998]}}, {"type": "Feature", "properties": {"No_": "1064", "Latitude": 29.88125, "Longitude": 72.63125, "Annual_Rai": 291.05}, "geometry": {"type": "Point", "coordinates": [72.63125, 29.88125]}}, {"type": "Feature", "properties": {"No_": "1065", "Latitude": 29.87291667, "Longitude": 70.81041667, "Annual_Rai": 228.77}, "geometry": {"type": "Point", "coordinates": [70.81041667, 29.87291667]}}, {"type": "Feature", "properties": {"No_": "1066", "Latitude": 29.86875, "Longitude": 70.81458333, "Annual_Rai": 211.94}, "geometry": {"type": "Point", "coordinates": [70.81458333, 29.86875]}}, {"type": "Feature", "properties": {"No_": "1067", "Latitude": 29.86458333, "Longitude": 70.67291667, "Annual_Rai": 215.92}, "geometry": {"type": "Point", "coordinates": [70.67291667, 29.86458333]}}, {"type": "Feature", "properties": {"No_": "1068", "Latitude": 29.83796076, "Longitude": 72.42826855, "Annual_Rai": 267.44}, "geometry": {"type": "Point", "coordinates": [72.42826855, 29.83796076]}}, {"type": "Feature", "properties": {"No_": "1069", "Latitude": 29.83125, "Longitude": 71.96875, "Annual_Rai": 262.41}, "geometry": {"type": "Point", "coordinates": [71.96875, 29.83125]}}, {"type": "Feature", "properties": {"No_": "1070", "Latitude": 29.86041667, "Longitude": 70.67291667, "Annual_Rai": 215.92}, "geometry": {"type": "Point", "coordinates": [70.67291667, 29.86041667]}}, {"type": "Feature", "properties": {"No_": "1071", "Latitude": 29.85208333, "Longitude": 72.42291667, "Annual_Rai": 267.44}, "geometry": {"type": "Point", "coordinates": [72.42291667, 29.85208333]}}, {"type": "Feature", "properties": {"No_": "1072", "Latitude": 29.84791667, "Longitude": 71.06875, "Annual_Rai": 214.76}, "geometry": {"type": "Point", "coordinates": [71.06875, 29.84791667]}}, {"type": "Feature", "properties": {"No_": "1073", "Latitude": 29.84375, "Longitude": 71.06458333, "Annual_Rai": 214.76}, "geometry": {"type": "Point", "coordinates": [71.06458333, 29.84375]}}, {"type": "Feature", "properties": {"No_": "1074", "Latitude": 29.84375, "Longitude": 72.42708333, "Annual_Rai": 267.44}, "geometry": {"type": "Point", "coordinates": [72.42708333, 29.84375]}}, {"type": "Feature", "properties": {"No_": "1075", "Latitude": 29.83541667, "Longitude": 72.58541667, "Annual_Rai": 285.61}, "geometry": {"type": "Point", "coordinates": [72.58541667, 29.83541667]}}, {"type": "Feature", "properties": {"No_": "1076", "Latitude": 29.82708333, "Longitude": 72.53125, "Annual_Rai": 265.47}, "geometry": {"type": "Point", "coordinates": [72.53125, 29.82708333]}}, {"type": "Feature", "properties": {"No_": "1077", "Latitude": 29.78751619, "Longitude": 72.32499994, "Annual_Rai": 258.26}, "geometry": {"type": "Point", "coordinates": [72.32499994, 29.78751619]}}, {"type": "Feature", "properties": {"No_": "1078", "Latitude": 29.81041667, "Longitude": 71.44791667, "Annual_Rai": 205.74}, "geometry": {"type": "Point", "coordinates": [71.44791667, 29.81041667]}}, {"type": "Feature", "properties": {"No_": "1079", "Latitude": 29.80625, "Longitude": 70.56041667, "Annual_Rai": 237.87}, "geometry": {"type": "Point", "coordinates": [70.56041667, 29.80625]}}, {"type": "Feature", "properties": {"No_": "1080", "Latitude": 29.82291667, "Longitude": 71.96458333, "Annual_Rai": 262.41}, "geometry": {"type": "Point", "coordinates": [71.96458333, 29.82291667]}}, {"type": "Feature", "properties": {"No_": "1081", "Latitude": 29.82291667, "Longitude": 72.82708333, "Annual_Rai": 326.88}, "geometry": {"type": "Point", "coordinates": [72.82708333, 29.82291667]}}, {"type": "Feature", "properties": {"No_": "1082", "Latitude": 29.81875, "Longitude": 72.83125, "Annual_Rai": 326.88}, "geometry": {"type": "Point", "coordinates": [72.83125, 29.81875]}}, {"type": "Feature", "properties": {"No_": "1083", "Latitude": 29.80625, "Longitude": 70.55625, "Annual_Rai": 237.87}, "geometry": {"type": "Point", "coordinates": [70.55625, 29.80625]}}, {"type": "Feature", "properties": {"No_": "1084", "Latitude": 29.80208333, "Longitude": 71.45208333, "Annual_Rai": 205.74}, "geometry": {"type": "Point", "coordinates": [71.45208333, 29.80208333]}}, {"type": "Feature", "properties": {"No_": "1085", "Latitude": 29.79791667, "Longitude": 72.31041667, "Annual_Rai": 252.64}, "geometry": {"type": "Point", "coordinates": [72.31041667, 29.79791667]}}, {"type": "Feature", "properties": {"No_": "1086", "Latitude": 29.79375, "Longitude": 72.31875, "Annual_Rai": 258.26}, "geometry": {"type": "Point", "coordinates": [72.31875, 29.79375]}}, {"type": "Feature", "properties": {"No_": "1087", "Latitude": 29.77291667, "Longitude": 71.51875, "Annual_Rai": 203.42}, "geometry": {"type": "Point", "coordinates": [71.51875, 29.77291667]}}, {"type": "Feature", "properties": {"No_": "1088", "Latitude": 29.76875, "Longitude": 71.52291667, "Annual_Rai": 203.42}, "geometry": {"type": "Point", "coordinates": [71.52291667, 29.76875]}}, {"type": "Feature", "properties": {"No_": "1089", "Latitude": 29.71818464, "Longitude": 71.1731921, "Annual_Rai": 206.45}, "geometry": {"type": "Point", "coordinates": [71.1731921, 29.71818464]}}, {"type": "Feature", "properties": {"No_": "1090", "Latitude": 29.74375, "Longitude": 71.35208333, "Annual_Rai": 206.38}, "geometry": {"type": "Point", "coordinates": [71.35208333, 29.74375]}}, {"type": "Feature", "properties": {"No_": "1091", "Latitude": 29.74791667, "Longitude": 71.35625, "Annual_Rai": 206.38}, "geometry": {"type": "Point", "coordinates": [71.35625, 29.74791667]}}, {"type": "Feature", "properties": {"No_": "1092", "Latitude": 29.72291667, "Longitude": 71.15625, "Annual_Rai": 206.45}, "geometry": {"type": "Point", "coordinates": [71.15625, 29.72291667]}}, {"type": "Feature", "properties": {"No_": "1093", "Latitude": 29.71875, "Longitude": 71.16458333, "Annual_Rai": 206.45}, "geometry": {"type": "Point", "coordinates": [71.16458333, 29.71875]}}, {"type": "Feature", "properties": {"No_": "1094", "Latitude": 29.68541667, "Longitude": 71.12291667, "Annual_Rai": 190.28}, "geometry": {"type": "Point", "coordinates": [71.12291667, 29.68541667]}}, {"type": "Feature", "properties": {"No_": "1095", "Latitude": 29.68125, "Longitude": 70.73125, "Annual_Rai": 232.44}, "geometry": {"type": "Point", "coordinates": [70.73125, 29.68125]}}, {"type": "Feature", "properties": {"No_": "1096", "Latitude": 29.68125, "Longitude": 70.73541667, "Annual_Rai": 232.44}, "geometry": {"type": "Point", "coordinates": [70.73541667, 29.68125]}}, {"type": "Feature", "properties": {"No_": "1097", "Latitude": 29.68125, "Longitude": 71.13125, "Annual_Rai": 190.28}, "geometry": {"type": "Point", "coordinates": [71.13125, 29.68125]}}, {"type": "Feature", "properties": {"No_": "1098", "Latitude": 29.66041667, "Longitude": 70.44375, "Annual_Rai": 273.46}, "geometry": {"type": "Point", "coordinates": [70.44375, 29.66041667]}}, {"type": "Feature", "properties": {"No_": "1099", "Latitude": 29.66041667, "Longitude": 70.44791667, "Annual_Rai": 273.46}, "geometry": {"type": "Point", "coordinates": [70.44791667, 29.66041667]}}, {"type": "Feature", "properties": {"No_": "1100", "Latitude": 29.65208333, "Longitude": 72.80208333, "Annual_Rai": 275.65}, "geometry": {"type": "Point", "coordinates": [72.80208333, 29.65208333]}}, {"type": "Feature", "properties": {"No_": "1101", "Latitude": 29.64375, "Longitude": 72.80208333, "Annual_Rai": 259.6}, "geometry": {"type": "Point", "coordinates": [72.80208333, 29.64375]}}, {"type": "Feature", "properties": {"No_": "1102", "Latitude": 29.63958333, "Longitude": 70.38958333, "Annual_Rai": 295.43}, "geometry": {"type": "Point", "coordinates": [70.38958333, 29.63958333]}}, {"type": "Feature", "properties": {"No_": "1103", "Latitude": 29.60208333, "Longitude": 71.05625, "Annual_Rai": 186.43}, "geometry": {"type": "Point", "coordinates": [71.05625, 29.60208333]}}, {"type": "Feature", "properties": {"No_": "1104", "Latitude": 29.63125, "Longitude": 70.36875, "Annual_Rai": 293.5}, "geometry": {"type": "Point", "coordinates": [70.36875, 29.63125]}}, {"type": "Feature", "properties": {"No_": "1105", "Latitude": 29.63125, "Longitude": 70.38541667, "Annual_Rai": 295.43}, "geometry": {"type": "Point", "coordinates": [70.38541667, 29.63125]}}, {"type": "Feature", "properties": {"No_": "1106", "Latitude": 29.62708333, "Longitude": 72.36875, "Annual_Rai": 302.98}, "geometry": {"type": "Point", "coordinates": [72.36875, 29.62708333]}}, {"type": "Feature", "properties": {"No_": "1107", "Latitude": 29.62291667, "Longitude": 70.35625, "Annual_Rai": 293.5}, "geometry": {"type": "Point", "coordinates": [70.35625, 29.62291667]}}, {"type": "Feature", "properties": {"No_": "1108", "Latitude": 29.60208333, "Longitude": 71.60208333, "Annual_Rai": 234.08}, "geometry": {"type": "Point", "coordinates": [71.60208333, 29.60208333]}}, {"type": "Feature", "properties": {"No_": "1109", "Latitude": 29.63125, "Longitude": 70.35625, "Annual_Rai": 293.5}, "geometry": {"type": "Point", "coordinates": [70.35625, 29.63125]}}, {"type": "Feature", "properties": {"No_": "1110", "Latitude": 29.63125, "Longitude": 72.37291667, "Annual_Rai": 302.98}, "geometry": {"type": "Point", "coordinates": [72.37291667, 29.63125]}}, {"type": "Feature", "properties": {"No_": "1111", "Latitude": 29.62291667, "Longitude": 70.37291667, "Annual_Rai": 293.5}, "geometry": {"type": "Point", "coordinates": [70.37291667, 29.62291667]}}, {"type": "Feature", "properties": {"No_": "1112", "Latitude": 29.61458333, "Longitude": 70.51875, "Annual_Rai": 272.81}, "geometry": {"type": "Point", "coordinates": [70.51875, 29.61458333]}}, {"type": "Feature", "properties": {"No_": "1113", "Latitude": 29.61458333, "Longitude": 70.52708333, "Annual_Rai": 272.81}, "geometry": {"type": "Point", "coordinates": [70.52708333, 29.61458333]}}, {"type": "Feature", "properties": {"No_": "1114", "Latitude": 29.60625, "Longitude": 69.84375, "Annual_Rai": 402.97}, "geometry": {"type": "Point", "coordinates": [69.84375, 29.60625]}}, {"type": "Feature", "properties": {"No_": "1115", "Latitude": 29.60208333, "Longitude": 69.83958333, "Annual_Rai": 402.34}, "geometry": {"type": "Point", "coordinates": [69.83958333, 29.60208333]}}, {"type": "Feature", "properties": {"No_": "1116", "Latitude": 29.60208333, "Longitude": 71.05208333, "Annual_Rai": 186.43}, "geometry": {"type": "Point", "coordinates": [71.05208333, 29.60208333]}}, {"type": "Feature", "properties": {"No_": "1117", "Latitude": 29.6, "Longitude": 71.1, "Annual_Rai": 185.55}, "geometry": {"type": "Point", "coordinates": [71.1, 29.6]}}, {"type": "Feature", "properties": {"No_": "1118", "Latitude": 29.57708333, "Longitude": 72.15625, "Annual_Rai": 263.27}, "geometry": {"type": "Point", "coordinates": [72.15625, 29.57708333]}}, {"type": "Feature", "properties": {"No_": "1119", "Latitude": 29.58958333, "Longitude": 71.49375, "Annual_Rai": 224.62}, "geometry": {"type": "Point", "coordinates": [71.49375, 29.58958333]}}, {"type": "Feature", "properties": {"No_": "1120", "Latitude": 29.58541667, "Longitude": 71.48541667, "Annual_Rai": 224.62}, "geometry": {"type": "Point", "coordinates": [71.48541667, 29.58541667]}}, {"type": "Feature", "properties": {"No_": "1121", "Latitude": 29.59791667, "Longitude": 71.60625, "Annual_Rai": 223.59}, "geometry": {"type": "Point", "coordinates": [71.60625, 29.59791667]}}, {"type": "Feature", "properties": {"No_": "1122", "Latitude": 29.57291667, "Longitude": 72.15625, "Annual_Rai": 263.27}, "geometry": {"type": "Point", "coordinates": [72.15625, 29.57291667]}}, {"type": "Feature", "properties": {"No_": "1123", "Latitude": 29.54791667, "Longitude": 72.97708333, "Annual_Rai": 283.53}, "geometry": {"type": "Point", "coordinates": [72.97708333, 29.54791667]}}, {"type": "Feature", "properties": {"No_": "1124", "Latitude": 29.53125, "Longitude": 70.20625, "Annual_Rai": 327.33}, "geometry": {"type": "Point", "coordinates": [70.20625, 29.53125]}}, {"type": "Feature", "properties": {"No_": "1125", "Latitude": 29.54375, "Longitude": 72.98125, "Annual_Rai": 283.53}, "geometry": {"type": "Point", "coordinates": [72.98125, 29.54375]}}, {"type": "Feature", "properties": {"No_": "1126", "Latitude": 29.53125, "Longitude": 70.10625, "Annual_Rai": 376.37}, "geometry": {"type": "Point", "coordinates": [70.10625, 29.53125]}}, {"type": "Feature", "properties": {"No_": "1127", "Latitude": 29.52708333, "Longitude": 70.20625, "Annual_Rai": 327.33}, "geometry": {"type": "Point", "coordinates": [70.20625, 29.52708333]}}, {"type": "Feature", "properties": {"No_": "1128", "Latitude": 29.5, "Longitude": 71.95, "Annual_Rai": 359.1}, "geometry": {"type": "Point", "coordinates": [71.95, 29.5]}}, {"type": "Feature", "properties": {"No_": "1129", "Latitude": 29.52291667, "Longitude": 70.11041667, "Annual_Rai": 376.37}, "geometry": {"type": "Point", "coordinates": [70.11041667, 29.52291667]}}, {"type": "Feature", "properties": {"No_": "1130", "Latitude": 29.51875, "Longitude": 73.06875, "Annual_Rai": 277.59}, "geometry": {"type": "Point", "coordinates": [73.06875, 29.51875]}}, {"type": "Feature", "properties": {"No_": "1131", "Latitude": 29.51458333, "Longitude": 70.68958333, "Annual_Rai": 257.74}, "geometry": {"type": "Point", "coordinates": [70.68958333, 29.51458333]}}, {"type": "Feature", "properties": {"No_": "1132", "Latitude": 29.51458333, "Longitude": 71.33958333, "Annual_Rai": 211.34}, "geometry": {"type": "Point", "coordinates": [71.33958333, 29.51458333]}}, {"type": "Feature", "properties": {"No_": "1133", "Latitude": 29.51041667, "Longitude": 70.68541667, "Annual_Rai": 257.74}, "geometry": {"type": "Point", "coordinates": [70.68541667, 29.51041667]}}, {"type": "Feature", "properties": {"No_": "1134", "Latitude": 29.51041667, "Longitude": 73.06458333, "Annual_Rai": 277.59}, "geometry": {"type": "Point", "coordinates": [73.06458333, 29.51041667]}}, {"type": "Feature", "properties": {"No_": "1135", "Latitude": 29.50625, "Longitude": 69.73958333, "Annual_Rai": 373.1}, "geometry": {"type": "Point", "coordinates": [69.73958333, 29.50625]}}, {"type": "Feature", "properties": {"No_": "1136", "Latitude": 29.50625, "Longitude": 71.33958333, "Annual_Rai": 234.19}, "geometry": {"type": "Point", "coordinates": [71.33958333, 29.50625]}}, {"type": "Feature", "properties": {"No_": "1137", "Latitude": 29.50625, "Longitude": 72.88125, "Annual_Rai": 273.62}, "geometry": {"type": "Point", "coordinates": [72.88125, 29.50625]}}, {"type": "Feature", "properties": {"No_": "1138", "Latitude": 29.49791667, "Longitude": 69.73958333, "Annual_Rai": 373.1}, "geometry": {"type": "Point", "coordinates": [69.73958333, 29.49791667]}}, {"type": "Feature", "properties": {"No_": "1139", "Latitude": 29.47818625, "Longitude": 72.00948341, "Annual_Rai": 373.36}, "geometry": {"type": "Point", "coordinates": [72.00948341, 29.47818625]}}, {"type": "Feature", "properties": {"No_": "1140", "Latitude": 29.48125, "Longitude": 72.34791667, "Annual_Rai": 283.18}, "geometry": {"type": "Point", "coordinates": [72.34791667, 29.48125]}}, {"type": "Feature", "properties": {"No_": "1141", "Latitude": 29.47708333, "Longitude": 72.76041667, "Annual_Rai": 261.29}, "geometry": {"type": "Point", "coordinates": [72.76041667, 29.47708333]}}, {"type": "Feature", "properties": {"No_": "1142", "Latitude": 29.46875, "Longitude": 72.40625, "Annual_Rai": 281.37}, "geometry": {"type": "Point", "coordinates": [72.40625, 29.46875]}}, {"type": "Feature", "properties": {"No_": "1143", "Latitude": 29.46458333, "Longitude": 71.75208333, "Annual_Rai": 292.01}, "geometry": {"type": "Point", "coordinates": [71.75208333, 29.46458333]}}, {"type": "Feature", "properties": {"No_": "1144", "Latitude": 29.45625, "Longitude": 71.75208333, "Annual_Rai": 292.01}, "geometry": {"type": "Point", "coordinates": [71.75208333, 29.45625]}}, {"type": "Feature", "properties": {"No_": "1145", "Latitude": 29.45208333, "Longitude": 72.63958333, "Annual_Rai": 272.73}, "geometry": {"type": "Point", "coordinates": [72.63958333, 29.45208333]}}, {"type": "Feature", "properties": {"No_": "1146", "Latitude": 29.43541667, "Longitude": 72.49791667, "Annual_Rai": 259.08}, "geometry": {"type": "Point", "coordinates": [72.49791667, 29.43541667]}}, {"type": "Feature", "properties": {"No_": "1147", "Latitude": 29.43125, "Longitude": 71.25625, "Annual_Rai": 226.45}, "geometry": {"type": "Point", "coordinates": [71.25625, 29.43125]}}, {"type": "Feature", "properties": {"No_": "1148", "Latitude": 29.42291667, "Longitude": 71.19375, "Annual_Rai": 203.38}, "geometry": {"type": "Point", "coordinates": [71.19375, 29.42291667]}}, {"type": "Feature", "properties": {"No_": "1149", "Latitude": 29.42291667, "Longitude": 71.26041667, "Annual_Rai": 226.45}, "geometry": {"type": "Point", "coordinates": [71.26041667, 29.42291667]}}, {"type": "Feature", "properties": {"No_": "1150", "Latitude": 29.41458333, "Longitude": 70.52708333, "Annual_Rai": 400.89}, "geometry": {"type": "Point", "coordinates": [70.52708333, 29.41458333]}}, {"type": "Feature", "properties": {"No_": "1151", "Latitude": 29.41458333, "Longitude": 70.53541667, "Annual_Rai": 400.89}, "geometry": {"type": "Point", "coordinates": [70.53541667, 29.41458333]}}, {"type": "Feature", "properties": {"No_": "1152", "Latitude": 29.41458333, "Longitude": 71.19375, "Annual_Rai": 218.07}, "geometry": {"type": "Point", "coordinates": [71.19375, 29.41458333]}}, {"type": "Feature", "properties": {"No_": "1153", "Latitude": 29.40625, "Longitude": 72.27291667, "Annual_Rai": 308.67}, "geometry": {"type": "Point", "coordinates": [72.27291667, 29.40625]}}, {"type": "Feature", "properties": {"No_": "1154", "Latitude": 29.40208333, "Longitude": 72.27291667, "Annual_Rai": 308.67}, "geometry": {"type": "Point", "coordinates": [72.27291667, 29.40208333]}}, {"type": "Feature", "properties": {"No_": "1155", "Latitude": 29.34791667, "Longitude": 69.70625, "Annual_Rai": 379.87}, "geometry": {"type": "Point", "coordinates": [69.70625, 29.34791667]}}, {"type": "Feature", "properties": {"No_": "1156", "Latitude": 29.34791667, "Longitude": 71.02291667, "Annual_Rai": 230.68}, "geometry": {"type": "Point", "coordinates": [71.02291667, 29.34791667]}}, {"type": "Feature", "properties": {"No_": "1157", "Latitude": 29.34791667, "Longitude": 71.02708333, "Annual_Rai": 230.68}, "geometry": {"type": "Point", "coordinates": [71.02708333, 29.34791667]}}, {"type": "Feature", "properties": {"No_": "1158", "Latitude": 29.33958333, "Longitude": 69.70625, "Annual_Rai": 379.87}, "geometry": {"type": "Point", "coordinates": [69.70625, 29.33958333]}}, {"type": "Feature", "properties": {"No_": "1159", "Latitude": 29.33125, "Longitude": 72.78125, "Annual_Rai": 285.51}, "geometry": {"type": "Point", "coordinates": [72.78125, 29.33125]}}, {"type": "Feature", "properties": {"No_": "1160", "Latitude": 29.32708333, "Longitude": 70.49375, "Annual_Rai": 456.63}, "geometry": {"type": "Point", "coordinates": [70.49375, 29.32708333]}}, {"type": "Feature", "properties": {"No_": "1161", "Latitude": 29.32708333, "Longitude": 72.78541667, "Annual_Rai": 299.12}, "geometry": {"type": "Point", "coordinates": [72.78541667, 29.32708333]}}, {"type": "Feature", "properties": {"No_": "1162", "Latitude": 29.32291667, "Longitude": 70.49375, "Annual_Rai": 456.63}, "geometry": {"type": "Point", "coordinates": [70.49375, 29.32291667]}}, {"type": "Feature", "properties": {"No_": "1163", "Latitude": 29.28125, "Longitude": 72.63958333, "Annual_Rai": 295.73}, "geometry": {"type": "Point", "coordinates": [72.63958333, 29.28125]}}, {"type": "Feature", "properties": {"No_": "1164", "Latitude": 29.27708333, "Longitude": 72.64791667, "Annual_Rai": 295.73}, "geometry": {"type": "Point", "coordinates": [72.64791667, 29.27708333]}}, {"type": "Feature", "properties": {"No_": "1165", "Latitude": 29.26875, "Longitude": 72.43125, "Annual_Rai": 297.33}, "geometry": {"type": "Point", "coordinates": [72.43125, 29.26875]}}, {"type": "Feature", "properties": {"No_": "1166", "Latitude": 29.26041667, "Longitude": 72.03125, "Annual_Rai": 424.21}, "geometry": {"type": "Point", "coordinates": [72.03125, 29.26041667]}}, {"type": "Feature", "properties": {"No_": "1167", "Latitude": 29.26041667, "Longitude": 72.43541667, "Annual_Rai": 297.33}, "geometry": {"type": "Point", "coordinates": [72.43541667, 29.26041667]}}, {"type": "Feature", "properties": {"No_": "1168", "Latitude": 29.25625, "Longitude": 72.03958333, "Annual_Rai": 424.21}, "geometry": {"type": "Point", "coordinates": [72.03958333, 29.25625]}}, {"type": "Feature", "properties": {"No_": "1169", "Latitude": 29.25208333, "Longitude": 72.73125, "Annual_Rai": 319.59}, "geometry": {"type": "Point", "coordinates": [72.73125, 29.25208333]}}, {"type": "Feature", "properties": {"No_": "1170", "Latitude": 29.24791667, "Longitude": 72.73125, "Annual_Rai": 319.59}, "geometry": {"type": "Point", "coordinates": [72.73125, 29.24791667]}}, {"type": "Feature", "properties": {"No_": "1171", "Latitude": 29.20529737, "Longitude": 70.8007584, "Annual_Rai": 266.18}, "geometry": {"type": "Point", "coordinates": [70.8007584, 29.20529737]}}, {"type": "Feature", "properties": {"No_": "1172", "Latitude": 29.22708333, "Longitude": 71.42708333, "Annual_Rai": 343.49}, "geometry": {"type": "Point", "coordinates": [71.42708333, 29.22708333]}}, {"type": "Feature", "properties": {"No_": "1173", "Latitude": 29.22291667, "Longitude": 71.42291667, "Annual_Rai": 343.49}, "geometry": {"type": "Point", "coordinates": [71.42291667, 29.22291667]}}, {"type": "Feature", "properties": {"No_": "1174", "Latitude": 29.21458333, "Longitude": 73.00625, "Annual_Rai": 363.66}, "geometry": {"type": "Point", "coordinates": [73.00625, 29.21458333]}}, {"type": "Feature", "properties": {"No_": "1175", "Latitude": 29.21041667, "Longitude": 72.99791667, "Annual_Rai": 363.66}, "geometry": {"type": "Point", "coordinates": [72.99791667, 29.21041667]}}, {"type": "Feature", "properties": {"No_": "1176", "Latitude": 29.21041667, "Longitude": 73.00208333, "Annual_Rai": 363.66}, "geometry": {"type": "Point", "coordinates": [73.00208333, 29.21041667]}}, {"type": "Feature", "properties": {"No_": "1177", "Latitude": 29.21041667, "Longitude": 73.00625, "Annual_Rai": 363.66}, "geometry": {"type": "Point", "coordinates": [73.00625, 29.21041667]}}, {"type": "Feature", "properties": {"No_": "1178", "Latitude": 29.20625, "Longitude": 70.83125, "Annual_Rai": 266.18}, "geometry": {"type": "Point", "coordinates": [70.83125, 29.20625]}}, {"type": "Feature", "properties": {"No_": "1179", "Latitude": 29.20625, "Longitude": 70.83541667, "Annual_Rai": 258.18}, "geometry": {"type": "Point", "coordinates": [70.83541667, 29.20625]}}, {"type": "Feature", "properties": {"No_": "1180", "Latitude": 29.18125, "Longitude": 71.94791667, "Annual_Rai": 397.24}, "geometry": {"type": "Point", "coordinates": [71.94791667, 29.18125]}}, {"type": "Feature", "properties": {"No_": "1181", "Latitude": 29.17708333, "Longitude": 71.94791667, "Annual_Rai": 397.24}, "geometry": {"type": "Point", "coordinates": [71.94791667, 29.17708333]}}, {"type": "Feature", "properties": {"No_": "1182", "Latitude": 29.13958333, "Longitude": 72.71458333, "Annual_Rai": 373.84}, "geometry": {"type": "Point", "coordinates": [72.71458333, 29.13958333]}}, {"type": "Feature", "properties": {"No_": "1183", "Latitude": 29.13125, "Longitude": 72.71458333, "Annual_Rai": 373.84}, "geometry": {"type": "Point", "coordinates": [72.71458333, 29.13125]}}, {"type": "Feature", "properties": {"No_": "1184", "Latitude": 29.10625, "Longitude": 70.65208333, "Annual_Rai": 342.21}, "geometry": {"type": "Point", "coordinates": [70.65208333, 29.10625]}}, {"type": "Feature", "properties": {"No_": "1185", "Latitude": 29.10208333, "Longitude": 70.65208333, "Annual_Rai": 326.26}, "geometry": {"type": "Point", "coordinates": [70.65208333, 29.10208333]}}, {"type": "Feature", "properties": {"No_": "1186", "Latitude": 29.09375, "Longitude": 70.61875, "Annual_Rai": 326.26}, "geometry": {"type": "Point", "coordinates": [70.61875, 29.09375]}}, {"type": "Feature", "properties": {"No_": "1187", "Latitude": 29.09375, "Longitude": 70.62708333, "Annual_Rai": 326.26}, "geometry": {"type": "Point", "coordinates": [70.62708333, 29.09375]}}, {"type": "Feature", "properties": {"No_": "1188", "Latitude": 29.06875, "Longitude": 70.38958333, "Annual_Rai": 372.2}, "geometry": {"type": "Point", "coordinates": [70.38958333, 29.06875]}}, {"type": "Feature", "properties": {"No_": "1189", "Latitude": 29.04791667, "Longitude": 70.99375, "Annual_Rai": 293.15}, "geometry": {"type": "Point", "coordinates": [70.99375, 29.04791667]}}, {"type": "Feature", "properties": {"No_": "1190", "Latitude": 29.04791667, "Longitude": 71.00208333, "Annual_Rai": 293.15}, "geometry": {"type": "Point", "coordinates": [71.00208333, 29.04791667]}}, {"type": "Feature", "properties": {"No_": "1191", "Latitude": 29.06875, "Longitude": 70.38541667, "Annual_Rai": 372.2}, "geometry": {"type": "Point", "coordinates": [70.38541667, 29.06875]}}, {"type": "Feature", "properties": {"No_": "1192", "Latitude": 29.02708333, "Longitude": 70.08958333, "Annual_Rai": 290.61}, "geometry": {"type": "Point", "coordinates": [70.08958333, 29.02708333]}}, {"type": "Feature", "properties": {"No_": "1193", "Latitude": 29.03958333, "Longitude": 72.53541667, "Annual_Rai": 367.69}, "geometry": {"type": "Point", "coordinates": [72.53541667, 29.03958333]}}, {"type": "Feature", "properties": {"No_": "1194", "Latitude": 29.03541667, "Longitude": 72.53541667, "Annual_Rai": 367.69}, "geometry": {"type": "Point", "coordinates": [72.53541667, 29.03541667]}}, {"type": "Feature", "properties": {"No_": "1195", "Latitude": 29.02708333, "Longitude": 70.09375, "Annual_Rai": 290.61}, "geometry": {"type": "Point", "coordinates": [70.09375, 29.02708333]}}, {"type": "Feature", "properties": {"No_": "1196", "Latitude": 29.01875, "Longitude": 72.26041667, "Annual_Rai": 331.24}, "geometry": {"type": "Point", "coordinates": [72.26041667, 29.01875]}}, {"type": "Feature", "properties": {"No_": "1197", "Latitude": 29.01041667, "Longitude": 72.26458333, "Annual_Rai": 336.3}, "geometry": {"type": "Point", "coordinates": [72.26458333, 29.01041667]}}, {"type": "Feature", "properties": {"No_": "1198", "Latitude": 29.01041667, "Longitude": 72.87708333, "Annual_Rai": 353.93}, "geometry": {"type": "Point", "coordinates": [72.87708333, 29.01041667]}}, {"type": "Feature", "properties": {"No_": "1199", "Latitude": 29.00625, "Longitude": 72.87291667, "Annual_Rai": 353.93}, "geometry": {"type": "Point", "coordinates": [72.87291667, 29.00625]}}, {"type": "Feature", "properties": {"No_": "1200", "Latitude": 28.97708333, "Longitude": 70.28958333, "Annual_Rai": 263.95}, "geometry": {"type": "Point", "coordinates": [70.28958333, 28.97708333]}}, {"type": "Feature", "properties": {"No_": "1201", "Latitude": 28.99791667, "Longitude": 70.58125, "Annual_Rai": 274.45}, "geometry": {"type": "Point", "coordinates": [70.58125, 28.99791667]}}, {"type": "Feature", "properties": {"No_": "1202", "Latitude": 28.99791667, "Longitude": 70.58958333, "Annual_Rai": 274.45}, "geometry": {"type": "Point", "coordinates": [70.58958333, 28.99791667]}}, {"type": "Feature", "properties": {"No_": "1203", "Latitude": 28.99375, "Longitude": 72.30208333, "Annual_Rai": 346.87}, "geometry": {"type": "Point", "coordinates": [72.30208333, 28.99375]}}, {"type": "Feature", "properties": {"No_": "1204", "Latitude": 28.98958333, "Longitude": 72.30208333, "Annual_Rai": 346.87}, "geometry": {"type": "Point", "coordinates": [72.30208333, 28.98958333]}}, {"type": "Feature", "properties": {"No_": "1205", "Latitude": 28.98125, "Longitude": 70.29375, "Annual_Rai": 271.24}, "geometry": {"type": "Point", "coordinates": [70.29375, 28.98125]}}, {"type": "Feature", "properties": {"No_": "1206", "Latitude": 28.97291667, "Longitude": 70.42291667, "Annual_Rai": 277.27}, "geometry": {"type": "Point", "coordinates": [70.42291667, 28.97291667]}}, {"type": "Feature", "properties": {"No_": "1207", "Latitude": 28.97291667, "Longitude": 70.43125, "Annual_Rai": 297.42}, "geometry": {"type": "Point", "coordinates": [70.43125, 28.97291667]}}, {"type": "Feature", "properties": {"No_": "1208", "Latitude": 28.94791667, "Longitude": 72.11041667, "Annual_Rai": 379.95}, "geometry": {"type": "Point", "coordinates": [72.11041667, 28.94791667]}}, {"type": "Feature", "properties": {"No_": "1209", "Latitude": 28.94791667, "Longitude": 72.70625, "Annual_Rai": 402.71}, "geometry": {"type": "Point", "coordinates": [72.70625, 28.94791667]}}, {"type": "Feature", "properties": {"No_": "1210", "Latitude": 28.94375, "Longitude": 72.11041667, "Annual_Rai": 379.95}, "geometry": {"type": "Point", "coordinates": [72.11041667, 28.94375]}}, {"type": "Feature", "properties": {"No_": "1211", "Latitude": 28.94375, "Longitude": 72.71041667, "Annual_Rai": 402.71}, "geometry": {"type": "Point", "coordinates": [72.71041667, 28.94375]}}, {"type": "Feature", "properties": {"No_": "1212", "Latitude": 28.91458333, "Longitude": 69.76041667, "Annual_Rai": 328.65}, "geometry": {"type": "Point", "coordinates": [69.76041667, 28.91458333]}}, {"type": "Feature", "properties": {"No_": "1213", "Latitude": 28.90208333, "Longitude": 71.49375, "Annual_Rai": 423.53}, "geometry": {"type": "Point", "coordinates": [71.49375, 28.90208333]}}, {"type": "Feature", "properties": {"No_": "1214", "Latitude": 28.91458333, "Longitude": 70.41875, "Annual_Rai": 247.99}, "geometry": {"type": "Point", "coordinates": [70.41875, 28.91458333]}}, {"type": "Feature", "properties": {"No_": "1215", "Latitude": 28.91041667, "Longitude": 69.75625, "Annual_Rai": 328.65}, "geometry": {"type": "Point", "coordinates": [69.75625, 28.91041667]}}, {"type": "Feature", "properties": {"No_": "1216", "Latitude": 28.90625, "Longitude": 70.41875, "Annual_Rai": 247.99}, "geometry": {"type": "Point", "coordinates": [70.41875, 28.90625]}}, {"type": "Feature", "properties": {"No_": "1217", "Latitude": 28.90208333, "Longitude": 70.46041667, "Annual_Rai": 262.02}, "geometry": {"type": "Point", "coordinates": [70.46041667, 28.90208333]}}, {"type": "Feature", "properties": {"No_": "1218", "Latitude": 28.90208333, "Longitude": 70.46458333, "Annual_Rai": 262.02}, "geometry": {"type": "Point", "coordinates": [70.46458333, 28.90208333]}}, {"type": "Feature", "properties": {"No_": "1219", "Latitude": 28.90208333, "Longitude": 71.50208333, "Annual_Rai": 423.53}, "geometry": {"type": "Point", "coordinates": [71.50208333, 28.90208333]}}, {"type": "Feature", "properties": {"No_": "1220", "Latitude": 28.90208333, "Longitude": 72.43125, "Annual_Rai": 391.8}, "geometry": {"type": "Point", "coordinates": [72.43125, 28.90208333]}}, {"type": "Feature", "properties": {"No_": "1221", "Latitude": 28.89791667, "Longitude": 72.03958333, "Annual_Rai": 350.19}, "geometry": {"type": "Point", "coordinates": [72.03958333, 28.89791667]}}, {"type": "Feature", "properties": {"No_": "1222", "Latitude": 28.89791667, "Longitude": 72.42708333, "Annual_Rai": 391.8}, "geometry": {"type": "Point", "coordinates": [72.42708333, 28.89791667]}}, {"type": "Feature", "properties": {"No_": "1223", "Latitude": 28.89375, "Longitude": 72.03958333, "Annual_Rai": 350.19}, "geometry": {"type": "Point", "coordinates": [72.03958333, 28.89375]}}, {"type": "Feature", "properties": {"No_": "1224", "Latitude": 28.88958333, "Longitude": 72.61041667, "Annual_Rai": 384.03}, "geometry": {"type": "Point", "coordinates": [72.61041667, 28.88958333]}}, {"type": "Feature", "properties": {"No_": "1225", "Latitude": 28.88541667, "Longitude": 72.61041667, "Annual_Rai": 384.03}, "geometry": {"type": "Point", "coordinates": [72.61041667, 28.88541667]}}, {"type": "Feature", "properties": {"No_": "1226", "Latitude": 28.87291667, "Longitude": 71.69791667, "Annual_Rai": 414.49}, "geometry": {"type": "Point", "coordinates": [71.69791667, 28.87291667]}}, {"type": "Feature", "properties": {"No_": "1227", "Latitude": 28.86875, "Longitude": 71.69791667, "Annual_Rai": 414.49}, "geometry": {"type": "Point", "coordinates": [71.69791667, 28.86875]}}, {"type": "Feature", "properties": {"No_": "1228", "Latitude": 28.86875, "Longitude": 72.50208333, "Annual_Rai": 405.19}, "geometry": {"type": "Point", "coordinates": [72.50208333, 28.86875]}}, {"type": "Feature", "properties": {"No_": "1229", "Latitude": 28.86041667, "Longitude": 72.49791667, "Annual_Rai": 405.19}, "geometry": {"type": "Point", "coordinates": [72.49791667, 28.86041667]}}, {"type": "Feature", "properties": {"No_": "1230", "Latitude": 28.85625, "Longitude": 69.48958333, "Annual_Rai": 318.97}, "geometry": {"type": "Point", "coordinates": [69.48958333, 28.85625]}}, {"type": "Feature", "properties": {"No_": "1231", "Latitude": 28.83541667, "Longitude": 72.00625, "Annual_Rai": 426.32}, "geometry": {"type": "Point", "coordinates": [72.00625, 28.83541667]}}, {"type": "Feature", "properties": {"No_": "1232", "Latitude": 28.83125, "Longitude": 72.00625, "Annual_Rai": 426.32}, "geometry": {"type": "Point", "coordinates": [72.00625, 28.83125]}}, {"type": "Feature", "properties": {"No_": "1233", "Latitude": 28.82708333, "Longitude": 71.74375, "Annual_Rai": 392.75}, "geometry": {"type": "Point", "coordinates": [71.74375, 28.82708333]}}, {"type": "Feature", "properties": {"No_": "1234", "Latitude": 28.82291667, "Longitude": 70.23541667, "Annual_Rai": 194.6}, "geometry": {"type": "Point", "coordinates": [70.23541667, 28.82291667]}}, {"type": "Feature", "properties": {"No_": "1235", "Latitude": 28.82291667, "Longitude": 71.74375, "Annual_Rai": 392.75}, "geometry": {"type": "Point", "coordinates": [71.74375, 28.82291667]}}, {"type": "Feature", "properties": {"No_": "1236", "Latitude": 28.81875, "Longitude": 70.24375, "Annual_Rai": 194.6}, "geometry": {"type": "Point", "coordinates": [70.24375, 28.81875]}}, {"type": "Feature", "properties": {"No_": "1237", "Latitude": 28.80625, "Longitude": 71.96041667, "Annual_Rai": 427.79}, "geometry": {"type": "Point", "coordinates": [71.96041667, 28.80625]}}, {"type": "Feature", "properties": {"No_": "1238", "Latitude": 28.80208333, "Longitude": 71.95625, "Annual_Rai": 427.79}, "geometry": {"type": "Point", "coordinates": [71.95625, 28.80208333]}}, {"type": "Feature", "properties": {"No_": "1239", "Latitude": 28.78541667, "Longitude": 70.81875, "Annual_Rai": 273.84}, "geometry": {"type": "Point", "coordinates": [70.81875, 28.78541667]}}, {"type": "Feature", "properties": {"No_": "1240", "Latitude": 28.78541667, "Longitude": 71.04375, "Annual_Rai": 336.57}, "geometry": {"type": "Point", "coordinates": [71.04375, 28.78541667]}}, {"type": "Feature", "properties": {"No_": "1241", "Latitude": 28.78125, "Longitude": 71.04791667, "Annual_Rai": 336.57}, "geometry": {"type": "Point", "coordinates": [71.04791667, 28.78125]}}, {"type": "Feature", "properties": {"No_": "1242", "Latitude": 28.76041667, "Longitude": 69.93958333, "Annual_Rai": 185.86}, "geometry": {"type": "Point", "coordinates": [69.93958333, 28.76041667]}}, {"type": "Feature", "properties": {"No_": "1243", "Latitude": 28.76041667, "Longitude": 69.94375, "Annual_Rai": 185.86}, "geometry": {"type": "Point", "coordinates": [69.94375, 28.76041667]}}, {"type": "Feature", "properties": {"No_": "1244", "Latitude": 28.77708333, "Longitude": 70.80625, "Annual_Rai": 273.84}, "geometry": {"type": "Point", "coordinates": [70.80625, 28.77708333]}}, {"type": "Feature", "properties": {"No_": "1245", "Latitude": 28.77708333, "Longitude": 70.81458333, "Annual_Rai": 273.84}, "geometry": {"type": "Point", "coordinates": [70.81458333, 28.77708333]}}, {"type": "Feature", "properties": {"No_": "1246", "Latitude": 28.77708333, "Longitude": 70.82291667, "Annual_Rai": 273.84}, "geometry": {"type": "Point", "coordinates": [70.82291667, 28.77708333]}}, {"type": "Feature", "properties": {"No_": "1247", "Latitude": 28.76875, "Longitude": 71.50625, "Annual_Rai": 418.54}, "geometry": {"type": "Point", "coordinates": [71.50625, 28.76875]}}, {"type": "Feature", "properties": {"No_": "1248", "Latitude": 28.76458333, "Longitude": 71.51041667, "Annual_Rai": 419.49}, "geometry": {"type": "Point", "coordinates": [71.51041667, 28.76458333]}}, {"type": "Feature", "properties": {"No_": "1249", "Latitude": 28.76458333, "Longitude": 71.78958333, "Annual_Rai": 399.1}, "geometry": {"type": "Point", "coordinates": [71.78958333, 28.76458333]}}, {"type": "Feature", "properties": {"No_": "1250", "Latitude": 28.76041667, "Longitude": 71.78541667, "Annual_Rai": 399.1}, "geometry": {"type": "Point", "coordinates": [71.78541667, 28.76041667]}}, {"type": "Feature", "properties": {"No_": "1251", "Latitude": 28.73541667, "Longitude": 71.56875, "Annual_Rai": 396.58}, "geometry": {"type": "Point", "coordinates": [71.56875, 28.73541667]}}, {"type": "Feature", "properties": {"No_": "1252", "Latitude": 28.73125, "Longitude": 71.56458333, "Annual_Rai": 396.58}, "geometry": {"type": "Point", "coordinates": [71.56458333, 28.73125]}}, {"type": "Feature", "properties": {"No_": "1253", "Latitude": 28.69375, "Longitude": 69.98125, "Annual_Rai": 149.79}, "geometry": {"type": "Point", "coordinates": [69.98125, 28.69375]}}, {"type": "Feature", "properties": {"No_": "1254", "Latitude": 28.68958333, "Longitude": 69.98541667, "Annual_Rai": 149.79}, "geometry": {"type": "Point", "coordinates": [69.98541667, 28.68958333]}}, {"type": "Feature", "properties": {"No_": "1255", "Latitude": 28.65625, "Longitude": 70.10625, "Annual_Rai": 155.86}, "geometry": {"type": "Point", "coordinates": [70.10625, 28.65625]}}, {"type": "Feature", "properties": {"No_": "1256", "Latitude": 28.65625, "Longitude": 70.11041667, "Annual_Rai": 145.83}, "geometry": {"type": "Point", "coordinates": [70.11041667, 28.65625]}}, {"type": "Feature", "properties": {"No_": "1257", "Latitude": 28.63541667, "Longitude": 70.76458333, "Annual_Rai": 260.67}, "geometry": {"type": "Point", "coordinates": [70.76458333, 28.63541667]}}, {"type": "Feature", "properties": {"No_": "1258", "Latitude": 28.63541667, "Longitude": 70.76875, "Annual_Rai": 260.67}, "geometry": {"type": "Point", "coordinates": [70.76875, 28.63541667]}}, {"type": "Feature", "properties": {"No_": "1259", "Latitude": 28.62708333, "Longitude": 70.76041667, "Annual_Rai": 260.67}, "geometry": {"type": "Point", "coordinates": [70.76041667, 28.62708333]}}, {"type": "Feature", "properties": {"No_": "1260", "Latitude": 28.62708333, "Longitude": 70.76458333, "Annual_Rai": 260.67}, "geometry": {"type": "Point", "coordinates": [70.76458333, 28.62708333]}}, {"type": "Feature", "properties": {"No_": "1261", "Latitude": 28.62291667, "Longitude": 71.31041667, "Annual_Rai": 441.99}, "geometry": {"type": "Point", "coordinates": [71.31041667, 28.62291667]}}, {"type": "Feature", "properties": {"No_": "1262", "Latitude": 28.61458333, "Longitude": 71.31041667, "Annual_Rai": 441.99}, "geometry": {"type": "Point", "coordinates": [71.31041667, 28.61458333]}}, {"type": "Feature", "properties": {"No_": "1263", "Latitude": 28.56875, "Longitude": 70.67708333, "Annual_Rai": 269.56}, "geometry": {"type": "Point", "coordinates": [70.67708333, 28.56875]}}, {"type": "Feature", "properties": {"No_": "1264", "Latitude": 28.58541667, "Longitude": 70.98541667, "Annual_Rai": 383.14}, "geometry": {"type": "Point", "coordinates": [70.98541667, 28.58541667]}}, {"type": "Feature", "properties": {"No_": "1265", "Latitude": 28.56875, "Longitude": 70.69375, "Annual_Rai": 269.56}, "geometry": {"type": "Point", "coordinates": [70.69375, 28.56875]}}, {"type": "Feature", "properties": {"No_": "1266", "Latitude": 28.56458333, "Longitude": 70.69375, "Annual_Rai": 317.53}, "geometry": {"type": "Point", "coordinates": [70.69375, 28.56458333]}}, {"type": "Feature", "properties": {"No_": "1267", "Latitude": 28.56458333, "Longitude": 70.93958333, "Annual_Rai": 415.66}, "geometry": {"type": "Point", "coordinates": [70.93958333, 28.56458333]}}, {"type": "Feature", "properties": {"No_": "1268", "Latitude": 28.56041667, "Longitude": 70.67708333, "Annual_Rai": 317.53}, "geometry": {"type": "Point", "coordinates": [70.67708333, 28.56041667]}}, {"type": "Feature", "properties": {"No_": "1269", "Latitude": 28.56041667, "Longitude": 70.93541667, "Annual_Rai": 415.66}, "geometry": {"type": "Point", "coordinates": [70.93541667, 28.56041667]}}, {"type": "Feature", "properties": {"No_": "1270", "Latitude": 28.54375, "Longitude": 69.88125, "Annual_Rai": 175.3}, "geometry": {"type": "Point", "coordinates": [69.88125, 28.54375]}}, {"type": "Feature", "properties": {"No_": "1271", "Latitude": 28.53958333, "Longitude": 69.88541667, "Annual_Rai": 175.3}, "geometry": {"type": "Point", "coordinates": [69.88541667, 28.53958333]}}, {"type": "Feature", "properties": {"No_": "1272", "Latitude": 28.52708333, "Longitude": 70.76875, "Annual_Rai": 333.73}, "geometry": {"type": "Point", "coordinates": [70.76875, 28.52708333]}}, {"type": "Feature", "properties": {"No_": "1273", "Latitude": 28.52291667, "Longitude": 70.76875, "Annual_Rai": 333.73}, "geometry": {"type": "Point", "coordinates": [70.76875, 28.52291667]}}, {"type": "Feature", "properties": {"No_": "1274", "Latitude": 28.50625, "Longitude": 69.52708333, "Annual_Rai": 166.14}, "geometry": {"type": "Point", "coordinates": [69.52708333, 28.50625]}}, {"type": "Feature", "properties": {"No_": "1275", "Latitude": 28.50208333, "Longitude": 69.49791667, "Annual_Rai": 166.14}, "geometry": {"type": "Point", "coordinates": [69.49791667, 28.50208333]}}, {"type": "Feature", "properties": {"No_": "1276", "Latitude": 28.49791667, "Longitude": 69.50208333, "Annual_Rai": 166.14}, "geometry": {"type": "Point", "coordinates": [69.50208333, 28.49791667]}}, {"type": "Feature", "properties": {"No_": "1277", "Latitude": 28.51041667, "Longitude": 69.52291667, "Annual_Rai": 166.14}, "geometry": {"type": "Point", "coordinates": [69.52291667, 28.51041667]}}, {"type": "Feature", "properties": {"No_": "1278", "Latitude": 28.4559297, "Longitude": 69.8149824, "Annual_Rai": 165.76}, "geometry": {"type": "Point", "coordinates": [69.8149824, 28.4559297]}}, {"type": "Feature", "properties": {"No_": "1279", "Latitude": 28.45625, "Longitude": 69.74791667, "Annual_Rai": 167.5}, "geometry": {"type": "Point", "coordinates": [69.74791667, 28.45625]}}, {"type": "Feature", "properties": {"No_": "1280", "Latitude": 28.45208333, "Longitude": 69.73541667, "Annual_Rai": 167.5}, "geometry": {"type": "Point", "coordinates": [69.73541667, 28.45208333]}}, {"type": "Feature", "properties": {"No_": "1281", "Latitude": 28.45208333, "Longitude": 69.74375, "Annual_Rai": 167.5}, "geometry": {"type": "Point", "coordinates": [69.74375, 28.45208333]}}, {"type": "Feature", "properties": {"No_": "1282", "Latitude": 28.45208333, "Longitude": 69.74791667, "Annual_Rai": 167.5}, "geometry": {"type": "Point", "coordinates": [69.74791667, 28.45208333]}}, {"type": "Feature", "properties": {"No_": "1283", "Latitude": 28.42708333, "Longitude": 68.47291667, "Annual_Rai": 187.59}, "geometry": {"type": "Point", "coordinates": [68.47291667, 28.42708333]}}, {"type": "Feature", "properties": {"No_": "1284", "Latitude": 28.42708333, "Longitude": 70.43541667, "Annual_Rai": 332.48}, "geometry": {"type": "Point", "coordinates": [70.43541667, 28.42708333]}}, {"type": "Feature", "properties": {"No_": "1285", "Latitude": 28.42708333, "Longitude": 70.43958333, "Annual_Rai": 332.48}, "geometry": {"type": "Point", "coordinates": [70.43958333, 28.42708333]}}, {"type": "Feature", "properties": {"No_": "1286", "Latitude": 28.41041667, "Longitude": 68.47291667, "Annual_Rai": 187.59}, "geometry": {"type": "Point", "coordinates": [68.47291667, 28.41041667]}}, {"type": "Feature", "properties": {"No_": "1287", "Latitude": 28.38550802, "Longitude": 69.70494569, "Annual_Rai": 161.74}, "geometry": {"type": "Point", "coordinates": [69.70494569, 28.38550802]}}, {"type": "Feature", "properties": {"No_": "1288", "Latitude": 28.38125, "Longitude": 68.83125, "Annual_Rai": 144.56}, "geometry": {"type": "Point", "coordinates": [68.83125, 28.38125]}}, {"type": "Feature", "properties": {"No_": "1290", "Latitude": 28.38958333, "Longitude": 69.69375, "Annual_Rai": 164.9}, "geometry": {"type": "Point", "coordinates": [69.69375, 28.38958333]}}, {"type": "Feature", "properties": {"No_": "1292", "Latitude": 28.37291667, "Longitude": 68.83541667, "Annual_Rai": 144.56}, "geometry": {"type": "Point", "coordinates": [68.83541667, 28.37291667]}}, {"type": "Feature", "properties": {"No_": "1293", "Latitude": 28.34375, "Longitude": 70.33541667, "Annual_Rai": 264.67}, "geometry": {"type": "Point", "coordinates": [70.33541667, 28.34375]}}, {"type": "Feature", "properties": {"No_": "1294", "Latitude": 28.36875, "Longitude": 69.30208333, "Annual_Rai": 170.94}, "geometry": {"type": "Point", "coordinates": [69.30208333, 28.36875]}}, {"type": "Feature", "properties": {"No_": "1296", "Latitude": 28.35625, "Longitude": 69.99791667, "Annual_Rai": 156.97}, "geometry": {"type": "Point", "coordinates": [69.99791667, 28.35625]}}, {"type": "Feature", "properties": {"No_": "1297", "Latitude": 28.35208333, "Longitude": 70.00208333, "Annual_Rai": 156.97}, "geometry": {"type": "Point", "coordinates": [70.00208333, 28.35208333]}}, {"type": "Feature", "properties": {"No_": "1298", "Latitude": 28.34375, "Longitude": 70.33958333, "Annual_Rai": 293.93}, "geometry": {"type": "Point", "coordinates": [70.33958333, 28.34375]}}, {"type": "Feature", "properties": {"No_": "1299", "Latitude": 28.31041667, "Longitude": 68.75208333, "Annual_Rai": 144.02}, "geometry": {"type": "Point", "coordinates": [68.75208333, 28.31041667]}}, {"type": "Feature", "properties": {"No_": "1300", "Latitude": 28.31458333, "Longitude": 68.43541667, "Annual_Rai": 173.6}, "geometry": {"type": "Point", "coordinates": [68.43541667, 28.31458333]}}, {"type": "Feature", "properties": {"No_": "1303", "Latitude": 28.28125, "Longitude": 68.68125, "Annual_Rai": 137.6}, "geometry": {"type": "Point", "coordinates": [68.68125, 28.28125]}}, {"type": "Feature", "properties": {"No_": "1304", "Latitude": 28.29375, "Longitude": 70.55625, "Annual_Rai": 403.73}, "geometry": {"type": "Point", "coordinates": [70.55625, 28.29375]}}, {"type": "Feature", "properties": {"No_": "1305", "Latitude": 28.28958333, "Longitude": 68.36875, "Annual_Rai": 181.83}, "geometry": {"type": "Point", "coordinates": [68.36875, 28.28958333]}}, {"type": "Feature", "properties": {"No_": "1306", "Latitude": 28.28958333, "Longitude": 70.55625, "Annual_Rai": 403.73}, "geometry": {"type": "Point", "coordinates": [70.55625, 28.28958333]}}, {"type": "Feature", "properties": {"No_": "1308", "Latitude": 28.24375, "Longitude": 70.85625, "Annual_Rai": 508.17}, "geometry": {"type": "Point", "coordinates": [70.85625, 28.24375]}}, {"type": "Feature", "properties": {"No_": "1309", "Latitude": 28.23541667, "Longitude": 70.85625, "Annual_Rai": 508.17}, "geometry": {"type": "Point", "coordinates": [70.85625, 28.23541667]}}, {"type": "Feature", "properties": {"No_": "1310", "Latitude": 28.23125, "Longitude": 70.42291667, "Annual_Rai": 341.68}, "geometry": {"type": "Point", "coordinates": [70.42291667, 28.23125]}}, {"type": "Feature", "properties": {"No_": "1311", "Latitude": 28.22708333, "Longitude": 68.29791667, "Annual_Rai": 193.48}, "geometry": {"type": "Point", "coordinates": [68.29791667, 28.22708333]}}, {"type": "Feature", "properties": {"No_": "1313", "Latitude": 28.22708333, "Longitude": 70.42708333, "Annual_Rai": 341.68}, "geometry": {"type": "Point", "coordinates": [70.42708333, 28.22708333]}}, {"type": "Feature", "properties": {"No_": "1314", "Latitude": 28.22291667, "Longitude": 69.15208333, "Annual_Rai": 157.27}, "geometry": {"type": "Point", "coordinates": [69.15208333, 28.22291667]}}, {"type": "Feature", "properties": {"No_": "1316", "Latitude": 28.19375, "Longitude": 68.26041667, "Annual_Rai": 182.64}, "geometry": {"type": "Point", "coordinates": [68.26041667, 28.19375]}}, {"type": "Feature", "properties": {"No_": "1318", "Latitude": 28.18125, "Longitude": 70.03125, "Annual_Rai": 196.31}, "geometry": {"type": "Point", "coordinates": [70.03125, 28.18125]}}, {"type": "Feature", "properties": {"No_": "1319", "Latitude": 28.17708333, "Longitude": 70.03541667, "Annual_Rai": 196.31}, "geometry": {"type": "Point", "coordinates": [70.03541667, 28.17708333]}}, {"type": "Feature", "properties": {"No_": "1320", "Latitude": 28.16458333, "Longitude": 68.16458333, "Annual_Rai": 175.85}, "geometry": {"type": "Point", "coordinates": [68.16458333, 28.16458333]}}, {"type": "Feature", "properties": {"No_": "1322", "Latitude": 28.11875, "Longitude": 70.45625, "Annual_Rai": 420.5}, "geometry": {"type": "Point", "coordinates": [70.45625, 28.11875]}}, {"type": "Feature", "properties": {"No_": "1323", "Latitude": 28.11458333, "Longitude": 70.45625, "Annual_Rai": 479.61}, "geometry": {"type": "Point", "coordinates": [70.45625, 28.11458333]}}, {"type": "Feature", "properties": {"No_": "1324", "Latitude": 28.09375, "Longitude": 68.48958333, "Annual_Rai": 153.31}, "geometry": {"type": "Point", "coordinates": [68.48958333, 28.09375]}}, {"type": "Feature", "properties": {"No_": "1326", "Latitude": 28.08541667, "Longitude": 70.53125, "Annual_Rai": 465.79}, "geometry": {"type": "Point", "coordinates": [70.53125, 28.08541667]}}, {"type": "Feature", "properties": {"No_": "1328", "Latitude": 28.08125, "Longitude": 70.53125, "Annual_Rai": 465.79}, "geometry": {"type": "Point", "coordinates": [70.53125, 28.08125]}}, {"type": "Feature", "properties": {"No_": "1330", "Latitude": 28.07708333, "Longitude": 69.14375, "Annual_Rai": 162.28}, "geometry": {"type": "Point", "coordinates": [69.14375, 28.07708333]}}, {"type": "Feature", "properties": {"No_": "1332", "Latitude": 28.04375, "Longitude": 69.59791667, "Annual_Rai": 181.09}, "geometry": {"type": "Point", "coordinates": [69.59791667, 28.04375]}}, {"type": "Feature", "properties": {"No_": "1333", "Latitude": 28.06875, "Longitude": 70.21875, "Annual_Rai": 312.75}, "geometry": {"type": "Point", "coordinates": [70.21875, 28.06875]}}, {"type": "Feature", "properties": {"No_": "1334", "Latitude": 28.06875, "Longitude": 70.22291667, "Annual_Rai": 312.75}, "geometry": {"type": "Point", "coordinates": [70.22291667, 28.06875]}}, {"type": "Feature", "properties": {"No_": "1335", "Latitude": 28.05625, "Longitude": 70.58541667, "Annual_Rai": 433.48}, "geometry": {"type": "Point", "coordinates": [70.58541667, 28.05625]}}, {"type": "Feature", "properties": {"No_": "1336", "Latitude": 28.05208333, "Longitude": 70.58125, "Annual_Rai": 433.48}, "geometry": {"type": "Point", "coordinates": [70.58125, 28.05208333]}}, {"type": "Feature", "properties": {"No_": "1338", "Latitude": 28.03541667, "Longitude": 70.21041667, "Annual_Rai": 312.75}, "geometry": {"type": "Point", "coordinates": [70.21041667, 28.03541667]}}, {"type": "Feature", "properties": {"No_": "1339", "Latitude": 28.03125, "Longitude": 70.21458333, "Annual_Rai": 312.75}, "geometry": {"type": "Point", "coordinates": [70.21458333, 28.03125]}}, {"type": "Feature", "properties": {"No_": "1340", "Latitude": 28.01041667, "Longitude": 67.94791667, "Annual_Rai": 140.98}, "geometry": {"type": "Point", "coordinates": [67.94791667, 28.01041667]}}, {"type": "Feature", "properties": {"No_": "1342", "Latitude": 28.00208333, "Longitude": 67.95208333, "Annual_Rai": 140.98}, "geometry": {"type": "Point", "coordinates": [67.95208333, 28.00208333]}}, {"type": "Feature", "properties": {"No_": "1344", "Latitude": 27.96458333, "Longitude": 69.86041667, "Annual_Rai": 204.48}, "geometry": {"type": "Point", "coordinates": [69.86041667, 27.96458333]}}, {"type": "Feature", "properties": {"No_": "1346", "Latitude": 27.94791667, "Longitude": 69.03958333, "Annual_Rai": 164.2}, "geometry": {"type": "Point", "coordinates": [69.03958333, 27.94791667]}}, {"type": "Feature", "properties": {"No_": "1348", "Latitude": 27.92708333, "Longitude": 70.25208333, "Annual_Rai": 341.97}, "geometry": {"type": "Point", "coordinates": [70.25208333, 27.92708333]}}, {"type": "Feature", "properties": {"No_": "1349", "Latitude": 27.92291667, "Longitude": 70.25208333, "Annual_Rai": 341.97}, "geometry": {"type": "Point", "coordinates": [70.25208333, 27.92291667]}}, {"type": "Feature", "properties": {"No_": "1350", "Latitude": 27.91875, "Longitude": 68.93541667, "Annual_Rai": 147.69}, "geometry": {"type": "Point", "coordinates": [68.93541667, 27.91875]}}, {"type": "Feature", "properties": {"No_": "1351", "Latitude": 27.91458333, "Longitude": 67.86875, "Annual_Rai": 145.62}, "geometry": {"type": "Point", "coordinates": [67.86875, 27.91458333]}}, {"type": "Feature", "properties": {"No_": "1354", "Latitude": 27.89375, "Longitude": 67.84791667, "Annual_Rai": 153.65}, "geometry": {"type": "Point", "coordinates": [67.84791667, 27.89375]}}, {"type": "Feature", "properties": {"No_": "1356", "Latitude": 27.86875, "Longitude": 67.60208333, "Annual_Rai": 173.71}, "geometry": {"type": "Point", "coordinates": [67.60208333, 27.86875]}}, {"type": "Feature", "properties": {"No_": "1358", "Latitude": 27.84375, "Longitude": 69.34791667, "Annual_Rai": 168.95}, "geometry": {"type": "Point", "coordinates": [69.34791667, 27.84375]}}, {"type": "Feature", "properties": {"No_": "1360", "Latitude": 27.80208333, "Longitude": 67.80625, "Annual_Rai": 130.64}, "geometry": {"type": "Point", "coordinates": [67.80625, 27.80208333]}}, {"type": "Feature", "properties": {"No_": "1364", "Latitude": 27.74791667, "Longitude": 68.09791667, "Annual_Rai": 137.69}, "geometry": {"type": "Point", "coordinates": [68.09791667, 27.74791667]}}, {"type": "Feature", "properties": {"No_": "1366", "Latitude": 27.76458333, "Longitude": 68.72291667, "Annual_Rai": 112.21}, "geometry": {"type": "Point", "coordinates": [68.72291667, 27.76458333]}}, {"type": "Feature", "properties": {"No_": "1368", "Latitude": 27.73125, "Longitude": 68.15625, "Annual_Rai": 134.64}, "geometry": {"type": "Point", "coordinates": [68.15625, 27.73125]}}, {"type": "Feature", "properties": {"No_": "1370", "Latitude": 27.69375, "Longitude": 67.66041667, "Annual_Rai": 134.17}, "geometry": {"type": "Point", "coordinates": [67.66041667, 27.69375]}}, {"type": "Feature", "properties": {"No_": "1372", "Latitude": 27.69375, "Longitude": 68.45625, "Annual_Rai": 132.77}, "geometry": {"type": "Point", "coordinates": [68.45625, 27.69375]}}, {"type": "Feature", "properties": {"No_": "1374", "Latitude": 27.68125, "Longitude": 69.91875, "Annual_Rai": 268.37}, "geometry": {"type": "Point", "coordinates": [69.91875, 27.68125]}}, {"type": "Feature", "properties": {"No_": "1376", "Latitude": 27.66875, "Longitude": 69.70208333, "Annual_Rai": 249.07}, "geometry": {"type": "Point", "coordinates": [69.70208333, 27.66875]}}, {"type": "Feature", "properties": {"No_": "1378", "Latitude": 27.65625, "Longitude": 69.08541667, "Annual_Rai": 178.63}, "geometry": {"type": "Point", "coordinates": [69.08541667, 27.65625]}}, {"type": "Feature", "properties": {"No_": "1380", "Latitude": 27.63958333, "Longitude": 69.80208333, "Annual_Rai": 256.8}, "geometry": {"type": "Point", "coordinates": [69.80208333, 27.63958333]}}, {"type": "Feature", "properties": {"No_": "1382", "Latitude": 27.62708333, "Longitude": 69.57291667, "Annual_Rai": 229.88}, "geometry": {"type": "Point", "coordinates": [69.57291667, 27.62708333]}}, {"type": "Feature", "properties": {"No_": "1384", "Latitude": 27.53958333, "Longitude": 69.03125, "Annual_Rai": 187.56}, "geometry": {"type": "Point", "coordinates": [69.03125, 27.53958333]}}, {"type": "Feature", "properties": {"No_": "1386", "Latitude": 27.49375, "Longitude": 67.70625, "Annual_Rai": 120.9}, "geometry": {"type": "Point", "coordinates": [67.70625, 27.49375]}}, {"type": "Feature", "properties": {"No_": "1388", "Latitude": 27.50625, "Longitude": 67.65208333, "Annual_Rai": 125.99}, "geometry": {"type": "Point", "coordinates": [67.65208333, 27.50625]}}, {"type": "Feature", "properties": {"No_": "1390", "Latitude": 27.44791667, "Longitude": 68.55208333, "Annual_Rai": 150.91}, "geometry": {"type": "Point", "coordinates": [68.55208333, 27.44791667]}}, {"type": "Feature", "properties": {"No_": "1392", "Latitude": 27.41875, "Longitude": 69.42708333, "Annual_Rai": 255.38}, "geometry": {"type": "Point", "coordinates": [69.42708333, 27.41875]}}, {"type": "Feature", "properties": {"No_": "1394", "Latitude": 27.41041667, "Longitude": 69.25208333, "Annual_Rai": 225.88}, "geometry": {"type": "Point", "coordinates": [69.25208333, 27.41041667]}}, {"type": "Feature", "properties": {"No_": "1396", "Latitude": 27.38541667, "Longitude": 69.01041667, "Annual_Rai": 200.68}, "geometry": {"type": "Point", "coordinates": [69.01041667, 27.38541667]}}, {"type": "Feature", "properties": {"No_": "1398", "Latitude": 27.33958333, "Longitude": 68.56875, "Annual_Rai": 170.56}, "geometry": {"type": "Point", "coordinates": [68.56875, 27.33958333]}}, {"type": "Feature", "properties": {"No_": "1399", "Latitude": 27.36041667, "Longitude": 67.64375, "Annual_Rai": 134.86}, "geometry": {"type": "Point", "coordinates": [67.64375, 27.36041667]}}, {"type": "Feature", "properties": {"No_": "1401", "Latitude": 27.35625, "Longitude": 68.19791667, "Annual_Rai": 123.11}, "geometry": {"type": "Point", "coordinates": [68.19791667, 27.35625]}}, {"type": "Feature", "properties": {"No_": "1402", "Latitude": 27.35208333, "Longitude": 68.18541667, "Annual_Rai": 131.79}, "geometry": {"type": "Point", "coordinates": [68.18541667, 27.35208333]}}, {"type": "Feature", "properties": {"No_": "1406", "Latitude": 27.33541667, "Longitude": 69.20625, "Annual_Rai": 218.99}, "geometry": {"type": "Point", "coordinates": [69.20625, 27.33541667]}}, {"type": "Feature", "properties": {"No_": "1407", "Latitude": 27.33125, "Longitude": 69.66875, "Annual_Rai": 276.17}, "geometry": {"type": "Point", "coordinates": [69.66875, 27.33125]}}, {"type": "Feature", "properties": {"No_": "1408", "Latitude": 27.32708333, "Longitude": 68.48125, "Annual_Rai": 161.31}, "geometry": {"type": "Point", "coordinates": [68.48125, 27.32708333]}}, {"type": "Feature", "properties": {"No_": "1409", "Latitude": 27.32708333, "Longitude": 69.21041667, "Annual_Rai": 218.99}, "geometry": {"type": "Point", "coordinates": [69.21041667, 27.32708333]}}, {"type": "Feature", "properties": {"No_": "1412", "Latitude": 27.31875, "Longitude": 69.00625, "Annual_Rai": 227.37}, "geometry": {"type": "Point", "coordinates": [69.00625, 27.31875]}}, {"type": "Feature", "properties": {"No_": "1413", "Latitude": 27.32291667, "Longitude": 69.36875, "Annual_Rai": 254.08}, "geometry": {"type": "Point", "coordinates": [69.36875, 27.32291667]}}, {"type": "Feature", "properties": {"No_": "1416", "Latitude": 27.31041667, "Longitude": 69.54791667, "Annual_Rai": 288.87}, "geometry": {"type": "Point", "coordinates": [69.54791667, 27.31041667]}}, {"type": "Feature", "properties": {"No_": "1418", "Latitude": 27.28541667, "Longitude": 68.44791667, "Annual_Rai": 167.3}, "geometry": {"type": "Point", "coordinates": [68.44791667, 27.28541667]}}, {"type": "Feature", "properties": {"No_": "1420", "Latitude": 27.23541667, "Longitude": 67.63958333, "Annual_Rai": 161.03}, "geometry": {"type": "Point", "coordinates": [67.63958333, 27.23541667]}}, {"type": "Feature", "properties": {"No_": "1422", "Latitude": 27.18958333, "Longitude": 67.63958333, "Annual_Rai": 160.02}, "geometry": {"type": "Point", "coordinates": [67.63958333, 27.18958333]}}, {"type": "Feature", "properties": {"No_": "1423", "Latitude": 27.20625, "Longitude": 69.13958333, "Annual_Rai": 221.62}, "geometry": {"type": "Point", "coordinates": [69.13958333, 27.20625]}}, {"type": "Feature", "properties": {"No_": "1426", "Latitude": 27.15625, "Longitude": 67.64791667, "Annual_Rai": 154.91}, "geometry": {"type": "Point", "coordinates": [67.64791667, 27.15625]}}, {"type": "Feature", "properties": {"No_": "1428", "Latitude": 27.15625, "Longitude": 68.38541667, "Annual_Rai": 174.66}, "geometry": {"type": "Point", "coordinates": [68.38541667, 27.15625]}}, {"type": "Feature", "properties": {"No_": "1430", "Latitude": 27.13125, "Longitude": 68.61041667, "Annual_Rai": 198.0}, "geometry": {"type": "Point", "coordinates": [68.61041667, 27.13125]}}, {"type": "Feature", "properties": {"No_": "1431", "Latitude": 27.13541667, "Longitude": 69.20208333, "Annual_Rai": 229.69}, "geometry": {"type": "Point", "coordinates": [69.20208333, 27.13541667]}}, {"type": "Feature", "properties": {"No_": "1433", "Latitude": 27.12291667, "Longitude": 68.61458333, "Annual_Rai": 232.47}, "geometry": {"type": "Point", "coordinates": [68.61458333, 27.12291667]}}, {"type": "Feature", "properties": {"No_": "1434", "Latitude": 27.09791667, "Longitude": 67.64375, "Annual_Rai": 160.8}, "geometry": {"type": "Point", "coordinates": [67.64375, 27.09791667]}}, {"type": "Feature", "properties": {"No_": "1435", "Latitude": 27.08541667, "Longitude": 67.65208333, "Annual_Rai": 160.8}, "geometry": {"type": "Point", "coordinates": [67.65208333, 27.08541667]}}, {"type": "Feature", "properties": {"No_": "1437", "Latitude": 27.09791667, "Longitude": 69.26041667, "Annual_Rai": 254.96}, "geometry": {"type": "Point", "coordinates": [69.26041667, 27.09791667]}}, {"type": "Feature", "properties": {"No_": "1440", "Latitude": 27.07291667, "Longitude": 68.98125, "Annual_Rai": 255.0}, "geometry": {"type": "Point", "coordinates": [68.98125, 27.07291667]}}, {"type": "Feature", "properties": {"No_": "1442", "Latitude": 27.03958333, "Longitude": 67.65625, "Annual_Rai": 178.74}, "geometry": {"type": "Point", "coordinates": [67.65625, 27.03958333]}}, {"type": "Feature", "properties": {"No_": "1443", "Latitude": 27.05625, "Longitude": 69.11041667, "Annual_Rai": 258.67}, "geometry": {"type": "Point", "coordinates": [69.11041667, 27.05625]}}, {"type": "Feature", "properties": {"No_": "1446", "Latitude": 27.01041667, "Longitude": 67.57291667, "Annual_Rai": 186.8}, "geometry": {"type": "Point", "coordinates": [67.57291667, 27.01041667]}}, {"type": "Feature", "properties": {"No_": "1448", "Latitude": 26.98958333, "Longitude": 67.55625, "Annual_Rai": 194.5}, "geometry": {"type": "Point", "coordinates": [67.55625, 26.98958333]}}, {"type": "Feature", "properties": {"No_": "1449", "Latitude": 26.97291667, "Longitude": 67.42291667, "Annual_Rai": 193.56}, "geometry": {"type": "Point", "coordinates": [67.42291667, 26.97291667]}}, {"type": "Feature", "properties": {"No_": "1451", "Latitude": 26.98125, "Longitude": 68.16458333, "Annual_Rai": 172.7}, "geometry": {"type": "Point", "coordinates": [68.16458333, 26.98125]}}, {"type": "Feature", "properties": {"No_": "1454", "Latitude": 26.92291667, "Longitude": 67.68541667, "Annual_Rai": 185.95}, "geometry": {"type": "Point", "coordinates": [67.68541667, 26.92291667]}}, {"type": "Feature", "properties": {"No_": "1455", "Latitude": 26.94791667, "Longitude": 67.93125, "Annual_Rai": 186.11}, "geometry": {"type": "Point", "coordinates": [67.93125, 26.94791667]}}, {"type": "Feature", "properties": {"No_": "1456", "Latitude": 26.94791667, "Longitude": 68.61458333, "Annual_Rai": 255.92}, "geometry": {"type": "Point", "coordinates": [68.61458333, 26.94791667]}}, {"type": "Feature", "properties": {"No_": "1459", "Latitude": 26.93541667, "Longitude": 68.97291667, "Annual_Rai": 260.92}, "geometry": {"type": "Point", "coordinates": [68.97291667, 26.93541667]}}, {"type": "Feature", "properties": {"No_": "1462", "Latitude": 26.85625, "Longitude": 68.27708333, "Annual_Rai": 197.1}, "geometry": {"type": "Point", "coordinates": [68.27708333, 26.85625]}}, {"type": "Feature", "properties": {"No_": "1464", "Latitude": 26.80625, "Longitude": 68.96875, "Annual_Rai": 265.45}, "geometry": {"type": "Point", "coordinates": [68.96875, 26.80625]}}, {"type": "Feature", "properties": {"No_": "1465", "Latitude": 26.80208333, "Longitude": 67.36875, "Annual_Rai": 202.07}, "geometry": {"type": "Point", "coordinates": [67.36875, 26.80208333]}}, {"type": "Feature", "properties": {"No_": "1468", "Latitude": 26.73125, "Longitude": 68.00625, "Annual_Rai": 201.44}, "geometry": {"type": "Point", "coordinates": [68.00625, 26.73125]}}, {"type": "Feature", "properties": {"No_": "1470", "Latitude": 26.70208333, "Longitude": 68.40208333, "Annual_Rai": 217.24}, "geometry": {"type": "Point", "coordinates": [68.40208333, 26.70208333]}}, {"type": "Feature", "properties": {"No_": "1472", "Latitude": 26.69375, "Longitude": 68.20625, "Annual_Rai": 204.83}, "geometry": {"type": "Point", "coordinates": [68.20625, 26.69375]}}, {"type": "Feature", "properties": {"No_": "1473", "Latitude": 26.71875, "Longitude": 67.66041667, "Annual_Rai": 207.06}, "geometry": {"type": "Point", "coordinates": [67.66041667, 26.71875]}}, {"type": "Feature", "properties": {"No_": "1475", "Latitude": 26.71041667, "Longitude": 67.65208333, "Annual_Rai": 207.06}, "geometry": {"type": "Point", "coordinates": [67.65208333, 26.71041667]}}, {"type": "Feature", "properties": {"No_": "1478", "Latitude": 26.68125, "Longitude": 67.65208333, "Annual_Rai": 207.06}, "geometry": {"type": "Point", "coordinates": [67.65208333, 26.68125]}}, {"type": "Feature", "properties": {"No_": "1479", "Latitude": 26.67291667, "Longitude": 67.65625, "Annual_Rai": 205.31}, "geometry": {"type": "Point", "coordinates": [67.65625, 26.67291667]}}, {"type": "Feature", "properties": {"No_": "1480", "Latitude": 26.58541667, "Longitude": 68.23958333, "Annual_Rai": 220.81}, "geometry": {"type": "Point", "coordinates": [68.23958333, 26.58541667]}}, {"type": "Feature", "properties": {"No_": "1481", "Latitude": 26.59791667, "Longitude": 69.47291667, "Annual_Rai": 332.95}, "geometry": {"type": "Point", "coordinates": [69.47291667, 26.59791667]}}, {"type": "Feature", "properties": {"No_": "1482", "Latitude": 26.58958333, "Longitude": 69.46875, "Annual_Rai": 329.69}, "geometry": {"type": "Point", "coordinates": [69.46875, 26.58958333]}}, {"type": "Feature", "properties": {"No_": "1483", "Latitude": 26.57708333, "Longitude": 68.24375, "Annual_Rai": 220.81}, "geometry": {"type": "Point", "coordinates": [68.24375, 26.57708333]}}, {"type": "Feature", "properties": {"No_": "1484", "Latitude": 26.56875, "Longitude": 67.47708333, "Annual_Rai": 201.12}, "geometry": {"type": "Point", "coordinates": [67.47708333, 26.56875]}}, {"type": "Feature", "properties": {"No_": "1485", "Latitude": 26.56041667, "Longitude": 67.48125, "Annual_Rai": 201.12}, "geometry": {"type": "Point", "coordinates": [67.48125, 26.56041667]}}, {"type": "Feature", "properties": {"No_": "1487", "Latitude": 26.55625, "Longitude": 67.91875, "Annual_Rai": 252.94}, "geometry": {"type": "Point", "coordinates": [67.91875, 26.55625]}}, {"type": "Feature", "properties": {"No_": "1488", "Latitude": 26.55208333, "Longitude": 67.47291667, "Annual_Rai": 201.12}, "geometry": {"type": "Point", "coordinates": [67.47291667, 26.55208333]}}, {"type": "Feature", "properties": {"No_": "1490", "Latitude": 26.55208333, "Longitude": 68.89375, "Annual_Rai": 289.08}, "geometry": {"type": "Point", "coordinates": [68.89375, 26.55208333]}}, {"type": "Feature", "properties": {"No_": "1492", "Latitude": 26.52291667, "Longitude": 67.46458333, "Annual_Rai": 194.82}, "geometry": {"type": "Point", "coordinates": [67.46458333, 26.52291667]}}, {"type": "Feature", "properties": {"No_": "1494", "Latitude": 26.53125, "Longitude": 67.61458333, "Annual_Rai": 200.49}, "geometry": {"type": "Point", "coordinates": [67.61458333, 26.53125]}}, {"type": "Feature", "properties": {"No_": "1496", "Latitude": 26.53125, "Longitude": 69.62708333, "Annual_Rai": 343.43}, "geometry": {"type": "Point", "coordinates": [69.62708333, 26.53125]}}, {"type": "Feature", "properties": {"No_": "1498", "Latitude": 26.52708333, "Longitude": 69.49375, "Annual_Rai": 366.75}, "geometry": {"type": "Point", "coordinates": [69.49375, 26.52708333]}}, {"type": "Feature", "properties": {"No_": "1500", "Latitude": 26.48958333, "Longitude": 69.27708333, "Annual_Rai": 343.17}, "geometry": {"type": "Point", "coordinates": [69.27708333, 26.48958333]}}, {"type": "Feature", "properties": {"No_": "1502", "Latitude": 26.45208333, "Longitude": 67.61458333, "Annual_Rai": 209.11}, "geometry": {"type": "Point", "coordinates": [67.61458333, 26.45208333]}}, {"type": "Feature", "properties": {"No_": "1503", "Latitude": 26.44375, "Longitude": 67.61041667, "Annual_Rai": 209.11}, "geometry": {"type": "Point", "coordinates": [67.61041667, 26.44375]}}, {"type": "Feature", "properties": {"No_": "1504", "Latitude": 26.41875, "Longitude": 67.87708333, "Annual_Rai": 240.38}, "geometry": {"type": "Point", "coordinates": [67.87708333, 26.41875]}}, {"type": "Feature", "properties": {"No_": "1506", "Latitude": 26.39791667, "Longitude": 67.72708333, "Annual_Rai": 212.98}, "geometry": {"type": "Point", "coordinates": [67.72708333, 26.39791667]}}, {"type": "Feature", "properties": {"No_": "1507", "Latitude": 26.39791667, "Longitude": 67.74375, "Annual_Rai": 221.7}, "geometry": {"type": "Point", "coordinates": [67.74375, 26.39791667]}}, {"type": "Feature", "properties": {"No_": "1508", "Latitude": 26.39791667, "Longitude": 67.76458333, "Annual_Rai": 221.7}, "geometry": {"type": "Point", "coordinates": [67.76458333, 26.39791667]}}, {"type": "Feature", "properties": {"No_": "1512", "Latitude": 26.37708333, "Longitude": 69.78541667, "Annual_Rai": 370.41}, "geometry": {"type": "Point", "coordinates": [69.78541667, 26.37708333]}}, {"type": "Feature", "properties": {"No_": "1514", "Latitude": 26.35625, "Longitude": 69.67291667, "Annual_Rai": 370.84}, "geometry": {"type": "Point", "coordinates": [69.67291667, 26.35625]}}, {"type": "Feature", "properties": {"No_": "1515", "Latitude": 26.35208333, "Longitude": 68.93958333, "Annual_Rai": 322.17}, "geometry": {"type": "Point", "coordinates": [68.93958333, 26.35208333]}}, {"type": "Feature", "properties": {"No_": "1516", "Latitude": 26.35208333, "Longitude": 69.61458333, "Annual_Rai": 369.81}, "geometry": {"type": "Point", "coordinates": [69.61458333, 26.35208333]}}, {"type": "Feature", "properties": {"No_": "1519", "Latitude": 26.34375, "Longitude": 69.61875, "Annual_Rai": 369.81}, "geometry": {"type": "Point", "coordinates": [69.61875, 26.34375]}}, {"type": "Feature", "properties": {"No_": "1520", "Latitude": 26.28958333, "Longitude": 69.14791667, "Annual_Rai": 342.92}, "geometry": {"type": "Point", "coordinates": [69.14791667, 26.28958333]}}, {"type": "Feature", "properties": {"No_": "1522", "Latitude": 26.26458333, "Longitude": 68.69375, "Annual_Rai": 310.27}, "geometry": {"type": "Point", "coordinates": [68.69375, 26.26458333]}}, {"type": "Feature", "properties": {"No_": "1524", "Latitude": 26.23541667, "Longitude": 68.69375, "Annual_Rai": 310.27}, "geometry": {"type": "Point", "coordinates": [68.69375, 26.23541667]}}, {"type": "Feature", "properties": {"No_": "1525", "Latitude": 26.23125, "Longitude": 68.52291667, "Annual_Rai": 283.26}, "geometry": {"type": "Point", "coordinates": [68.52291667, 26.23125]}}, {"type": "Feature", "properties": {"No_": "1528", "Latitude": 26.21875, "Longitude": 69.74791667, "Annual_Rai": 372.75}, "geometry": {"type": "Point", "coordinates": [69.74791667, 26.21875]}}, {"type": "Feature", "properties": {"No_": "1530", "Latitude": 26.21041667, "Longitude": 69.11458333, "Annual_Rai": 333.43}, "geometry": {"type": "Point", "coordinates": [69.11458333, 26.21041667]}}, {"type": "Feature", "properties": {"No_": "1532", "Latitude": 26.20208333, "Longitude": 67.52291667, "Annual_Rai": 198.76}, "geometry": {"type": "Point", "coordinates": [67.52291667, 26.20208333]}}, {"type": "Feature", "properties": {"No_": "1534", "Latitude": 26.17708333, "Longitude": 68.02291667, "Annual_Rai": 202.35}, "geometry": {"type": "Point", "coordinates": [68.02291667, 26.17708333]}}, {"type": "Feature", "properties": {"No_": "1536", "Latitude": 26.15625, "Longitude": 68.04791667, "Annual_Rai": 197.15}, "geometry": {"type": "Point", "coordinates": [68.04791667, 26.15625]}}, {"type": "Feature", "properties": {"No_": "1538", "Latitude": 26.14791667, "Longitude": 68.70208333, "Annual_Rai": 294.41}, "geometry": {"type": "Point", "coordinates": [68.70208333, 26.14791667]}}, {"type": "Feature", "properties": {"No_": "1539", "Latitude": 26.14791667, "Longitude": 69.12708333, "Annual_Rai": 325.02}, "geometry": {"type": "Point", "coordinates": [69.12708333, 26.14791667]}}, {"type": "Feature", "properties": {"No_": "1542", "Latitude": 26.11041667, "Longitude": 68.30625, "Annual_Rai": 205.67}, "geometry": {"type": "Point", "coordinates": [68.30625, 26.11041667]}}, {"type": "Feature", "properties": {"No_": "1544", "Latitude": 26.12708333, "Longitude": 69.07708333, "Annual_Rai": 329.51}, "geometry": {"type": "Point", "coordinates": [69.07708333, 26.12708333]}}, {"type": "Feature", "properties": {"No_": "1545", "Latitude": 26.12708333, "Longitude": 69.45625, "Annual_Rai": 340.09}, "geometry": {"type": "Point", "coordinates": [69.45625, 26.12708333]}}, {"type": "Feature", "properties": {"No_": "1546", "Latitude": 26.11875, "Longitude": 69.01041667, "Annual_Rai": 325.56}, "geometry": {"type": "Point", "coordinates": [69.01041667, 26.11875]}}, {"type": "Feature", "properties": {"No_": "1547", "Latitude": 26.11875, "Longitude": 69.07291667, "Annual_Rai": 329.51}, "geometry": {"type": "Point", "coordinates": [69.07291667, 26.11875]}}, {"type": "Feature", "properties": {"No_": "1548", "Latitude": 26.11875, "Longitude": 69.09791667, "Annual_Rai": 320.13}, "geometry": {"type": "Point", "coordinates": [69.09791667, 26.11875]}}, {"type": "Feature", "properties": {"No_": "1550", "Latitude": 26.11875, "Longitude": 69.46041667, "Annual_Rai": 340.09}, "geometry": {"type": "Point", "coordinates": [69.46041667, 26.11875]}}, {"type": "Feature", "properties": {"No_": "1552", "Latitude": 26.06458333, "Longitude": 68.12708333, "Annual_Rai": 202.52}, "geometry": {"type": "Point", "coordinates": [68.12708333, 26.06458333]}}, {"type": "Feature", "properties": {"No_": "1554", "Latitude": 26.04375, "Longitude": 69.21875, "Annual_Rai": 338.62}, "geometry": {"type": "Point", "coordinates": [69.21875, 26.04375]}}, {"type": "Feature", "properties": {"No_": "1556", "Latitude": 26.01041667, "Longitude": 69.20625, "Annual_Rai": 337.37}, "geometry": {"type": "Point", "coordinates": [69.20625, 26.01041667]}}, {"type": "Feature", "properties": {"No_": "1558", "Latitude": 25.99375, "Longitude": 68.59791667, "Annual_Rai": 262.94}, "geometry": {"type": "Point", "coordinates": [68.59791667, 25.99375]}}, {"type": "Feature", "properties": {"No_": "1559", "Latitude": 25.98541667, "Longitude": 68.58958333, "Annual_Rai": 262.94}, "geometry": {"type": "Point", "coordinates": [68.58958333, 25.98541667]}}, {"type": "Feature", "properties": {"No_": "1560", "Latitude": 25.97708333, "Longitude": 69.80625, "Annual_Rai": 385.18}, "geometry": {"type": "Point", "coordinates": [69.80625, 25.97708333]}}, {"type": "Feature", "properties": {"No_": "1562", "Latitude": 25.92291667, "Longitude": 68.25208333, "Annual_Rai": 238.13}, "geometry": {"type": "Point", "coordinates": [68.25208333, 25.92291667]}}, {"type": "Feature", "properties": {"No_": "1563", "Latitude": 25.91458333, "Longitude": 68.24791667, "Annual_Rai": 235.48}, "geometry": {"type": "Point", "coordinates": [68.24791667, 25.91458333]}}, {"type": "Feature", "properties": {"No_": "1564", "Latitude": 25.88958333, "Longitude": 68.72291667, "Annual_Rai": 277.04}, "geometry": {"type": "Point", "coordinates": [68.72291667, 25.88958333]}}, {"type": "Feature", "properties": {"No_": "1565", "Latitude": 25.91041667, "Longitude": 69.71458333, "Annual_Rai": 399.24}, "geometry": {"type": "Point", "coordinates": [69.71458333, 25.91041667]}}, {"type": "Feature", "properties": {"No_": "1568", "Latitude": 25.87708333, "Longitude": 68.33541667, "Annual_Rai": 241.57}, "geometry": {"type": "Point", "coordinates": [68.33541667, 25.87708333]}}, {"type": "Feature", "properties": {"No_": "1570", "Latitude": 25.86875, "Longitude": 69.33125, "Annual_Rai": 340.81}, "geometry": {"type": "Point", "coordinates": [69.33125, 25.86875]}}, {"type": "Feature", "properties": {"No_": "1572", "Latitude": 25.86458333, "Longitude": 68.79375, "Annual_Rai": 283.39}, "geometry": {"type": "Point", "coordinates": [68.79375, 25.86458333]}}, {"type": "Feature", "properties": {"No_": "1574", "Latitude": 25.83958333, "Longitude": 69.42291667, "Annual_Rai": 388.67}, "geometry": {"type": "Point", "coordinates": [69.42291667, 25.83958333]}}, {"type": "Feature", "properties": {"No_": "1576", "Latitude": 25.82708333, "Longitude": 69.79791667, "Annual_Rai": 405.53}, "geometry": {"type": "Point", "coordinates": [69.79791667, 25.82708333]}}, {"type": "Feature", "properties": {"No_": "1578", "Latitude": 25.76875, "Longitude": 69.44791667, "Annual_Rai": 392.46}, "geometry": {"type": "Point", "coordinates": [69.44791667, 25.76875]}}, {"type": "Feature", "properties": {"No_": "1580", "Latitude": 25.71875, "Longitude": 68.32291667, "Annual_Rai": 242.93}, "geometry": {"type": "Point", "coordinates": [68.32291667, 25.71875]}}, {"type": "Feature", "properties": {"No_": "1582", "Latitude": 25.71041667, "Longitude": 67.76458333, "Annual_Rai": 220.92}, "geometry": {"type": "Point", "coordinates": [67.76458333, 25.71041667]}}, {"type": "Feature", "properties": {"No_": "1584", "Latitude": 25.70625, "Longitude": 67.69375, "Annual_Rai": 236.43}, "geometry": {"type": "Point", "coordinates": [67.69375, 25.70625]}}, {"type": "Feature", "properties": {"No_": "1586", "Latitude": 25.70625, "Longitude": 68.32291667, "Annual_Rai": 242.93}, "geometry": {"type": "Point", "coordinates": [68.32291667, 25.70625]}}, {"type": "Feature", "properties": {"No_": "1588", "Latitude": 25.69791667, "Longitude": 67.63958333, "Annual_Rai": 235.52}, "geometry": {"type": "Point", "coordinates": [67.63958333, 25.69791667]}}, {"type": "Feature", "properties": {"No_": "1590", "Latitude": 25.68958333, "Longitude": 69.31875, "Annual_Rai": 361.39}, "geometry": {"type": "Point", "coordinates": [69.31875, 25.68958333]}}, {"type": "Feature", "properties": {"No_": "1591", "Latitude": 25.68541667, "Longitude": 68.40208333, "Annual_Rai": 233.66}, "geometry": {"type": "Point", "coordinates": [68.40208333, 25.68541667]}}, {"type": "Feature", "properties": {"No_": "1594", "Latitude": 25.65625, "Longitude": 69.81875, "Annual_Rai": 377.5}, "geometry": {"type": "Point", "coordinates": [69.81875, 25.65625]}}, {"type": "Feature", "properties": {"No_": "1596", "Latitude": 25.63541667, "Longitude": 69.48958333, "Annual_Rai": 346.7}, "geometry": {"type": "Point", "coordinates": [69.48958333, 25.63541667]}}, {"type": "Feature", "properties": {"No_": "1597", "Latitude": 25.63541667, "Longitude": 69.56041667, "Annual_Rai": 344.41}, "geometry": {"type": "Point", "coordinates": [69.56041667, 25.63541667]}}, {"type": "Feature", "properties": {"No_": "1600", "Latitude": 25.60625, "Longitude": 69.43541667, "Annual_Rai": 371.91}, "geometry": {"type": "Point", "coordinates": [69.43541667, 25.60625]}}, {"type": "Feature", "properties": {"No_": "1601", "Latitude": 25.60208333, "Longitude": 68.36875, "Annual_Rai": 263.44}, "geometry": {"type": "Point", "coordinates": [68.36875, 25.60208333]}}, {"type": "Feature", "properties": {"No_": "1603", "Latitude": 25.59791667, "Longitude": 69.51458333, "Annual_Rai": 345.85}, "geometry": {"type": "Point", "coordinates": [69.51458333, 25.59791667]}}, {"type": "Feature", "properties": {"No_": "1605", "Latitude": 25.58125, "Longitude": 67.28125, "Annual_Rai": 279.65}, "geometry": {"type": "Point", "coordinates": [67.28125, 25.58125]}}, {"type": "Feature", "properties": {"No_": "1606", "Latitude": 25.56458333, "Longitude": 68.93125, "Annual_Rai": 335.44}, "geometry": {"type": "Point", "coordinates": [68.93125, 25.56458333]}}, {"type": "Feature", "properties": {"No_": "1608", "Latitude": 25.55208333, "Longitude": 69.53958333, "Annual_Rai": 315.23}, "geometry": {"type": "Point", "coordinates": [69.53958333, 25.55208333]}}, {"type": "Feature", "properties": {"No_": "1610", "Latitude": 25.53958333, "Longitude": 69.91875, "Annual_Rai": 341.39}, "geometry": {"type": "Point", "coordinates": [69.91875, 25.53958333]}}, {"type": "Feature", "properties": {"No_": "1612", "Latitude": 25.49375, "Longitude": 68.96875, "Annual_Rai": 302.31}, "geometry": {"type": "Point", "coordinates": [68.96875, 25.49375]}}, {"type": "Feature", "properties": {"No_": "1614", "Latitude": 25.48541667, "Longitude": 69.76875, "Annual_Rai": 287.23}, "geometry": {"type": "Point", "coordinates": [69.76875, 25.48541667]}}, {"type": "Feature", "properties": {"No_": "1616", "Latitude": 25.44791667, "Longitude": 67.88541667, "Annual_Rai": 256.43}, "geometry": {"type": "Point", "coordinates": [67.88541667, 25.44791667]}}, {"type": "Feature", "properties": {"No_": "1618", "Latitude": 25.45208333, "Longitude": 69.90625, "Annual_Rai": 347.6}, "geometry": {"type": "Point", "coordinates": [69.90625, 25.45208333]}}, {"type": "Feature", "properties": {"No_": "1619", "Latitude": 25.44791667, "Longitude": 68.00625, "Annual_Rai": 242.85}, "geometry": {"type": "Point", "coordinates": [68.00625, 25.44791667]}}, {"type": "Feature", "properties": {"No_": "1622", "Latitude": 25.43125, "Longitude": 69.05625, "Annual_Rai": 309.69}, "geometry": {"type": "Point", "coordinates": [69.05625, 25.43125]}}, {"type": "Feature", "properties": {"No_": "1624", "Latitude": 25.41875, "Longitude": 67.90208333, "Annual_Rai": 256.88}, "geometry": {"type": "Point", "coordinates": [67.90208333, 25.41875]}}, {"type": "Feature", "properties": {"No_": "1626", "Latitude": 25.41875, "Longitude": 68.50625, "Annual_Rai": 266.98}, "geometry": {"type": "Point", "coordinates": [68.50625, 25.41875]}}, {"type": "Feature", "properties": {"No_": "1628", "Latitude": 25.40208333, "Longitude": 68.73125, "Annual_Rai": 262.6}, "geometry": {"type": "Point", "coordinates": [68.73125, 25.40208333]}}, {"type": "Feature", "properties": {"No_": "1630", "Latitude": 25.39375, "Longitude": 69.53541667, "Annual_Rai": 246.28}, "geometry": {"type": "Point", "coordinates": [69.53541667, 25.39375]}}, {"type": "Feature", "properties": {"No_": "1631", "Latitude": 25.39375, "Longitude": 69.72708333, "Annual_Rai": 269.46}, "geometry": {"type": "Point", "coordinates": [69.72708333, 25.39375]}}, {"type": "Feature", "properties": {"No_": "1634", "Latitude": 25.37291667, "Longitude": 67.16458333, "Annual_Rai": 267.64}, "geometry": {"type": "Point", "coordinates": [67.16458333, 25.37291667]}}, {"type": "Feature", "properties": {"No_": "1635", "Latitude": 25.36458333, "Longitude": 69.12291667, "Annual_Rai": 304.19}, "geometry": {"type": "Point", "coordinates": [69.12291667, 25.36458333]}}, {"type": "Feature", "properties": {"No_": "1636", "Latitude": 25.35625, "Longitude": 69.12708333, "Annual_Rai": 304.19}, "geometry": {"type": "Point", "coordinates": [69.12708333, 25.35625]}}, {"type": "Feature", "properties": {"No_": "1637", "Latitude": 25.34375, "Longitude": 68.14791667, "Annual_Rai": 247.9}, "geometry": {"type": "Point", "coordinates": [68.14791667, 25.34375]}}, {"type": "Feature", "properties": {"No_": "1639", "Latitude": 25.30625, "Longitude": 69.18125, "Annual_Rai": 314.59}, "geometry": {"type": "Point", "coordinates": [69.18125, 25.30625]}}, {"type": "Feature", "properties": {"No_": "1641", "Latitude": 25.30208333, "Longitude": 69.98125, "Annual_Rai": 352.42}, "geometry": {"type": "Point", "coordinates": [69.98125, 25.30208333]}}, {"type": "Feature", "properties": {"No_": "1642", "Latitude": 25.29791667, "Longitude": 69.69375, "Annual_Rai": 235.28}, "geometry": {"type": "Point", "coordinates": [69.69375, 25.29791667]}}, {"type": "Feature", "properties": {"No_": "1645", "Latitude": 25.28958333, "Longitude": 67.13958333, "Annual_Rai": 266.39}, "geometry": {"type": "Point", "coordinates": [67.13958333, 25.28958333]}}, {"type": "Feature", "properties": {"No_": "1648", "Latitude": 25.25625, "Longitude": 69.81458333, "Annual_Rai": 305.66}, "geometry": {"type": "Point", "coordinates": [69.81458333, 25.25625]}}, {"type": "Feature", "properties": {"No_": "1650", "Latitude": 25.22708333, "Longitude": 68.51041667, "Annual_Rai": 256.63}, "geometry": {"type": "Point", "coordinates": [68.51041667, 25.22708333]}}, {"type": "Feature", "properties": {"No_": "1651", "Latitude": 25.23958333, "Longitude": 68.31458333, "Annual_Rai": 239.45}, "geometry": {"type": "Point", "coordinates": [68.31458333, 25.23958333]}}, {"type": "Feature", "properties": {"No_": "1653", "Latitude": 25.23125, "Longitude": 68.87708333, "Annual_Rai": 271.43}, "geometry": {"type": "Point", "coordinates": [68.87708333, 25.23125]}}, {"type": "Feature", "properties": {"No_": "1654", "Latitude": 25.22708333, "Longitude": 67.06875, "Annual_Rai": 281.15}, "geometry": {"type": "Point", "coordinates": [67.06875, 25.22708333]}}, {"type": "Feature", "properties": {"No_": "1657", "Latitude": 25.17291667, "Longitude": 68.50208333, "Annual_Rai": 244.8}, "geometry": {"type": "Point", "coordinates": [68.50208333, 25.17291667]}}, {"type": "Feature", "properties": {"No_": "1659", "Latitude": 25.16041667, "Longitude": 69.08958333, "Annual_Rai": 299.78}, "geometry": {"type": "Point", "coordinates": [69.08958333, 25.16041667]}}, {"type": "Feature", "properties": {"No_": "1661", "Latitude": 25.13958333, "Longitude": 69.90625, "Annual_Rai": 322.82}, "geometry": {"type": "Point", "coordinates": [69.90625, 25.13958333]}}, {"type": "Feature", "properties": {"No_": "1662", "Latitude": 25.13125, "Longitude": 69.65208333, "Annual_Rai": 253.13}, "geometry": {"type": "Point", "coordinates": [69.65208333, 25.13125]}}, {"type": "Feature", "properties": {"No_": "1665", "Latitude": 25.09791667, "Longitude": 67.78958333, "Annual_Rai": 234.77}, "geometry": {"type": "Point", "coordinates": [67.78958333, 25.09791667]}}, {"type": "Feature", "properties": {"No_": "1667", "Latitude": 25.07708333, "Longitude": 69.18125, "Annual_Rai": 292.21}, "geometry": {"type": "Point", "coordinates": [69.18125, 25.07708333]}}, {"type": "Feature", "properties": {"No_": "1669", "Latitude": 25.06041667, "Longitude": 69.74791667, "Annual_Rai": 282.97}, "geometry": {"type": "Point", "coordinates": [69.74791667, 25.06041667]}}, {"type": "Feature", "properties": {"No_": "1671", "Latitude": 25.05208333, "Longitude": 68.82291667, "Annual_Rai": 248.03}, "geometry": {"type": "Point", "coordinates": [68.82291667, 25.05208333]}}, {"type": "Feature", "properties": {"No_": "1673", "Latitude": 25.03541667, "Longitude": 67.40625, "Annual_Rai": 306.29}, "geometry": {"type": "Point", "coordinates": [67.40625, 25.03541667]}}, {"type": "Feature", "properties": {"No_": "1675", "Latitude": 25.02291667, "Longitude": 69.59375, "Annual_Rai": 280.24}, "geometry": {"type": "Point", "coordinates": [69.59375, 25.02291667]}}, {"type": "Feature", "properties": {"No_": "1679", "Latitude": 24.99375, "Longitude": 68.33958333, "Annual_Rai": 236.08}, "geometry": {"type": "Point", "coordinates": [68.33958333, 24.99375]}}, {"type": "Feature", "properties": {"No_": "1680", "Latitude": 24.99791667, "Longitude": 69.01458333, "Annual_Rai": 300.67}, "geometry": {"type": "Point", "coordinates": [69.01458333, 24.99791667]}}, {"type": "Feature", "properties": {"No_": "1683", "Latitude": 24.98125, "Longitude": 68.26875, "Annual_Rai": 237.76}, "geometry": {"type": "Point", "coordinates": [68.26875, 24.98125]}}, {"type": "Feature", "properties": {"No_": "1684", "Latitude": 24.95208333, "Longitude": 67.99791667, "Annual_Rai": 258.6}, "geometry": {"type": "Point", "coordinates": [67.99791667, 24.95208333]}}, {"type": "Feature", "properties": {"No_": "1686", "Latitude": 24.94375, "Longitude": 67.99375, "Annual_Rai": 258.6}, "geometry": {"type": "Point", "coordinates": [67.99375, 24.94375]}}, {"type": "Feature", "properties": {"No_": "1687", "Latitude": 24.93125, "Longitude": 68.02708333, "Annual_Rai": 247.73}, "geometry": {"type": "Point", "coordinates": [68.02708333, 24.93125]}}, {"type": "Feature", "properties": {"No_": "1689", "Latitude": 24.90625, "Longitude": 69.49791667, "Annual_Rai": 308.77}, "geometry": {"type": "Point", "coordinates": [69.49791667, 24.90625]}}, {"type": "Feature", "properties": {"No_": "1691", "Latitude": 24.89791667, "Longitude": 68.05208333, "Annual_Rai": 310.19}, "geometry": {"type": "Point", "coordinates": [68.05208333, 24.89791667]}}, {"type": "Feature", "properties": {"No_": "1693", "Latitude": 24.87291667, "Longitude": 68.06041667, "Annual_Rai": 303.49}, "geometry": {"type": "Point", "coordinates": [68.06041667, 24.87291667]}}, {"type": "Feature", "properties": {"No_": "1695", "Latitude": 24.86875, "Longitude": 69.18125, "Annual_Rai": 310.18}, "geometry": {"type": "Point", "coordinates": [69.18125, 24.86875]}}, {"type": "Feature", "properties": {"No_": "1696", "Latitude": 24.86041667, "Longitude": 69.17708333, "Annual_Rai": 310.18}, "geometry": {"type": "Point", "coordinates": [69.17708333, 24.86041667]}}, {"type": "Feature", "properties": {"No_": "1697", "Latitude": 24.85625, "Longitude": 69.41041667, "Annual_Rai": 294.34}, "geometry": {"type": "Point", "coordinates": [69.41041667, 24.85625]}}, {"type": "Feature", "properties": {"No_": "1699", "Latitude": 24.84791667, "Longitude": 69.39375, "Annual_Rai": 301.11}, "geometry": {"type": "Point", "coordinates": [69.39375, 24.84791667]}}, {"type": "Feature", "properties": {"No_": "1701", "Latitude": 24.82291667, "Longitude": 69.33958333, "Annual_Rai": 308.27}, "geometry": {"type": "Point", "coordinates": [69.33958333, 24.82291667]}}, {"type": "Feature", "properties": {"No_": "1703", "Latitude": 24.76875, "Longitude": 69.25625, "Annual_Rai": 343.29}, "geometry": {"type": "Point", "coordinates": [69.25625, 24.76875]}}, {"type": "Feature", "properties": {"No_": "1705", "Latitude": 24.75625, "Longitude": 69.25625, "Annual_Rai": 343.29}, "geometry": {"type": "Point", "coordinates": [69.25625, 24.75625]}}, {"type": "Feature", "properties": {"No_": "1707", "Latitude": 24.74375, "Longitude": 67.67708333, "Annual_Rai": 254.5}, "geometry": {"type": "Point", "coordinates": [67.67708333, 24.74375]}}, {"type": "Feature", "properties": {"No_": "1708", "Latitude": 24.73541667, "Longitude": 67.68125, "Annual_Rai": 254.5}, "geometry": {"type": "Point", "coordinates": [67.68125, 24.73541667]}}, {"type": "Feature", "properties": {"No_": "1709", "Latitude": 24.72708333, "Longitude": 69.26458333, "Annual_Rai": 323.97}, "geometry": {"type": "Point", "coordinates": [69.26458333, 24.72708333]}}, {"type": "Feature", "properties": {"No_": "1711", "Latitude": 24.66041667, "Longitude": 67.95625, "Annual_Rai": 307.81}, "geometry": {"type": "Point", "coordinates": [67.95625, 24.66041667]}}, {"type": "Feature", "properties": {"No_": "1713", "Latitude": 24.58541667, "Longitude": 68.78125, "Annual_Rai": 284.01}, "geometry": {"type": "Point", "coordinates": [68.78125, 24.58541667]}}, {"type": "Feature", "properties": {"No_": "1715", "Latitude": 24.58125, "Longitude": 68.91875, "Annual_Rai": 318.16}, "geometry": {"type": "Point", "coordinates": [68.91875, 24.58125]}}, {"type": "Feature", "properties": {"No_": "1717", "Latitude": 24.56875, "Longitude": 69.22708333, "Annual_Rai": 375.24}, "geometry": {"type": "Point", "coordinates": [69.22708333, 24.56875]}}, {"type": "Feature", "properties": {"No_": "1719", "Latitude": 24.55625, "Longitude": 69.22708333, "Annual_Rai": 375.24}, "geometry": {"type": "Point", "coordinates": [69.22708333, 24.55625]}}, {"type": "Feature", "properties": {"No_": "1721", "Latitude": 24.55625, "Longitude": 69.57291667, "Annual_Rai": 388.12}, "geometry": {"type": "Point", "coordinates": [69.57291667, 24.55625]}}, {"type": "Feature", "properties": {"No_": "1723", "Latitude": 24.53958333, "Longitude": 69.45208333, "Annual_Rai": 382.06}, "geometry": {"type": "Point", "coordinates": [69.45208333, 24.53958333]}}, {"type": "Feature", "properties": {"No_": "1725", "Latitude": 24.51875, "Longitude": 68.98125, "Annual_Rai": 340.46}, "geometry": {"type": "Point", "coordinates": [68.98125, 24.51875]}}, {"type": "Feature", "properties": {"No_": "1727", "Latitude": 24.48958333, "Longitude": 69.11458333, "Annual_Rai": 337.25}, "geometry": {"type": "Point", "coordinates": [69.11458333, 24.48958333]}}, {"type": "Feature", "properties": {"No_": "1729", "Latitude": 24.46041667, "Longitude": 68.70625, "Annual_Rai": 296.88}, "geometry": {"type": "Point", "coordinates": [68.70625, 24.46041667]}}, {"type": "Feature", "properties": {"No_": "1731", "Latitude": 24.42291667, "Longitude": 67.85625, "Annual_Rai": 263.24}, "geometry": {"type": "Point", "coordinates": [67.85625, 24.42291667]}}, {"type": "Feature", "properties": {"No_": "1733", "Latitude": 24.37708333, "Longitude": 69.06875, "Annual_Rai": 338.49}, "geometry": {"type": "Point", "coordinates": [69.06875, 24.37708333]}}, {"type": "Feature", "properties": {"No_": "1735", "Latitude": 24.31041667, "Longitude": 69.06458333, "Annual_Rai": 354.4}, "geometry": {"type": "Point", "coordinates": [69.06458333, 24.31041667]}}, {"type": "Feature", "properties": {"No_": "1737", "Latitude": 24.28125, "Longitude": 68.60625, "Annual_Rai": 359.53}, "geometry": {"type": "Point", "coordinates": [68.60625, 24.28125]}}, {"type": "Feature", "properties": {"No_": "1739", "Latitude": 24.26875, "Longitude": 68.68958333, "Annual_Rai": 362.78}, "geometry": {"type": "Point", "coordinates": [68.68958333, 24.26875]}}, {"type": "Feature", "properties": {"No_": "1741", "Latitude": 24.23958333, "Longitude": 68.25208333, "Annual_Rai": 315.96}, "geometry": {"type": "Point", "coordinates": [68.25208333, 24.23958333]}}, {"type": "Feature", "properties": {"No_": null, "Latitude": 0.0, "Longitude": 0.0, "Annual_Rai": 0.0}, "geometry": {"type": "Point", "coordinates": [-1.7976931348623157e+308, -1.7976931348623157e+308]}}, {"type": "Feature", "properties": {"No_": null, "Latitude": 0.0, "Longitude": 0.0, "Annual_Rai": 0.0}, "geometry": {"type": "Point", "coordinates": [-1.7976931348623157e+308, -1.7976931348623157e+308]}}]}