{
"type": "FeatureCollection",
"name": "polygon_sites_monsoon_basin",
"crs": { "type": "name", "properties": { "name": "urn:ogc:def:crs:OGC:1.3:CRS84" } },
"features": [
{ "type": "Feature", "properties": { "Name": "T1", "district": "Dera Ghazi Khan", "province": "Punjab", "area_km2": 2.95, "volume_MAF": 0.01458, "River": "Torrent", "Shape_Leng": 0.06195688748, "Shape_Area": 0.00027717398 }, "geometry": { "type": "MultiPolygon", "coordinates": [ [ [ [ 70.5167521173164, 30.707502380030899, 150.0 ], [ 70.5167643831698, 30.7075606201266, 150.0 ], [ 70.5167399270061, 30.707607931660799, 150.0 ], [ 70.516675192905893, 30.707671245731401, 150.0 ], [ 70.516609042373503, 30.707735492399099, 150.0 ], [ 70.516543197610503, 30.7077996005711, 150.0 ], [ 70.516478796259506, 30.707862860682599, 150.0 ], [ 70.516389739994594, 30.707973883787801, 150.0 ], [ 70.516343968998996, 30.7080376475195, 150.0 ], [ 70.516309158940601, 30.708151237289801, 150.0 ], [ 70.516258644021306, 30.7082479782616, 150.0 ], [ 70.516205643375798, 30.708361406154001, 150.0 ], [ 70.516157135743299, 30.708442322655099, 150.0 ], [ 70.516141562183407, 30.708542193267601, 150.0 ], [ 70.516063793309499, 30.708689948282501, 150.0 ], [ 70.516009789919906, 30.708805162228501, 150.0 ], [ 70.515925351673701, 30.708988484531002, 150.0 ], [ 70.515869216890906, 30.709105992647501, 150.0 ], [ 70.515815054321394, 30.709207303973901, 150.0 ], [ 70.515751834679506, 30.709360850622801, 150.0 ], [ 70.515683550055797, 30.709549106606101, 150.0 ], [ 70.515610751734897, 30.7096506022935, 150.0 ], [ 70.515578182786996, 30.7097364227977, 150.0 ], [ 70.515553310237095, 30.709892752848301, 150.0 ], [ 70.515477060318105, 30.710012887884499, 150.0 ], [ 70.515462854627103, 30.710100604159599, 150.0 ], [ 70.515413321767397, 30.7101697323473, 150.0 ], [ 70.5153826692748, 30.710239715790301, 150.0 ], [ 70.515362116168802, 30.710363870796101, 150.0 ], [ 70.515349945643493, 30.710435386683798, 150.0 ], [ 70.515312045514506, 30.710652090021998, 150.0 ], [ 70.515270200958994, 30.710778942094599, 150.0 ], [ 70.515247564123896, 30.710906974077702, 150.0 ], [ 70.5152219496333, 30.7110691569161, 150.0 ], [ 70.515201730175804, 30.711196088129, 150.0 ], [ 70.515186169206402, 30.711288074385202, 150.0 ], [ 70.515173683918405, 30.711361879946899, 150.0 ], [ 70.515187935474898, 30.711511182694899, 150.0 ], [ 70.515159444053197, 30.7116790762284, 150.0 ], [ 70.515149881561896, 30.711735290151601, 150.0 ], [ 70.515140299285505, 30.71179161649, 150.0 ], [ 70.515127492939499, 30.711866893342499, 150.0 ], [ 70.515108220468093, 30.711980183638602, 150.0 ], [ 70.515095328686499, 30.712055963212201, 150.0 ], [ 70.5150893284098, 30.7122087310482, 150.0 ], [ 70.5150732332432, 30.7123041329294, 150.0 ], [ 70.515091931047806, 30.712437977230898, 150.0 ], [ 70.515083127584305, 30.712494692975699, 150.0 ], [ 70.515068420970906, 30.712589445546499, 150.0 ], [ 70.515047757248297, 30.7127225784843, 150.0 ], [ 70.515093503962106, 30.712944317126599, 150.0 ], [ 70.515122744519104, 30.712976872584601, 150.0 ], [ 70.515198623018094, 30.713042679576098, 150.0 ], [ 70.515227743965298, 30.713075483247, 150.0 ], [ 70.515315301060397, 30.713174109197801, 150.0 ], [ 70.515344549711202, 30.713207055861002, 150.0 ], [ 70.515417812981795, 30.713289582148501, 150.0 ], [ 70.515476331867305, 30.713355930531801, 150.0 ], [ 70.515534776109106, 30.713422566698199, 150.0 ], [ 70.5155934460807, 30.7135588724441, 150.0 ], [ 70.515628974697506, 30.713643723479102, 150.0 ], [ 70.515669570994007, 30.713711021546398, 150.0 ], [ 70.515703653500907, 30.713811786085099, 150.0 ], [ 70.5157236832015, 30.713895458108901, 150.0 ], [ 70.515757070532501, 30.714011789012901, 150.0 ], [ 70.515770320244101, 30.714144184506601, 150.0 ], [ 70.5157978107205, 30.714280590077198, 150.0 ], [ 70.515793864495294, 30.714384490551801, 150.0 ], [ 70.515793338391902, 30.714471656441798, 150.0 ], [ 70.515783769605306, 30.7145953186191, 150.0 ], [ 70.515767037718703, 30.714754396098598, 150.0 ], [ 70.515759580540205, 30.714877566346701, 150.0 ], [ 70.515748974835404, 30.714929978835499, 150.0 ], [ 70.515727936994793, 30.715034900940001, 150.0 ], [ 70.515737318722401, 30.715189976436299, 150.0 ], [ 70.515748651079406, 30.715329555714501, 150.0 ], [ 70.515754083883905, 30.715399813450698, 150.0 ], [ 70.515777802603594, 30.7154707996377, 150.0 ], [ 70.515771077473303, 30.7155060800416, 150.0 ], [ 70.515763855017994, 30.715646866210001, 150.0 ], [ 70.515769822019706, 30.7157173973401, 150.0 ], [ 70.515763547449794, 30.715858214984699, 150.0 ], [ 70.5157703130496, 30.7159284691236, 150.0 ], [ 70.515761255977196, 30.7159811271273, 150.0 ], [ 70.515758541823303, 30.716104889129401, 150.0 ], [ 70.515748391175407, 30.716158863740599, 150.0 ], [ 70.515770319344796, 30.716248364270701, 150.0 ], [ 70.515823891959101, 30.716374275652399, 150.0 ], [ 70.515871693623794, 30.716428217888001, 150.0 ], [ 70.515937787498999, 30.7164832078338, 150.0 ], [ 70.516055015027007, 30.716559842662701, 150.0 ], [ 70.516114643675905, 30.716637020682001, 150.0 ], [ 70.516213116741994, 30.716714199600698, 150.0 ], [ 70.516281387875793, 30.716753206795101, 150.0 ], [ 70.516378678333396, 30.7168325216036, 150.0 ], [ 70.5165101673105, 30.716932252821302, 150.0 ], [ 70.516596930304203, 30.7169731018273, 150.0 ], [ 70.516692183797304, 30.7170714642767, 150.0 ], [ 70.516707612566293, 30.7170909417936, 150.0 ], [ 70.516753961825899, 30.717149456182501, 150.0 ], [ 70.516857463900905, 30.7172094184799, 150.0 ], [ 70.516940017168096, 30.717271697430899, 150.0 ], [ 70.517040010987799, 30.717351827025301, 150.0 ], [ 70.517091565523401, 30.717390166023399, 150.0 ], [ 70.517178567736806, 30.717447981639101, 150.0 ], [ 70.517358605715103, 30.717526705593102, 150.0 ], [ 70.517465182572195, 30.7175852343711, 150.0 ], [ 70.517630174892702, 30.7176592224952, 150.0 ], [ 70.517810343272799, 30.717739849414599, 150.0 ], [ 70.517950215729897, 30.717838159703401, 150.0 ], [ 70.518002954672696, 30.7178767316259, 150.0 ], [ 70.518072539716002, 30.717934452812798, 150.0 ], [ 70.518136712639205, 30.718030602030701, 150.0 ], [ 70.518170250156999, 30.718069182047099, 150.0 ], [ 70.518273647910604, 30.718166213500002, 150.0 ], [ 70.518303771601794, 30.718225551667899, 150.0 ], [ 70.5183368594585, 30.718265388936601, 150.0 ], [ 70.518476303838398, 30.718369316390898, 150.0 ], [ 70.518564618162699, 30.718431134888998, 150.0 ], [ 70.518673761684795, 30.7184915747264, 150.0 ], [ 70.518780169469295, 30.718572247511201, 150.0 ], [ 70.518850392131895, 30.718632689147299, 150.0 ], [ 70.518996403361399, 30.718714543641301, 150.0 ], [ 70.519010828486998, 30.718754336843201, 150.0 ], [ 70.519081488220095, 30.718815139107399, 150.0 ], [ 70.519225717892596, 30.718917322776299, 150.0 ], [ 70.519262474983293, 30.718937966713799, 150.0 ], [ 70.519349205601401, 30.719022436436301, 150.0 ], [ 70.519398223149594, 30.719088455667801, 150.0 ], [ 70.519500245839694, 30.7191987350337, 150.0 ], [ 70.519569929808497, 30.7192646193668, 150.0 ], [ 70.519639865587394, 30.719330533377398, 150.0 ], [ 70.519690263594796, 30.719395995029199, 150.0 ], [ 70.519724059218007, 30.719439465558899, 150.0 ], [ 70.519815145252807, 30.719504432583602, 150.0 ], [ 70.519909030877102, 30.719563911944999, 150.0 ], [ 70.520022188073597, 30.7196408093759, 150.0 ], [ 70.520155821034393, 30.7197174010373, 150.0 ], [ 70.520243352948498, 30.719838835593901, 150.0 ], [ 70.520319884355203, 30.719878689949599, 150.0 ], [ 70.520353417376398, 30.719940511145801, 150.0 ], [ 70.520387016048005, 30.720002451052299, 150.0 ], [ 70.520478662360503, 30.7200861419619, 150.0 ], [ 70.520533950881202, 30.7201299074693, 150.0 ], [ 70.520587624219601, 30.720193310572899, 150.0 ], [ 70.520697667963105, 30.720299044765198, 150.0 ], [ 70.520774113034904, 30.720341715797598, 150.0 ], [ 70.520884724250706, 30.720447943717701, 150.0 ], [ 70.520961851907998, 30.720489722622599, 150.0 ], [ 70.521036383222594, 30.7205696705539, 150.0 ], [ 70.521112293197803, 30.72063096115, 150.0 ], [ 70.521249055799302, 30.720693327335301, 150.0 ], [ 70.521306329123803, 30.7207352519304, 150.0 ], [ 70.5214264497709, 30.7207568284649, 150.0 ], [ 70.521566948156206, 30.7207785983537, 150.0 ], [ 70.521666856540307, 30.720800089452599, 150.0 ], [ 70.521748167843697, 30.720800667716698, 150.0 ], [ 70.521868475549795, 30.720822313498999, 150.0 ], [ 70.522046661824007, 30.720886019674101, 150.0 ], [ 70.5221280423753, 30.720886595240199, 150.0 ], [ 70.522247039769098, 30.720929123280499, 150.0 ], [ 70.522347306083404, 30.720950692620399, 150.0 ], [ 70.522505580468206, 30.721015399740999, 150.0 ], [ 70.522644812608107, 30.721060691397799, 150.0 ], [ 70.522743724543304, 30.721104473992298, 150.0 ], [ 70.522822489866101, 30.721147547921099, 150.0 ], [ 70.522923885728801, 30.721151379033, 150.0 ], [ 70.523001721152596, 30.721214564500599, 150.0 ], [ 70.523061546752999, 30.721236933337899, 150.0 ], [ 70.523180931754695, 30.7212837484463, 150.0 ], [ 70.523299991201696, 30.721333478257499, 150.0 ], [ 70.523378796094605, 30.721380255594401, 150.0 ], [ 70.523460459932295, 30.721382593831699, 150.0 ], [ 70.523501225301302, 30.721383993176801, 150.0 ], [ 70.523641600479607, 30.7214325682585, 150.0 ], [ 70.523884235768904, 30.721485966404298, 150.0 ], [ 70.523964899560497, 30.721510883020901, 150.0 ], [ 70.524005823210203, 30.721512251789001, 150.0 ], [ 70.524149319935205, 30.721515128720299, 150.0 ], [ 70.524333841033993, 30.721518842020998, 150.0 ], [ 70.524497878274502, 30.721522142532901, 150.0 ], [ 70.524641326436097, 30.7215260626777, 150.0 ], [ 70.524744029013803, 30.721526413413301, 150.0 ], [ 70.524805717110198, 30.721525723633299, 150.0 ], [ 70.524908179568897, 30.721528710281799, 150.0 ], [ 70.525072074716505, 30.721534833765599, 150.0 ], [ 70.525154066806806, 30.721537704401602, 150.0 ], [ 70.525277166907799, 30.7215403915758, 150.0 ], [ 70.525297693034204, 30.721540697345301, 150.0 ], [ 70.525461921830299, 30.7215428053563, 150.0 ], [ 70.525544601002593, 30.721520455404701, 150.0 ], [ 70.5256677316805, 30.721521057051199, 150.0 ], [ 70.525811796777106, 30.721499824957, 150.0 ], [ 70.525935233224502, 30.7214783005832, 150.0 ], [ 70.526017228012705, 30.721478686392299, 150.0 ], [ 70.526119694068697, 30.7214791324561, 150.0 ], [ 70.526201959552793, 30.721457772658098, 150.0 ], [ 70.526304373448099, 30.721458409378201, 150.0 ], [ 70.526427251416607, 30.721459663033102, 150.0 ], [ 70.526570844369004, 30.7214409220609, 150.0 ], [ 70.526714349187898, 30.721422753957, 150.0 ], [ 70.526775794467397, 30.7214239779343, 150.0 ], [ 70.526898699415497, 30.721404748630299, 150.0 ], [ 70.527062467758796, 30.721386187522601, 150.0 ], [ 70.5271238545823, 30.7213872298369, 150.0 ], [ 70.527205709076298, 30.721388681342599, 150.0 ], [ 70.527349113171098, 30.7213931356847, 150.0 ], [ 70.527451618797201, 30.721396838193598, 150.0 ], [ 70.527594663163299, 30.7213573165869, 150.0 ], [ 70.527738051969607, 30.721361284395801, 150.0 ], [ 70.527819352481202, 30.721300039665199, 150.0 ], [ 70.527921438123897, 30.721281606261201, 150.0 ], [ 70.528022893341898, 30.721220745541, 150.0 ], [ 70.528165935009994, 30.721223851799401, 150.0 ], [ 70.528206389213594, 30.721203177284799, 150.0 ], [ 70.528367899359097, 30.721119866788499, 150.0 ], [ 70.528448487607605, 30.721078272244501, 150.0 ], [ 70.528528959843698, 30.721036720868, 150.0 ], [ 70.528608803453594, 30.720973945491298, 150.0 ], [ 70.528689030174604, 30.720932537106901, 150.0 ], [ 70.528769147178494, 30.7208911844806, 150.0 ], [ 70.528847956568001, 30.720807538537098, 150.0 ], [ 70.528946719215796, 30.720723862016701, 150.0 ], [ 70.529066022379098, 30.720661851063699, 150.0 ], [ 70.529086314681706, 30.720662319610401, 150.0 ], [ 70.529165607906506, 30.7206026549886, 150.0 ], [ 70.529244831883503, 30.720543413048102, 150.0 ], [ 70.529364049611303, 30.720466327658901, 150.0 ], [ 70.529483116252905, 30.720389837620999, 150.0 ], [ 70.529583334903094, 30.720371621852902, 150.0 ], [ 70.529641656837001, 30.720311723407299, 150.0 ], [ 70.529701356532399, 30.720292513888499, 150.0 ], [ 70.529818839467893, 30.720212618117898, 150.0 ], [ 70.529897439315405, 30.720172573105799, 150.0 ], [ 70.530075297337106, 30.7201132844006, 150.0 ], [ 70.530132445655894, 30.7200521098171, 150.0 ], [ 70.530301950774501, 30.719896052260999, 150.0 ], [ 70.530325710862897, 30.719847870183099, 150.0 ], [ 70.530467654458704, 30.719632478955798, 150.0 ], [ 70.530491214897694, 30.719584657506001, 150.0 ], [ 70.530538103750501, 30.719417183056599, 150.0 ], [ 70.5306083947617, 30.719298680289899, 150.0 ], [ 70.530608192414206, 30.719227043893, 150.0 ], [ 70.530654690961299, 30.719085474415198, 150.0 ], [ 70.530654542573103, 30.719038184464701, 150.0 ], [ 70.530700831578102, 30.718897436067898, 150.0 ], [ 70.530769991242195, 30.718710315029099, 150.0 ], [ 70.530792549836306, 30.718570233929199, 150.0 ], [ 70.5308155410045, 30.718523874777102, 150.0 ], [ 70.530860704058298, 30.718315234760301, 150.0 ], [ 70.530951736133801, 30.7181079401294, 150.0 ], [ 70.530972974523195, 30.717856870997899, 150.0 ], [ 70.531018670875, 30.717812222356201, 150.0 ], [ 70.531040947981396, 30.717721998771299, 150.0 ], [ 70.531108471778595, 30.717565169596899, 150.0 ], [ 70.531106668637904, 30.717363186362, 150.0 ], [ 70.531150684156799, 30.717185302259999, 150.0 ], [ 70.531171655447594, 30.7170279991429, 150.0 ], [ 70.531192645624202, 30.716872250054301, 150.0 ], [ 70.531191880301094, 30.7167850409969, 150.0 ], [ 70.531213220313902, 30.7166335331111, 150.0 ], [ 70.531256692642302, 30.716440154589499, 150.0 ], [ 70.531300844858194, 30.716313710809199, 150.0 ], [ 70.531344968295699, 30.716228393026, 150.0 ], [ 70.5313653163563, 30.7160759750263, 150.0 ], [ 70.531363811790499, 30.715967469123399, 150.0 ], [ 70.531338683833297, 30.715792097727199, 150.0 ], [ 70.5314343752962, 30.7156009953897, 150.0 ], [ 70.531505343496903, 30.715452783519201, 150.0 ], [ 70.531527189827997, 30.715254784280901, 150.0 ], [ 70.531574278330297, 30.7151572842813, 150.0 ], [ 70.531620750797103, 30.715034288501698, 150.0 ], [ 70.531714041969494, 30.714860817372902, 150.0 ], [ 70.531783201633502, 30.714711282599598, 150.0 ], [ 70.531876869621897, 30.714590630453301, 150.0 ], [ 70.531993243693293, 30.714422590330301, 150.0 ], [ 70.532016110754995, 30.714374044027, 150.0 ], [ 70.532085184983401, 30.7142539908291, 150.0 ], [ 70.532131741086999, 30.714206207150799, 150.0 ], [ 70.532221211939401, 30.713985743747099, 150.0 ], [ 70.532219349443494, 30.713912082077002, 150.0 ], [ 70.532239211870206, 30.713765380168201, 150.0 ], [ 70.532259711916296, 30.713644101194301, 150.0 ], [ 70.532303504403302, 30.7135019651436, 150.0 ], [ 70.532347828389604, 30.713384754702702, 150.0 ], [ 70.532413690239693, 30.713197495168298, 150.0 ], [ 70.532410520129503, 30.713078763973801, 150.0 ], [ 70.532431888920598, 30.7130075673454, 150.0 ], [ 70.532473076071696, 30.712797616117101, 150.0 ], [ 70.5324940275773, 30.7127054095271, 150.0 ], [ 70.5325130059705, 30.7125436277863, 150.0 ], [ 70.532534432318201, 30.712475022104599, 150.0 ], [ 70.532553469167297, 30.712315206281801, 150.0 ], [ 70.532574828965295, 30.712247195052001, 150.0 ], [ 70.532571228079703, 30.712110671670199, 150.0 ], [ 70.532591231700096, 30.711997384971401, 150.0 ], [ 70.532632046531802, 30.711815877500801, 150.0 ], [ 70.532672730961806, 30.711655389884399, 150.0 ], [ 70.532691174258304, 30.711518505874398, 150.0 ], [ 70.532734353407804, 30.711429874988799, 150.0 ], [ 70.532788627493204, 30.711041964115399, 150.0 ], [ 70.5327806891775, 30.7107975409738, 150.0 ], [ 70.532775370586904, 30.710641754113698, 150.0 ], [ 70.532815030689207, 30.710467715512699, 150.0 ], [ 70.532810633903694, 30.710317043097099, 150.0 ], [ 70.532828675203206, 30.710167279896101, 150.0 ], [ 70.532844267648898, 30.709971588318201, 150.0 ], [ 70.532883963724004, 30.709821799936201, 150.0 ], [ 70.532945298386906, 30.7096336006102, 150.0 ], [ 70.532985047522004, 30.7094679931534, 150.0 ], [ 70.533025404598803, 30.709342990086999, 150.0 ], [ 70.533085438841994, 30.709174191835501, 150.0 ], [ 70.533104933445998, 30.709110531525901, 150.0 ], [ 70.533124388479806, 30.709046998919899, 150.0 ], [ 70.533161386588802, 30.708877952455602, 150.0 ], [ 70.533220424383202, 30.708710906982802, 150.0 ], [ 70.5332381392288, 30.7086071054336, 150.0 ], [ 70.533278553862203, 30.708524690661999, 150.0 ], [ 70.533316260636994, 30.708380478076698, 150.0 ], [ 70.533354748922605, 30.708257641477001, 150.0 ], [ 70.533371454728893, 30.708135411919798, 150.0 ], [ 70.533431917948704, 30.708014939637799, 150.0 ], [ 70.533467776616604, 30.707833744231898, 150.0 ], [ 70.533545873743194, 30.7076342386293, 150.0 ], [ 70.533581934758601, 30.707474612563399, 150.0 ], [ 70.533618088404097, 30.707334176231299, 150.0 ], [ 70.533676020032402, 30.7071956824349, 150.0 ], [ 70.533734128827106, 30.7070587381703, 150.0 ], [ 70.533729982952394, 30.7069790204655, 150.0 ], [ 70.533746478317397, 30.706880674203799, 150.0 ], [ 70.533785139272794, 30.706802309978698, 150.0 ], [ 70.533822502506595, 30.706703995193301, 150.0 ], [ 70.533817188412598, 30.706605433993602, 150.0 ], [ 70.533855502229699, 30.706527649831202, 150.0 ], [ 70.533871518256007, 30.706430188502502, 150.0 ], [ 70.533908002852101, 30.706314699363901, 150.0 ], [ 70.533922477440498, 30.706180524112, 150.0 ], [ 70.533937204738294, 30.706047447831502, 150.0 ], [ 70.533953673123605, 30.705952764508499, 150.0 ], [ 70.533967438146803, 30.7058190631993, 150.0 ], [ 70.533983536910696, 30.705724578626501, 150.0 ], [ 70.533997652669598, 30.705592649880899, 150.0 ], [ 70.533988658549802, 30.7054230638234, 150.0 ], [ 70.533984406555206, 30.705347507281701, 150.0 ], [ 70.533975820727605, 30.705196823174902, 150.0 ], [ 70.533968541614996, 30.7050659709179, 150.0 ], [ 70.533943428046797, 30.7049737400461, 150.0 ], [ 70.533876061631005, 30.704862775396801, 150.0 ], [ 70.533871139641505, 30.704753404346199, 150.0 ], [ 70.533802676952106, 30.7046239964004, 150.0 ], [ 70.533779301773393, 30.704568796912501, 150.0 ], [ 70.533732756461603, 30.704458788242601, 150.0 ], [ 70.533666753418004, 30.704367096064701, 150.0 ], [ 70.533600963513706, 30.704275705159699, 150.0 ], [ 70.533535506358604, 30.704201574043498, 150.0 ], [ 70.533447265778804, 30.704073215606499, 150.0 ], [ 70.533382190835496, 30.703999513466801, 150.0 ], [ 70.533296745348594, 30.703925550523799, 150.0 ], [ 70.533233244218906, 30.703870871743401, 150.0 ], [ 70.533169160328598, 30.703798493405799, 150.0 ], [ 70.533063718415903, 30.703707676268301, 150.0 ], [ 70.5329579464521, 30.703599432068199, 150.0 ], [ 70.532915466975297, 30.703545817185798, 150.0 ], [ 70.532832675387695, 30.703491943298602, 150.0 ], [ 70.532729703912807, 30.703437746554801, 150.0 ], [ 70.532606544456499, 30.703383119935101, 150.0 ], [ 70.532504332009395, 30.7033464096091, 150.0 ], [ 70.532381333531802, 30.703291583339901, 150.0 ], [ 70.532340382902404, 30.7032733298004, 150.0 ], [ 70.532258553589401, 30.703236854197499, 150.0 ], [ 70.532156509315499, 30.7031998012299, 150.0 ], [ 70.532053566618899, 30.703127499334698, 150.0 ], [ 70.531911007886805, 30.703072153257299, 150.0 ], [ 70.531870274893294, 30.703053863744898, 150.0 ], [ 70.5317683763096, 30.702999460156999, 150.0 ], [ 70.531687136951902, 30.702962986352802, 150.0 ], [ 70.531545072846896, 30.7028905756396, 150.0 ], [ 70.531463867663405, 30.702836882516198, 150.0 ], [ 70.531403378363294, 30.7028183519854, 150.0 ], [ 70.531322639028602, 30.702782115602201, 150.0 ], [ 70.531222145185893, 30.7027460788685, 150.0 ], [ 70.531141869901404, 30.702693953263399, 150.0 ], [ 70.531061563140696, 30.702641183743701, 150.0 ], [ 70.530941425406496, 30.702604889803901, 150.0 ], [ 70.530881379472106, 30.702569757788101, 150.0 ], [ 70.530781498067697, 30.7025000063703, 150.0 ], [ 70.530681743467795, 30.702464447176599, 150.0 ], [ 70.530561994240699, 30.7024447682115, 150.0 ], [ 70.530462291801399, 30.7024255416055, 150.0 ], [ 70.530322895984895, 30.702405850049999, 150.0 ], [ 70.530183842810203, 30.702369816913599, 150.0 ], [ 70.530064684437704, 30.7023513448387, 150.0 ], [ 70.5299059199223, 30.702314465440299, 150.0 ], [ 70.529826412658807, 30.702313097571398, 150.0 ], [ 70.529727040270799, 30.7023113861616, 150.0 ], [ 70.529607804556605, 30.702309333908701, 150.0 ], [ 70.529488576936302, 30.702307304138799, 150.0 ], [ 70.529349539949393, 30.702304339973399, 150.0 ], [ 70.529191045230604, 30.702284103428699, 150.0 ], [ 70.529052115262999, 30.702281433341501, 150.0 ], [ 70.528873435260905, 30.7022788280055, 150.0 ], [ 70.528774139315104, 30.702277584243198, 150.0 ], [ 70.528575545625003, 30.702274952826901, 150.0 ], [ 70.528317347567594, 30.7022714787458, 150.0 ], [ 70.528218030038104, 30.702270142353299, 150.0 ], [ 70.528098927423599, 30.702268266367501, 150.0 ], [ 70.527960160233206, 30.702265487462299, 150.0 ], [ 70.527800779682295, 30.702279471020798, 150.0 ], [ 70.527582751642697, 30.702275380904201, 150.0 ], [ 70.527463641833705, 30.702273575065501, 150.0 ], [ 70.527284960932306, 30.702270956239701, 150.0 ], [ 70.527147097560501, 30.702251534480801, 150.0 ], [ 70.527009600212907, 30.702231782670701, 150.0 ], [ 70.526832667593595, 30.702211227766, 150.0 ], [ 70.526734895099395, 30.702192393264401, 150.0 ], [ 70.526596389611797, 30.7021899929738, 150.0 ], [ 70.526497449797503, 30.702188290557199, 150.0 ], [ 70.526261132245494, 30.7021673813197, 150.0 ], [ 70.526142269749997, 30.702165621346399, 150.0 ], [ 70.526023612299895, 30.7021636176569, 150.0 ], [ 70.525766279390297, 30.702159599485999, 150.0 ], [ 70.525686960984501, 30.702158523896799, 150.0 ], [ 70.525567977979804, 30.7021569105131, 150.0 ], [ 70.525406428264105, 30.7021886520847, 150.0 ], [ 70.525327100865098, 30.702187508147102, 150.0 ], [ 70.525168742843306, 30.702184949575798, 150.0 ], [ 70.525147425313506, 30.702201594228299, 150.0 ], [ 70.525007417957994, 30.7022161569502, 150.0 ], [ 70.524788561642893, 30.7022290856038, 150.0 ], [ 70.524648235927401, 30.7022438479752, 150.0 ], [ 70.524588853692705, 30.702242831741302, 150.0 ], [ 70.524405338036004, 30.702291010222002, 150.0 ], [ 70.524139611753796, 30.702371174889802, 150.0 ], [ 70.524018911043996, 30.7023861333134, 150.0 ], [ 70.523791021938194, 30.7024680606525, 150.0 ], [ 70.523687667351993, 30.702500773492002, 150.0 ], [ 70.523542427740907, 30.702550013172601, 150.0 ], [ 70.523401004852502, 30.702564993179902, 150.0 ], [ 70.523315231113102, 30.702615246396501, 150.0 ], [ 70.523233381115702, 30.7026312165574, 150.0 ], [ 70.523129456359399, 30.702664090375499, 150.0 ], [ 70.523005974945804, 30.702696304091202, 150.0 ], [ 70.522902514239703, 30.702728730946198, 150.0 ], [ 70.522840922370705, 30.702744679523398, 150.0 ], [ 70.522715141390705, 30.702794100867099, 150.0 ], [ 70.522608543849302, 30.702844370271499, 150.0 ], [ 70.522477615149896, 30.702928785135398, 150.0 ], [ 70.522330890757999, 30.702978361162501, 150.0 ], [ 70.522159068086594, 30.703062579974102, 150.0 ], [ 70.521964228166695, 30.703164204264699, 150.0 ], [ 70.521811288560201, 30.703249418625798, 150.0 ], [ 70.521719917440294, 30.703318926327398, 150.0 ], [ 70.521503835533593, 30.7034049186022, 150.0 ], [ 70.521325714909906, 30.703508910807599, 150.0 ], [ 70.521218767532204, 30.703543063461701, 150.0 ], [ 70.521127436881798, 30.703612440761599, 150.0 ], [ 70.521037773574406, 30.703664787599902, 150.0 ], [ 70.520882599152699, 30.703751167482402, 150.0 ], [ 70.520704972256695, 30.703854570632, 150.0 ], [ 70.520522724644096, 30.703977058294601, 150.0 ], [ 70.520242028247097, 30.704189836092102, 150.0 ], [ 70.520100976778707, 30.7042967609868, 150.0 ], [ 70.519983054974105, 30.7043861517995, 150.0 ], [ 70.519842118618996, 30.704493056009799, 150.0 ], [ 70.519721880160702, 30.704600233613899, 150.0 ], [ 70.519511996381596, 30.704759667224899, 150.0 ], [ 70.519438655769406, 30.704831359379799, 150.0 ], [ 70.519291557259606, 30.7049589417019, 150.0 ], [ 70.519190698292206, 30.7050514243838, 150.0 ], [ 70.519039414337598, 30.7051984140756, 150.0 ], [ 70.518891140413899, 30.7053271439326, 150.0 ], [ 70.518714277941598, 30.705493826079199, 150.0 ], [ 70.518589051843307, 30.705605207114701, 150.0 ], [ 70.518411278357902, 30.7057728803142, 150.0 ], [ 70.518285594504604, 30.705884787453002, 150.0 ], [ 70.518112978631095, 30.706016091169701, 150.0 ], [ 70.518030903803194, 30.706111215160501, 150.0 ], [ 70.517928201225601, 30.7062057761757, 150.0 ], [ 70.517774954950298, 30.706338855154101, 150.0 ], [ 70.517674766877093, 30.706415132952099, 150.0 ], [ 70.517595294687197, 30.7064920960335, 150.0 ], [ 70.517486836448398, 30.706607701184499, 150.0 ], [ 70.517383567297799, 30.706702963670899, 150.0 ], [ 70.517217784473203, 30.706895716264299, 150.0 ], [ 70.517076583717397, 30.707070073225299, 150.0 ], [ 70.516966736925397, 30.707187350216099, 150.0 ], [ 70.5167521173164, 30.707502380030899, 150.0 ] ] ] ] } },
{ "type": "Feature", "properties": { "Name": "S1", "district": "Kasur", "province": "Punjab", "area_km2": 38.609063539099999, "volume_MAF": 0.19081014748, "River": "Sutlej", "Shape_Leng": 0.22590163669, "Shape_Area": 0.00364936445 }, "geometry": { "type": "MultiPolygon", "coordinates": [ [ [ [ 74.608068485672106, 31.091446366356799, 0.0 ], [ 74.614011721064102, 31.0981421562356, 0.0 ], [ 74.614386125019706, 31.098717743928798, 0.0 ], [ 74.615172230514105, 31.099659575129401, 0.0 ], [ 74.616222594597104, 31.1011730720797, 0.0 ], [ 74.616881244573804, 31.102218238081299, 0.0 ], [ 74.618563735827806, 31.104268979230099, 0.0 ], [ 74.620379557870393, 31.1063403787056, 0.0 ], [ 74.622040504965398, 31.1079627736631, 0.0 ], [ 74.622799548060797, 31.108486124235299, 0.0 ], [ 74.623455518057796, 31.1088968796873, 0.0 ], [ 74.624233513465896, 31.109312092179401, 0.0 ], [ 74.625826486203394, 31.109918826093001, 0.0 ], [ 74.628252580092607, 31.1106135128034, 0.0 ], [ 74.631326085130794, 31.111029901608699, 0.0 ], [ 74.636771204027895, 31.111797612370001, 0.0 ], [ 74.643387440777801, 31.113041332491498, 0.0 ], [ 74.646618215658194, 31.113347547151601, 0.0 ], [ 74.651039066100097, 31.113890402220399, 0.0 ], [ 74.653198875228, 31.1141083457237, 0.0 ], [ 74.654168026932993, 31.114076461159801, 0.0 ], [ 74.654933384168402, 31.113714189058602, 0.0 ], [ 74.656591418359298, 31.112712520566401, 0.0 ], [ 74.658675062104507, 31.111151275011402, 0.0 ], [ 74.659590285063601, 31.1103446721689, 0.0 ], [ 74.661658404711702, 31.1086418157672, 0.0 ], [ 74.663389192257497, 31.1064607925316, 0.0 ], [ 74.665121980794794, 31.1043434817663, 0.0 ], [ 74.666942098898801, 31.1022021986726, 0.0 ], [ 74.668136278066797, 31.100594133512502, 0.0 ], [ 74.669051750138195, 31.099384459924899, 0.0 ], [ 74.669447882613696, 31.0987726853112, 0.0 ], [ 74.670098952204896, 31.0978633151399, 0.0 ], [ 74.670396711439096, 31.0969225298509, 0.0 ], [ 74.670823554863205, 31.095901892858102, 0.0 ], [ 74.671238932830505, 31.0948665024872, 0.0 ], [ 74.671535562516198, 31.093940595582101, 0.0 ], [ 74.671679963059901, 31.0935312835419, 0.0 ], [ 74.671947111170297, 31.0930286335646, 0.0 ], [ 74.672090973020005, 31.092620666011001, 0.0 ], [ 74.672367309503798, 31.0920204548801, 0.0 ], [ 74.672778934600203, 31.091234566122399, 0.0 ], [ 74.673312628275298, 31.090015824670601, 0.0 ], [ 74.673711488394503, 31.089219648568001, 0.0 ], [ 74.673871660348894, 31.088506113866099, 0.0 ], [ 74.674153187719497, 31.087815256469, 0.0 ], [ 74.674197354324505, 31.0872059756753, 0.0 ], [ 74.674248775760503, 31.086496618324301, 0.0 ], [ 74.674305177641898, 31.0853529477804, 0.0 ], [ 74.674393466785105, 31.084256508730999, 0.0 ], [ 74.674447424309193, 31.083339213733801, 0.0 ], [ 74.674477323169995, 31.082831047315, 0.0 ], [ 74.674190080607801, 31.081779144492, 0.0 ], [ 74.673891826746498, 31.081041198592501, 0.0 ], [ 74.673589261535298, 31.0804071783487, 0.0 ], [ 74.6731838768345, 31.079560493622001, 0.0 ], [ 74.672869257110605, 31.079128509673001, 0.0 ], [ 74.672248313009305, 31.078274579108601, 0.0 ], [ 74.671611553430495, 31.0776165307783, 0.0 ], [ 74.671073161697095, 31.077165840930899, 0.0 ], [ 74.670452598908398, 31.076312607340999, 0.0 ], [ 74.669722125475701, 31.0754518095534, 0.0 ], [ 74.668992715941201, 31.074592861671299, 0.0 ], [ 74.668686353792197, 31.074171159671302, 0.0 ], [ 74.668099342011104, 31.0730398197319, 0.0 ], [ 74.668010789366505, 31.072738682644101, 0.0 ], [ 74.667937807583797, 31.072244352295101, 0.0 ], [ 74.667745717790694, 31.071837226506801, 0.0 ], [ 74.667688593753695, 31.071151676009102, 0.0 ], [ 74.667631609111496, 31.070467810840899, 0.0 ], [ 74.667582527711502, 31.069689723701899, 0.0 ], [ 74.6676285208396, 31.069114602756802, 0.0 ], [ 74.667570122463204, 31.068434059684101, 0.0 ], [ 74.667496869984603, 31.067946148695899, 0.0 ], [ 74.6673131528798, 31.067449078112499, 0.0 ], [ 74.667140859862897, 31.0667590372998, 0.0 ], [ 74.666963106162498, 31.066269370834799, 0.0 ], [ 74.666685798410896, 31.065576232757, 0.0 ], [ 74.666493253560901, 31.065175197177702, 0.0 ], [ 74.666100762440294, 31.06457101554, 0.0 ], [ 74.665707416064393, 31.063966224162002, 0.0 ], [ 74.665411196469606, 31.063562120995101, 0.0 ], [ 74.665001755826395, 31.0631456773312, 0.0 ], [ 74.664694670622595, 31.062833116155399, 0.0 ], [ 74.664078409291207, 31.062306931819499, 0.0 ], [ 74.663556023691598, 31.061977825816101, 0.0 ], [ 74.662924930740999, 31.0616391042613, 0.0 ], [ 74.662404018230902, 31.061310892184, 0.0 ], [ 74.661674165330496, 31.0608706749417, 0.0 ], [ 74.660756819971297, 31.060136569147399, 0.0 ], [ 74.659705567358102, 31.059570290336701, 0.0 ], [ 74.658972493985502, 31.059226171051002, 0.0 ], [ 74.6581438145855, 31.058783332285, 0.0 ], [ 74.6573036688293, 31.058429810587299, 0.0 ], [ 74.656372570138004, 31.0578809282623, 0.0 ], [ 74.655535430815505, 31.057528627844, 0.0 ], [ 74.654818002948602, 31.0570962949581, 0.0 ], [ 74.653974360628297, 31.0568380995987, 0.0 ], [ 74.653472869877106, 31.056423503142199, 0.0 ], [ 74.6524345270319, 31.055963288575001, 0.0 ], [ 74.651612764317704, 31.055522058696098, 0.0 ], [ 74.650664347381806, 31.055254132672101, 0.0 ], [ 74.650029203884699, 31.055105945083401, 0.0 ], [ 74.648760017660706, 31.054809586093601, 0.0 ], [ 74.646355985040699, 31.054047765891699, 0.0 ], [ 74.644020307191496, 31.053657639988199, 0.0 ], [ 74.640771760808093, 31.0528266484311, 0.0 ], [ 74.639727825079106, 31.052551006224, 0.0 ], [ 74.639087185825005, 31.0524939973002, 0.0 ], [ 74.638660217395199, 31.052456000044401, 0.0 ], [ 74.637699887140101, 31.0523705311751, 0.0 ], [ 74.636205405455101, 31.0522388803201, 0.0 ], [ 74.634394059338405, 31.052077576119299, 0.0 ], [ 74.632569618193401, 31.0520068309505, 0.0 ], [ 74.631279233150195, 31.051982844232999, 0.0 ], [ 74.630428372871194, 31.051907053867499, 0.0 ], [ 74.629669270420493, 31.051930816653901, 0.0 ], [ 74.628028602138301, 31.052059251533301, 0.0 ], [ 74.626962875836099, 31.0519654306602, 0.0 ], [ 74.625868379322299, 31.052051036226398, 0.0 ], [ 74.6222974529651, 31.0520988837565, 0.0 ], [ 74.620561775805399, 31.052128296084, 0.0 ], [ 74.619010396712497, 31.052355364108799, 0.0 ], [ 74.617434427456899, 31.0527603944766, 0.0 ], [ 74.615499817562593, 31.0533188968496, 0.0 ], [ 74.613527227499603, 31.054059312287499, 0.0 ], [ 74.611579148459001, 31.054621598108302, 0.0 ], [ 74.609804596305096, 31.0553860407333, 0.0 ], [ 74.608266489407001, 31.055991737728601, 0.0 ], [ 74.606960945391407, 31.056525680515801, 0.0 ], [ 74.605513991077899, 31.057232746394199, 0.0 ], [ 74.604780361924199, 31.057632651525701, 0.0 ], [ 74.603098567644807, 31.0584139042783, 0.0 ], [ 74.601580294395106, 31.059403811436798, 0.0 ], [ 74.600087476455897, 31.060301090223199, 0.0 ], [ 74.598803582719199, 31.0612212891313, 0.0 ], [ 74.597719824110598, 31.062168000053202, 0.0 ], [ 74.596821150475805, 31.063234093278801, 0.0 ], [ 74.595907885340694, 31.064395378843699, 0.0 ], [ 74.594966712443906, 31.065657642086599, 0.0 ], [ 74.594257139255603, 31.066852118030901, 0.0 ], [ 74.593559282434995, 31.068045831350101, 0.0 ], [ 74.593026238070493, 31.068969334367399, 0.0 ], [ 74.592634988913701, 31.0697177483754, 0.0 ], [ 74.592445247250396, 31.070089885140099, 0.0 ], [ 74.592188041145207, 31.070753042519001, 0.0 ], [ 74.591989321550003, 31.0711304717939, 0.0 ], [ 74.591817153538798, 31.0719043465085, 0.0 ], [ 74.591712840275406, 31.072387421842102, 0.0 ], [ 74.591760225553998, 31.0726878682506, 0.0 ], [ 74.591896902719995, 31.073095774650302, 0.0 ], [ 74.592144008539194, 31.073514509786801, 0.0 ], [ 74.592370658379295, 31.074031112745701, 0.0 ], [ 74.592662702421805, 31.074756020274201, 0.0 ], [ 74.593193999403596, 31.0754077715515, 0.0 ], [ 74.593460240098096, 31.075734241641999, 0.0 ], [ 74.593726833326699, 31.076061132615202, 0.0 ], [ 74.594104066549505, 31.076399128417101, 0.0 ], [ 74.594481812385794, 31.076737580175202, 0.0 ], [ 74.594970552549, 31.0770872060098, 0.0 ], [ 74.595370465774394, 31.077327726093799, 0.0 ], [ 74.595839448731596, 31.077777185668701, 0.0 ], [ 74.596378271240297, 31.0784367070884, 0.0 ], [ 74.596849194934506, 31.078888144272501, 0.0 ], [ 74.597593731065899, 31.079670743310199, 0.0 ], [ 74.598068338383101, 31.080123310042801, 0.0 ], [ 74.598431250801596, 31.080566641637201, 0.0 ], [ 74.598797330632394, 31.081008807710401, 0.0 ], [ 74.599439407003103, 31.0817843182917, 0.0 ], [ 74.599878907485703, 31.082440221738899, 0.0 ], [ 74.600359829842304, 31.082895990957201, 0.0 ], [ 74.600636687932905, 31.0832303714845, 0.0 ], [ 74.600913883269101, 31.083565156706602, 0.0 ], [ 74.601131211636201, 31.0842040755577, 0.0 ], [ 74.601389161480697, 31.084641482418501, 0.0 ], [ 74.601701933997106, 31.085393877725298, 0.0 ], [ 74.601849093660803, 31.085821328191798, 0.0 ], [ 74.602084242993499, 31.0863672616399, 0.0 ], [ 74.602439584918997, 31.0869189345613, 0.0 ], [ 74.6028133026918, 31.087371325026702, 0.0 ], [ 74.603075632234706, 31.087812241042101, 0.0 ], [ 74.603525187137706, 31.088481770117699, 0.0 ], [ 74.603918637834894, 31.088835691114301, 0.0 ], [ 74.604520931795605, 31.089314475782501, 0.0 ], [ 74.605127931009307, 31.089790123615401, 0.0 ], [ 74.605641153416599, 31.090152401112402, 0.0 ], [ 74.606593080406398, 31.090660941649201, 0.0 ], [ 74.607745649742, 31.091308549749801, 0.0 ], [ 74.608068485672106, 31.091446366356799, 0.0 ] ] ] ] } },
{ "type": "Feature", "properties": { "Name": "S2", "district": "Kasur", "province": "Punjab", "area_km2": 5.1018547220699997, "volume_MAF": 0.02521391515, "River": "Sutlej", "Shape_Leng": 0.08958386658, "Shape_Area": 0.00048162564 }, "geometry": { "type": "MultiPolygon", "coordinates": [ [ [ [ 74.447052998697004, 30.970884483132501, 0.0 ], [ 74.454228844885293, 30.9675876440546, 0.0 ], [ 74.454288561667894, 30.963748080309699, 0.0 ], [ 74.454181721309496, 30.9634478200609, 0.0 ], [ 74.451776910775905, 30.960256204360402, 0.0 ], [ 74.448730782, 30.9579042694665, 0.0 ], [ 74.442740787257605, 30.953828128265599, 0.0 ], [ 74.435854350098197, 30.9487648938848, 0.0 ], [ 74.429364586806301, 30.944168825830701, 0.0 ], [ 74.425063901078204, 30.944624736242599, 0.0 ], [ 74.424583922110401, 30.948579979782298, 0.0 ], [ 74.424739165779997, 30.953303059088999, 0.0 ], [ 74.423968790327507, 30.958738242276102, 0.0 ], [ 74.426402166027202, 30.962431083427798, 0.0 ], [ 74.437585509063993, 30.969954788282902, 0.0 ], [ 74.447052998697004, 30.970884483132501, 0.0 ] ] ] ] } },
{ "type": "Feature", "properties": { "Name": "S3", "district": "Kasur", "province": "Punjab", "area_km2": 9.9415958930099997, "volume_MAF": 0.04913243691, "River": "Sutlej", "Shape_Leng": 0.13084257848, "Shape_Area": 0.00093820631 }, "geometry": { "type": "MultiPolygon", "coordinates": [ [ [ [ 74.385491713871502, 30.942564722184201, 0.0 ], [ 74.409190691597203, 30.935096083717301, 0.0 ], [ 74.410422505594198, 30.928372457123299, 0.0 ], [ 74.4040499491459, 30.9253378972262, 0.0 ], [ 74.390755793844804, 30.9197386084501, 0.0 ], [ 74.370683347558497, 30.917616394581, 0.0 ], [ 74.358850023110094, 30.919432657291299, 0.0 ], [ 74.353695681110906, 30.928036845424099, 0.0 ], [ 74.359231414798003, 30.933312418733198, 0.0 ], [ 74.385491713871502, 30.942564722184201, 0.0 ] ] ] ] } },
{ "type": "Feature", "properties": { "Name": "I3", "district": "Rahim Yar Khan", "province": "Punjab", "area_km2": 5.8933185267899999, "volume_MAF": 0.02912541445, "River": "Indus", "Shape_Leng": 0.09205927877, "Shape_Area": 0.00054449752 }, "geometry": { "type": "MultiPolygon", "coordinates": [ [ [ [ 70.212845769616607, 28.784918562741598, 0.0 ], [ 70.214530585618107, 28.785118791399199, 0.0 ], [ 70.215459462983901, 28.783982031245799, 0.0 ], [ 70.215615932429401, 28.783609827931301, 0.0 ], [ 70.215692169757901, 28.783603623508501, 0.0 ], [ 70.216302866983796, 28.7829578689106, 0.0 ], [ 70.216682978037099, 28.782460100453299, 0.0 ], [ 70.216910183658101, 28.7819736994267, 0.0 ], [ 70.217136210267896, 28.7814895889734, 0.0 ], [ 70.217136133825605, 28.780928375144502, 0.0 ], [ 70.217136096953396, 28.780203878606201, 0.0 ], [ 70.217136096054006, 28.779880398761499, 0.0 ], [ 70.217136102349301, 28.779156863598399, 0.0 ], [ 70.217062198761496, 28.778441604896202, 0.0 ], [ 70.216841879249401, 28.777507060902199, 0.0 ], [ 70.216770234758599, 28.776504828535099, 0.0 ], [ 70.216481287081805, 28.775513972591799, 0.0 ], [ 70.216411705635807, 28.774753120060499, 0.0 ], [ 70.216341671830705, 28.774225197335099, 0.0 ], [ 70.216272020237597, 28.773702019432701, 0.0 ], [ 70.216203537763107, 28.773034555200599, 0.0 ], [ 70.216205437131293, 28.772666990589201, 0.0 ], [ 70.216064017840196, 28.7723758431707, 0.0 ], [ 70.215995443634895, 28.771936167320298, 0.0 ], [ 70.215998809797298, 28.7714247255707, 0.0 ], [ 70.215932144852701, 28.770776646225301, 0.0 ], [ 70.215794321950497, 28.770277188841199, 0.0 ], [ 70.215449153155902, 28.769490584223099, 0.0 ], [ 70.215312465198195, 28.7691348034285, 0.0 ], [ 70.215245544846098, 28.7688508730694, 0.0 ], [ 70.215250207830906, 28.7684286620532, 0.0 ], [ 70.215183476336406, 28.768150505341598, 0.0 ], [ 70.215048192220394, 28.767803810397599, 0.0 ], [ 70.214710309733107, 28.7671095679523, 0.0 ], [ 70.214371642137607, 28.766629008022299, 0.0 ], [ 70.214172716597702, 28.7661505606, 0.0 ], [ 70.213841523267703, 28.765470853896801, 0.0 ], [ 70.213709507288002, 28.7652038056112, 0.0 ], [ 70.213512469424998, 28.7648018311397, 0.0 ], [ 70.213321077505796, 28.764200525533901, 0.0 ], [ 70.213195343290494, 28.763739569025901, 0.0 ], [ 70.2130029522245, 28.763277950616999, 0.0 ], [ 70.212808645602607, 28.762945911025, 0.0 ], [ 70.212750374030605, 28.762614060290701, 0.0 ], [ 70.212559074741506, 28.762221102422, 0.0 ], [ 70.212373532013004, 28.761641172801902, 0.0 ], [ 70.212317805522403, 28.761254477811999, 0.0 ], [ 70.2121936298322, 28.760933819140501, 0.0 ], [ 70.212071918284394, 28.760550609023401, 0.0 ], [ 70.211952365109596, 28.7601079833968, 0.0 ], [ 70.2119647523715, 28.759726821935299, 0.0 ], [ 70.211902508494006, 28.759600798138401, 0.0 ], [ 70.211786881759195, 28.759096352215, 0.0 ], [ 70.211729113807607, 28.758847050251202, 0.0 ], [ 70.211676204892996, 28.758471373755, 0.0 ], [ 70.211621385818404, 28.758159532936101, 0.0 ], [ 70.211566441737901, 28.757850779489999, 0.0 ], [ 70.211513089457597, 28.757485408325, 0.0 ], [ 70.211390200697295, 28.7572448001075, 0.0 ], [ 70.211338289130794, 28.756877974738799, 0.0 ], [ 70.211221790952905, 28.7565121170406, 0.0 ], [ 70.2110413896485, 28.7561463519726, 0.0 ], [ 70.210928402423903, 28.755724310928301, 0.0 ], [ 70.210748425599405, 28.755367021071201, 0.0 ], [ 70.210569236581094, 28.755011292437199, 0.0 ], [ 70.210458077678197, 28.754595877597801, 0.0 ], [ 70.210474867121505, 28.754234885231799, 0.0 ], [ 70.210431938882905, 28.753761428147499, 0.0 ], [ 70.210316777996994, 28.753469908409599, 0.0 ], [ 70.210258165581905, 28.753353403936501, 0.0 ], [ 70.210074818098406, 28.753179605454498, 0.0 ], [ 70.209579252980205, 28.752892039136299, 0.0 ], [ 70.209330644393802, 28.752777624687699, 0.0 ], [ 70.209091512863097, 28.7524898101566, 0.0 ], [ 70.208843862054707, 28.752375958683601, 0.0 ], [ 70.208659947998299, 28.752261858098301, 0.0 ], [ 70.208232933703002, 28.751977101262199, 0.0 ], [ 70.207987875640001, 28.751861294663101, 0.0 ], [ 70.207865802564797, 28.751802460115499, 0.0 ], [ 70.207497898009606, 28.751631581732202, 0.0 ], [ 70.207379340384307, 28.751517192464501, 0.0 ], [ 70.207016472032606, 28.751290262036001, 0.0 ], [ 70.206709125126096, 28.7511786543715, 0.0 ], [ 70.206042901958398, 28.750838859925501, 0.0 ], [ 70.205554926218994, 28.7506686011751, 0.0 ], [ 70.205375547443595, 28.7505564961854, 0.0 ], [ 70.204648155088407, 28.750227297551799, 0.0 ], [ 70.204409384185794, 28.750112598917401, 0.0 ], [ 70.203930505988097, 28.7498878241638, 0.0 ], [ 70.203379137936906, 28.749777650018601, 0.0 ], [ 70.203005046945407, 28.749778525958298, 0.0 ], [ 70.202755289924795, 28.749779624929801, 0.0 ], [ 70.202504757688502, 28.7497817293434, 0.0 ], [ 70.201742823272795, 28.749898061146698, 0.0 ], [ 70.201481449709206, 28.750010530361699, 0.0 ], [ 70.201151456974202, 28.7501790453267, 0.0 ], [ 70.200883594802093, 28.750347426292802, 0.0 ], [ 70.200540176088296, 28.750628965354501, 0.0 ], [ 70.200340911503901, 28.750740445315301, 0.0 ], [ 70.199932094090897, 28.751024182320201, 0.0 ], [ 70.199801026895997, 28.751079601242701, 0.0 ], [ 70.1995178519674, 28.7513625837163, 0.0 ], [ 70.199306441139399, 28.751536999133201, 0.0 ], [ 70.199154205702101, 28.751764743448199, 0.0 ], [ 70.198875134380003, 28.751993158657399, 0.0 ], [ 70.198225469529902, 28.752679792838201, 0.0 ], [ 70.197549763011196, 28.753447417264599, 0.0 ], [ 70.197386945251395, 28.753688606444101, 0.0 ], [ 70.197293217907699, 28.753923424826301, 0.0 ], [ 70.197040619029394, 28.754395288312001, 0.0 ], [ 70.196809517545304, 28.7546917471265, 0.0 ], [ 70.196755716503205, 28.755108308601599, 0.0 ], [ 70.196572135195893, 28.755527261374102, 0.0 ], [ 70.196290950467102, 28.756190121976601, 0.0 ], [ 70.196015466540601, 28.7567975978309, 0.0 ], [ 70.195811562353796, 28.7573482626123, 0.0 ], [ 70.195770587442695, 28.757655721934, 0.0 ], [ 70.195655430154005, 28.7580263379452, 0.0 ], [ 70.1955230517475, 28.7585231342353, 0.0 ], [ 70.195248990548507, 28.759085920079201, 0.0 ], [ 70.195133057144901, 28.759461125330699, 0.0 ], [ 70.195005616016402, 28.759904690749, 0.0 ], [ 70.1948699883594, 28.760412695289698, 0.0 ], [ 70.194791948789501, 28.760987585109, 0.0 ], [ 70.194748356851207, 28.761308711427901, 0.0 ], [ 70.194713361532493, 28.761566516481601, 0.0 ], [ 70.194660660361293, 28.761954736721702, 0.0 ], [ 70.194631948605604, 28.762669774190801, 0.0 ], [ 70.194713991957201, 28.763063522563598, 0.0 ], [ 70.1949140542403, 28.763592319430099, 0.0 ], [ 70.194937549928099, 28.763924594644401, 0.0 ], [ 70.194883915260604, 28.764325134697302, 0.0 ], [ 70.194940513194197, 28.764928765050499, 0.0 ], [ 70.194871168269898, 28.765518232880201, 0.0 ], [ 70.194904019604806, 28.765789793963801, 0.0 ], [ 70.194919017598593, 28.766198743577199, 0.0 ], [ 70.1948651679932, 28.766609243621801, 0.0 ], [ 70.194807471087998, 28.767027903215201, 0.0 ], [ 70.194886987344702, 28.767451447026701, 0.0 ], [ 70.194926904653002, 28.7676640647448, 0.0 ], [ 70.195158494468998, 28.768572596748001, 0.0 ], [ 70.195315309254198, 28.768994248385901, 0.0 ], [ 70.195464041832096, 28.769488786478298, 0.0 ], [ 70.195684208459497, 28.769986148442101, 0.0 ], [ 70.195843605198306, 28.770414732953601, 0.0 ], [ 70.195941602523007, 28.770773475215801, 0.0 ], [ 70.196298416638697, 28.7713505063209, 0.0 ], [ 70.196523391941, 28.771858546834501, 0.0 ], [ 70.196703919150593, 28.772149418161199, 0.0 ], [ 70.197055184449297, 28.772814707832499, 0.0 ], [ 70.197228185232603, 28.773185099013201, 0.0 ], [ 70.197338643563597, 28.773481814134499, 0.0 ], [ 70.197513433098493, 28.7738538321886, 0.0 ], [ 70.197705448247902, 28.7740775691246, 0.0 ], [ 70.197817337400195, 28.7743771404927, 0.0 ], [ 70.197921431229105, 28.7747531254564, 0.0 ], [ 70.1981876260581, 28.774978938027601, 0.0 ], [ 70.198430556325107, 28.7754330587887, 0.0 ], [ 70.198568364838195, 28.775508705262599, 0.0 ], [ 70.198943584478897, 28.776118163222701, 0.0 ], [ 70.199321348301595, 28.776731810224899, 0.0 ], [ 70.199511202380194, 28.777040204841601, 0.0 ], [ 70.199709228598095, 28.777272038374001, 0.0 ], [ 70.199834053598707, 28.7775046741015, 0.0 ], [ 70.200299130800303, 28.7780491443526, 0.0 ], [ 70.200291828305296, 28.778127433034701, 0.0 ], [ 70.200558950335306, 28.7784402783962, 0.0 ], [ 70.200895735649695, 28.778827948251301, 0.0 ], [ 70.201168578267399, 28.779131701466898, 0.0 ], [ 70.201371285456503, 28.779367950670501, 0.0 ], [ 70.201573222825999, 28.779608965381499, 0.0 ], [ 70.201917669464905, 28.779932226690999, 0.0 ], [ 70.202202138517904, 28.780095125389799, 0.0 ], [ 70.202561708156296, 28.780258920712701, 0.0 ], [ 70.202848127838905, 28.780419498261299, 0.0 ], [ 70.203135327233596, 28.7805793536543, 0.0 ], [ 70.203648013644994, 28.780738810647598, 0.0 ], [ 70.204005677620003, 28.780979747117701, 0.0 ], [ 70.2042890818757, 28.781221541541001, 0.0 ], [ 70.204497976400503, 28.7814640122544, 0.0 ], [ 70.204933745595994, 28.7817057689061, 0.0 ], [ 70.2053702054707, 28.7819499825058, 0.0 ], [ 70.205808024221, 28.782193887637799, 0.0 ], [ 70.206242152153706, 28.7825205070158, 0.0 ], [ 70.206682456630105, 28.782765857358498, 0.0 ], [ 70.206981136770096, 28.782847290969801, 0.0 ], [ 70.207570767377106, 28.7831757026966, 0.0 ], [ 70.207722688950994, 28.783175215263999, 0.0 ], [ 70.208238827859702, 28.783503357194199, 0.0 ], [ 70.208616393831605, 28.783579441638, 0.0 ], [ 70.208917878956996, 28.7836569820841, 0.0 ], [ 70.209594187122093, 28.783894815893099, 0.0 ], [ 70.210113663414901, 28.784179029538599, 0.0 ], [ 70.210643012465098, 28.784281050430199, 0.0 ], [ 70.211403446811701, 28.784553147509801, 0.0 ], [ 70.211709067019896, 28.784614700707898, 0.0 ], [ 70.212845769616607, 28.784918562741598, 0.0 ] ] ] ] } },
{ "type": "Feature", "properties": { "Name": "I5", "district": "Rajanpur", "province": "Punjab", "area_km2": 4.60640445708, "volume_MAF": 0.02276534661, "River": "Indus", "Shape_Leng": 0.08490842429000001, "Shape_Area": 0.00042440465 }, "geometry": { "type": "MultiPolygon", "coordinates": [ [ [ [ 69.816303176250599, 28.4787434287663, 0.0 ], [ 69.816432714598093, 28.478924232067701, 0.0 ], [ 69.816621417544496, 28.4791056783844, 0.0 ], [ 69.816870394852899, 28.4792911374761, 0.0 ], [ 69.817115386365998, 28.479415412091701, 0.0 ], [ 69.817488176038495, 28.479662840767599, 0.0 ], [ 69.817738931306707, 28.4798484554419, 0.0 ], [ 69.817921188811894, 28.479910462797601, 0.0 ], [ 69.818292063827798, 28.480099186428401, 0.0 ], [ 69.818480988007295, 28.480226408122299, 0.0 ], [ 69.818724142205397, 28.480291312194399, 0.0 ], [ 69.819097940017997, 28.4804835009129, 0.0 ], [ 69.819347952446094, 28.480612571612902, 0.0 ], [ 69.819717189796506, 28.480741294275401, 0.0 ], [ 69.820031301403503, 28.480926457490099, 0.0 ], [ 69.820280594373997, 28.481049359740201, 0.0 ], [ 69.820596048668804, 28.4812352792848, 0.0 ], [ 69.820846606985398, 28.481359488249801, 0.0 ], [ 69.821031375397695, 28.481420579196399, 0.0 ], [ 69.821334938856396, 28.481479384066301, 0.0 ], [ 69.821498628059302, 28.481346716977399, 0.0 ], [ 69.821891376386006, 28.481145361469299, 0.0 ], [ 69.822099055027394, 28.480885952025101, 0.0 ], [ 69.822438136311007, 28.480706205427101, 0.0 ], [ 69.822497759564001, 28.4807067935837, 0.0 ], [ 69.822776359641395, 28.480526808665299, 0.0 ], [ 69.823054634164095, 28.480347928114401, 0.0 ], [ 69.823160092264501, 28.480227123083299, 0.0 ], [ 69.823198688468807, 28.4800438169686, 0.0 ], [ 69.823171802336802, 28.479801469462299, 0.0 ], [ 69.823144999841901, 28.4795599088628, 0.0 ], [ 69.823045919733502, 28.479198469533799, 0.0 ], [ 69.822886451048902, 28.478833700914599, 0.0 ], [ 69.822790316220207, 28.478524559860599, 0.0 ], [ 69.8225478329162, 28.4779702357378, 0.0 ], [ 69.822373218749107, 28.477482609834599, 0.0 ], [ 69.822360916922804, 28.477366148529001, 0.0 ], [ 69.822136465925198, 28.476941789931701, 0.0 ], [ 69.822067012182899, 28.476827118277001, 0.0 ], [ 69.821790744047604, 28.476415110968698, 0.0 ], [ 69.821704796738999, 28.4761744892613, 0.0 ], [ 69.821496763764699, 28.475873443005, 0.0 ], [ 69.821309851368596, 28.4757077977767, 0.0 ], [ 69.821054104863094, 28.475427246170501, 0.0 ], [ 69.820795288971496, 28.4751381896758, 0.0 ], [ 69.820474999921402, 28.4747935146091, 0.0 ], [ 69.820254049085193, 28.474325905815899, 0.0 ], [ 69.820128611646197, 28.474210481428599, 0.0 ], [ 69.820049220395305, 28.473982858522199, 0.0 ], [ 69.819785664177104, 28.473590461830401, 0.0 ], [ 69.819641228559902, 28.473255573186201, 0.0 ], [ 69.819492284641299, 28.4728668403325, 0.0 ], [ 69.819466315817905, 28.472590230454799, 0.0 ], [ 69.819435290106597, 28.4722597709717, 0.0 ], [ 69.819414689336497, 28.472040348982901, 0.0 ], [ 69.819379166115695, 28.471658927617501, 0.0 ], [ 69.819364234671795, 28.471496653947501, 0.0 ], [ 69.819332661273293, 28.471169014738301, 0.0 ], [ 69.819281820799503, 28.470671918973899, 0.0 ], [ 69.819252418364499, 28.4703944178681, 0.0 ], [ 69.819220184863696, 28.470069641201, 0.0 ], [ 69.819170367818302, 28.469539941415199, 0.0 ], [ 69.819138464368706, 28.469219156838701, 0.0 ], [ 69.819114327464305, 28.468958244627299, 0.0 ], [ 69.819083405175107, 28.468641938674601, 0.0 ], [ 69.819066432270105, 28.468439670354499, 0.0 ], [ 69.819032211267597, 28.468035842380299, 0.0 ], [ 69.819068537582993, 28.4678333510284, 0.0 ], [ 69.819104761375698, 28.4676314325446, 0.0 ], [ 69.819140877249794, 28.467430093224301, 0.0 ], [ 69.819121121842301, 28.4672252321588, 0.0 ], [ 69.819088597860599, 28.466913088268502, 0.0 ], [ 69.819050863206797, 28.466550970850701, 0.0 ], [ 69.819013584509406, 28.46619147046, 0.0 ], [ 69.818988866642897, 28.465939520892199, 0.0 ], [ 69.818964245003897, 28.465688577665802, 0.0 ], [ 69.818874879372203, 28.465294536114001, 0.0 ], [ 69.8188483295868, 28.465001462347701, 0.0 ], [ 69.818821899411205, 28.464709654826802, 0.0 ], [ 69.818799307542093, 28.464466167879401, 0.0 ], [ 69.8187673312474, 28.464125960644601, 0.0 ], [ 69.818749131667204, 28.463932353695199, 0.0 ], [ 69.818735517730005, 28.4637875340675, 0.0 ], [ 69.818653716295998, 28.463494471093, 0.0 ], [ 69.818623054810203, 28.463160577099, 0.0 ], [ 69.818595127263393, 28.462872731990998, 0.0 ], [ 69.818518946592206, 28.462631741561701, 0.0 ], [ 69.818505612344197, 28.4624896729601, 0.0 ], [ 69.818379057047906, 28.462251831057198, 0.0 ], [ 69.818351148386895, 28.461966826907599, 0.0 ], [ 69.8182798645242, 28.461775291096799, 0.0 ], [ 69.818105416731697, 28.4615835520394, 0.0 ], [ 69.817979446894, 28.461347337909402, 0.0 ], [ 69.817861057441903, 28.461163213411599, 0.0 ], [ 69.817691714201302, 28.460979477420999, 0.0 ], [ 69.817574402136998, 28.460797120091101, 0.0 ], [ 69.817405409632002, 28.4606134353618, 0.0 ], [ 69.817295418948504, 28.4605214859778, 0.0 ], [ 69.817177408110993, 28.460337457707599, 0.0 ], [ 69.817058626554498, 28.460151974334199, 0.0 ], [ 69.816937294520599, 28.4599231868057, 0.0 ], [ 69.816867796711506, 28.459696617904601, 0.0 ], [ 69.816751667255701, 28.459515844280801, 0.0 ], [ 69.8167327455199, 28.459289854543201, 0.0 ], [ 69.816662070498197, 28.459062476252299, 0.0 ], [ 69.816546390703394, 28.4588826667018, 0.0 ], [ 69.816471058992207, 28.4585710929816, 0.0 ], [ 69.816360811102598, 28.458439122867301, 0.0 ], [ 69.816189219556904, 28.458172981098201, 0.0 ], [ 69.816128672700103, 28.458040339190301, 0.0 ], [ 69.815965032060703, 28.457863879614401, 0.0 ], [ 69.815752075298093, 28.457687897578499, 0.0 ], [ 69.815599362320796, 28.457643910837898, 0.0 ], [ 69.815290852590806, 28.457511824710998, 0.0 ], [ 69.815085116484994, 28.457423115584401, 0.0 ], [ 69.8149325599897, 28.457378512808202, 0.0 ], [ 69.814572287980795, 28.457202141365801, 0.0 ], [ 69.814268519476599, 28.457113745203198, 0.0 ], [ 69.814218800457397, 28.457113384575099, 0.0 ], [ 69.813913056142695, 28.456982121327901, 0.0 ], [ 69.813659988717603, 28.456894417643301, 0.0 ], [ 69.813506457357207, 28.456807557522801, 0.0 ], [ 69.813155246917205, 28.456720147017201, 0.0 ], [ 69.812955118084304, 28.4566762978729, 0.0 ], [ 69.812752094333703, 28.456587391794798, 0.0 ], [ 69.812503232138496, 28.4565441982562, 0.0 ], [ 69.812206781417899, 28.456505089438402, 0.0 ], [ 69.811907747844302, 28.456421057685699, 0.0 ], [ 69.811562029564101, 28.4563814551401, 0.0 ], [ 69.811263536483096, 28.456297544795898, 0.0 ], [ 69.811065254857695, 28.4562560707611, 0.0 ], [ 69.810716014832295, 28.456165152000199, 0.0 ], [ 69.810516404908199, 28.456117142592099, 0.0 ], [ 69.810267415908598, 28.456029824716701, 0.0 ], [ 69.810019922481501, 28.455984726413998, 0.0 ], [ 69.809723405211102, 28.455901490561399, 0.0 ], [ 69.809526397924998, 28.455860954519501, 0.0 ], [ 69.809279121234496, 28.4557762554699, 0.0 ], [ 69.809032877865107, 28.455733209420099, 0.0 ], [ 69.808835859787195, 28.455690324349099, 0.0 ], [ 69.808541642982505, 28.455689937640599, 0.0 ], [ 69.808148241748, 28.455604498448899, 0.0 ], [ 69.807854194915194, 28.4556041018479, 0.0 ], [ 69.807658162494207, 28.455603999325099, 0.0 ], [ 69.807266052686302, 28.4555656585284, 0.0 ], [ 69.807020946059893, 28.455565781735501, 0.0 ], [ 69.806775818749102, 28.4555621592663, 0.0 ], [ 69.8064818033926, 28.45556027069, 0.0 ], [ 69.806187774546203, 28.455559477487999, 0.0 ], [ 69.805942751556799, 28.455558817385601, 0.0 ], [ 69.805550709197902, 28.455557757984199, 0.0 ], [ 69.8051574383651, 28.455642723233201, 0.0 ], [ 69.804911461195005, 28.455685450023601, 0.0 ], [ 69.804666009228995, 28.455685637981802, 0.0 ], [ 69.804567865314795, 28.455685397862901, 0.0 ], [ 69.804173506302305, 28.455769259643699, 0.0 ], [ 69.803877858676302, 28.455810992683201, 0.0 ], [ 69.803287176761799, 28.455851794025101, 0.0 ], [ 69.802840764989398, 28.455978425763799, 0.0 ], [ 69.802494916307396, 28.4560200904548, 0.0 ], [ 69.802294889097894, 28.456105027824801, 0.0 ], [ 69.801948466648497, 28.456146780649501, 0.0 ], [ 69.801601854442097, 28.456188309542899, 0.0 ], [ 69.801205410801103, 28.456230431988899, 0.0 ], [ 69.800907084993995, 28.456273520306802, 0.0 ], [ 69.800707367151304, 28.4563164962094, 0.0 ], [ 69.800505338050996, 28.456402239371901, 0.0 ], [ 69.800256071160803, 28.456444591145001, 0.0 ], [ 69.799954867523198, 28.456529640930199, 0.0 ], [ 69.799653232211, 28.4566148112246, 0.0 ], [ 69.799252138175703, 28.4566998493186, 0.0 ], [ 69.799002513355404, 28.456740969020501, 0.0 ], [ 69.7988021309137, 28.4567825779537, 0.0 ], [ 69.798598437168195, 28.456867936206301, 0.0 ], [ 69.798446558761697, 28.456911136040201, 0.0 ], [ 69.7981915865725, 28.456998703927098, 0.0 ], [ 69.797883094829004, 28.4571301398441, 0.0 ], [ 69.797623750135998, 28.4572617718134, 0.0 ], [ 69.797363779514896, 28.457393717645999, 0.0 ], [ 69.797103180267598, 28.457525985436, 0.0 ], [ 69.796992237202105, 28.4576581713875, 0.0 ], [ 69.796726789709595, 28.457835264086199, 0.0 ], [ 69.796564707595195, 28.457968561599898, 0.0 ], [ 69.796394569353893, 28.4581908731104, 0.0 ], [ 69.796231821741202, 28.458324710217301, 0.0 ], [ 69.796116640170894, 28.458500822654901, 0.0 ], [ 69.796040487378704, 28.4588106256099, 0.0 ], [ 69.796024615243894, 28.458990046653401, 0.0 ], [ 69.795992654237594, 28.459350584861699, 0.0 ], [ 69.7959652923644, 28.459666623715702, 0.0 ], [ 69.795946886839403, 28.459891265369698, 0.0 ], [ 69.795907569378898, 28.460346722523301, 0.0 ], [ 69.795984949745701, 28.460624119307699, 0.0 ], [ 69.796002908307599, 28.460996426943598, 0.0 ], [ 69.796025447116705, 28.461323327809399, 0.0 ], [ 69.796193915317005, 28.461748308737501, 0.0 ], [ 69.796321829488903, 28.462077543344002, 0.0 ], [ 69.796551149416103, 28.4624546308766, 0.0 ], [ 69.796688617985396, 28.462691489820401, 0.0 ], [ 69.796871442063406, 28.463024657162201, 0.0 ], [ 69.796957572833804, 28.463264095361801, 0.0 ], [ 69.797051487236402, 28.4634078097227, 0.0 ], [ 69.797288419924698, 28.463745609472401, 0.0 ], [ 69.797475674962499, 28.464040925248501, 0.0 ], [ 69.797663707014493, 28.4643380864336, 0.0 ], [ 69.7977581834934, 28.4644869754936, 0.0 ], [ 69.797944441183105, 28.464835111151501, 0.0 ], [ 69.798126943303799, 28.4652794311009, 0.0 ], [ 69.798265457784694, 28.4656224873879, 0.0 ], [ 69.798402542343496, 28.4659735152655, 0.0 ], [ 69.798493262354199, 28.4662254684307, 0.0 ], [ 69.798584341194399, 28.4664784171453, 0.0 ], [ 69.7987264304804, 28.4667831263403, 0.0 ], [ 69.798764401655902, 28.467038532901999, 0.0 ], [ 69.798859751376497, 28.467243288746801, 0.0 ], [ 69.799006531526302, 28.467499704347901, 0.0 ], [ 69.799246758431195, 28.468018358660402, 0.0 ], [ 69.7993436540864, 28.468226060684199, 0.0 ], [ 69.799389287485695, 28.4683823358761, 0.0 ], [ 69.7995929623454, 28.4686433191339, 0.0 ], [ 69.799633376079498, 28.46890565767, 0.0 ], [ 69.799890434695797, 28.469221332298702, 0.0 ], [ 69.800039484734498, 28.4695359142511, 0.0 ], [ 69.8001907794809, 28.469803355540499, 0.0 ], [ 69.8003449358702, 28.470019904195301, 0.0 ], [ 69.800497245951206, 28.470290229610399, 0.0 ], [ 69.800703272538001, 28.470614900157599, 0.0 ], [ 69.800799402870197, 28.470940684964699, 0.0 ], [ 69.801065871992506, 28.471210325995798, 0.0 ], [ 69.801278735225495, 28.4714750648224, 0.0 ], [ 69.801379645454304, 28.471746924481, 0.0 ], [ 69.801538962153401, 28.4719650676338, 0.0 ], [ 69.801642138673799, 28.472187816214799, 0.0 ], [ 69.801857002898402, 28.472416885231102, 0.0 ], [ 69.802130240318405, 28.472637609438198, 0.0 ], [ 69.802349801702107, 28.472803660260801, 0.0 ], [ 69.802620702683299, 28.473141656962, 0.0 ], [ 69.802951656793596, 28.4734201823956, 0.0 ], [ 69.8032853628293, 28.473643152209799, 0.0 ], [ 69.803675732449193, 28.4739215877112, 0.0 ], [ 69.803955959400099, 28.4740907618792, 0.0 ], [ 69.8043492985813, 28.474321249126401, 0.0 ], [ 69.804688925753396, 28.474434324484498, 0.0 ], [ 69.804914910095107, 28.474552448636601, 0.0 ], [ 69.805311698176396, 28.474730788694998, 0.0 ], [ 69.805538377694006, 28.474905544955, 0.0 ], [ 69.805823237052806, 28.475021731967399, 0.0 ], [ 69.8061085874414, 28.475138115931401, 0.0 ], [ 69.806394303854105, 28.475313691473701, 0.0 ], [ 69.806738132658793, 28.475489474759499, 0.0 ], [ 69.806910439165506, 28.475606865064801, 0.0 ], [ 69.807255590872899, 28.475777384618699, 0.0 ], [ 69.807774474512399, 28.4760029894464, 0.0 ], [ 69.808064028332296, 28.476178407607399, 0.0 ], [ 69.808412653221396, 28.476411115280801, 0.0 ], [ 69.808703615379599, 28.476583577370299, 0.0 ], [ 69.809054304212907, 28.476818262652699, 0.0 ], [ 69.809346454375401, 28.476942994123899, 0.0 ], [ 69.8099349833129, 28.477308041532901, 0.0 ], [ 69.810230014004006, 28.477486728729598, 0.0 ], [ 69.8105226515992, 28.477548021124299, 0.0 ], [ 69.810875561757797, 28.4776689376714, 0.0 ], [ 69.810993865774293, 28.4777285204549, 0.0 ], [ 69.8113453774872, 28.477787959346902, 0.0 ], [ 69.811813759697301, 28.477847346977502, 0.0 ], [ 69.812046942212604, 28.477847153623301, 0.0 ], [ 69.812221814485198, 28.477847007033802, 0.0 ], [ 69.812515290248498, 28.477903772241302, 0.0 ], [ 69.813042167961697, 28.477959893534301, 0.0 ], [ 69.813281776133095, 28.478083283217, 0.0 ], [ 69.813750855317807, 28.478138173338099, 0.0 ], [ 69.813867351696999, 28.478136677765502, 0.0 ], [ 69.814220170124798, 28.4781930886402, 0.0 ], [ 69.814577537323501, 28.478314111307299, 0.0 ], [ 69.814753084986904, 28.478314927891699, 0.0 ], [ 69.815052776864206, 28.4784364523804, 0.0 ], [ 69.815232112472103, 28.478497428213799, 0.0 ], [ 69.815470228668204, 28.478558731400401, 0.0 ], [ 69.815892317376594, 28.478741587854099, 0.0 ], [ 69.816303176250599, 28.4787434287663, 0.0 ] ] ] ] } },
{ "type": "Feature", "properties": { "Name": "I4", "district": "Khairpur", "province": "Sindh", "area_km2": 4.549110619, "volume_MAF": 0.0224821943, "River": "Indus", "Shape_Leng": 0.080700707, "Shape_Area": 0.00041632428 }, "geometry": { "type": "MultiPolygon", "coordinates": [ [ [ [ 68.662083071176795, 27.746440892932899, 0.0 ], [ 68.662004073828996, 27.7463346443284, 0.0 ], [ 68.662202561399198, 27.746080461744, 0.0 ], [ 68.663238730583004, 27.7452232108825, 0.0 ], [ 68.664824271323099, 27.744336176273599, 0.0 ], [ 68.665760584283603, 27.743847442405599, 0.0 ], [ 68.666244393464098, 27.743654075575201, 0.0 ], [ 68.6665139526568, 27.7434096497356, 0.0 ], [ 68.666783577500198, 27.743124409963599, 0.0 ], [ 68.667137501194802, 27.742836716841101, 0.0 ], [ 68.667532502323198, 27.742516660715399, 0.0 ], [ 68.667970404710402, 27.742106378306701, 0.0 ], [ 68.6684478709725, 27.741687348192599, 0.0 ], [ 68.668965620566993, 27.7411746096206, 0.0 ], [ 68.669265629904899, 27.740850887858201, 0.0 ], [ 68.669730958017297, 27.740492642021898, 0.0 ], [ 68.670317921235196, 27.740082034058702, 0.0 ], [ 68.6709000461003, 27.739634626736699, 0.0 ], [ 68.671394907948695, 27.7392820502265, 0.0 ], [ 68.672331959252602, 27.738532974317401, 0.0 ], [ 68.672854147001303, 27.7380905933063, 0.0 ], [ 68.673651062346707, 27.737458138782099, 0.0 ], [ 68.673928345816506, 27.737253014215302, 0.0 ], [ 68.674480316413494, 27.7368494974064, 0.0 ], [ 68.675377255256194, 27.7363336642672, 0.0 ], [ 68.676111728873295, 27.735884393549998, 0.0 ], [ 68.676532212291804, 27.7355678142033, 0.0 ], [ 68.676759313591504, 27.7354030341228, 0.0 ], [ 68.677092271391203, 27.735071483761999, 0.0 ], [ 68.677654532930404, 27.734702439765801, 0.0 ], [ 68.677799634945202, 27.7345415330653, 0.0 ], [ 68.6781723041086, 27.734302877276001, 0.0 ], [ 68.678647452817799, 27.733877538417701, 0.0 ], [ 68.679008120528394, 27.733561584999201, 0.0 ], [ 68.679480061355804, 27.733213938572501, 0.0 ], [ 68.679841018648204, 27.732946760784401, 0.0 ], [ 68.680088885293898, 27.732719126186801, 0.0 ], [ 68.680216799465796, 27.732452184021099, 0.0 ], [ 68.680617165949499, 27.7318832477138, 0.0 ], [ 68.680729635164596, 27.731535275732401, 0.0 ], [ 68.680872016730206, 27.731117779861702, 0.0 ], [ 68.680982930118205, 27.730747409365499, 0.0 ], [ 68.681139572233505, 27.730182645013102, 0.0 ], [ 68.681258391561599, 27.729569288491899, 0.0 ], [ 68.681359200166995, 27.729142309270198, 0.0 ], [ 68.681417897118294, 27.728711451272499, 0.0 ], [ 68.681469974160095, 27.728534098669702, 0.0 ], [ 68.681508511009, 27.728250355369699, 0.0 ], [ 68.681528205262495, 27.7281100917074, 0.0 ], [ 68.681579812858203, 27.727935386708801, 0.0 ], [ 68.6815967210119, 27.727763649472902, 0.0 ], [ 68.681604404819495, 27.727522008833699, 0.0 ], [ 68.681619115030202, 27.727348740052399, 0.0 ], [ 68.681612253202999, 27.7270036575928, 0.0 ], [ 68.6816511488815, 27.726732109998899, 0.0 ], [ 68.681626741281093, 27.726501269318199, 0.0 ], [ 68.681674237176395, 27.726300866191998, 0.0 ], [ 68.6816538783239, 27.726133255945101, 0.0 ], [ 68.681629650587993, 27.725933083045401, 0.0 ], [ 68.681597504321402, 27.725667533929599, 0.0 ], [ 68.681421837947497, 27.7253985026388, 0.0 ], [ 68.681290683518299, 27.725197695717199, 0.0 ], [ 68.681122970748604, 27.724967205772, 0.0 ], [ 68.680957738309004, 27.724740216887501, 0.0 ], [ 68.680763303983298, 27.7245477295941, 0.0 ], [ 68.680524650891996, 27.724287173514298, 0.0 ], [ 68.680361477899993, 27.724089843371601, 0.0 ], [ 68.680131092276199, 27.7238941032304, 0.0 ], [ 68.679840926917294, 27.723764242026199, 0.0 ], [ 68.679693348169593, 27.7236684624297, 0.0 ], [ 68.679652485673699, 27.723605063822699, 0.0 ], [ 68.679353216477793, 27.723325902568401, 0.0 ], [ 68.677986614790498, 27.721801884449501, 0.0 ], [ 68.6775005815866, 27.7211973295931, 0.0 ], [ 68.677057401977507, 27.720605849080702, 0.0 ], [ 68.676840784074997, 27.720369268926699, 0.0 ], [ 68.676594420196395, 27.720162985133701, 0.0 ], [ 68.676208369120999, 27.719864522629699, 0.0 ], [ 68.675792555881799, 27.719542284748702, 0.0 ], [ 68.675451373781897, 27.7192847620822, 0.0 ], [ 68.675151797917195, 27.719170408787399, 0.0 ], [ 68.675022882799894, 27.7191985009101, 0.0 ], [ 68.674736405560694, 27.719367410677499, 0.0 ], [ 68.674380786644093, 27.719505989909599, 0.0 ], [ 68.673989389099106, 27.719614891514102, 0.0 ], [ 68.673663132147894, 27.7197253363552, 0.0 ], [ 68.673271563731802, 27.719867318621901, 0.0 ], [ 68.672382534426504, 27.720119285276802, 0.0 ], [ 68.671685232487604, 27.720278384339998, 0.0 ], [ 68.671286222181394, 27.720389291432699, 0.0 ], [ 68.671152929164407, 27.720446096210399, 0.0 ], [ 68.670952856988805, 27.720502868612499, 0.0 ], [ 68.670685504732305, 27.7205884741788, 0.0 ], [ 68.670451210654903, 27.7206449543012, 0.0 ], [ 68.670149646389106, 27.720700848965102, 0.0 ], [ 68.669914104952099, 27.720785849287601, 0.0 ], [ 68.669612331144194, 27.720809229862098, 0.0 ], [ 68.669241896796194, 27.7208924810033, 0.0 ], [ 68.669039838018193, 27.720920633380601, 0.0 ], [ 68.668600289871605, 27.7210322905079, 0.0 ], [ 68.667621152993902, 27.7211390643164, 0.0 ], [ 68.666978742974706, 27.721191523569999, 0.0 ], [ 68.666640083473098, 27.721218507728, 0.0 ], [ 68.666196646657994, 27.721302853344099, 0.0 ], [ 68.665818249712501, 27.721391995044598, 0.0 ], [ 68.6654451093044, 27.721416566321501, 0.0 ], [ 68.665104711413306, 27.721443218629702, 0.0 ], [ 68.6647233440072, 27.7215591691204, 0.0 ], [ 68.664512824407396, 27.721647280197899, 0.0 ], [ 68.6643311307771, 27.721795686321901, 0.0 ], [ 68.6641044836351, 27.7220656259279, 0.0 ], [ 68.663948757029601, 27.7222793579061, 0.0 ], [ 68.663717912751494, 27.7225555145254, 0.0 ], [ 68.663480504321896, 27.722894280146999, 0.0 ], [ 68.663359594969407, 27.723080327395198, 0.0 ], [ 68.663040963369795, 27.723516745001898, 0.0 ], [ 68.662670524525097, 27.724086460122098, 0.0 ], [ 68.662337903071801, 27.724597761577499, 0.0 ], [ 68.662162106296293, 27.7249228287256, 0.0 ], [ 68.661899804632398, 27.725381663732801, 0.0 ], [ 68.661552878562503, 27.725943398269301, 0.0 ], [ 68.661319557551593, 27.7264144118956, 0.0 ], [ 68.661174429456395, 27.726749714227999, 0.0 ], [ 68.660941308994296, 27.727167294634999, 0.0 ], [ 68.660654073626603, 27.727725534405899, 0.0 ], [ 68.660474130077105, 27.7282907133458, 0.0 ], [ 68.6603617966596, 27.728609102128399, 0.0 ], [ 68.660261855000698, 27.728822309801799, 0.0 ], [ 68.660099694645197, 27.729248395996699, 0.0 ], [ 68.659728105567694, 27.729827777030302, 0.0 ], [ 68.659514258476307, 27.730365487976901, 0.0 ], [ 68.659438254072199, 27.730662131152499, 0.0 ], [ 68.659173865981202, 27.731197796141402, 0.0 ], [ 68.658954882861593, 27.7316920779271, 0.0 ], [ 68.658668960504201, 27.732110644890401, 0.0 ], [ 68.658522718149001, 27.732340038562, 0.0 ], [ 68.658384786428797, 27.732741930295902, 0.0 ], [ 68.658161585488799, 27.733245832129501, 0.0 ], [ 68.657896828675703, 27.7337549815072, 0.0 ], [ 68.657709400068796, 27.734237896761599, 0.0 ], [ 68.657533488179993, 27.7346411266867, 0.0 ], [ 68.657435999871595, 27.735047134617599, 0.0 ], [ 68.657312383559699, 27.735368814019601, 0.0 ], [ 68.657157128198904, 27.735901550815999, 0.0 ], [ 68.657007416259304, 27.736365976908399, 0.0 ], [ 68.656853803960004, 27.736869878741999, 0.0 ], [ 68.656762583026804, 27.737211635508601, 0.0 ], [ 68.656670650730007, 27.737555979624801, 0.0 ], [ 68.656511316943707, 27.738076518016999, 0.0 ], [ 68.656440874846595, 27.738555374630899, 0.0 ], [ 68.656341578001502, 27.7392203126673, 0.0 ], [ 68.656281153452497, 27.739624030924301, 0.0 ], [ 68.656226528631507, 27.739986722109599, 0.0 ], [ 68.656161243246899, 27.7404050804302, 0.0 ], [ 68.656131880382006, 27.740592524325599, 0.0 ], [ 68.656208249011499, 27.740919418896102, 0.0 ], [ 68.656285636572903, 27.7412473216066, 0.0 ], [ 68.656402479191101, 27.741616735224198, 0.0 ], [ 68.656517321717104, 27.7419952796585, 0.0 ], [ 68.656682590129506, 27.742329005479299, 0.0 ], [ 68.656718501857398, 27.7423768943782, 0.0 ], [ 68.656826424100203, 27.742520823677101, 0.0 ], [ 68.657006968396999, 27.742761584779402, 0.0 ], [ 68.657373032039899, 27.7429081904607, 0.0 ], [ 68.657660571378301, 27.7430063307776, 0.0 ], [ 68.657942302894995, 27.7431532170474, 0.0 ], [ 68.658261677334593, 27.743349473399501, 0.0 ], [ 68.658513925477294, 27.743399910077802, 0.0 ], [ 68.658754498621207, 27.743548213679201, 0.0 ], [ 68.658915009620003, 27.743648032130999, 0.0 ], [ 68.6590749531466, 27.743750817446301, 0.0 ], [ 68.659281405112793, 27.7438450466117, 0.0 ], [ 68.659568921068896, 27.7439896144292, 0.0 ], [ 68.6595996527018, 27.744093225322199, 0.0 ], [ 68.659767710811295, 27.744507254306399, 0.0 ], [ 68.6599025065955, 27.7448624856153, 0.0 ], [ 68.659999965226305, 27.745169025829899, 0.0 ], [ 68.660147699556703, 27.745425570933399, 0.0 ], [ 68.660291800626197, 27.745730944727399, 0.0 ], [ 68.660442928098703, 27.745983377231099, 0.0 ], [ 68.660522074734004, 27.7460818341094, 0.0 ], [ 68.660693595233298, 27.746134306852799, 0.0 ], [ 68.660984087046003, 27.746337581514201, 0.0 ], [ 68.661290808923795, 27.7463842158589, 0.0 ], [ 68.661504134408304, 27.746482822024699, 0.0 ], [ 68.661765051116305, 27.746537318242702, 0.0 ], [ 68.661941634798694, 27.7465414713119, 0.0 ], [ 68.662083071176795, 27.746440892932899, 0.0 ] ] ] ] } },
{ "type": "Feature", "properties": { "Name": "R14", "district": "Jhang", "province": "Punjab", "area_km2": 3.60842581078, "volume_MAF": 0.01783322873, "River": "Ravi", "Shape_Leng": 0.09816774786, "Shape_Area": 0.0003395516 }, "geometry": { "type": "MultiPolygon", "coordinates": [ [ [ [ 71.822198731886004, 30.626496048353999, 94.0 ], [ 71.821461952407205, 30.6284021407462, 94.0 ], [ 71.823279328478307, 30.6316249863041, 94.0 ], [ 71.824866918773395, 30.633960235176701, 94.0 ], [ 71.823088286395404, 30.640724646925001, 94.0 ], [ 71.822280312086804, 30.642574846452099, 94.0 ], [ 71.822204337360304, 30.644369710693599, 94.0 ], [ 71.823528821098293, 30.6451703654201, 94.0 ], [ 71.826780480035197, 30.646177123175701, 94.0 ], [ 71.827690902413295, 30.647568753894902, 94.0 ], [ 71.8276047059924, 30.648929004569901, 94.0 ], [ 71.827362241574207, 30.650322968130499, 94.0 ], [ 71.826713409496307, 30.651808455695701, 94.0 ], [ 71.827510837455193, 30.655375840522701, 94.0 ], [ 71.828599682629303, 30.656689912809298, 94.0 ], [ 71.830706935376796, 30.657454551486399, 94.0 ], [ 71.833929704492306, 30.6577145391947, 94.0 ], [ 71.836404111760402, 30.6575311224634, 94.0 ], [ 71.839775902136196, 30.656968374390999, 94.0 ], [ 71.841331228353596, 30.6558931800263, 94.0 ], [ 71.842984724565397, 30.654669890703001, 94.0 ], [ 71.844755020228007, 30.654321049976499, 94.0 ], [ 71.843379361468394, 30.653293611411101, 94.0 ], [ 71.841366873882194, 30.652795635210499, 94.0 ], [ 71.840241360650296, 30.652014502966999, 94.0 ], [ 71.840684133765805, 30.6503912041908, 94.0 ], [ 71.842102274700295, 30.6493360332314, 94.0 ], [ 71.842700080144695, 30.648476157248901, 94.0 ], [ 71.840463094796107, 30.6479181638922, 94.0 ], [ 71.837650108965406, 30.646833398042901, 94.0 ], [ 71.836531185965498, 30.644700972372, 94.0 ], [ 71.835091058405695, 30.641082180498302, 94.0 ], [ 71.833196498919307, 30.6370456958023, 94.0 ], [ 71.832025560931001, 30.634963940633401, 94.0 ], [ 71.831273053208903, 30.634182074543201, 94.0 ], [ 71.829851945410994, 30.632575070583101, 94.0 ], [ 71.829826668166305, 30.630289359066701, 94.0 ], [ 71.827564857032598, 30.628112425947698, 94.0 ], [ 71.826783387543301, 30.626758403077901, 94.0 ], [ 71.825547540087001, 30.624853297241899, 94.0 ], [ 71.825207703372897, 30.624376760878899, 94.0 ], [ 71.8238251315246, 30.6254892258472, 94.0 ], [ 71.822682000573906, 30.625434658582702, 94.0 ], [ 71.822198731886004, 30.626496048353999, 94.0 ] ] ] ] } },
{ "type": "Feature", "properties": { "Name": "C2", "district": "Sialkot", "province": "Punjab", "area_km2": 11.769326325, "volume_MAF": 0.05816527742, "River": "Chenab", "Shape_Leng": 0.14204145425, "Shape_Area": 0.00113208018 }, "geometry": { "type": "MultiPolygon", "coordinates": [ [ [ [ 74.460850532426207, 32.730025545942198, 117.0 ], [ 74.463762850175399, 32.734057466578903, 117.0 ], [ 74.472946467005897, 32.7376245762132, 117.0 ], [ 74.4848069437855, 32.738237226766699, 117.0 ], [ 74.492109159110399, 32.736760762998898, 117.0 ], [ 74.500109840097096, 32.733903445987302, 117.0 ], [ 74.508419350972304, 32.732331814162002, 117.0 ], [ 74.508420868128596, 32.732037200756302, 117.0 ], [ 74.509826852027601, 32.726651528844997, 117.0 ], [ 74.5092691437561, 32.723632421099403, 117.0 ], [ 74.508698905230304, 32.723341040756502, 117.0 ], [ 74.507786160802695, 32.723049493139598, 117.0 ], [ 74.507215453730296, 32.722952099259999, 117.0 ], [ 74.501889049839903, 32.719084277917098, 117.0 ], [ 74.498422315337606, 32.714668620160801, 117.0 ], [ 74.492689330648105, 32.712092855700803, 117.0 ], [ 74.487568283349702, 32.708676796197203, 117.0 ], [ 74.486790895883203, 32.703588166760497, 117.0 ], [ 74.485005825258696, 32.6986353637311, 117.0 ], [ 74.484558923355706, 32.698635710869397, 117.0 ], [ 74.480543197710503, 32.6984526394778, 117.0 ], [ 74.478525957207196, 32.702373599961703, 117.0 ], [ 74.478240152661002, 32.704342822963, 117.0 ], [ 74.478639369811106, 32.706129828029198, 117.0 ], [ 74.477913174453505, 32.707733372297398, 117.0 ], [ 74.473308607806104, 32.710574051850998, 117.0 ], [ 74.469556425788497, 32.714475075264502, 117.0 ], [ 74.464956431294297, 32.716575515647598, 117.0 ], [ 74.462581273207306, 32.721766130002898, 117.0 ], [ 74.460581437283594, 32.725832519854997, 117.0 ], [ 74.460850532426207, 32.730025545942198, 117.0 ] ] ] ] } },
{ "type": "Feature", "properties": { "Name": "C12", "district": "Chiniot", "province": "Punjab", "area_km2": 6.0255007888999996, "volume_MAF": 0.02977867342, "River": "Chenab", "Shape_Leng": 0.11824299735, "Shape_Area": 0.00057377909 }, "geometry": { "type": "MultiPolygon", "coordinates": [ [ [ [ 73.000616739670903, 31.788561827266602, 80.0 ], [ 73.000569698832606, 31.788608714320802, 80.0 ], [ 73.000834726341594, 31.788765981464898, 80.0 ], [ 73.001308108782297, 31.788997919318501, 80.0 ], [ 73.001836157412797, 31.789270494837499, 80.0 ], [ 73.002257196612405, 31.7894626457845, 80.0 ], [ 73.002779784559493, 31.789648423236201, 80.0 ], [ 73.003093676731893, 31.7897600111157, 80.0 ], [ 73.003516274456601, 31.789952808675299, 80.0 ], [ 73.003725924411896, 31.790027347184399, 80.0 ], [ 73.004145566065105, 31.7901765456111, 80.0 ], [ 73.004670785428502, 31.7903632979279, 80.0 ], [ 73.004986159683597, 31.790475447883601, 80.0 ], [ 73.005664610033804, 31.7906529461766, 80.0 ], [ 73.006550944070895, 31.790860917097699, 80.0 ], [ 73.007591033399507, 31.791059387580699, 80.0 ], [ 73.008014019631304, 31.791208237070499, 80.0 ], [ 73.008391400342902, 31.791406562762699, 80.0 ], [ 73.008870726403003, 31.7915973863104, 80.0 ], [ 73.009249023523694, 31.791796193139898, 80.0 ], [ 73.009836504750893, 31.7920269429891, 80.0 ], [ 73.010480311417297, 31.7922985904077, 80.0 ], [ 73.010906766334202, 31.7924497979199, 80.0 ], [ 73.011770191041506, 31.792840881601499, 80.0 ], [ 73.012152483850102, 31.793042076131002, 80.0 ], [ 73.0127542885796, 31.793363647614299, 80.0 ], [ 73.013090819385894, 31.7936120889268, 80.0 ], [ 73.013484072232202, 31.793902408069801, 80.0 ], [ 73.013816596558698, 31.794106546979599, 80.0 ], [ 73.014324576817799, 31.7944821461342, 80.0 ], [ 73.014710514578695, 31.794685182475199, 80.0 ], [ 73.014988612834301, 31.794849472425302, 80.0 ], [ 73.015539985382105, 31.795132831714898, 80.0 ], [ 73.015978405778895, 31.795332155654499, 80.0 ], [ 73.016577491857802, 31.795567121525501, 80.0 ], [ 73.017074370885595, 31.7958092801742, 80.0 ], [ 73.017400497435105, 31.795925377254399, 80.0 ], [ 73.017669861474999, 31.795999677443199, 80.0 ], [ 73.017944897539095, 31.796119432965501, 80.0 ], [ 73.018220463303805, 31.796239738872899, 80.0 ], [ 73.018432616072403, 31.796271735851999, 80.0 ], [ 73.018817606847094, 31.7964308268213, 80.0 ], [ 73.019196137791596, 31.7965428850462, 80.0 ], [ 73.019415339446397, 31.796621701630301, 80.0 ], [ 73.019685964335807, 31.796696427198398, 80.0 ], [ 73.019910884779605, 31.796820404138401, 80.0 ], [ 73.020239633752198, 31.796937733289798, 80.0 ], [ 73.020620506531202, 31.797051781714401, 80.0 ], [ 73.020995699192198, 31.7971201391831, 80.0 ], [ 73.021267190128796, 31.7971950850851, 80.0 ], [ 73.021590946065402, 31.797266936420002, 80.0 ], [ 73.021811086612402, 31.7973455902269, 80.0 ], [ 73.022083271825593, 31.797420908448199, 80.0 ], [ 73.022407372202494, 31.797492674347499, 80.0 ], [ 73.022627572104895, 31.797571057458399, 80.0 ], [ 73.0228998328611, 31.797646069010899, 80.0 ], [ 73.023328140381395, 31.797710881352099, 80.0 ], [ 73.023705615521806, 31.797780130048999, 80.0 ], [ 73.023926647297003, 31.797858917854899, 80.0 ], [ 73.024193278297204, 31.797888154814501, 80.0 ], [ 73.024303896707494, 31.797927572099798, 80.0 ], [ 73.024746669823003, 31.7980853617501, 80.0 ], [ 73.025131156977395, 31.798200421912, 80.0 ], [ 73.025405032915998, 31.798276050399501, 80.0 ], [ 73.0259529565637, 31.798427190462501, 80.0 ], [ 73.026397358351502, 31.798585440565699, 80.0 ], [ 73.026678268787094, 31.798707138623602, 80.0 ], [ 73.026966227209698, 31.798875295658402, 80.0 ], [ 73.027299799246407, 31.798993766049499, 80.0 ], [ 73.027738028986903, 31.7991054240761, 80.0 ], [ 73.028019946663306, 31.7992275304263, 80.0 ], [ 73.028295811902197, 31.7993038900625, 80.0 ], [ 73.028580552550494, 31.799428349938498, 80.0 ], [ 73.028910869041496, 31.7995029531988, 80.0 ], [ 73.029365109412296, 31.7997084159107, 80.0 ], [ 73.029641092462498, 31.7997843753487, 80.0 ], [ 73.029864915733398, 31.799863876316898, 80.0 ], [ 73.030193485740796, 31.799936403042601, 80.0 ], [ 73.030365824623203, 31.8000199563559, 80.0 ], [ 73.030643555056102, 31.8000971002011, 80.0 ], [ 73.030921456360204, 31.8001742890123, 80.0 ], [ 73.031258498880703, 31.800294206412602, 80.0 ], [ 73.031490364788596, 31.8004204235638, 80.0 ], [ 73.031767537641798, 31.800496806582402, 80.0 ], [ 73.031992993182101, 31.800577111544499, 80.0 ], [ 73.032278777043999, 31.8007010102435, 80.0 ], [ 73.032670141314, 31.800818314213899, 80.0 ], [ 73.032896104071995, 31.8008987990404, 80.0 ], [ 73.033348420793104, 31.801059906289701, 80.0 ], [ 73.033643008118403, 31.801231265810301, 80.0 ], [ 73.0338245812395, 31.801362430132102, 80.0 ], [ 73.034049999008303, 31.8014422440644, 80.0 ], [ 73.034353034565001, 31.801660987064999, 80.0 ], [ 73.034543033434304, 31.801839726422301, 80.0 ], [ 73.034907650967398, 31.8021030605079, 80.0 ], [ 73.035211947373497, 31.802322830534301, 80.0 ], [ 73.035525025659496, 31.8025905964789, 80.0 ], [ 73.035752590109993, 31.8026716451803, 80.0 ], [ 73.0360340257498, 31.8027500094055, 80.0 ], [ 73.036377233122906, 31.802872846005101, 80.0 ], [ 73.036659149899904, 31.8029513442292, 80.0 ], [ 73.036940430856205, 31.803029265987899, 80.0 ], [ 73.037221148837006, 31.8031066571465, 80.0 ], [ 73.037720784286805, 31.803216752151499, 80.0 ], [ 73.037836113346003, 31.803258219890999, 80.0 ], [ 73.038173147772596, 31.803334292643601, 80.0 ], [ 73.038287617979194, 31.803375047220701, 80.0 ], [ 73.038518072850806, 31.803457727292301, 80.0 ], [ 73.038905877604194, 31.8035286298424, 80.0 ], [ 73.039182096276804, 31.803560625922199, 80.0 ], [ 73.039728547734299, 31.803620541454801, 80.0 ], [ 73.040118425425106, 31.803692390991099, 80.0 ], [ 73.040492865353499, 31.803670082408399, 80.0 ], [ 73.040704170960794, 31.803655393781501, 80.0 ], [ 73.040898588199397, 31.803545687283702, 80.0 ], [ 73.041252646792302, 31.803425964136999, 80.0 ], [ 73.041305910939101, 31.803422623155601, 80.0 ], [ 73.0415101901432, 31.803361594262199, 80.0 ], [ 73.041749087850206, 31.8032012892082, 80.0 ], [ 73.042128269903799, 31.802934944192401, 80.0 ], [ 73.042320980229107, 31.802824899549499, 80.0 ], [ 73.042636923755097, 31.802514619953801, 80.0 ], [ 73.042911035316095, 31.802257403956101, 80.0 ], [ 73.043034599467305, 31.802057925332999, 80.0 ], [ 73.043104144041095, 31.801861452244299, 80.0 ], [ 73.043306890800395, 31.801514155653798, 80.0 ], [ 73.043348600457605, 31.801462192826001, 80.0 ], [ 73.043445478126401, 31.801164283405001, 80.0 ], [ 73.043637400645594, 31.8007705404282, 80.0 ], [ 73.043672095590793, 31.800673074602699, 80.0 ], [ 73.0437323429733, 31.800431307159201, 80.0 ], [ 73.043801606958695, 31.8002367739081, 80.0 ], [ 73.043897947732106, 31.799899445403099, 80.0 ], [ 73.044009809005601, 31.799654815417501, 80.0 ], [ 73.044131116757697, 31.799457494268001, 80.0 ], [ 73.044252298604803, 31.7992603817613, 80.0 ], [ 73.044363819934404, 31.799016616024101, 80.0 ], [ 73.044441272246999, 31.798869883538401, 80.0 ], [ 73.044552557954304, 31.798626626817502, 80.0 ], [ 73.044663688978105, 31.7983836848592, 80.0 ], [ 73.044784258386898, 31.798187670424699, 80.0 ], [ 73.044842213397501, 31.7979484399686, 80.0 ], [ 73.044837647539495, 31.797666194939001, 80.0 ], [ 73.044871357727104, 31.797570117666901, 80.0 ], [ 73.0448178966287, 31.797293512285801, 80.0 ], [ 73.044814747202807, 31.797012973270199, 80.0 ], [ 73.044796756265299, 31.796920924960801, 80.0 ], [ 73.044784572250293, 31.796594998060801, 80.0 ], [ 73.044747784582597, 31.796410948206798, 80.0 ], [ 73.044858126901104, 31.7961708481062, 80.0 ], [ 73.044810974546905, 31.795940821311898, 80.0 ], [ 73.044806674888207, 31.795662007195901, 80.0 ], [ 73.044804994055298, 31.795384688652501, 80.0 ], [ 73.044750299986404, 31.7951107155871, 80.0 ], [ 73.044704783499, 31.7948827338511, 80.0 ], [ 73.044659323668895, 31.7946550354016, 80.0 ], [ 73.044613883623896, 31.7944273333548, 80.0 ], [ 73.044557101329204, 31.7941538765003, 80.0 ], [ 73.044450276259298, 31.793885034067099, 80.0 ], [ 73.044296037132497, 31.793621455366001, 80.0 ], [ 73.044269183376201, 31.7934858349034, 80.0 ], [ 73.044130088832603, 31.7933119581804, 80.0 ], [ 73.043964436409695, 31.793003014977199, 80.0 ], [ 73.043816819890395, 31.792784616416998, 80.0 ], [ 73.043669401222004, 31.7925664912506, 80.0 ], [ 73.043520321505696, 31.792347985671, 80.0 ], [ 73.043501973537303, 31.792257959037599, 80.0 ], [ 73.043292127529696, 31.791998152992399, 80.0 ], [ 73.043152432238998, 31.791825186383299, 80.0 ], [ 73.042840688547003, 31.791572948133101, 80.0 ], [ 73.042542244928697, 31.791367216523899, 80.0 ], [ 73.042243857967705, 31.791161617115002, 80.0 ], [ 73.041961361128003, 31.791044787087301, 80.0 ], [ 73.041627150572594, 31.790931172135899, 80.0 ], [ 73.041344575491806, 31.790814310632001, 80.0 ], [ 73.041019418411494, 31.790745362308702, 80.0 ], [ 73.040583345245196, 31.790638672137, 80.0 ], [ 73.040207836022901, 31.790573025225001, 80.0 ], [ 73.040045425655904, 31.790539072220401, 80.0 ], [ 73.039680604876096, 31.790518773622601, 80.0 ], [ 73.039302590142498, 31.790452412648801, 80.0 ], [ 73.038985971225699, 31.790427701077601, 80.0 ], [ 73.038670107739307, 31.790403270994201, 80.0 ], [ 73.038405609031699, 31.790375533204301, 80.0 ], [ 73.038081813524897, 31.790306781832602, 80.0 ], [ 73.0378101831935, 31.7902350411143, 80.0 ], [ 73.037573152479098, 31.790071212516501, 80.0 ], [ 73.037403909063201, 31.789992814117099, 80.0 ], [ 73.037116486636606, 31.789832691625499, 80.0 ], [ 73.036863240246404, 31.789580691695601, 80.0 ], [ 73.036619559045405, 31.789373544553499, 80.0 ], [ 73.036441581413897, 31.789251133333199, 80.0 ], [ 73.036258208749402, 31.789085197623798, 80.0 ], [ 73.036073476309895, 31.7889190937412, 80.0 ], [ 73.035925099863505, 31.7886623471896, 80.0 ], [ 73.035608855964, 31.788328359666099, 80.0 ], [ 73.035344100949501, 31.787991732632399, 80.0 ], [ 73.035211923991099, 31.787823679019599, 80.0 ], [ 73.035130671143605, 31.787652474182401, 80.0 ], [ 73.035049495637793, 31.787481439316998, 80.0 ], [ 73.034859367266094, 31.787273690528401, 80.0 ], [ 73.034531160584706, 31.786855661359699, 80.0 ], [ 73.034392521097999, 31.786645587823699, 80.0 ], [ 73.034180380919906, 31.786308901434701, 80.0 ], [ 73.034165346053996, 31.786222365070198, 80.0 ], [ 73.034019108195395, 31.7859695170796, 80.0 ], [ 73.033916281511296, 31.785670752403298, 80.0 ], [ 73.0337556949694, 31.785332694548298, 80.0 ], [ 73.033675527603606, 31.785163925075199, 80.0 ], [ 73.033580587074496, 31.7849094277279, 80.0 ], [ 73.033298014691695, 31.7844510127041, 80.0 ], [ 73.033153343452099, 31.784200906746499, 80.0 ], [ 73.032951390794096, 31.783911791795799, 80.0 ], [ 73.032764381271207, 31.783708424504301, 80.0 ], [ 73.032470140184898, 31.783469349630799, 80.0 ], [ 73.032289978999401, 31.783308903383201, 80.0 ], [ 73.032000123906599, 31.7831122432355, 80.0 ], [ 73.0317358230499, 31.7827848630311, 80.0 ], [ 73.031620713425198, 31.782706586040099, 80.0 ], [ 73.031443138689994, 31.7825472531533, 80.0 ], [ 73.031315744326207, 31.782384810410701, 80.0 ], [ 73.031111581134596, 31.782057190087301, 80.0 ], [ 73.030971970380193, 31.781811158058499, 80.0 ], [ 73.0308519756382, 31.781691434012501, 80.0 ], [ 73.030675124857197, 31.781533034621901, 80.0 ], [ 73.030498453940496, 31.781374792612699, 80.0 ], [ 73.030165810004206, 31.781184584201199, 80.0 ], [ 73.029840271611306, 31.781036518020901, 80.0 ], [ 73.029528359746095, 31.7809723684801, 80.0 ], [ 73.0291603976343, 31.7808697810156, 80.0 ], [ 73.028948627077497, 31.7807990718198, 80.0 ], [ 73.028743433262903, 31.780770387043798, 80.0 ], [ 73.028382516440004, 31.780709691798901, 80.0 ], [ 73.028120983696496, 31.780642383839002, 80.0 ], [ 73.027866148204197, 31.7806169582061, 80.0 ], [ 73.027647478048706, 31.780504633781899, 80.0 ], [ 73.027442491977496, 31.780475969690301, 80.0 ], [ 73.027237558966206, 31.780447309195999, 80.0 ], [ 73.026976767264003, 31.780380208080199, 80.0 ], [ 73.0266664957622, 31.780316413771502, 80.0 ], [ 73.026102286291504, 31.780227337721499, 80.0 ], [ 73.025947862803704, 31.780195532297999, 80.0 ], [ 73.025700760581699, 31.780211957515899, 80.0 ], [ 73.025299334696598, 31.7801965737129, 80.0 ], [ 73.025145040711095, 31.7801647772827, 80.0 ], [ 73.024898000542393, 31.7801811971046, 80.0 ], [ 73.024390871941307, 31.780130639017798, 80.0 ], [ 73.024137282909393, 31.7801053482833, 80.0 ], [ 73.023721941814202, 31.780006540669401, 80.0 ], [ 73.023420328085706, 31.779984558540601, 80.0 ], [ 73.023112047682901, 31.779921063706201, 80.0 ], [ 73.022902200776002, 31.7798509786398, 80.0 ], [ 73.022598569868094, 31.7798288310358, 80.0 ], [ 73.022346402664397, 31.779803739051399, 80.0 ], [ 73.022037871350705, 31.779740329652601, 80.0 ], [ 73.0218344213216, 31.7797118643111, 80.0 ], [ 73.021527017757705, 31.779648451315001, 80.0 ], [ 73.021269143456294, 31.779581851121598, 80.0 ], [ 73.020967837295899, 31.779559985005299, 80.0 ], [ 73.020567698340599, 31.779544688436701, 80.0 ], [ 73.020210787098193, 31.779484506704598, 80.0 ], [ 73.019858787952799, 31.7794658988322, 80.0 ], [ 73.019606850975407, 31.7794408059485, 80.0 ], [ 73.019311969571802, 31.7794604399474, 80.0 ], [ 73.019164565292499, 31.7794702803292, 80.0 ], [ 73.018770489566506, 31.779496396641399, 80.0 ], [ 73.018583978268097, 31.779592304841099, 80.0 ], [ 73.018349406300104, 31.779691733886501, 80.0 ], [ 73.018162986732506, 31.779787767091801, 80.0 ], [ 73.017971119071902, 31.779842147297298, 80.0 ], [ 73.017499166553407, 31.7800410503542, 80.0 ], [ 73.017268500341103, 31.780182091930001, 80.0 ], [ 73.016983088798597, 31.780284888936499, 80.0 ], [ 73.0166977923693, 31.780387833431799, 80.0 ], [ 73.016505776320599, 31.780442597647799, 80.0 ], [ 73.016170925447895, 31.780548879527199, 80.0 ], [ 73.015978765507697, 31.780603682414, 80.0 ], [ 73.015539789329907, 31.780674929404501, 80.0 ], [ 73.015446182495396, 31.780723190622801, 80.0 ], [ 73.015252923583603, 31.7807778370276, 80.0 ], [ 73.014868127961805, 31.780887431110099, 80.0 ], [ 73.014625955823206, 31.780945491341399, 80.0 ], [ 73.014339389551296, 31.781048488896701, 80.0 ], [ 73.0140480856507, 31.7811101293291, 80.0 ], [ 73.013904628495894, 31.7811617135423, 80.0 ], [ 73.013622376271698, 31.781306680658801, 80.0 ], [ 73.013582702679599, 31.781393675677599, 80.0 ], [ 73.013448231550697, 31.781528872559502, 80.0 ], [ 73.013319034945496, 31.781706222464301, 80.0 ], [ 73.013145269738501, 31.781929156305601, 80.0 ], [ 73.013070122388299, 31.782145677980701, 80.0 ], [ 73.012995502040795, 31.782362628632502, 80.0 ], [ 73.012970053025597, 31.782576691561101, 80.0 ], [ 73.012899860939896, 31.7828364526403, 80.0 ], [ 73.012873721245299, 31.783050589313302, 80.0 ], [ 73.012911275135295, 31.783388279345701, 80.0 ], [ 73.0129499468826, 31.7837275521848, 80.0 ], [ 73.013028783251798, 31.783978925287201, 80.0 ], [ 73.013103078044693, 31.784188438545598, 80.0 ], [ 73.013122487213096, 31.784358829496501, 80.0 ], [ 73.013082242551505, 31.784447273323099, 80.0 ], [ 73.012866163342807, 31.784761967690699, 80.0 ], [ 73.012680581043995, 31.784902991280099, 80.0 ], [ 73.012400291140594, 31.7850940324637, 80.0 ], [ 73.0121189688154, 31.785284525060799, 80.0 ], [ 73.0119426387419, 31.785512016666299, 80.0 ], [ 73.011665881375393, 31.785746248690501, 80.0 ], [ 73.011383538319706, 31.785937064144299, 80.0 ], [ 73.011097255334107, 31.786086349805299, 80.0 ], [ 73.010855937551497, 31.786188859028702, 80.0 ], [ 73.010514625050007, 31.786298195005799, 80.0 ], [ 73.010318761701598, 31.786354545625802, 80.0 ], [ 73.010072727874203, 31.786414220140198, 80.0 ], [ 73.009826637389395, 31.786473908144401, 80.0 ], [ 73.0095801754848, 31.786533700469899, 80.0 ], [ 73.009379680627802, 31.7865470527043, 80.0 ], [ 73.009133414775306, 31.786606822546901, 80.0 ], [ 73.008632096694001, 31.786640209877799, 80.0 ], [ 73.0084816985716, 31.786650224728099, 80.0 ], [ 73.008180897830201, 31.786670257126701, 80.0 ], [ 73.007821571008805, 31.786607450273699, 80.0 ], [ 73.007512536974005, 31.786541444532102, 80.0 ], [ 73.007295567436501, 31.786382519937401, 80.0 ], [ 73.007074726317597, 31.786180864055702, 80.0 ], [ 73.006904149207202, 31.785976001191599, 80.0 ], [ 73.006783782145902, 31.785768064444699, 80.0 ], [ 73.006609571774405, 31.785520889377601, 80.0 ], [ 73.006489559046003, 31.785313529096101, 80.0 ], [ 73.006377704067901, 31.7851919047826, 80.0 ], [ 73.00631182603, 31.785024337703099, 80.0 ], [ 73.006196164221606, 31.784860263590399, 80.0 ], [ 73.005965185045298, 31.784532612690001, 80.0 ], [ 73.005684928416798, 31.7842089403903, 80.0 ], [ 73.005516280352097, 31.784006570446898, 80.0 ], [ 73.005282759691696, 31.7836382962704, 80.0 ], [ 73.005072670867193, 31.783524385442099, 80.0 ], [ 73.004912384698898, 31.783407277523899, 80.0 ], [ 73.0046491837129, 31.7832548325445, 80.0 ], [ 73.004389851610398, 31.7831447663179, 80.0 ], [ 73.0040812627402, 31.783037335105, 80.0 ], [ 73.003875808122103, 31.782966285965401, 80.0 ], [ 73.003567829891495, 31.782859692920599, 80.0 ], [ 73.003312998895893, 31.782791755435198, 80.0 ], [ 73.003058318986305, 31.782723870110502, 80.0 ], [ 73.002757744874103, 31.782701539044901, 80.0 ], [ 73.002411353001605, 31.782724342254699, 80.0 ], [ 73.002209939936805, 31.7826953750915, 80.0 ], [ 73.001856642170395, 31.782634287742201, 80.0 ], [ 73.001556387317507, 31.782611975562201, 80.0 ], [ 73.001404589849997, 31.7825798247991, 80.0 ], [ 73.001051628430005, 31.782518902925101, 80.0 ], [ 73.000755293721895, 31.7825381601081, 80.0 ], [ 73.000458561513497, 31.7825578633548, 80.0 ], [ 73.000263921243004, 31.7826130349636, 80.0 ], [ 72.999930664868401, 31.782803882793001, 80.0 ], [ 72.999739195607404, 31.782900940326201, 80.0 ], [ 72.999553927172002, 31.783082274227599, 80.0 ], [ 72.999368542724099, 31.7832637061551, 80.0 ], [ 72.999235334243295, 31.783484547274099, 80.0 ], [ 72.99905271611, 31.783708588180801, 80.0 ], [ 72.998965896458998, 31.783884190702899, 80.0 ], [ 72.9988818521159, 31.784102454364799, 80.0 ], [ 72.998847256095999, 31.784317868075199, 80.0 ], [ 72.998812615110197, 31.784533556978101, 80.0 ], [ 72.998733737372206, 31.7848385989222, 80.0 ], [ 72.998708021258196, 31.785182805442201, 80.0 ], [ 72.998735287803399, 31.785567176583999, 80.0 ], [ 72.998768802838001, 31.786037788213399, 80.0 ], [ 72.998931251875803, 31.7861988352082, 80.0 ], [ 72.999146318447899, 31.7864005288613, 80.0 ], [ 72.999258686938902, 31.786565892601899, 80.0 ], [ 72.999421277170299, 31.786727984608799, 80.0 ], [ 72.999640566059298, 31.786972861908101, 80.0 ], [ 72.999647303780094, 31.787753956380001, 80.0 ], [ 72.999707260681603, 31.787880124068501, 80.0 ], [ 72.999921143745794, 31.788039735745301, 80.0 ], [ 73.000081473980899, 31.788160020968199, 80.0 ], [ 73.000188430351798, 31.788240264776402, 80.0 ], [ 73.000399223345497, 31.788357457230902, 80.0 ], [ 73.000566396522103, 31.788565221308001, 80.0 ], [ 73.000616739670903, 31.788561827266602, 80.0 ] ] ] ] } },
{ "type": "Feature", "properties": { "Name": "R9", "district": "Sahiwal", "province": "Punjab", "area_km2": 4.5932090565200001, "volume_MAF": 0.02270013352, "River": "Ravi", "Shape_Leng": 0.07769565591, "Shape_Area": 0.00043221849 }, "geometry": { "type": "MultiPolygon", "coordinates": [ [ [ [ 72.750500301347898, 30.653460954559499, 150.0 ], [ 72.750543644173902, 30.653310474598801, 150.0 ], [ 72.750585137993795, 30.6534232693684, 150.0 ], [ 72.750752847166197, 30.6536490675505, 150.0 ], [ 72.750921314467107, 30.653763258068, 150.0 ], [ 72.751089341100297, 30.654026830473899, 150.0 ], [ 72.7512155744392, 30.6542157150832, 150.0 ], [ 72.751468563623305, 30.654520425177498, 150.0 ], [ 72.751637799844602, 30.6547466523362, 150.0 ], [ 72.751722368492594, 30.6548971934508, 150.0 ], [ 72.751891952751507, 30.6550502823447, 150.0 ], [ 72.752061671908706, 30.655168149290699, 150.0 ], [ 72.752231750794706, 30.6552082455642, 150.0 ], [ 72.752359361895103, 30.655247968618902, 150.0 ], [ 72.752699852416299, 30.655281897341801, 150.0 ], [ 72.753040352830098, 30.655282579927199, 150.0 ], [ 72.753168055661305, 30.655283001709201, 150.0 ], [ 72.753380894612604, 30.655283211251199, 150.0 ], [ 72.753721019109804, 30.655278428656601, 150.0 ], [ 72.754018457285994, 30.655274247708402, 150.0 ], [ 72.754400602605799, 30.655268896742299, 150.0 ], [ 72.754570442272197, 30.655266434398499, 150.0 ], [ 72.754995958296902, 30.6553048642281, 150.0 ], [ 72.755166762935801, 30.6553453103379, 150.0 ], [ 72.755337403898096, 30.655348125215902, 150.0 ], [ 72.755593109034805, 30.655350392406699, 150.0 ], [ 72.755763008056405, 30.6553489561894, 150.0 ], [ 72.755932944849604, 30.655347927365, 150.0 ], [ 72.756315288919495, 30.655345690751101, 150.0 ], [ 72.756484667233707, 30.6553067995692, 150.0 ], [ 72.756867664211399, 30.655307577482699, 150.0 ], [ 72.757208577414005, 30.6553098383784, 150.0 ], [ 72.757251216070799, 30.655310177422798, 150.0 ], [ 72.757633170734294, 30.655307455174999, 150.0 ], [ 72.757761352904197, 30.655309222342801, 150.0 ], [ 72.758102892934204, 30.655312727000801, 150.0 ], [ 72.758314225521104, 30.655236763066199, 150.0 ], [ 72.758526610314803, 30.655236034615399, 150.0 ], [ 72.758782584348893, 30.655237990640799, 150.0 ], [ 72.758952701006393, 30.6552379582652, 150.0 ], [ 72.7592493495779, 30.655199370154801, 150.0 ], [ 72.759376070349404, 30.655197376357901, 150.0 ], [ 72.759544045721199, 30.6551566055929, 150.0 ], [ 72.759712791811907, 30.655153967881301, 150.0 ], [ 72.760009780327195, 30.655116691881901, 150.0 ], [ 72.760179426639297, 30.655079825073901, 150.0 ], [ 72.760390595549595, 30.655041183903599, 150.0 ], [ 72.760645269163902, 30.655040710860199, 150.0 ], [ 72.760857682735903, 30.655040506713998, 150.0 ], [ 72.760983696640295, 30.655002120951199, 150.0 ], [ 72.761067070089297, 30.654963242359798, 150.0 ], [ 72.761747252533695, 30.654891863168999, 150.0 ], [ 72.7621267655379, 30.654815406405898, 150.0 ], [ 72.762587677978999, 30.654698199562301, 150.0 ], [ 72.762670760946904, 30.654659541304898, 150.0 ], [ 72.763045240445507, 30.6545413568982, 150.0 ], [ 72.763339598443807, 30.654465857913099, 150.0 ], [ 72.7635071880064, 30.654391361672101, 150.0 ], [ 72.763591012015596, 30.654354165712199, 150.0 ], [ 72.763842397708501, 30.654242614705002, 150.0 ], [ 72.764092218581098, 30.654093412680901, 150.0 ], [ 72.764174218765206, 30.654018263532102, 150.0 ], [ 72.764336845868797, 30.653866547902901, 150.0 ], [ 72.764541474009903, 30.653714872743301, 150.0 ], [ 72.764663338442304, 30.653601546474199, 150.0 ], [ 72.7648279269673, 30.653488930669699, 150.0 ], [ 72.764991078375601, 30.6533388994707, 150.0 ], [ 72.765072365397401, 30.653263798885199, 150.0 ], [ 72.765276669782594, 30.653113770384302, 150.0 ], [ 72.765396862375397, 30.652963776956799, 150.0 ], [ 72.765516607105795, 30.6528138024151, 150.0 ], [ 72.765674173724193, 30.6525169964623, 150.0 ], [ 72.765794892420402, 30.652368679371101, 150.0 ], [ 72.765869355386499, 30.652181015141799, 150.0 ], [ 72.765987437270496, 30.6520308697289, 150.0 ], [ 72.766063483043396, 30.651880984220099, 150.0 ], [ 72.766179984818507, 30.651694331728098, 150.0 ], [ 72.766214551160701, 30.651545451661299, 150.0 ], [ 72.766374824738406, 30.651361024991399, 150.0 ], [ 72.766452552243507, 30.651213609920202, 150.0 ], [ 72.766611107216903, 30.6509929054982, 150.0 ], [ 72.766731197287001, 30.650846417628099, 150.0 ], [ 72.766847307857006, 30.6506613875131, 150.0 ], [ 72.767005159560497, 30.650476734213999, 150.0 ], [ 72.767161316041907, 30.6502558310418, 150.0 ], [ 72.7672752889235, 30.650035141908301, 150.0 ], [ 72.767472471577406, 30.649814730665401, 150.0 ], [ 72.767468658451904, 30.649741388254501, 150.0 ], [ 72.767585886879303, 30.649594693540301, 150.0 ], [ 72.767739510869802, 30.649338697922602, 150.0 ], [ 72.767815112377605, 30.6491926462237, 150.0 ], [ 72.767929553805899, 30.648974631674001, 150.0 ], [ 72.768001823325605, 30.648720791731201, 150.0 ], [ 72.768078863748599, 30.648576446945501, 150.0 ], [ 72.768155814239506, 30.648361437930099, 150.0 ], [ 72.768231915770301, 30.648181494380498, 150.0 ], [ 72.768345050483703, 30.647858538840499, 150.0 ], [ 72.7683765213594, 30.647677468440499, 150.0 ], [ 72.768438828189403, 30.64742126418, 150.0 ], [ 72.768476803861503, 30.647384476512499, 150.0 ], [ 72.768500976738693, 30.647165724518601, 150.0 ], [ 72.768562964309396, 30.6469108503555, 150.0 ], [ 72.768557503625999, 30.6468383317237, 150.0 ], [ 72.768586420426999, 30.646657843185, 150.0 ], [ 72.768582877997503, 30.646551325683198, 150.0 ], [ 72.768651736388605, 30.6462307308636, 150.0 ], [ 72.768682719831702, 30.646052012190601, 150.0 ], [ 72.768711367735506, 30.645837658781002, 150.0 ], [ 72.768782701960205, 30.645658981476899, 150.0 ], [ 72.7688135361158, 30.6454808860341, 150.0 ], [ 72.768843263206094, 30.645267786279401, 150.0 ], [ 72.768916489604393, 30.6450557783016, 150.0 ], [ 72.768985678046604, 30.644773253582901, 150.0 ], [ 72.7690528915778, 30.6445601043654, 150.0 ], [ 72.769119936935596, 30.644347355346198, 150.0 ], [ 72.769148428357298, 30.6441703480832, 150.0 ], [ 72.769179258016393, 30.6440289027117, 150.0 ], [ 72.769210049904004, 30.643887631808798, 150.0 ], [ 72.769239079120297, 30.643711474405102, 150.0 ], [ 72.769389829776898, 30.6434315307406, 150.0 ], [ 72.769414474798197, 30.643185875527799, 150.0 ], [ 72.769447238899005, 30.643045967097699, 150.0 ], [ 72.7694720395031, 30.6427665657245, 150.0 ], [ 72.769460157660205, 30.642557374423301, 150.0 ], [ 72.769365171265704, 30.642313727396601, 150.0 ], [ 72.769314793942698, 30.642140132161401, 150.0 ], [ 72.7693088835982, 30.6420359007363, 150.0 ], [ 72.769299041417696, 30.6418623522658, 150.0 ], [ 72.769293141865006, 30.641758293510499, 150.0 ], [ 72.769279393928997, 30.641515854273301, 150.0 ], [ 72.769265672972494, 30.641273795449401, 150.0 ], [ 72.769209622725995, 30.640997656816499, 150.0 ], [ 72.769157209337806, 30.640790996207599, 150.0 ], [ 72.769061384775199, 30.640550175750001, 150.0 ], [ 72.768965724788401, 30.640309788765801, 150.0 ], [ 72.768923363122795, 30.640275188249401, 150.0 ], [ 72.768825819056403, 30.640000977762998, 150.0 ], [ 72.768690397344002, 30.639761762595299, 150.0 ], [ 72.768688391855804, 30.639727587458299, 150.0 ], [ 72.768594042181306, 30.639488606114401, 150.0 ], [ 72.768545932948498, 30.639352226623998, 150.0 ], [ 72.768452989813696, 30.639147934829399, 150.0 ], [ 72.768406467884205, 30.639045936420899, 150.0 ], [ 72.768317915239706, 30.638909963424101, 150.0 ], [ 72.768221619432296, 30.638638585802099, 150.0 ], [ 72.768217697488794, 30.6385708209867, 150.0 ], [ 72.768129413741505, 30.638435423556, 150.0 ], [ 72.767999527356395, 30.638232350342701, 150.0 ], [ 72.767956734915501, 30.638164575634701, 150.0 ], [ 72.767744021869206, 30.637894660310401, 150.0 ], [ 72.767489441784406, 30.637658852674001, 150.0 ], [ 72.767235030772099, 30.6373898429669, 150.0 ], [ 72.7671098955053, 30.637289088320799, 150.0 ], [ 72.767064453661604, 30.637188439794699, 150.0 ], [ 72.7668941283614, 30.6369873369961, 150.0 ], [ 72.766848816919406, 30.636886917797099, 150.0 ], [ 72.766679591490004, 30.6366859804737, 150.0 ], [ 72.766638048207398, 30.636652556270501, 150.0 ], [ 72.766467277742706, 30.636418587747698, 150.0 ], [ 72.7663403321407, 30.636252235652201, 150.0 ], [ 72.766131690325295, 30.636052099624699, 150.0 ], [ 72.766045936370901, 30.635918996364602, 150.0 ], [ 72.765835959961606, 30.6356865009313, 150.0 ], [ 72.765670267968602, 30.635553781681701, 150.0 ], [ 72.765502021900801, 30.635354865135, 150.0 ], [ 72.765418277031898, 30.6352556375377, 150.0 ], [ 72.765293438541406, 30.635123501948101, 150.0 ], [ 72.765127883245299, 30.634957960141801, 150.0 ], [ 72.765086973085403, 30.634924856996602, 150.0 ], [ 72.764879902385601, 30.6346934182667, 150.0 ], [ 72.764838638792199, 30.634660550743899, 150.0 ], [ 72.764714476591905, 30.6345621918917, 150.0 ], [ 72.7644636089085, 30.634333551851999, 150.0 ], [ 72.764300474587301, 30.634168471397899, 150.0 ], [ 72.764219692085206, 30.6341023631336, 150.0 ], [ 72.763978123391695, 30.633937303363901, 150.0 ], [ 72.763775603261493, 30.633806157028602, 150.0 ], [ 72.763531612693797, 30.633642925580599, 150.0 ], [ 72.763409090856896, 30.6335450469664, 150.0 ], [ 72.763207365727396, 30.633447564053899, 150.0 ], [ 72.7630451801909, 30.633350176469499, 150.0 ], [ 72.7628018560209, 30.6331877822903, 150.0 ], [ 72.7627225699907, 30.6331547843658, 150.0 ], [ 72.762402508469094, 30.632991802030102, 150.0 ], [ 72.762243578478405, 30.632926164111201, 150.0 ], [ 72.7620443597594, 30.6328280723577, 150.0 ], [ 72.761845256153705, 30.632730038160801, 150.0 ], [ 72.761687525858704, 30.632697157148101, 150.0 ], [ 72.761408081317896, 30.632567136763999, 150.0 ], [ 72.761210950824804, 30.632534712607001, 150.0 ], [ 72.761051638622305, 30.632469944332499, 150.0 ], [ 72.760853982924999, 30.6324379689372, 150.0 ], [ 72.760695601520894, 30.632405938683199, 150.0 ], [ 72.760418246105203, 30.632341899758899, 150.0 ], [ 72.760339758672998, 30.632341931235199, 150.0 ], [ 72.760063245022806, 30.6322773176441, 150.0 ], [ 72.7600243601362, 30.632276968707199, 150.0 ], [ 72.759866923919404, 30.632244230686801, 150.0 ], [ 72.759592234993704, 30.632211141031402, 150.0 ], [ 72.7595128986014, 30.632178855369901, 150.0 ], [ 72.759315857141104, 30.632146698311502, 150.0 ], [ 72.759002556722706, 30.632146344877999, 150.0 ], [ 72.758805274244096, 30.632114613198901, 150.0 ], [ 72.758608857812604, 30.632115145597499, 150.0 ], [ 72.758372439536501, 30.6320835308304, 150.0 ], [ 72.7581361255818, 30.632051912465801, 150.0 ], [ 72.758057655236698, 30.6320520797398, 150.0 ], [ 72.757784364756702, 30.632050536503101, 150.0 ], [ 72.757627034660004, 30.632051440321799, 150.0 ], [ 72.757469779207, 30.6320522074435, 150.0 ], [ 72.757077476944104, 30.632053185006601, 150.0 ], [ 72.756920572226704, 30.632053631070299, 150.0 ], [ 72.756724303284003, 30.6320540942211, 150.0 ], [ 72.756371771739893, 30.632054275884201, 150.0 ], [ 72.756136877814697, 30.6320540042889, 150.0 ], [ 72.755980268974298, 30.632053823525201, 150.0 ], [ 72.755785343618797, 30.6321180531057, 150.0 ], [ 72.755550344472894, 30.6321177824098, 150.0 ], [ 72.755472391237902, 30.632149936770201, 150.0 ], [ 72.755159098913296, 30.632215937115902, 150.0 ], [ 72.754924596193206, 30.632247286582999, 150.0 ], [ 72.754768154626703, 30.632279272770301, 150.0 ], [ 72.754533491827303, 30.632343514041999, 150.0 ], [ 72.754220239072794, 30.632407812870301, 150.0 ], [ 72.754141937800199, 30.632440207349799, 150.0 ], [ 72.753789143654103, 30.6325380284073, 150.0 ], [ 72.7536322740103, 30.632570418390198, 150.0 ], [ 72.753396907041704, 30.632668801524002, 150.0 ], [ 72.753161470825304, 30.632767054256199, 150.0 ], [ 72.752965101158594, 30.63283256627, 150.0 ], [ 72.752768771061994, 30.63289688938, 150.0 ], [ 72.752650933793603, 30.632993526929798, 150.0 ], [ 72.752532985908601, 30.633123501448502, 150.0 ], [ 72.752414915715903, 30.633254080311598, 150.0 ], [ 72.752296838328505, 30.6332867598761, 150.0 ], [ 72.752139322072097, 30.633352007489201, 150.0 ], [ 72.751863612415804, 30.6334498483319, 150.0 ], [ 72.751784671725304, 30.633515239836498, 150.0 ], [ 72.751547548380699, 30.633711554644599, 150.0 ], [ 72.751389377417894, 30.6338423484457, 150.0 ], [ 72.7511512009672, 30.634070595481699, 150.0 ], [ 72.751110965298906, 30.634234967269901, 150.0 ], [ 72.751031364505906, 30.634366801586701, 150.0 ], [ 72.750951887819397, 30.6344658511182, 150.0 ], [ 72.750872188101098, 30.634597957030199, 150.0 ], [ 72.750791893930796, 30.634829239278002, 150.0 ], [ 72.750750820094297, 30.635026798747798, 150.0 ], [ 72.750710003463993, 30.635191768585301, 150.0 ], [ 72.750670123927094, 30.6352247835969, 150.0 ], [ 72.750628558161495, 30.635455811336701, 150.0 ], [ 72.750627527538398, 30.6355881142002, 150.0 ], [ 72.750626120099398, 30.635753585859302, 150.0 ], [ 72.750625331394005, 30.6358530787566, 150.0 ], [ 72.750663811585696, 30.6360191466663, 150.0 ], [ 72.750702848457806, 30.636118919252802, 150.0 ], [ 72.750702090329199, 30.636218705329, 150.0 ], [ 72.750739821385693, 30.636518838773402, 150.0 ], [ 72.750738627985399, 30.636685898635399, 150.0 ], [ 72.750737175580198, 30.636852686002701, 150.0 ], [ 72.7506955153858, 30.637086936912699, 150.0 ], [ 72.750654151967595, 30.637288329293, 150.0 ], [ 72.750573474686206, 30.637389125307902, 150.0 ], [ 72.750452196611704, 30.6375574235363, 150.0 ], [ 72.750371445585799, 30.637692159065899, 150.0 ], [ 72.750210025372397, 30.637860810727901, 150.0 ], [ 72.750169542390594, 30.6379282688745, 150.0 ], [ 72.749967791180694, 30.638097114790099, 150.0 ], [ 72.749685030839501, 30.638300098970401, 150.0 ], [ 72.749523663686205, 30.638401702576601, 150.0 ], [ 72.749401660758096, 30.6385711969033, 150.0 ], [ 72.7492802181076, 30.638672974078499, 150.0 ], [ 72.749117815834595, 30.638842747195099, 150.0 ], [ 72.748955619506305, 30.638978694111501, 150.0 ], [ 72.748752644319197, 30.639114610450999, 150.0 ], [ 72.748629546916106, 30.639216703288302, 150.0 ], [ 72.7484261580408, 30.639352902014899, 150.0 ], [ 72.748181400351399, 30.6395576039004, 150.0 ], [ 72.7480591105396, 30.639625898416501, 150.0 ], [ 72.747814262917899, 30.639762616951302, 150.0 ], [ 72.747446919539797, 30.639967959153999, 150.0 ], [ 72.747202149259905, 30.6400707903347, 150.0 ], [ 72.746956459872806, 30.640208042167401, 150.0 ], [ 72.746832128599905, 30.640345418106602, 150.0 ], [ 72.746629264029394, 30.640448369796498, 150.0 ], [ 72.7462234233723, 30.6406542632837, 150.0 ], [ 72.746181765875903, 30.640723055125001, 150.0 ], [ 72.746017466033294, 30.640826323376199, 150.0 ], [ 72.745851068971703, 30.6409645141011, 150.0 ], [ 72.745686429185398, 30.641067994592301, 150.0 ], [ 72.7453990040609, 30.641206201505, 150.0 ], [ 72.745150340615794, 30.641413632833, 150.0 ], [ 72.744902161905301, 30.641586763118699, 150.0 ], [ 72.744612902163695, 30.641829013498199, 150.0 ], [ 72.744530768879898, 30.6418981335921, 150.0 ], [ 72.744406201984702, 30.642036669656601, 150.0 ], [ 72.744320449828905, 30.6422102954688, 150.0 ], [ 72.744276678026296, 30.642314675282101, 150.0 ], [ 72.744192312625202, 30.642419099162201, 150.0 ], [ 72.743981123030395, 30.6426632237288, 150.0 ], [ 72.743851570293799, 30.642873047253399, 150.0 ], [ 72.743846265193, 30.643013272244801, 150.0 ], [ 72.743799031899897, 30.6431887092916, 150.0 ], [ 72.743751726660904, 30.643364404443801, 150.0 ], [ 72.743746370298794, 30.643505213994501, 150.0 ], [ 72.743739818737694, 30.643716013283399, 150.0 ], [ 72.7437762673609, 30.6438915618461, 150.0 ], [ 72.743892462467201, 30.644103028432099, 150.0 ], [ 72.743969237590306, 30.644314072336599, 150.0 ], [ 72.7440466494334, 30.644490296290201, 150.0 ], [ 72.744123834647297, 30.644666896160398, 150.0 ], [ 72.744242111684201, 30.644843716364399, 150.0 ], [ 72.7443588409878, 30.645056628160901, 150.0 ], [ 72.744436935416303, 30.645198661688902, 150.0 ], [ 72.7445549012877, 30.645376611441499, 150.0 ], [ 72.744633045178901, 30.6455190532618, 150.0 ], [ 72.744751665756795, 30.645697120825499, 150.0 ], [ 72.744830139699204, 30.645839773986399, 150.0 ], [ 72.744991359363794, 30.645982354302198, 150.0 ], [ 72.7452336672999, 30.646231256067701, 150.0 ], [ 72.745315688168503, 30.6463015803537, 150.0 ], [ 72.745435633447798, 30.646444938583102, 150.0 ], [ 72.745595148897095, 30.6466253003174, 150.0 ], [ 72.745797192386604, 30.6467698735309, 150.0 ], [ 72.745957898538194, 30.646984965283998, 150.0 ], [ 72.746079319605002, 30.647093195994302, 150.0 ], [ 72.746200772148001, 30.647201488757698, 150.0 ], [ 72.746322311025907, 30.647309862460201, 150.0 ], [ 72.746524309549301, 30.647526826601801, 150.0 ], [ 72.746564121636894, 30.647599189650901, 150.0 ], [ 72.746642252937704, 30.647816451468099, 150.0 ], [ 72.7467220443869, 30.647961522906002, 150.0 ], [ 72.746719798779694, 30.648070265330499, 150.0 ], [ 72.7467569641626, 30.648287796045, 150.0 ], [ 72.746754558476098, 30.648432286520901, 150.0 ], [ 72.746753354283996, 30.6485045749262, 150.0 ], [ 72.746791050266793, 30.648722059775299, 150.0 ], [ 72.746870731998698, 30.648904038490599, 150.0 ], [ 72.746950973108994, 30.6490501729272, 150.0 ], [ 72.747031002878501, 30.649196904513602, 150.0 ], [ 72.747112155901306, 30.649306689252299, 150.0 ], [ 72.747192759438306, 30.649453026935699, 150.0 ], [ 72.747397854327602, 30.6496717933186, 150.0 ], [ 72.747478987565302, 30.649817918762, 150.0 ], [ 72.747684152601593, 30.650037848867701, 150.0 ], [ 72.747805289482599, 30.650259652261202, 150.0 ], [ 72.747928357207996, 30.650371459575201, 150.0 ], [ 72.748093190348499, 30.650519413340302, 150.0 ], [ 72.748258635027995, 30.6506664524948, 150.0 ], [ 72.748424624696696, 30.650777056515999, 150.0 ], [ 72.748546706765197, 30.6510002484628, 150.0 ], [ 72.748670818603401, 30.651111821953101, 150.0 ], [ 72.748794223574606, 30.6512971920118, 150.0 ], [ 72.748960329255894, 30.651481038619099, 150.0 ], [ 72.749167769576999, 30.651739305924298, 150.0 ], [ 72.749250144778401, 30.6518878622351, 150.0 ], [ 72.749332059527006, 30.652074790819, 150.0 ], [ 72.749414560633497, 30.6522238903203, 150.0 ], [ 72.749580570087303, 30.652448245989799, 150.0 ], [ 72.749704770958502, 30.652672533310799, 150.0 ], [ 72.749913389391494, 30.6528980347166, 150.0 ], [ 72.749996760142395, 30.653010708077801, 150.0 ], [ 72.750164513381705, 30.653124359901302, 150.0 ], [ 72.750333071514106, 30.653198411877302, 150.0 ], [ 72.750459111498898, 30.6533105312561, 150.0 ], [ 72.750500301347898, 30.653460954559499, 150.0 ] ] ] ] } },
{ "type": "Feature", "properties": { "Name": "R8", "district": "Faisalabad", "province": "Punjab", "area_km2": 3.5423523546500002, "volume_MAF": 0.0175066866, "River": "Ravi", "Shape_Leng": 0.080290785, "Shape_Area": 0.00033381401 }, "geometry": { "type": "MultiPolygon", "coordinates": [ [ [ [ 72.992330551813595, 30.773026661451301, 150.0 ], [ 72.992362160285595, 30.773100466113601, 150.0 ], [ 72.992308245928896, 30.7731704018926, 150.0 ], [ 72.991951841004706, 30.773516937656598, 150.0 ], [ 72.991681730527503, 30.773868357638701, 150.0 ], [ 72.991268510033805, 30.774323404701398, 150.0 ], [ 72.991063572525903, 30.774533493526, 150.0 ], [ 72.990786341216705, 30.774924442309199, 150.0 ], [ 72.990456933940393, 30.7753161447243, 150.0 ], [ 72.9903951064491, 30.775424571486798, 150.0 ], [ 72.990235889574706, 30.775602277523099, 150.0 ], [ 72.990057449691605, 30.775891074113801, 150.0 ], [ 72.989816658911806, 30.776325313562399, 150.0 ], [ 72.989683865917797, 30.7765815169235, 150.0 ], [ 72.989587910953404, 30.776877592626899, 150.0 ], [ 72.989525201227096, 30.7769874619019, 150.0 ], [ 72.989486809168994, 30.777211517197799, 150.0 ], [ 72.989446669728096, 30.777472184793599, 150.0 ], [ 72.989411185178099, 30.777696365095199, 150.0 ], [ 72.989361360038799, 30.777996588471801, 150.0 ], [ 72.989355090864805, 30.778034181932, 150.0 ], [ 72.9893525592732, 30.7783003911502, 150.0 ], [ 72.989355259937298, 30.778529832485798, 150.0 ], [ 72.989336479395106, 30.778643102996899, 150.0 ], [ 72.989319645885004, 30.7787559247462, 150.0 ], [ 72.989291558258898, 30.7789441753335, 150.0 ], [ 72.989252171550604, 30.779208165024802, 150.0 ], [ 72.989272867648793, 30.779361476051299, 150.0 ], [ 72.989288488872702, 30.779552614361702, 150.0 ], [ 72.989294487350804, 30.7797833075537, 150.0 ], [ 72.989245825034899, 30.780052604144402, 150.0 ], [ 72.989272975567403, 30.780403083435601, 150.0 ], [ 72.989313331744896, 30.780677563718701, 150.0 ], [ 72.989347176830805, 30.780991458589, 150.0 ], [ 72.989439799807002, 30.781230231290198, 150.0 ], [ 72.989458508403501, 30.7813871746784, 150.0 ], [ 72.989521008587801, 30.7815465930009, 150.0 ], [ 72.989489749952, 30.781740521008299, 150.0 ], [ 72.989496657644693, 30.7819756316701, 150.0 ], [ 72.989568886694798, 30.7820953719039, 150.0 ], [ 72.989565379338799, 30.782408228057299, 150.0 ], [ 72.989623583461693, 30.782607327166499, 150.0 ], [ 72.989597610141601, 30.782764300232301, 150.0 ], [ 72.989616309745003, 30.782923433469701, 150.0 ], [ 72.989652815025494, 30.7832428789558, 150.0 ], [ 72.989639363865606, 30.7833220183965, 150.0 ], [ 72.989605689650901, 30.7835201264527, 150.0 ], [ 72.989603573546205, 30.783799928024301, 150.0 ], [ 72.989561210981194, 30.7840758616118, 150.0 ], [ 72.989575378900696, 30.7842755650653, 150.0 ], [ 72.989609657459795, 30.784636392855301, 150.0 ], [ 72.989635796255101, 30.7847577437749, 150.0 ], [ 72.9896942234097, 30.784961049013202, 150.0 ], [ 72.989732584890902, 30.785285411992199, 150.0 ], [ 72.989789582123606, 30.785490643578399, 150.0 ], [ 72.989827683700696, 30.785816802503501, 150.0 ], [ 72.989840479254795, 30.7860204899537, 150.0 ], [ 72.989859711256699, 30.786184100915602, 150.0 ], [ 72.989878967540406, 30.786348004157102, 150.0 ], [ 72.989892550001201, 30.786552137671102, 150.0 ], [ 72.989841434334807, 30.786876470972398, 150.0 ], [ 72.989816190364905, 30.787038707770201, 150.0 ], [ 72.989783107004797, 30.787279092056501, 150.0 ], [ 72.989745802227006, 30.7875228541964, 150.0 ], [ 72.989763937056097, 30.787689401444801, 150.0 ], [ 72.989749957994206, 30.7877719735977, 150.0 ], [ 72.989799855079298, 30.7880235967117, 150.0 ], [ 72.989770127089699, 30.788226884862901, 150.0 ], [ 72.989786576589296, 30.788432083174101, 150.0 ], [ 72.989774228897602, 30.7885139466613, 150.0 ], [ 72.989823110648103, 30.7888043665283, 150.0 ], [ 72.989880955941402, 30.789015906858701, 150.0 ], [ 72.989882585513001, 30.789270454567902, 150.0 ], [ 72.989945027241305, 30.789443038065802, 150.0 ], [ 72.989977067387798, 30.789528811805301, 150.0 ], [ 72.990042205283601, 30.789699757637798, 150.0 ], [ 72.990087646227906, 30.789996334263499, 150.0 ], [ 72.990187372049704, 30.79025247737, 150.0 ], [ 72.990247176965696, 30.790465663459699, 150.0 ], [ 72.990267660823903, 30.790635091236499, 150.0 ], [ 72.990315103659199, 30.790932671505601, 150.0 ], [ 72.990494783707305, 30.791279227954099, 150.0 ], [ 72.990607885145806, 30.791453915865599, 150.0 ], [ 72.990825740515604, 30.791549013775999, 150.0 ], [ 72.991003860239999, 30.791599861444499, 150.0 ], [ 72.991274144286393, 30.791655176045602, 150.0 ], [ 72.991446042500897, 30.791748458224799, 150.0 ], [ 72.991624297123707, 30.7917994785631, 150.0 ], [ 72.991802618296305, 30.7918505159886, 150.0 ], [ 72.992027152031497, 30.791903751357101, 150.0 ], [ 72.992205944448799, 30.7919544911069, 150.0 ], [ 72.992425865561302, 30.7920488057079, 150.0 ], [ 72.992784557461405, 30.792149617011301, 150.0 ], [ 72.992917761445597, 30.792197897115301, 150.0 ], [ 72.993097234649696, 30.7922483400889, 150.0 ], [ 72.993493591056406, 30.792397317282401, 150.0 ], [ 72.993623369522894, 30.792449739663802, 150.0 ], [ 72.994125954749094, 30.792516651922, 150.0 ], [ 72.994355471627799, 30.792565502196201, 150.0 ], [ 72.994672859464998, 30.7926241730672, 150.0 ], [ 72.995031991133501, 30.792726502426198, 150.0 ], [ 72.995211652295893, 30.792777693635699, 150.0 ], [ 72.995444070387606, 30.7927874135084, 150.0 ], [ 72.995891771787896, 30.7929355930033, 150.0 ], [ 72.996256070960996, 30.792996781076599, 150.0 ], [ 72.996661461057599, 30.793102998204901, 150.0 ], [ 72.996882213143707, 30.793199910947202, 150.0 ], [ 72.997154543147701, 30.793256615900098, 150.0 ], [ 72.9973801470762, 30.793311844166301, 150.0 ], [ 72.997743005535298, 30.793376664601499, 150.0 ], [ 72.997968022206507, 30.7934332643337, 150.0 ], [ 72.998193757435999, 30.793489016005299, 150.0 ], [ 72.998421564703506, 30.7935417747332, 150.0 ], [ 72.998701449912105, 30.793552928125202, 150.0 ], [ 72.998932768132804, 30.7935651849854, 150.0 ], [ 72.999164787824796, 30.793576477772302, 150.0 ], [ 72.999533100672096, 30.793634128812101, 150.0 ], [ 72.999813556950102, 30.793644157152201, 150.0 ], [ 73.000185941927697, 30.793660093138801, 150.0 ], [ 73.000417431919004, 30.793672275355298, 150.0 ], [ 73.000602645495704, 30.793682022207602, 150.0 ], [ 73.000834189446294, 30.7936942080213, 150.0 ], [ 73.001065759477299, 30.793706393835102, 150.0 ], [ 73.001437062570503, 30.793724460315602, 150.0 ], [ 73.001625850053003, 30.793693223263698, 150.0 ], [ 73.001672739805102, 30.793694541669801, 150.0 ], [ 73.002059938415499, 30.7936119991945, 150.0 ], [ 73.0022532530852, 30.7935707904597, 150.0 ], [ 73.002580857220806, 30.793546151733601, 150.0 ], [ 73.003001641013, 30.793524854888201, 150.0 ], [ 73.003144986651904, 30.7934885051904, 150.0 ], [ 73.003422860076995, 30.793502363743102, 150.0 ], [ 73.003744056542999, 30.793558728752402, 150.0 ], [ 73.004066518355202, 30.7935794464344, 150.0 ], [ 73.004524897406199, 30.7936483722746, 150.0 ], [ 73.004748083956898, 30.793747917332599, 150.0 ], [ 73.004934865052107, 30.7937536145377, 150.0 ], [ 73.005121598483001, 30.793759309944299, 150.0 ], [ 73.005447497504093, 30.793771602777301, 150.0 ], [ 73.006317338874197, 30.793945689941701, 150.0 ], [ 73.0068606624897, 30.794114105081899, 150.0 ], [ 73.007369141872502, 30.794179179125901, 150.0 ], [ 73.007602105852598, 30.794188294654099, 150.0 ], [ 73.007884958823894, 30.7941560692473, 150.0 ], [ 73.008028013082395, 30.794118345385399, 150.0 ], [ 73.008596314468406, 30.794010790066, 150.0 ], [ 73.009116413092002, 30.793907069455798, 150.0 ], [ 73.009676398447098, 30.793891256676201, 150.0 ], [ 73.009865011461201, 30.793857438570001, 150.0 ], [ 73.0103755125199, 30.793881660010602, 150.0 ], [ 73.010888796081105, 30.793863585436199, 150.0 ], [ 73.010981571942096, 30.7938684336813, 150.0 ], [ 73.011358526375005, 30.793796692063701, 150.0 ], [ 73.011546881283607, 30.793760609464599, 150.0 ], [ 73.0117376211943, 30.793684839783602, 150.0 ], [ 73.011972021391699, 30.793653304156699, 150.0 ], [ 73.012304091560594, 30.793542379976898, 150.0 ], [ 73.012633388220394, 30.793472317393601, 150.0 ], [ 73.012772359556806, 30.793478641426201, 150.0 ], [ 73.012960066953596, 30.793445101210501, 150.0 ], [ 73.013145300315401, 30.793452166284499, 150.0 ], [ 73.013515688798094, 30.793466460109101, 150.0 ], [ 73.013698677452098, 30.793519592954901, 150.0 ], [ 73.013883939592205, 30.7935282570235, 150.0 ], [ 73.014161833701706, 30.793541253126399, 150.0 ], [ 73.014395573796804, 30.793508729144602, 150.0 ], [ 73.014719672374994, 30.7935230607407, 150.0 ], [ 73.015140350946496, 30.793455495574701, 150.0 ], [ 73.015281245033506, 30.793419436358, 150.0 ], [ 73.015560989048495, 30.7933905879054, 150.0 ], [ 73.015705439954203, 30.793268314281299, 150.0 ], [ 73.015801956994807, 30.793187525484001, 150.0 ], [ 73.015996608956399, 30.7929860692518, 150.0 ], [ 73.0161444763866, 30.792779965323199, 150.0 ], [ 73.016153714222597, 30.792567612905099, 150.0 ], [ 73.016162938568797, 30.792355639101501, 150.0 ], [ 73.016220016740405, 30.792103968323499, 150.0 ], [ 73.016273303370298, 30.7919360172335, 150.0 ], [ 73.016280756052097, 30.7917693171004, 150.0 ], [ 73.016334212653902, 30.791604540617101, 150.0 ], [ 73.016344953257004, 30.791351875188901, 150.0 ], [ 73.016306143913496, 30.791180825035099, 150.0 ], [ 73.016316558962103, 30.790927040850299, 150.0 ], [ 73.016319997969603, 30.790842401155899, 150.0 ], [ 73.016248413733393, 30.790378908559799, 150.0 ], [ 73.016164768689194, 30.790210583351801, 150.0 ], [ 73.016079274638898, 30.7900833634565, 150.0 ], [ 73.015952154568296, 30.789872315055302, 150.0 ], [ 73.015775666214097, 30.789740979862401, 150.0 ], [ 73.015642777891998, 30.7896528004364, 150.0 ], [ 73.015555524767706, 30.789565014913499, 150.0 ], [ 73.015015860493605, 30.789363412091902, 150.0 ], [ 73.014835710999293, 30.789312281136901, 150.0 ], [ 73.014478390565301, 30.789172413176399, 150.0 ], [ 73.013987464150205, 30.788988965868199, 150.0 ], [ 73.013583061509095, 30.788886679676601, 150.0 ], [ 73.013360683448894, 30.788797337427201, 150.0 ], [ 73.013093029020098, 30.788706681268401, 150.0 ], [ 73.012830211145399, 30.788533252407699, 150.0 ], [ 73.012519910865294, 30.788395446592599, 150.0 ], [ 73.012388872448597, 30.7883047220853, 150.0 ], [ 73.012036353495006, 30.7881249152327, 150.0 ], [ 73.011855230034897, 30.788114930959399, 150.0 ], [ 73.011724705131101, 30.7880241542913, 150.0 ], [ 73.011501315333504, 30.7879684179082, 150.0 ], [ 73.011189953853304, 30.787871982705902, 150.0 ], [ 73.010838955653398, 30.787692357516299, 150.0 ], [ 73.010666480074093, 30.7875615376349, 150.0 ], [ 73.010539341117706, 30.7874329112, 150.0 ], [ 73.010276885669796, 30.787298734149299, 150.0 ], [ 73.010146938130703, 30.7872127778475, 150.0 ], [ 73.010022718373804, 30.787046164948599, 150.0 ], [ 73.009853498340306, 30.786878119429701, 150.0 ], [ 73.009732427109896, 30.7866720676619, 150.0 ], [ 73.0096059869268, 30.786545336098399, 150.0 ], [ 73.009438320921802, 30.7863734073069, 150.0 ], [ 73.009313014783899, 30.786243697188901, 150.0 ], [ 73.009098106492502, 30.786109444595201, 150.0 ], [ 73.008886527491299, 30.7859355552817, 150.0 ], [ 73.008761038790993, 30.7858093336339, 150.0 ], [ 73.008677447706106, 30.7857252551165, 150.0 ], [ 73.008513502196394, 30.7855174307849, 150.0 ], [ 73.008436250432695, 30.7853539709091, 150.0 ], [ 73.008234219533705, 30.7850653308004, 150.0 ], [ 73.008070968300601, 30.784858862646399, 150.0 ], [ 73.0079909655107, 30.784736098891901, 150.0 ], [ 73.007786599971695, 30.784488740363098, 150.0 ], [ 73.007627162763399, 30.784244019545898, 150.0 ], [ 73.007544398155503, 30.784161101153899, 150.0 ], [ 73.007341946373799, 30.78391239634, 150.0 ], [ 73.007262210682498, 30.783791388062198, 150.0 ], [ 73.007103994753606, 30.783547454151702, 150.0 ], [ 73.007028957120696, 30.783385063569899, 150.0 ], [ 73.006954100251605, 30.7832228267721, 150.0 ], [ 73.006879494293301, 30.7830606529268, 150.0 ], [ 73.006719991434494, 30.782854805305099, 150.0 ], [ 73.006685658916098, 30.782735934715699, 150.0 ], [ 73.006569433232798, 30.782535456945801, 150.0 ], [ 73.006450015855606, 30.782374123966701, 150.0 ], [ 73.006334139109299, 30.782174211870402, 150.0 ], [ 73.006303922787893, 30.782016478877399, 150.0 ], [ 73.006274032920302, 30.781858541738401, 150.0 ], [ 73.006078067049202, 30.781576961307799, 150.0 ], [ 73.006047871412207, 30.781420411822602, 150.0 ], [ 73.005845169618993, 30.781217404259799, 150.0 ], [ 73.005771075374895, 30.7810595075903, 150.0 ], [ 73.005649639919, 30.780938148576801, 150.0 ], [ 73.005408670174106, 30.7806938099714, 150.0 ], [ 73.005199815219299, 30.780568804207, 150.0 ], [ 73.005031338925207, 30.7804842958137, 150.0 ], [ 73.004819360625007, 30.780397524725998, 150.0 ], [ 73.004574369111893, 30.780194601699598, 150.0 ], [ 73.004333058523898, 30.779954292956301, 150.0 ], [ 73.004097560254294, 30.779674976119299, 150.0 ], [ 73.003936907162597, 30.7795499271874, 150.0 ], [ 73.003812020108697, 30.779503788369201, 150.0 ], [ 73.003480088435396, 30.779334136661099, 150.0 ], [ 73.003355803027901, 30.7792532939044, 150.0 ], [ 73.003187303351396, 30.7791710176284, 150.0 ], [ 73.002895738647496, 30.779007205218399, 150.0 ], [ 73.002778272799105, 30.7788867005609, 150.0 ], [ 73.002487684758904, 30.778757592988601, 150.0 ], [ 73.002323051267894, 30.7786730818972, 150.0 ], [ 73.002110967747001, 30.778624299971501, 150.0 ], [ 73.001903093952706, 30.778537949766601, 150.0 ], [ 73.001691371060005, 30.7784543263062, 150.0 ], [ 73.001527979532696, 30.778334762339501, 150.0 ], [ 73.001148104101802, 30.778204698787899, 150.0 ], [ 73.001065171320604, 30.7781633173832, 150.0 ], [ 73.000895340647503, 30.778117930398199, 150.0 ], [ 73.000465546547801, 30.7780600896015, 150.0 ], [ 73.000253939667601, 30.778011862557399, 150.0 ], [ 72.999910091977199, 30.777958739604198, 150.0 ], [ 72.999520583008604, 30.777904813556301, 150.0 ], [ 72.999345436442795, 30.777897486779601, 150.0 ], [ 72.999048984822807, 30.777809256092301, 150.0 ], [ 72.998747611213304, 30.777758678220501, 150.0 ], [ 72.998448760202194, 30.777706956410999, 150.0 ], [ 72.998113964188207, 30.777614674277899, 150.0 ], [ 72.998076076649696, 30.777574943129199, 150.0 ], [ 72.997860456095196, 30.777564323035101, 150.0 ], [ 72.997577823457803, 30.777400144601, 150.0 ], [ 72.997251773350698, 30.7772344202323, 150.0 ], [ 72.997044239500099, 30.777150178038301, 150.0 ], [ 72.996888514693197, 30.776994131274201, 150.0 ], [ 72.996770991288301, 30.7768775026946, 150.0 ], [ 72.996579843984605, 30.776646340955899, 150.0 ], [ 72.996510929835594, 30.7764948366674, 150.0 ], [ 72.996360697188507, 30.776337877990699, 150.0 ], [ 72.996150995072398, 30.7760275912004, 150.0 ], [ 72.995939975449602, 30.775719029309801, 150.0 ], [ 72.995791607996395, 30.7755278190537, 150.0 ], [ 72.995723424096795, 30.775377748284502, 150.0 ], [ 72.995608887340296, 30.775262061295201, 150.0 ], [ 72.995498019817802, 30.775110251237201, 150.0 ], [ 72.995429597597905, 30.774960718262601, 150.0 ], [ 72.995290824112303, 30.774697914777001, 150.0 ], [ 72.995221853306006, 30.774584336697799, 150.0 ], [ 72.995085136569898, 30.774357374793102, 150.0 ], [ 72.995022846826998, 30.774207658356801, 150.0 ], [ 72.994890199523098, 30.773945646274601, 150.0 ], [ 72.994873445153402, 30.773762797914902, 150.0 ], [ 72.994814022449205, 30.773578271420099, 150.0 ], [ 72.994796966806604, 30.773396066975, 150.0 ], [ 72.9946685975778, 30.773100279954001, 150.0 ], [ 72.994515329718794, 30.772984503032401, 150.0 ], [ 72.994314741332303, 30.772902707893699, 150.0 ], [ 72.994109018716301, 30.7728568226843, 150.0 ], [ 72.9938612051305, 30.772808957167701, 150.0 ], [ 72.993692113700106, 30.7728009460069, 150.0 ], [ 72.993523312750796, 30.772792972617701, 150.0 ], [ 72.993184845704107, 30.772777036630998, 150.0 ], [ 72.992973837772496, 30.7727670640488, 150.0 ], [ 72.992717863738505, 30.772755253252399, 150.0 ], [ 72.992582987914602, 30.772785354460598, 150.0 ], [ 72.992475430796603, 30.772924854598401, 150.0 ], [ 72.992330551813595, 30.773026661451301, 150.0 ] ] ] ] } },
{ "type": "Feature", "properties": { "Name": "R6", "district": "Nankana Sahib", "province": "Punjab", "area_km2": 9.4894576927299994, "volume_MAF": 0.04689792126, "River": "Ravi", "Shape_Leng": 0.12565968, "Shape_Area": 0.00089808918 }, "geometry": { "type": "MultiPolygon", "coordinates": [ [ [ [ 73.7023636587559, 31.189116478142999, 150.0 ], [ 73.702563176049793, 31.189539521032099, 150.0 ], [ 73.702535439159206, 31.1898151983128, 150.0 ], [ 73.702568868758405, 31.190301099316301, 150.0 ], [ 73.702561304560604, 31.190370491904702, 150.0 ], [ 73.702619910680397, 31.192250774653601, 150.0 ], [ 73.702483427768001, 31.193710218751601, 150.0 ], [ 73.702289872080001, 31.1956738164935, 150.0 ], [ 73.702255106987593, 31.196025961329099, 150.0 ], [ 73.702212956662706, 31.196449378336201, 150.0 ], [ 73.702149016663796, 31.197086175686501, 150.0 ], [ 73.702099776983204, 31.197582020493901, 150.0 ], [ 73.702044339175004, 31.198149151861902, 150.0 ], [ 73.702003608879494, 31.198574484424999, 150.0 ], [ 73.702037011498902, 31.199075368133801, 150.0 ], [ 73.701986863502995, 31.199575295863301, 150.0 ], [ 73.7019505183018, 31.1999333636339, 150.0 ], [ 73.7019074434738, 31.200363152337701, 150.0 ], [ 73.701955116535402, 31.200723729216801, 150.0 ], [ 73.702002847153693, 31.201084722482001, 150.0 ], [ 73.702047185529196, 31.201449295948301, 150.0 ], [ 73.702017978247198, 31.201737700434599, 150.0 ], [ 73.702132538385996, 31.202248621476802, 150.0 ], [ 73.702112312633204, 31.202464007308201, 150.0 ], [ 73.702153884694098, 31.202898727893999, 150.0 ], [ 73.702195128502396, 31.203334444029402, 150.0 ], [ 73.702159773454795, 31.2036963635964, 150.0 ], [ 73.702259510967707, 31.204357171046599, 150.0 ], [ 73.702225403279797, 31.2047191211905, 150.0 ], [ 73.702258609846993, 31.205231549496499, 150.0 ], [ 73.702294937961099, 31.205676321804798, 150.0 ], [ 73.702334327367396, 31.206118579608798, 150.0 ], [ 73.702390686081301, 31.206412152498899, 150.0 ], [ 73.702364348535895, 31.206702690177099, 150.0 ], [ 73.702409592528696, 31.207074711828501, 150.0 ], [ 73.702543124765398, 31.207444426719, 150.0 ], [ 73.702653146025895, 31.208038035926698, 150.0 ], [ 73.702714683935596, 31.208262421273801, 150.0 ], [ 73.702769270985101, 31.208560595095399, 150.0 ], [ 73.703050728208595, 31.209092323751801, 150.0 ], [ 73.703257018296796, 31.2095469832067, 150.0 ], [ 73.703472315095297, 31.2099261607638, 150.0 ], [ 73.703618212110896, 31.210154629932301, 150.0 ], [ 73.7039160190091, 31.210539617109699, 150.0 ], [ 73.7041439386919, 31.210774252030099, 150.0 ], [ 73.704544303377006, 31.211007847334301, 150.0 ], [ 73.704698410303394, 31.2111616628805, 150.0 ], [ 73.705178480102902, 31.2114047352404, 150.0 ], [ 73.705579830444904, 31.211573830268101, 150.0 ], [ 73.705981162800498, 31.211743560217201, 150.0 ], [ 73.706300462596303, 31.2119081550373, 150.0 ], [ 73.706615228010406, 31.212144293624299, 150.0 ], [ 73.706929084209904, 31.212382555510601, 150.0 ], [ 73.707160244150003, 31.212616540221202, 150.0 ], [ 73.707320792920299, 31.212698186971799, 150.0 ], [ 73.707802875402393, 31.212942905091001, 150.0 ], [ 73.707963577956804, 31.213024630982002, 150.0 ], [ 73.708445937430099, 31.2132699363585, 150.0 ], [ 73.708767722052798, 31.213433577897401, 150.0 ], [ 73.709089665855501, 31.2135973012745, 150.0 ], [ 73.709321857317903, 31.213832667343802, 150.0 ], [ 73.709482832366902, 31.213914972398101, 150.0 ], [ 73.709882259958405, 31.214158560968901, 150.0 ], [ 73.710282573382102, 31.214401112621299, 150.0 ], [ 73.710599909957907, 31.2146392926693, 150.0 ], [ 73.710839385029701, 31.214799641790101, 150.0 ], [ 73.7109172375405, 31.214878156202001, 150.0 ], [ 73.711462704240503, 31.215428400100599, 150.0 ], [ 73.711773721280295, 31.2157459956812, 150.0 ], [ 73.711922735345993, 31.215982549754901, 150.0 ], [ 73.712156033873896, 31.216222222677501, 150.0 ], [ 73.712480364477301, 31.216387479398701, 150.0 ], [ 73.712726931602703, 31.2164728160677, 150.0 ], [ 73.713044914791098, 31.2167161177547, 150.0 ], [ 73.713689410338105, 31.217121979096099, 150.0 ], [ 73.713936415433295, 31.2172075064213, 150.0 ], [ 73.714419678725207, 31.2175293539966, 150.0 ], [ 73.714661304076003, 31.2176909181014, 150.0 ], [ 73.714987314612898, 31.217855965280599, 150.0 ], [ 73.715470979002504, 31.218180279696199, 150.0 ], [ 73.7156340278881, 31.2182634525963, 150.0 ], [ 73.716123435348294, 31.218513100799001, 150.0 ], [ 73.7165184238862, 31.2189111263475, 150.0 ], [ 73.716924344582907, 31.2191575873528, 150.0 ], [ 73.717499340522195, 31.2194116755085, 150.0 ], [ 73.717910730895596, 31.219584075544699, 150.0 ], [ 73.718322413548606, 31.219756963912801, 150.0 ], [ 73.718739725957604, 31.2198509151876, 150.0 ], [ 73.719072586630602, 31.2199417305265, 150.0 ], [ 73.719484880822705, 31.220113971382698, 150.0 ], [ 73.719733397678198, 31.220201706543499, 150.0 ], [ 73.720230889144304, 31.220375854861899, 150.0 ], [ 73.720728913908303, 31.220548363716102, 150.0 ], [ 73.7210577393233, 31.220715545885799, 150.0 ], [ 73.721391509210804, 31.220805427728401, 150.0 ], [ 73.721805392504905, 31.2209748725924, 150.0 ], [ 73.722130155682194, 31.2212183037818, 150.0 ], [ 73.722365833816198, 31.221535902959602, 150.0 ], [ 73.722516986469799, 31.221850729527599, 150.0 ], [ 73.722668295605402, 31.222165885247499, 150.0 ], [ 73.722909159230397, 31.222407121191701, 150.0 ], [ 73.723409271320904, 31.2225808495267, 150.0 ], [ 73.723990014827393, 31.222837073572101, 150.0 ], [ 73.724409910988598, 31.2229353874582, 150.0 ], [ 73.724745250193195, 31.223025328656, 150.0 ], [ 73.725165521371807, 31.2231195272444, 150.0 ], [ 73.725670681356902, 31.223218619943399, 150.0 ], [ 73.726087079155405, 31.223392432814599, 150.0 ], [ 73.726341931734794, 31.223406794088302, 150.0 ], [ 73.726847764412895, 31.223509921146, 150.0 ], [ 73.727183681881499, 31.223600743679398, 150.0 ], [ 73.727693286316097, 31.223615046497201, 150.0 ], [ 73.728114419944603, 31.223713594207101, 150.0 ], [ 73.728454480589804, 31.2237302757317, 150.0 ], [ 73.728879350002003, 31.223746156859701, 150.0 ], [ 73.729304367802399, 31.2237660462661, 150.0 ], [ 73.729814513628995, 31.223789735308099, 150.0 ], [ 73.730073194622307, 31.223724333910901, 150.0 ], [ 73.730420554165306, 31.223587366263999, 150.0 ], [ 73.730934502325496, 31.223536938578899, 150.0 ], [ 73.731277329285405, 31.223470136037999, 150.0 ], [ 73.731701227429795, 31.223481317308998, 150.0 ], [ 73.732047882803599, 31.223343102302401, 150.0 ], [ 73.732397762247004, 31.2231268198469, 150.0 ], [ 73.732746363753705, 31.222906092042599, 150.0 ], [ 73.733094918495695, 31.222686482095501, 150.0 ], [ 73.733443084730695, 31.2224671788173, 150.0 ], [ 73.733794473236401, 31.222173220118101, 150.0 ], [ 73.734061940606097, 31.2218806760524, 150.0 ], [ 73.734240592729194, 31.2216584760579, 150.0 ], [ 73.734587878527805, 31.221440411146101, 150.0 ], [ 73.734854436682994, 31.221148668376401, 150.0 ], [ 73.735118367918403, 31.2209366846803, 150.0 ], [ 73.735648023637495, 31.2203433524638, 150.0 ], [ 73.736005589586298, 31.219823114445202, 150.0 ], [ 73.7361824331728, 31.219600194993099, 150.0 ], [ 73.736451518422896, 31.219151971086699, 150.0 ], [ 73.736546565072004, 31.218850610966999, 150.0 ], [ 73.736813973086399, 31.218399950797199, 150.0 ], [ 73.736907935153198, 31.218096737174701, 150.0 ], [ 73.737008000019202, 31.217646148950699, 150.0 ], [ 73.737109900401705, 31.2171173062188, 150.0 ], [ 73.737120354121103, 31.216814795866199, 150.0 ], [ 73.737214581487805, 31.216515729916999, 150.0 ], [ 73.737240452285107, 31.215761378584801, 150.0 ], [ 73.737250664986306, 31.215459814319001, 150.0 ], [ 73.737098449333999, 31.215000543140601, 150.0 ], [ 73.737111256579297, 31.214624553680299, 150.0 ], [ 73.736953982240493, 31.214315952219501, 150.0 ], [ 73.736973909418495, 31.213713912766899, 150.0 ], [ 73.7369000687832, 31.213408603724101, 150.0 ], [ 73.736831581812098, 31.213037408549599, 150.0 ], [ 73.736756995638899, 31.212812915283799, 150.0 ], [ 73.736607840379605, 31.2123640276778, 150.0 ], [ 73.736621800555696, 31.211994286707, 150.0 ], [ 73.736545338396695, 31.211764129511, 150.0 ], [ 73.736387962434506, 31.211455001946799, 150.0 ], [ 73.736236062444405, 31.210997496137601, 150.0 ], [ 73.736080533689702, 31.210693652090399, 150.0 ], [ 73.735842567680393, 31.210387836729399, 150.0 ], [ 73.7355225861984, 31.210081162515699, 150.0 ], [ 73.735120162965202, 31.209771971999, 150.0 ], [ 73.734791778217996, 31.2096863844192, 150.0 ], [ 73.734385599415901, 31.209446285218, 150.0 ], [ 73.733974805293101, 31.2093575158368, 150.0 ], [ 73.733315331537398, 31.209258010348901, 150.0 ], [ 73.732904129122304, 31.2091672174931, 150.0 ], [ 73.732330529830193, 31.208995940710199, 150.0 ], [ 73.731508283280704, 31.208811889956799, 150.0 ], [ 73.7312626028869, 31.208724744751201, 150.0 ], [ 73.730606323523105, 31.208545235574199, 150.0 ], [ 73.730527114834601, 31.2084691160569, 150.0 ], [ 73.730120788543601, 31.208308185074699, 150.0 ], [ 73.729631877509206, 31.208144383456599, 150.0 ], [ 73.729229005514199, 31.2079073626347, 150.0 ], [ 73.728995254627407, 31.207600469885801, 150.0 ], [ 73.728758004478394, 31.207369506897301, 150.0 ], [ 73.728449715981597, 31.206917830493499, 150.0 ], [ 73.728217175582202, 31.2066175414664, 150.0 ], [ 73.728059792425498, 31.206465954440301, 150.0 ], [ 73.727744699658203, 31.206159215475498, 150.0 ], [ 73.727591152110094, 31.205933500031101, 150.0 ], [ 73.727202050534302, 31.2054790654066, 150.0 ], [ 73.727048894191199, 31.205253879662799, 150.0 ], [ 73.726656813161497, 31.204873671482801, 150.0 ], [ 73.726582363685196, 31.2047252392784, 150.0 ], [ 73.726425731462399, 31.204573442710299, 150.0 ], [ 73.726206547794007, 31.204055902657799, 150.0 ], [ 73.726050351742401, 31.203904567441899, 150.0 ], [ 73.725745854787405, 31.203458910200599, 150.0 ], [ 73.725601803180695, 31.203092347433898, 150.0 ], [ 73.725523795986504, 31.203017140728502, 150.0 ], [ 73.725306099796697, 31.202504140453801, 150.0 ], [ 73.725166589766403, 31.202066938638399, 150.0 ], [ 73.725096908495601, 31.2018485715544, 150.0 ], [ 73.724957692543498, 31.2014127169234, 150.0 ], [ 73.724892250676902, 31.201119276233701, 150.0 ], [ 73.724753991603507, 31.200677930342199, 150.0 ], [ 73.724701072796293, 31.200175497101601, 150.0 ], [ 73.724627693513298, 31.2000297134006, 150.0 ], [ 73.724644134918904, 31.199745023114399, 150.0 ], [ 73.724591386982993, 31.199244129513001, 150.0 ], [ 73.724620188670798, 31.198746477068301, 150.0 ], [ 73.724559693974797, 31.1983867212702, 150.0 ], [ 73.724498692061005, 31.198029445802302, 150.0 ], [ 73.724442313561994, 31.197600951222999, 150.0 ], [ 73.724450631391605, 31.1974588457492, 150.0 ], [ 73.724398432042094, 31.196958913523101, 150.0 ], [ 73.724431615226905, 31.196394454940201, 150.0 ], [ 73.724460080568306, 31.195904886501399, 150.0 ], [ 73.724403506916403, 31.195480822881699, 150.0 ], [ 73.724339235067703, 31.195196324151102, 150.0 ], [ 73.724364244314501, 31.194773181437199, 150.0 ], [ 73.724381023865206, 31.1944904372839, 150.0 ], [ 73.724389444217493, 31.1943493309569, 150.0 ], [ 73.724418084926796, 31.193860544029, 150.0 ], [ 73.724442339642295, 31.1934449861972, 150.0 ], [ 73.724381927683893, 31.193096609521, 150.0 ], [ 73.724313668241294, 31.192884400994402, 150.0 ], [ 73.724266072521303, 31.192324239372201, 150.0 ], [ 73.724278311394997, 31.192116629079202, 150.0 ], [ 73.724227061729593, 31.1916263285922, 150.0 ], [ 73.724159199787294, 31.191414385365601, 150.0 ], [ 73.724112052829, 31.1908553523926, 150.0 ], [ 73.724132732739506, 31.190510060390999, 150.0 ], [ 73.724149654383098, 31.190233667249998, 150.0 ], [ 73.724098302194903, 31.1897478498834, 150.0 ], [ 73.724110617511002, 31.1895417468542, 150.0 ], [ 73.724059378637506, 31.189057990733701, 150.0 ], [ 73.723911810681599, 31.188845589752201, 150.0 ], [ 73.723848270881007, 31.1885687091786, 150.0 ], [ 73.723792984158905, 31.1881555651273, 150.0 ], [ 73.723578532723096, 31.187735276861599, 150.0 ], [ 73.723519725155299, 31.1873905091647, 150.0 ], [ 73.7234607988768, 31.187046295450202, 150.0 ], [ 73.723326625423496, 31.186631128823599, 150.0 ], [ 73.723200937073699, 31.1860810000382, 150.0 ], [ 73.723133990641202, 31.185874165860099, 150.0 ], [ 73.722850306696301, 31.185318353359399, 150.0 ], [ 73.722787518729007, 31.185044772398399, 150.0 ], [ 73.722649664350598, 31.1847005137178, 150.0 ], [ 73.722579276212699, 31.184562231261999, 150.0 ], [ 73.722437391972093, 31.184285761678598, 150.0 ], [ 73.722229307736399, 31.1838044553114, 150.0 ], [ 73.721942848483707, 31.183320164993699, 150.0 ], [ 73.721511628958595, 31.1826289901358, 150.0 ], [ 73.721134599882006, 31.182344052536099, 150.0 ], [ 73.720915830801005, 31.182066240264799, 150.0 ], [ 73.720530418244294, 31.1819157791899, 150.0 ], [ 73.720219498331204, 31.1818355938377, 150.0 ], [ 73.7197456995045, 31.181815792564802, 150.0 ], [ 73.718955854629002, 31.181782868384701, 150.0 ], [ 73.718402801248303, 31.181759812465401, 150.0 ], [ 73.717766009293896, 31.181800211810401, 150.0 ], [ 73.717124080412006, 31.181907564782399, 150.0 ], [ 73.717045093856001, 31.181904251679899, 150.0 ], [ 73.716403012089401, 31.1820116613092, 150.0 ], [ 73.715750672655503, 31.1822529548101, 150.0 ], [ 73.715504231435204, 31.1823767509863, 150.0 ], [ 73.715258176024093, 31.1825004707202, 150.0 ], [ 73.714767852154694, 31.182681761454202, 150.0 ], [ 73.714354878075198, 31.182866932762799, 150.0 ], [ 73.714020788029003, 31.183055574555201, 150.0 ], [ 73.7136931677056, 31.183176710536799, 150.0 ], [ 73.713197116054104, 31.1834256878453, 150.0 ], [ 73.712703575309803, 31.1836738161937, 150.0 ], [ 73.712288630815706, 31.183859871535901, 150.0 ], [ 73.712130001198702, 31.183853240834399, 150.0 ], [ 73.7117153561788, 31.184039242217299, 150.0 ], [ 73.711220517712803, 31.184222224576001, 150.0 ], [ 73.710887742475407, 31.184344997323802, 150.0 ], [ 73.710467413740204, 31.184532986208399, 150.0 ], [ 73.709977350674293, 31.184714624080701, 150.0 ], [ 73.709411613255398, 31.184825704742501, 150.0 ], [ 73.708998927858303, 31.184945563686899, 150.0 ], [ 73.708669413562603, 31.185067429918, 150.0 ], [ 73.708088920967, 31.1853150024854, 150.0 ], [ 73.707843635375497, 31.185372934113701, 150.0 ], [ 73.707269825642001, 31.1855524711697, 150.0 ], [ 73.707026410640395, 31.185609807446699, 150.0 ], [ 73.706778092535004, 31.185734621655499, 150.0 ], [ 73.706275605334994, 31.185986125159602, 150.0 ], [ 73.705785065628305, 31.186101939852701, 150.0 ], [ 73.7054476696743, 31.186292407268802, 150.0 ], [ 73.7052026071147, 31.186350249864201, 150.0 ], [ 73.704784121989704, 31.186537855637599, 150.0 ], [ 73.704352259449294, 31.1868619164443, 150.0 ], [ 73.704006615812702, 31.187121387042499, 150.0 ], [ 73.703653657090697, 31.187449531670602, 150.0 ], [ 73.703400069857395, 31.187576352266898, 150.0 ], [ 73.703125982578101, 31.1879085897097, 150.0 ], [ 73.702771374499406, 31.188237951120598, 150.0 ], [ 73.702489629492803, 31.188639714251501, 150.0 ], [ 73.702383150661902, 31.188910681782598, 150.0 ], [ 73.7023636587559, 31.189116478142999, 150.0 ] ] ] ] } },
{ "type": "Feature", "properties": { "Name": "S8", "district": "Okara", "province": "Punjab", "area_km2": 11.1226852731, "volume_MAF": 0.05496950775, "River": "Sutlej", "Shape_Leng": 0.12543562974, "Shape_Area": 0.00104344215 }, "geometry": { "type": "MultiPolygon", "coordinates": [ [ [ [ 73.665956397170106, 30.3211951867086, 150.0 ], [ 73.665775825893704, 30.3221793543938, 150.0 ], [ 73.665323879693304, 30.322611406691099, 150.0 ], [ 73.664983093295206, 30.322958113326301, 150.0 ], [ 73.664418435962105, 30.323476416003899, 150.0 ], [ 73.664070224761105, 30.323913722140599, 150.0 ], [ 73.663615278422398, 30.3243472484268, 150.0 ], [ 73.663149570796094, 30.324960893630401, 150.0 ], [ 73.662689919204496, 30.325484825164601, 150.0 ], [ 73.662354990990096, 30.325742542983999, 150.0 ], [ 73.662118243562105, 30.3260950754274, 150.0 ], [ 73.661669276815701, 30.326439489690799, 150.0 ], [ 73.660859004739294, 30.3273150597423, 150.0 ], [ 73.660173135881607, 30.328013344640201, 150.0 ], [ 73.659925618172807, 30.328458493764501, 150.0 ], [ 73.659223202688693, 30.3293399031141, 150.0 ], [ 73.658857158830898, 30.329962856300799, 150.0 ], [ 73.658266803370296, 30.3307592140665, 150.0 ], [ 73.658116305423206, 30.3313016455546, 150.0 ], [ 73.657626712702694, 30.332105225775599, 150.0 ], [ 73.657378839761705, 30.3325527149359, 150.0 ], [ 73.657250912099997, 30.3328223145982, 150.0 ], [ 73.657001636216606, 30.3332707201677, 150.0 ], [ 73.656859486675998, 30.333723119626299, 150.0 ], [ 73.656732011373293, 30.3339929099449, 150.0 ], [ 73.656499095956605, 30.334258341249502, 150.0 ], [ 73.656236448952995, 30.334889951310199, 150.0 ], [ 73.656229038539394, 30.3349814968986, 150.0 ], [ 73.656094584497495, 30.335343057636099, 150.0 ], [ 73.655616391583195, 30.336056841450102, 150.0 ], [ 73.655471381299293, 30.336511902902, 150.0 ], [ 73.655447831652197, 30.336787688101399, 150.0 ], [ 73.655192494338195, 30.337329273327299, 150.0 ], [ 73.654942571842298, 30.337780237468099, 150.0 ], [ 73.654581179278097, 30.338318066225799, 150.0 ], [ 73.654313984402904, 30.338954659430001, 150.0 ], [ 73.654168791556501, 30.339411413406101, 150.0 ], [ 73.6540393017724, 30.339683839637502, 150.0 ], [ 73.653766482537193, 30.340412662814199, 150.0 ], [ 73.653725189266098, 30.340875786688201, 150.0 ], [ 73.653595832581701, 30.341148605024198, 150.0 ], [ 73.653403965820402, 30.342161683215199, 150.0 ], [ 73.653325319208193, 30.343088243027999, 150.0 ], [ 73.653287921800199, 30.343550790436701, 150.0 ], [ 73.653132157423201, 30.344104654106602, 150.0 ], [ 73.653067094171107, 30.344849114694998, 150.0 ], [ 73.653004165010302, 30.345592990724001, 150.0 ], [ 73.652969687701002, 30.3460550444048, 150.0 ], [ 73.653167087990795, 30.346249824070199, 150.0 ], [ 73.653456395396404, 30.346634552242801, 150.0 ], [ 73.653759562253995, 30.346834422071002, 150.0 ], [ 73.654267297897505, 30.3471368065184, 150.0 ], [ 73.654669539467704, 30.347434335526199, 150.0 ], [ 73.655078751683106, 30.34763938455, 150.0 ], [ 73.655290213772403, 30.347649340045098, 150.0 ], [ 73.656300765767796, 30.3483472355366, 150.0 ], [ 73.656810997029893, 30.348649051612501, 150.0 ], [ 73.656917703389396, 30.348653326989499, 150.0 ], [ 73.657329100957298, 30.348857437121101, 150.0 ], [ 73.658462246735397, 30.3493743143732, 150.0 ], [ 73.658873285473803, 30.3495792141095, 150.0 ], [ 73.659382739721707, 30.349882848614602, 150.0 ], [ 73.659876858730101, 30.3503745079772, 150.0 ], [ 73.660287565618702, 30.3505804248468, 150.0 ], [ 73.660698398412407, 30.350786401071598, 150.0 ], [ 73.661209658499004, 30.3510895247618, 150.0 ], [ 73.661727603246305, 30.351299936442999, 150.0 ], [ 73.661939747921096, 30.351310053816, 150.0 ], [ 73.662457883324706, 30.351520523953099, 150.0 ], [ 73.663715880183801, 30.351855936901998, 150.0 ], [ 73.664242823547497, 30.351971349598202, 150.0 ], [ 73.664761512933495, 30.352181929452499, 150.0 ], [ 73.665173723488607, 30.352388007300799, 150.0 ], [ 73.6656926934631, 30.352598702268299, 150.0 ], [ 73.666204755744999, 30.352903442939599, 150.0 ], [ 73.666510690715896, 30.353105151881302, 150.0 ], [ 73.667229347056804, 30.353513538519099, 150.0 ], [ 73.667428754633406, 30.353710942406099, 150.0 ], [ 73.668157734291995, 30.3540216168042, 150.0 ], [ 73.668365092774906, 30.354123780687999, 150.0 ], [ 73.669084898449299, 30.354532376867699, 150.0 ], [ 73.669499071325205, 30.354737916921401, 150.0 ], [ 73.670237029815198, 30.354868449019801, 150.0 ], [ 73.670542981873197, 30.3550721778388, 150.0 ], [ 73.670755825321095, 30.355082623464298, 150.0 ], [ 73.671592819852805, 30.355397817855099, 150.0 ], [ 73.671900412274297, 30.355599513306998, 150.0 ], [ 73.672950249354599, 30.355926615620898, 150.0 ], [ 73.673257701481802, 30.356129133053098, 150.0 ], [ 73.673778408047198, 30.3563420061787, 150.0 ], [ 73.6742990894315, 30.3565556949894, 150.0 ], [ 73.674827741507102, 30.356671865814, 150.0 ], [ 73.675256408756297, 30.3566884214335, 150.0 ], [ 73.6756714962426, 30.356895074847898, 150.0 ], [ 73.676194076995102, 30.3571055863538, 150.0 ], [ 73.676937394545206, 30.357229949102901, 150.0 ], [ 73.677353061194907, 30.357436275164002, 150.0 ], [ 73.677674388961904, 30.357448995175002, 150.0 ], [ 73.678513079615001, 30.357765179719301, 150.0 ], [ 73.678941272022101, 30.357782792941599, 150.0 ], [ 73.679369352913298, 30.357800739812301, 150.0 ], [ 73.679904773286694, 30.357822140979099, 150.0 ], [ 73.680868436429293, 30.357860661640299, 150.0 ], [ 73.681296699882907, 30.357877771242201, 150.0 ], [ 73.681510817670102, 30.3578863318888, 150.0 ], [ 73.682361252569805, 30.358015217328401, 150.0 ], [ 73.683110608168107, 30.358045148564798, 150.0 ], [ 73.6836445356669, 30.3580717325245, 150.0 ], [ 73.684071130878095, 30.358095949468499, 150.0 ], [ 73.684930145310005, 30.358051534650698, 150.0 ], [ 73.685580822796794, 30.357970289897001, 150.0 ], [ 73.686122331580407, 30.357892891543798, 150.0 ], [ 73.686882798302605, 30.357733499301599, 150.0 ], [ 73.687428092332695, 30.357570396456701, 150.0 ], [ 73.6878670945908, 30.357400060364601, 150.0 ], [ 73.688413055018501, 30.357232052617199, 150.0 ], [ 73.689065493377896, 30.357071046991301, 150.0 ], [ 73.689503901184096, 30.3569018152666, 150.0 ], [ 73.690054515603507, 30.3566427295784, 150.0 ], [ 73.690492688686703, 30.356473588685201, 150.0 ], [ 73.691267389878206, 30.356034983028099, 150.0 ], [ 73.691710627043804, 30.355770886317401, 150.0 ], [ 73.6921537032309, 30.355506881337501, 150.0 ], [ 73.692489853623897, 30.3552377043566, 150.0 ], [ 73.692831040220398, 30.3548760392978, 150.0 ], [ 73.693172125193499, 30.3545146287472, 150.0 ], [ 73.693406323043405, 30.3541465883944, 150.0 ], [ 73.693538914589297, 30.3536796172206, 150.0 ], [ 73.693778031730901, 30.353219287540099, 150.0 ], [ 73.693814199765498, 30.3525651800391, 150.0 ], [ 73.693738649519105, 30.352000388707001, 150.0 ], [ 73.693663121755705, 30.351435224156301, 150.0 ], [ 73.693577281466403, 30.351054872084699, 150.0 ], [ 73.693278633702107, 30.350666240854402, 150.0 ], [ 73.693081365612599, 30.3503759855633, 150.0 ], [ 73.692783011027203, 30.349987743739501, 150.0 ], [ 73.692591193728703, 30.3496039895326, 150.0 ], [ 73.692303669678694, 30.3490299873441, 150.0 ], [ 73.692112035841802, 30.3486480066003, 150.0 ], [ 73.691819686929094, 30.348166510476101, 150.0 ], [ 73.691522046405396, 30.347781850651899, 150.0 ], [ 73.691325495075603, 30.347494056805299, 150.0 ], [ 73.690927287864099, 30.347011546245898, 150.0 ], [ 73.690635438974397, 30.346533914508601, 150.0 ], [ 73.690534646556699, 30.3464365781856, 150.0 ], [ 73.690359884001495, 30.3457771529933, 150.0 ], [ 73.690063207551006, 30.3453918438586, 150.0 ], [ 73.689979151516695, 30.345012415390698, 150.0 ], [ 73.6897945890491, 30.344536056194102, 150.0 ], [ 73.689705008479393, 30.3442522076733, 150.0 ], [ 73.689408794280496, 30.34386870078, 150.0 ], [ 73.689329646745904, 30.343403330399401, 150.0 ], [ 73.689245148245007, 30.343030507451999, 150.0 ], [ 73.689155565876703, 30.342748765143401, 150.0 ], [ 73.688865352853796, 30.3422718789441, 150.0 ], [ 73.688776352346807, 30.341987745338201, 150.0 ], [ 73.688591798872494, 30.3415186400732, 150.0 ], [ 73.6884022011008, 30.341140539004702, 150.0 ], [ 73.688212891112101, 30.340761617754499, 150.0 ], [ 73.688023579324806, 30.340383303546702, 150.0 ], [ 73.687945160241, 30.3399189628899, 150.0 ], [ 73.687755950976396, 30.339541670311899, 150.0 ], [ 73.687577916687601, 30.338980141720199, 150.0 ], [ 73.687500579488201, 30.3385134439403, 150.0 ], [ 73.687427945743096, 30.337958411151799, 150.0 ], [ 73.687455706016095, 30.3374984115225, 150.0 ], [ 73.687483612878495, 30.337038497328798, 150.0 ], [ 73.687521708160403, 30.336397955201502, 150.0 ], [ 73.687654189989004, 30.335945299435998, 150.0 ], [ 73.687897287529793, 30.3354060767291, 150.0 ], [ 73.687908120763197, 30.335223352475801, 150.0 ], [ 73.6881402438772, 30.334867169684198, 150.0 ], [ 73.688383094104594, 30.3343284146247, 150.0 ], [ 73.688539103996504, 30.3335051563379, 150.0 ], [ 73.688659953993707, 30.333237032463099, 150.0 ], [ 73.688697310932199, 30.332600207233799, 150.0 ], [ 73.688729768364198, 30.332053633468401, 150.0 ], [ 73.688751467206501, 30.331688524905498, 150.0 ], [ 73.688783790639505, 30.331142522209699, 150.0 ], [ 73.688700424385203, 30.3307740888532, 150.0 ], [ 73.688622628531604, 30.330314694467599, 150.0 ], [ 73.688544865053501, 30.329855630133299, 150.0 ], [ 73.688555726165902, 30.329673869953201, 150.0 ], [ 73.688384065372404, 30.329029198139001, 150.0 ], [ 73.688301019276693, 30.3286617189632, 150.0 ], [ 73.688113251625296, 30.328289983296099, 150.0 ], [ 73.687727088134693, 30.327728329698701, 150.0 ], [ 73.687330124685602, 30.327348351745101, 150.0 ], [ 73.686938861139595, 30.326878074663501, 150.0 ], [ 73.6866469591899, 30.3265029557469, 150.0 ], [ 73.686256138110394, 30.326033221855798, 150.0 ], [ 73.685849181394602, 30.325834430314799, 150.0 ], [ 73.685345393774995, 30.325539370845298, 150.0 ], [ 73.684844456106802, 30.3251568783873, 150.0 ], [ 73.684438072259297, 30.3249584141995, 150.0 ], [ 73.684031747766994, 30.3247600120649, 150.0 ], [ 73.683625093223597, 30.324562038007699, 150.0 ], [ 73.683113785472898, 30.324359824546299, 150.0 ], [ 73.682590523034307, 30.3243381382945, 150.0 ], [ 73.682387090092206, 30.324239264130799, 150.0 ], [ 73.681869673246894, 30.3241273668845, 150.0 ], [ 73.6809417302767, 30.3239070069029, 150.0 ], [ 73.680428457507404, 30.3237937300966, 150.0 ], [ 73.680013519308503, 30.323774990923098, 150.0 ], [ 73.679487450985107, 30.323754204892701, 150.0 ], [ 73.679072288855096, 30.3236474859428, 150.0 ], [ 73.678558827228102, 30.323534416879902, 150.0 ], [ 73.677837637497007, 30.323412381576201, 150.0 ], [ 73.677320628943903, 30.323300519403499, 150.0 ], [ 73.676600287273502, 30.3230899539383, 150.0 ], [ 73.676292409767001, 30.3229868610549, 150.0 ], [ 73.675678502860606, 30.322780329048999, 150.0 ], [ 73.675059102895304, 30.322663771515899, 150.0 ], [ 73.6745397552056, 30.322552357205598, 150.0 ], [ 73.674023552444993, 30.322440075948801, 150.0 ], [ 73.673619858469706, 30.322242436439399, 150.0 ], [ 73.673203189975297, 30.322224605581098, 150.0 ], [ 73.672485835852697, 30.3220137901044, 150.0 ], [ 73.671869557434206, 30.321896960976002, 150.0 ], [ 73.671352754825804, 30.321785046642599, 150.0 ], [ 73.6708387167334, 30.3216728957876, 150.0 ], [ 73.670212856038503, 30.321646342404801, 150.0 ], [ 73.669697129019397, 30.3215344289708, 150.0 ], [ 73.668757645049297, 30.3214946060912, 150.0 ], [ 73.668348940051601, 30.321386896987701, 150.0 ], [ 73.667834125844294, 30.321274930493701, 150.0 ], [ 73.667103908718403, 30.321243920070899, 150.0 ], [ 73.666686632282307, 30.321226198929999, 150.0 ], [ 73.666060719426696, 30.321199618567601, 150.0 ], [ 73.665956397170106, 30.3211951867086, 150.0 ] ] ] ] } },
{ "type": "Feature", "properties": { "Name": "I2", "district": "Dera Ghazi Khan", "province": "Punjab", "area_km2": 2.8784101924400001, "volume_MAF": 0.01422541297, "River": "Indus", "Shape_Leng": 0.08018748343, "Shape_Area": 0.00027269335 }, "geometry": { "type": "MultiPolygon", "coordinates": [ [ [ [ 70.724657423001702, 31.316668162106101, 150.0 ], [ 70.724823205826297, 31.3167244209953, 150.0 ], [ 70.724942437043893, 31.316658634688299, 150.0 ], [ 70.725231540303398, 31.316590411218598, 150.0 ], [ 70.725524310998196, 31.316463717426601, 150.0 ], [ 70.725765898577393, 31.316229930566902, 150.0 ], [ 70.726053532344693, 31.316162900497499, 150.0 ], [ 70.726397376437802, 31.3160948847712, 150.0 ], [ 70.726571458206294, 31.3160300985103, 150.0 ], [ 70.727040322453007, 31.315777762233999, 150.0 ], [ 70.727334009556998, 31.315592690750101, 150.0 ], [ 70.727627229912798, 31.3154070392035, 150.0 ], [ 70.727752482091404, 31.315219716716602, 150.0 ], [ 70.727928669172798, 31.315096282967101, 150.0 ], [ 70.7283400361638, 31.314788129368701, 150.0 ], [ 70.728459670277601, 31.3146646713375, 150.0 ], [ 70.7289371770092, 31.314168131354201, 150.0 ], [ 70.729061268162994, 31.313976421974399, 150.0 ], [ 70.729236758269806, 31.313845616482102, 150.0 ], [ 70.729590523683797, 31.313522743679801, 150.0 ], [ 70.729653392590095, 31.313398507734998, 150.0 ], [ 70.7298890662275, 31.313107980848699, 150.0 ], [ 70.730008332518594, 31.312932798310001, 150.0 ], [ 70.730241637341706, 31.312692319594898, 150.0 ], [ 70.7303619657322, 31.312507789502899, 150.0 ], [ 70.730594294790905, 31.312266647987499, 150.0 ], [ 70.730771185142103, 31.312026192654699, 150.0 ], [ 70.731005097907001, 31.311726792157799, 150.0 ], [ 70.731120187746498, 31.311607430538501, 150.0 ], [ 70.731295381077004, 31.3113691866387, 150.0 ], [ 70.731412804657296, 31.3111909976665, 150.0 ], [ 70.731587713802, 31.3109496484076, 150.0 ], [ 70.731825273317796, 31.310483977653501, 150.0 ], [ 70.731889542468494, 31.310252019115499, 150.0 ], [ 70.731899993489904, 31.310018700802502, 150.0 ], [ 70.7318566317782, 31.309785874418601, 150.0 ], [ 70.731767601593603, 31.309380741528098, 150.0 ], [ 70.731770445249893, 31.309321871906899, 150.0 ], [ 70.731567084253598, 31.309089770376701, 150.0 ], [ 70.731207048766393, 31.308800431494799, 150.0 ], [ 70.731052790753694, 31.308684983725101, 150.0 ], [ 70.730901808971296, 31.3085125809909, 150.0 ], [ 70.730754275189696, 31.3082836531681, 150.0 ], [ 70.730557282292807, 31.3079984934358, 150.0 ], [ 70.730410816905803, 31.307771554014, 150.0 ], [ 70.730320890097104, 31.307489674109199, 150.0 ], [ 70.730172017224803, 31.3073207697378, 150.0 ], [ 70.730022799013, 31.307155870946801, 150.0 ], [ 70.729771896256096, 31.306934840070902, 150.0 ], [ 70.729620822742802, 31.306822840301901, 150.0 ], [ 70.729420791935993, 31.306656031350801, 150.0 ], [ 70.729120090120105, 31.3064331298851, 150.0 ], [ 70.728973286588001, 31.306268934363899, 150.0 ], [ 70.728774885352706, 31.306103153337901, 150.0 ], [ 70.728528846129393, 31.305881724961701, 150.0 ], [ 70.728437030744402, 31.305713608396399, 150.0 ], [ 70.728354313800594, 31.305432914697299, 150.0 ], [ 70.728317098955003, 31.305218541502501, 150.0 ], [ 70.7283398185278, 31.304896717309699, 150.0 ], [ 70.728354845299904, 31.304683229947202, 150.0 ], [ 70.7283700978018, 31.3044693603727, 150.0 ], [ 70.728437078408504, 31.304255905385801, 150.0 ], [ 70.728511712245805, 31.303935732348201, 150.0 ], [ 70.728570930803897, 31.303829114122401, 150.0 ], [ 70.728645338012001, 31.303509785548201, 150.0 ], [ 70.728770615371701, 31.303192209752801, 150.0 ], [ 70.7288879004563, 31.3029814842082, 150.0 ], [ 70.729161681966104, 31.302719279671098, 150.0 ], [ 70.729436850230499, 31.302448812163, 150.0 ], [ 70.729705595536899, 31.302238761110001, 150.0 ], [ 70.729972374925197, 31.301994850581899, 150.0 ], [ 70.730292291655999, 31.301777468255601, 150.0 ], [ 70.730559701469105, 31.301563743472101, 150.0 ], [ 70.730824989781496, 31.301355895758, 150.0 ], [ 70.731041476383098, 31.301098640190201, 150.0 ], [ 70.7312502926669, 31.300950822222699, 150.0 ], [ 70.731353264141902, 31.300902277717999, 150.0 ], [ 70.731514398370805, 31.3007008745458, 150.0 ], [ 70.731675152186597, 31.300499621560299, 150.0 ], [ 70.731883013390402, 31.300350240571198, 150.0 ], [ 70.732042827414602, 31.3001499075922, 150.0 ], [ 70.732255023350703, 31.299897315009101, 150.0 ], [ 70.732568957791202, 31.299592795571101, 150.0 ], [ 70.732877307441896, 31.2993891521877, 150.0 ], [ 70.733031182343296, 31.299287091725901, 150.0 ], [ 70.733237585746096, 31.2990905296043, 150.0 ], [ 70.7333882635576, 31.299042773804999, 150.0 ], [ 70.733641793234199, 31.298895446867402, 150.0 ], [ 70.733843726107096, 31.298796341577901, 150.0 ], [ 70.734046910836298, 31.298648310471201, 150.0 ], [ 70.734200121138699, 31.2985007865821, 150.0 ], [ 70.734403008192302, 31.2983490682549, 150.0 ], [ 70.734604737818501, 31.2982028258998, 150.0 ], [ 70.734755416529296, 31.298105498569999, 150.0 ], [ 70.734857816934806, 31.2979598713511, 150.0 ], [ 70.735109738623606, 31.297719844095599, 150.0 ], [ 70.735210334989006, 31.297623300075301, 150.0 ], [ 70.735409946711698, 31.297479875296101, 150.0 ], [ 70.735707160057501, 31.2973374145901, 150.0 ], [ 70.736053056403506, 31.2971914708098, 150.0 ], [ 70.736249942281106, 31.297140857864299, 150.0 ], [ 70.736641876721293, 31.297137462024299, 150.0 ], [ 70.736789183873796, 31.2970914509098, 150.0 ], [ 70.736986173173406, 31.296951665686901, 150.0 ], [ 70.737232478596098, 31.296713665503301, 150.0 ], [ 70.737233213342193, 31.296618233045098, 150.0 ], [ 70.737236139736098, 31.296237919644302, 150.0 ], [ 70.7371404986351, 31.296048186075001, 150.0 ], [ 70.737045148015198, 31.295859021776501, 150.0 ], [ 70.736805553333696, 31.295620299437299, 150.0 ], [ 70.736710525570302, 31.295478354942201, 150.0 ], [ 70.736519867497904, 31.295288972108398, 150.0 ], [ 70.736330785037794, 31.2950128838376, 150.0 ], [ 70.736286981758795, 31.294733632651099, 150.0 ], [ 70.736194315615293, 31.294505870349699, 150.0 ], [ 70.736104185559796, 31.294179861611401, 150.0 ], [ 70.736107350273997, 31.293995522175599, 150.0 ], [ 70.736063672000896, 31.293765605998001, 150.0 ], [ 70.735974000599697, 31.293448382736699, 150.0 ], [ 70.735977135636304, 31.293268172987801, 150.0 ], [ 70.735932989715806, 31.2930876161006, 150.0 ], [ 70.735935485334394, 31.2929524210174, 150.0 ], [ 70.735940379444997, 31.292683744059602, 150.0 ], [ 70.735897962021397, 31.292417515955702, 150.0 ], [ 70.735856204700198, 31.292147516095, 150.0 ], [ 70.735858008740195, 31.292057698104301, 150.0 ], [ 70.735815529263306, 31.291834538533202, 150.0 ], [ 70.735727159181096, 31.291533249459999, 150.0 ], [ 70.735635860006994, 31.2914051329406, 150.0 ], [ 70.735592404765697, 31.291233500925401, 150.0 ], [ 70.735551113293297, 31.290973864851999, 150.0 ], [ 70.735556067658493, 31.2907546569019, 150.0 ], [ 70.735048581127202, 31.2906168618787, 150.0 ], [ 70.734955733320504, 31.290616168501401, 150.0 ], [ 70.734677233067899, 31.2906140874702, 150.0 ], [ 70.734491607601697, 31.290612821224801, 150.0 ], [ 70.734213208073101, 31.2906107231065, 150.0 ], [ 70.733889632000995, 31.290566793922402, 150.0 ], [ 70.733703988548299, 31.2905662822082, 150.0 ], [ 70.733471971554295, 31.290565374792301, 150.0 ], [ 70.733197245756301, 31.2904773644389, 150.0 ], [ 70.733015488274205, 31.290390419782099, 150.0 ], [ 70.732880244627694, 31.290303975148401, 150.0 ], [ 70.732609069353103, 31.290136218311901, 150.0 ], [ 70.732382633551794, 31.2900120147427, 150.0 ], [ 70.732203901388999, 31.2898839737665, 150.0 ], [ 70.731933995957206, 31.2897538040949, 150.0 ], [ 70.731753933697107, 31.289668739021099, 150.0 ], [ 70.731617961599696, 31.289626072485301, 150.0 ], [ 70.731387989664, 31.289624629972799, 150.0 ], [ 70.731157929594801, 31.289623531001201, 150.0 ], [ 70.730924747079499, 31.2896667110499, 150.0 ], [ 70.730602163858805, 31.289666399884499, 150.0 ], [ 70.730320021352, 31.289751634030701, 150.0 ], [ 70.7301352214633, 31.2897522896365, 150.0 ], [ 70.729901563206596, 31.289795188197399, 150.0 ], [ 70.729622397455699, 31.2898360470959, 150.0 ], [ 70.729386001662704, 31.289919965534001, 150.0 ], [ 70.729244138106495, 31.289963048455899, 150.0 ], [ 70.729052874790398, 31.290048677404599, 150.0 ], [ 70.728907904975898, 31.290133732585701, 150.0 ], [ 70.728670123327603, 31.2902189208666, 150.0 ], [ 70.728334763438596, 31.290349657111101, 150.0 ], [ 70.728145428268903, 31.2903934981614, 150.0 ], [ 70.727770154669003, 31.290437841033601, 150.0 ], [ 70.727677255600895, 31.290438074857299, 150.0 ], [ 70.727441872444501, 31.290480450012801, 150.0 ], [ 70.727067925344599, 31.2905212594486, 150.0 ], [ 70.726830993555595, 31.2905659836333, 150.0 ], [ 70.726737451472303, 31.2905672300936, 150.0 ], [ 70.726408715989507, 31.2906094955318, 150.0 ], [ 70.726219602952398, 31.290651003740901, 150.0 ], [ 70.726029123844995, 31.290694823207598, 150.0 ], [ 70.725787805163094, 31.290781653650502, 150.0 ], [ 70.725554342059297, 31.290783160914199, 150.0 ], [ 70.725269954844606, 31.290827684549999, 150.0 ], [ 70.725079393898994, 31.2908706757411, 150.0 ], [ 70.724888958858401, 31.2909132829217, 150.0 ], [ 70.7246983997114, 31.290955917082002, 150.0 ], [ 70.724408966400702, 31.291043161213, 150.0 ], [ 70.724258789511595, 31.291130969218901, 150.0 ], [ 70.724066841811407, 31.291175085461902, 150.0 ], [ 70.723822810774195, 31.291263132687401, 150.0 ], [ 70.723677267192201, 31.2913072534271, 150.0 ], [ 70.723468838516197, 31.2914833020128, 150.0 ], [ 70.723259381915, 31.2916605125227, 150.0 ], [ 70.723054081081003, 31.291795096966201, 150.0 ], [ 70.722942454530695, 31.291929651732101, 150.0 ], [ 70.722785352861806, 31.292061836784399, 150.0 ], [ 70.722621719416793, 31.292239595880702, 150.0 ], [ 70.722457563465795, 31.292417944032898, 150.0 ], [ 70.722345929720902, 31.292552050037202, 150.0 ], [ 70.722180952688902, 31.292731307404001, 150.0 ], [ 70.7220092487279, 31.292956600166999, 150.0 ], [ 70.721978427162796, 31.293220320061799, 150.0 ], [ 70.721942126028395, 31.293529547450699, 150.0 ], [ 70.721896169772506, 31.2938546370819, 150.0 ], [ 70.721874783894194, 31.2939969898692, 150.0 ], [ 70.721826261872494, 31.294328162514699, 150.0 ], [ 70.721794239712395, 31.294561511404702, 150.0 ], [ 70.721757702056394, 31.2948395143322, 150.0 ], [ 70.721727327454204, 31.295071811015301, 150.0 ], [ 70.721688658404901, 31.295392004737302, 150.0 ], [ 70.721655417663399, 31.2956675633075, 150.0 ], [ 70.721632407609604, 31.295853153700101, 150.0 ], [ 70.721600815325402, 31.296090333702001, 150.0 ], [ 70.721624284932901, 31.296280400919802, 150.0 ], [ 70.721689709712393, 31.296519724905401, 150.0 ], [ 70.721762116828302, 31.2967112220453, 150.0 ], [ 70.721716843157793, 31.297049931908901, 150.0 ], [ 70.721759678766205, 31.297097835197, 150.0 ], [ 70.7217703285379, 31.297388972722999, 150.0 ], [ 70.721845027126307, 31.2975802621194, 150.0 ], [ 70.721900491014907, 31.297919661763, 150.0 ], [ 70.721970786522704, 31.298159072982902, 150.0 ], [ 70.721965533582605, 31.298206318866601, 150.0 ], [ 70.722079678234607, 31.2984953258986, 150.0 ], [ 70.722098135920305, 31.298742062995899, 150.0 ], [ 70.722134962258707, 31.298841660214499, 150.0 ], [ 70.722152538608796, 31.299091690629101, 150.0 ], [ 70.722126727166795, 31.299292613563299, 150.0 ], [ 70.722094072783307, 31.299545190857899, 150.0 ], [ 70.722118580208402, 31.2997465436681, 150.0 ], [ 70.722142939245302, 31.299948963973598, 150.0 ], [ 70.722256155796998, 31.300251299857699, 150.0 ], [ 70.722332080161394, 31.300453325360699, 150.0 ], [ 70.722390038769305, 31.3008081915448, 150.0 ], [ 70.722478740701405, 31.300909800546901, 150.0 ], [ 70.722530382471206, 31.301320110834499, 150.0 ], [ 70.722574869234904, 31.301371427049801, 150.0 ], [ 70.722595997907007, 31.301626760766499, 150.0 ], [ 70.7227232915467, 31.301834568011, 150.0 ], [ 70.722845946483304, 31.302092859597799, 150.0 ], [ 70.723020399671796, 31.302351365223402, 150.0 ], [ 70.723133707054998, 31.302673991611499, 150.0 ], [ 70.723178802659703, 31.302726587561999, 150.0 ], [ 70.723260655355006, 31.302929498897299, 150.0 ], [ 70.723289535283897, 31.3031765921261, 150.0 ], [ 70.723309787117003, 31.3034446089816, 150.0 ], [ 70.723284980217699, 31.303659597312599, 150.0 ], [ 70.7232086745407, 31.303875010123601, 150.0 ], [ 70.723132114355593, 31.3040911396944, 150.0 ], [ 70.722948715610798, 31.304354915347101, 150.0 ], [ 70.722828758640304, 31.304511870426602, 150.0 ], [ 70.722537653489994, 31.304783691414301, 150.0 ], [ 70.722366881226705, 31.304897410687001, 150.0 ], [ 70.722039966870994, 31.305011041826202, 150.0 ], [ 70.7218215916932, 31.305113652673001, 150.0 ], [ 70.721553124277307, 31.305171694018501, 150.0 ], [ 70.721395912891097, 31.305173975598599, 150.0 ], [ 70.721133866634702, 31.305177800415201, 150.0 ], [ 70.7209252679868, 31.305178611603701, 150.0 ], [ 70.720509393593701, 31.3051774649681, 150.0 ], [ 70.720250588493897, 31.305174533178199, 150.0 ], [ 70.720094283624306, 31.305174847940901, 150.0 ], [ 70.719869714815601, 31.305286963722398, 150.0 ], [ 70.719653336132595, 31.3053425544154, 150.0 ], [ 70.719420453990793, 31.3055097015115, 150.0 ], [ 70.719249130443103, 31.305618158851001, 150.0 ], [ 70.719063896181893, 31.305833087826802, 150.0 ], [ 70.718916573740998, 31.306155693530499, 150.0 ], [ 70.718894094287094, 31.306319550906601, 150.0 ], [ 70.718832393600195, 31.306761331170499, 150.0 ], [ 70.718853928765796, 31.306983670560001, 150.0 ], [ 70.718822117047097, 31.307207915612899, 150.0 ], [ 70.718851050035994, 31.307376637421999, 150.0 ], [ 70.718844641467101, 31.307778861905, 150.0 ], [ 70.718834997137506, 31.308190050830198, 150.0 ], [ 70.718817698677896, 31.308306623651799, 150.0 ], [ 70.718873792991204, 31.308695737818098, 150.0 ], [ 70.718843621635898, 31.3089215297049, 150.0 ], [ 70.718942729623294, 31.308978825512401, 150.0 ], [ 70.718958496537397, 31.3092626587447, 150.0 ], [ 70.718981415759799, 31.309491512823101, 150.0 ], [ 70.719004356565804, 31.309721254532299, 150.0 ], [ 70.719089049320203, 31.309893768782398, 150.0 ], [ 70.719202106691895, 31.3102464451174, 150.0 ], [ 70.719293636092502, 31.3103651205539, 150.0 ], [ 70.719360296540501, 31.310663534494601, 150.0 ], [ 70.719497005182703, 31.310845561773299, 150.0 ], [ 70.719573722749104, 31.311083350616201, 150.0 ], [ 70.719714301174093, 31.311259318263001, 150.0 ], [ 70.720047169940997, 31.311663303618602, 150.0 ], [ 70.720142211194201, 31.311780009539898, 150.0 ], [ 70.720338642914101, 31.311958020446401, 150.0 ], [ 70.7204564271225, 31.312321607356399, 150.0 ], [ 70.720550538476601, 31.3124435617211, 150.0 ], [ 70.720631644734695, 31.312682477414501, 150.0 ], [ 70.720823177847393, 31.312921829278999, 150.0 ], [ 70.720904994569906, 31.313162299001, 150.0 ], [ 70.721042337234095, 31.313403382959802, 150.0 ], [ 70.721242458872396, 31.313584406595101, 150.0 ], [ 70.721442317009405, 31.313767905164799, 150.0 ], [ 70.721587711303897, 31.3139507526252, 150.0 ], [ 70.721835899007601, 31.3141998396509, 150.0 ], [ 70.721891009462595, 31.314200907146201, 150.0 ], [ 70.722194125958197, 31.3144556194313, 150.0 ], [ 70.722235560422902, 31.3145811710842, 150.0 ], [ 70.722436227050295, 31.314772633150501, 150.0 ], [ 70.7226374539554, 31.314964627615499, 150.0 ], [ 70.722825950956903, 31.315282702534802, 150.0 ], [ 70.723077858256602, 31.3155393240806, 150.0 ], [ 70.723224030464706, 31.3157363862253, 150.0 ], [ 70.723373163240893, 31.315926056842098, 150.0 ], [ 70.723530746047203, 31.3160473106349, 150.0 ], [ 70.723789806554393, 31.316292009868398, 150.0 ], [ 70.724002839759294, 31.3164190400067, 150.0 ], [ 70.724267021905604, 31.316608510074701, 150.0 ], [ 70.724657423001702, 31.316668162106101, 150.0 ] ] ] ] } },
{ "type": "Feature", "properties": { "Name": "S9", "district": "Pakpattan", "province": "Punjab", "area_km2": 3.60164402307, "volume_MAF": 0.0177997124, "River": "Sutlej", "Shape_Leng": 0.07757178721000001, "Shape_Area": 0.00033760107 }, "geometry": { "type": "MultiPolygon", "coordinates": [ [ [ [ 73.400243500437199, 30.254068227067101, 150.0 ], [ 73.401180934852306, 30.2573316608276, 150.0 ], [ 73.401526283511302, 30.257754113761401, 150.0 ], [ 73.401724363688501, 30.258092786752702, 150.0 ], [ 73.4021152522172, 30.258480437722099, 150.0 ], [ 73.404730369211194, 30.259541038788001, 150.0 ], [ 73.406360951596696, 30.259935217936, 150.0 ], [ 73.407084594678295, 30.260603675019599, 150.0 ], [ 73.408470831263898, 30.2623072418858, 150.0 ], [ 73.4069843823235, 30.264697179431298, 150.0 ], [ 73.407438381676002, 30.266571040121399, 150.0 ], [ 73.410036877400003, 30.267346168490899, 150.0 ], [ 73.413182258954095, 30.267583444720199, 150.0 ], [ 73.414407980943594, 30.267265668376002, 150.0 ], [ 73.417713052415493, 30.2668629699502, 150.0 ], [ 73.419794058449099, 30.266122899852, 150.0 ], [ 73.423653934281703, 30.263884425226099, 150.0 ], [ 73.4252239077572, 30.263071390432401, 150.0 ], [ 73.426933190714195, 30.2615252651789, 150.0 ], [ 73.428025918261596, 30.257166826787699, 150.0 ], [ 73.419813627696797, 30.2514981409265, 150.0 ], [ 73.413801396317496, 30.249071087460798, 150.0 ], [ 73.411700693332406, 30.249895329605799, 150.0 ], [ 73.4101214397527, 30.250393650246799, 150.0 ], [ 73.408687736050197, 30.251419620219298, 150.0 ], [ 73.406362627033701, 30.251838687205701, 150.0 ], [ 73.401423518880307, 30.250184647803302, 150.0 ], [ 73.400579722776101, 30.250285617387402, 150.0 ], [ 73.400197053151501, 30.2511849097558, 150.0 ], [ 73.400121840150902, 30.2518924828519, 150.0 ], [ 73.399784154615105, 30.252892477705799, 150.0 ], [ 73.400243500437199, 30.254068227067101, 150.0 ] ] ] ] } },
{ "type": "Feature", "properties": { "Name": "C14", "district": "Rahim Yar Khan", "province": "Punjab", "area_km2": 8.4336061106700004, "volume_MAF": 0.0416797891, "River": "Chenab", "Shape_Leng": 0.11769355546, "Shape_Area": 0.00078214454 }, "geometry": { "type": "MultiPolygon", "coordinates": [ [ [ [ 70.796166473204195, 29.155027788801501, 150.0 ], [ 70.795275073286106, 29.1557931793118, 150.0 ], [ 70.795239436750606, 29.155870591154901, 150.0 ], [ 70.795149651135503, 29.156064762878501, 150.0 ], [ 70.795077646915999, 29.1562204831888, 150.0 ], [ 70.795023539205005, 29.156337496678201, 150.0 ], [ 70.794869755135196, 29.156561573557799, 150.0 ], [ 70.794716629369006, 29.156785788933099, 150.0 ], [ 70.794519035725003, 29.156999395905501, 150.0 ], [ 70.794330010821398, 29.157179164986498, 150.0 ], [ 70.7941472739776, 29.157355745071602, 150.0 ], [ 70.793964488570296, 29.157532578765501, 150.0 ], [ 70.793798652685695, 29.157765784663301, 150.0 ], [ 70.793687863404202, 29.158004941375001, 150.0 ], [ 70.793595413097904, 29.158204767136301, 150.0 ], [ 70.7935212729884, 29.1583650155331, 150.0 ], [ 70.793412809353697, 29.158604263975601, 150.0 ], [ 70.793299325703401, 29.1588469954925, 150.0 ], [ 70.793166605554504, 29.159131129098402, 150.0 ], [ 70.793033561649594, 29.159416259153101, 150.0 ], [ 70.792938115701503, 29.159620666060999, 150.0 ], [ 70.792842221891107, 29.159825759151499, 150.0 ], [ 70.792752759132597, 29.160125325123701, 150.0 ], [ 70.792759433001507, 29.160219350142899, 150.0 ], [ 70.792708119484203, 29.160437666864901, 150.0 ], [ 70.792591628500901, 29.160686823138398, 150.0 ], [ 70.792578620706806, 29.160823277272499, 150.0 ], [ 70.792526578738702, 29.161043519442899, 150.0 ], [ 70.792474384785095, 29.161264398333302, 150.0 ], [ 70.792356811917401, 29.161516380276801, 150.0 ], [ 70.792349887137604, 29.161750263363999, 150.0 ], [ 70.792362625135098, 29.1619425132365, 150.0 ], [ 70.792355690462799, 29.162177630193501, 150.0 ], [ 70.7923684698291, 29.1623708819107, 150.0 ], [ 70.792453284891195, 29.162630654680999, 150.0 ], [ 70.792446299856906, 29.1628678589645, 150.0 ], [ 70.792479036977994, 29.163019793128999, 150.0 ], [ 70.792604002272896, 29.1631954019463, 150.0 ], [ 70.792709560198105, 29.163414317616699, 150.0 ], [ 70.792815452671107, 29.163633682948198, 150.0 ], [ 70.793007317633695, 29.163778643769401, 150.0 ], [ 70.793133491617397, 29.163955380336599, 150.0 ], [ 70.7933257540803, 29.164100793516901, 150.0 ], [ 70.793498683817205, 29.164289860688601, 150.0 ], [ 70.793645057473498, 29.164423931619201, 150.0 ], [ 70.793791602000894, 29.1645581563339, 150.0 ], [ 70.794031047394995, 29.164716190599801, 150.0 ], [ 70.794206605850306, 29.164904945706699, 150.0 ], [ 70.794408375945906, 29.1651507825826, 150.0 ], [ 70.794575392640297, 29.165241675263101, 150.0 ], [ 70.794723617101297, 29.165376261505301, 150.0 ], [ 70.794869524908705, 29.165513299299398, 150.0 ], [ 70.795111432646493, 29.1656717427568, 150.0 ], [ 70.795231857264497, 29.165751632232102, 150.0 ], [ 70.795444921945702, 29.1658559176166, 150.0 ], [ 70.795686856663195, 29.166015316153999, 150.0 ], [ 70.795855832980394, 29.166105709710799, 150.0 ], [ 70.796043485518496, 29.166152129117499, 150.0 ], [ 70.796286348336395, 29.166311415239601, 150.0 ], [ 70.796548249802001, 29.166426452019198, 150.0 ], [ 70.796716667640197, 29.166518020090599, 150.0 ], [ 70.797025742144299, 29.166644851478701, 150.0 ], [ 70.797148082318202, 29.166724176179901, 150.0 ], [ 70.797316384143897, 29.166816360286901, 150.0 ], [ 70.7976423083459, 29.166901034155401, 150.0 ], [ 70.797792648911695, 29.167037690636999, 150.0 ], [ 70.797979753762704, 29.167085274665698, 150.0 ], [ 70.798382980989899, 29.167236497466401, 150.0 ], [ 70.798599052104606, 29.167340388048501, 150.0 ], [ 70.798860503909196, 29.167458166861, 150.0 ], [ 70.799094280876403, 29.167518116567901, 150.0 ], [ 70.799405459794201, 29.1676445909252, 150.0 ], [ 70.799762375533206, 29.167784669327101, 150.0 ], [ 70.800026173668996, 29.167900468731698, 150.0 ], [ 70.800365936638698, 29.168085548309499, 150.0 ], [ 70.800706040451502, 29.1682709129723, 150.0 ], [ 70.800858409887795, 29.1684092502867, 150.0 ], [ 70.801227738069699, 29.168653699508699, 150.0 ], [ 70.801475043538503, 29.168815876051902, 150.0 ], [ 70.801905749550798, 29.169174960056399, 150.0 ], [ 70.802183771364, 29.169395509794999, 150.0 ], [ 70.802415079692295, 29.1696045050439, 150.0 ], [ 70.802569634481102, 29.169743827116001, 150.0 ], [ 70.802754484731693, 29.169941206721401, 150.0 ], [ 70.803003916197795, 29.1701051720161, 150.0 ], [ 70.803267094700701, 29.170373312078802, 150.0 ], [ 70.803375126660796, 29.1705018099107, 150.0 ], [ 70.803639210781, 29.170770890664102, 150.0 ], [ 70.803778084990697, 29.1709585656853, 150.0 ], [ 70.804090461805401, 29.171241295449502, 150.0 ], [ 70.804277523489006, 29.171442029526101, 150.0 ], [ 70.8044649736797, 29.171643005520401, 150.0 ], [ 70.804652854645596, 29.1718441775668, 150.0 ], [ 70.804871701068194, 29.1721057202029, 150.0 ], [ 70.805186505153102, 29.172392425869798, 150.0 ], [ 70.805437764941004, 29.172714970419602, 150.0 ], [ 70.805658415403599, 29.172978769454701, 150.0 ], [ 70.805927478170602, 29.173255633840501, 150.0 ], [ 70.806149257282499, 29.1735208412139, 150.0 ], [ 70.806499313892303, 29.1738718385146, 150.0 ], [ 70.806819738740003, 29.174160274477099, 150.0 ], [ 70.807044641197294, 29.174424467415299, 150.0 ], [ 70.807286141542207, 29.174641046647, 150.0 ], [ 70.807526970093605, 29.174861299609301, 150.0 ], [ 70.807849197182705, 29.175154335604098, 150.0 ], [ 70.808173493611903, 29.1756048258021, 150.0 ], [ 70.808530568530998, 29.175960066104199, 150.0 ], [ 70.808774438589495, 29.1761812705493, 150.0 ], [ 70.808970013255603, 29.176390956477501, 150.0 ], [ 70.809197427519294, 29.1765020452332, 150.0 ], [ 70.809393816971095, 29.1767115827734, 150.0 ], [ 70.809639259044602, 29.176934021088201, 150.0 ], [ 70.809933830182203, 29.1771696695446, 150.0 ], [ 70.810097969046097, 29.1773187780393, 150.0 ], [ 70.810277716543496, 29.177418292520301, 150.0 ], [ 70.810426637979006, 29.177618545459602, 150.0 ], [ 70.810640221569003, 29.177780933343499, 150.0 ], [ 70.810789773429306, 29.177981646735599, 150.0 ], [ 70.810890597323194, 29.178170436916201, 150.0 ], [ 70.811089728808, 29.178384219256401, 150.0 ], [ 70.811255472062399, 29.178534913255699, 150.0 ], [ 70.8116216517179, 29.178899611727701, 150.0 ], [ 70.811890515734802, 29.179240584285601, 150.0 ], [ 70.8121605542662, 29.179580010009499, 150.0 ], [ 70.812479984463806, 29.179939367407901, 150.0 ], [ 70.812682251884496, 29.1801559493376, 150.0 ], [ 70.812884991449295, 29.180372502489, 150.0 ], [ 70.813122948465406, 29.180652841855199, 150.0 ], [ 70.813306432645803, 29.180754020981301, 150.0 ], [ 70.813580253725803, 29.181099460471799, 150.0 ], [ 70.813784695707199, 29.181317172849301, 150.0 ], [ 70.813974964373202, 29.1815873435811, 150.0 ], [ 70.814194703822594, 29.1817537901054, 150.0 ], [ 70.814400276251803, 29.181972702178498, 150.0 ], [ 70.814570800302207, 29.1821269763789, 150.0 ], [ 70.814826819302297, 29.182359004164802, 150.0 ], [ 70.814983491095305, 29.182568655019502, 150.0 ], [ 70.815218899432693, 29.182684655872201, 150.0 ], [ 70.815461721781105, 29.1829764085345, 150.0 ], [ 70.815855355940002, 29.1833095668831, 150.0 ], [ 70.816027559923995, 29.183469744233399, 150.0 ], [ 70.816250190693793, 29.183641990485501, 150.0 ], [ 70.816509498514606, 29.183878368292099, 150.0 ], [ 70.816682643189495, 29.184036206505802, 150.0 ], [ 70.816892530565895, 29.184258875946401, 150.0 ], [ 70.817116494131, 29.184428166126999, 150.0 ], [ 70.817340725693995, 29.184602465531398, 150.0 ], [ 70.817652553022995, 29.184855571627399, 150.0 ], [ 70.817964837207498, 29.1851025371524, 150.0 ], [ 70.818139749050303, 29.185261674886402, 150.0 ], [ 70.818415922756699, 29.185445825464502, 150.0 ], [ 70.818655155011498, 29.185564878616301, 150.0 ], [ 70.818894476299107, 29.185682398423999, 150.0 ], [ 70.819134007128795, 29.185800297745601, 150.0 ], [ 70.819424250728602, 29.185930965641599, 150.0 ], [ 70.819752307223297, 29.186129019738502, 150.0 ], [ 70.819992398330598, 29.186247201447301, 150.0 ], [ 70.820308372433502, 29.186500959551701, 150.0 ], [ 70.820409760202296, 29.186527461673101, 150.0 ], [ 70.820637823776593, 29.1867026963724, 150.0 ], [ 70.820904112135096, 29.186943377435, 150.0 ], [ 70.821297489987202, 29.187099962893001, 150.0 ], [ 70.8214755935239, 29.1872608120369, 150.0 ], [ 70.821755545282301, 29.187447308946201, 150.0 ], [ 70.822098967593305, 29.187591633946798, 150.0 ], [ 70.822403913309998, 29.1876680637302, 150.0 ], [ 70.822607202360501, 29.187719013921399, 150.0 ], [ 70.822912127392797, 29.1877954383089, 150.0 ], [ 70.823318677615006, 29.187897328798702, 150.0 ], [ 70.823674519563497, 29.187987341043002, 150.0 ], [ 70.823991217620602, 29.1880093501514, 150.0 ], [ 70.824296147149497, 29.188086558747699, 150.0 ], [ 70.824510933133098, 29.188082801380201, 150.0 ], [ 70.824764958336203, 29.188147119993602, 150.0 ], [ 70.825143186209104, 29.188126710779201, 150.0 ], [ 70.825470193194903, 29.188093482628201, 150.0 ], [ 70.825684341559196, 29.188089780119299, 150.0 ], [ 70.825909470645598, 29.188031709995499, 150.0 ], [ 70.826021664668104, 29.188002307560499, 150.0 ], [ 70.826390857052402, 29.187748606113399, 150.0 ], [ 70.826697468313597, 29.187538480416599, 150.0 ], [ 70.826880964185193, 29.1874127273156, 150.0 ], [ 70.827053583655996, 29.187342073877598, 150.0 ], [ 70.827297336802701, 29.187174960056399, 150.0 ], [ 70.827540468517796, 29.187008277010399, 150.0 ], [ 70.827682400422503, 29.186816010050801, 150.0 ], [ 70.827975338391198, 29.186378722799901, 150.0 ], [ 70.828055913149896, 29.186229204214399, 150.0 ], [ 70.828206533404895, 29.185984944749499, 150.0 ], [ 70.828256781225505, 29.185715656252601, 150.0 ], [ 70.828296864009104, 29.185500848685301, 150.0 ], [ 70.828227743016001, 29.185035331715302, 150.0 ], [ 70.828208536195106, 29.1845848846847, 150.0 ], [ 70.828110188134801, 29.184283152245701, 150.0 ], [ 70.828080938584506, 29.1841656845987, 150.0 ], [ 70.827934022637095, 29.183854314125401, 150.0 ], [ 70.827776870606201, 29.183594073707599, 150.0 ], [ 70.827630038295695, 29.183281427995599, 150.0 ], [ 70.827424927218701, 29.183011588214299, 150.0 ], [ 70.827210184402503, 29.182794809333, 150.0 ], [ 70.827191718622998, 29.1826263914948, 150.0 ], [ 70.827056981294703, 29.182265966601101, 150.0 ], [ 70.826982837587906, 29.181871530247001, 150.0 ], [ 70.826887363760903, 29.181576695608001, 150.0 ], [ 70.826810196533401, 29.181449013461201, 150.0 ], [ 70.826617834245695, 29.1811310140851, 150.0 ], [ 70.826579625649302, 29.181068305258101, 150.0 ], [ 70.826426196811596, 29.180814559744199, 150.0 ], [ 70.826294752800706, 29.180463356498802, 150.0 ], [ 70.826142282640305, 29.1802115840974, 150.0 ], [ 70.825903420906201, 29.179883859452602, 150.0 ], [ 70.8258759466177, 29.179770770604598, 150.0 ], [ 70.825762355948001, 29.1795832682533, 150.0 ], [ 70.825526079764799, 29.1792627157018, 150.0 ], [ 70.825386350299894, 29.1789654214171, 150.0 ], [ 70.825295052025098, 29.178680821962399, 150.0 ], [ 70.825369072524694, 29.178333825745501, 150.0 ], [ 70.825353015129593, 29.178174650239999, 150.0 ], [ 70.825299531548197, 29.1779538073224, 150.0 ], [ 70.825267428449095, 29.1776360534611, 150.0 ], [ 70.825262004637906, 29.177428867648199, 150.0 ], [ 70.825208649659501, 29.1772090553537, 150.0 ], [ 70.825166157592193, 29.176941977390399, 150.0 ], [ 70.825171437511898, 29.1766880637032, 150.0 ], [ 70.825128793459101, 29.1764211727989, 150.0 ], [ 70.825134186693404, 29.176169124305702, 150.0 ], [ 70.8250913097162, 29.175902092207799, 150.0 ], [ 70.825095779346796, 29.1756476677057, 150.0 ], [ 70.825005972147906, 29.175370577590101, 150.0 ], [ 70.824989892269699, 29.175214125231701, 150.0 ], [ 70.824937417727696, 29.1749992807922, 150.0 ], [ 70.824906579974794, 29.1746924617877, 150.0 ], [ 70.824828433385605, 29.174372806759699, 150.0 ], [ 70.824787349656503, 29.1741148551165, 150.0 ], [ 70.824731276926997, 29.173706363258098, 150.0 ], [ 70.824726604049602, 29.1735084179792, 150.0 ], [ 70.824670727372194, 29.173102187016401, 150.0 ], [ 70.824651092473999, 29.172755599091701, 150.0 ], [ 70.824600047854005, 29.1725478467058, 150.0 ], [ 70.824595322815895, 29.172351625427201, 150.0 ], [ 70.824576969451599, 29.172012177220299, 150.0 ], [ 70.824571948536601, 29.171815872304698, 150.0 ], [ 70.824577940719493, 29.171576920638401, 150.0 ], [ 70.824512469175104, 29.1712243054574, 150.0 ], [ 70.824518169078303, 29.170985669453199, 150.0 ], [ 70.824524183744103, 29.1707489148306, 150.0 ], [ 70.824484038007995, 29.1705003215326, 150.0 ], [ 70.824433763207693, 29.170297664705501, 150.0 ], [ 70.824429487830599, 29.170107256644702, 150.0 ], [ 70.824395766851197, 29.169626859491999, 150.0 ], [ 70.824366727742401, 29.169338392952501, 150.0 ], [ 70.824362757235505, 29.169151128921499, 150.0 ], [ 70.824323466754706, 29.1689079729247, 150.0 ], [ 70.824329529084494, 29.168676524302199, 150.0 ], [ 70.824335362986702, 29.168445126041799, 150.0 ], [ 70.824331147864299, 29.1682587937084, 150.0 ], [ 70.824337202100295, 29.168029373057198, 150.0 ], [ 70.824388388813105, 29.167812192178999, 150.0 ], [ 70.824359470213395, 29.167529276255198, 150.0 ], [ 70.824366000190807, 29.167303689413799, 150.0 ], [ 70.824402379566195, 29.166947943692701, 150.0 ], [ 70.824398365891895, 29.166765790508901, 150.0 ], [ 70.824439191515495, 29.166595600106898, 150.0 ], [ 70.824410663221599, 29.166317744668198, 150.0 ], [ 70.824406527239503, 29.166136622107501, 150.0 ], [ 70.824377911711295, 29.165859572461301, 150.0 ], [ 70.824353424970596, 29.1657633036336, 150.0 ], [ 70.824349309672996, 29.165583317815901, 150.0 ], [ 70.824320936961698, 29.165308295241701, 150.0 ], [ 70.824258461059202, 29.164981329624698, 150.0 ], [ 70.824210216028703, 29.164791864952601, 150.0 ], [ 70.824206313870306, 29.164614023118698, 150.0 ], [ 70.824222462996303, 29.164353308758201, 150.0 ], [ 70.8241943025251, 29.1640818268149, 150.0 ], [ 70.824216257674195, 29.1636053534044, 150.0 ], [ 70.824221953080695, 29.163388566429301, 150.0 ], [ 70.824207854408996, 29.163253669021699, 150.0 ], [ 70.824191376131196, 29.162948786257498, 150.0 ], [ 70.824240956654904, 29.162745286765599, 150.0 ], [ 70.824280649132703, 29.1625828754994, 150.0 ], [ 70.824246911066197, 29.162531279594901, 150.0 ], [ 70.824282436085596, 29.162196450305998, 150.0 ], [ 70.824268513681005, 29.162064357883899, 150.0 ], [ 70.824308010106606, 29.161902789282401, 150.0 ], [ 70.824260413487394, 29.161720483213799, 150.0 ], [ 70.824275782001806, 29.161468465297499, 150.0 ], [ 70.824325475840098, 29.1612701656857, 150.0 ], [ 70.824370885308198, 29.160902602872898, 150.0 ], [ 70.824343414616905, 29.160643613412098, 150.0 ], [ 70.824306058577804, 29.160424454924701, 150.0 ], [ 70.824298604996699, 29.1600895608846, 150.0 ], [ 70.824304646642204, 29.159883288782801, 150.0 ], [ 70.824310440074797, 29.159676951030502, 150.0 ], [ 70.824311944640598, 29.159304495006499, 150.0 ], [ 70.824327157572299, 29.159060808409599, 150.0 ], [ 70.824290205328793, 29.158846014332099, 150.0 ], [ 70.824272879889605, 29.1585553273665, 150.0 ], [ 70.824278738972694, 29.1583529619197, 150.0 ], [ 70.824294330518995, 29.1581131747832, 150.0 ], [ 70.824225318343807, 29.157852876808899, 150.0 ], [ 70.8241886520847, 29.1576410594873, 150.0 ], [ 70.8241943142163, 29.157440652763999, 150.0 ], [ 70.824190512781996, 29.157278726232299, 150.0 ], [ 70.824154537202205, 29.157069458488799, 150.0 ], [ 70.824118672238995, 29.156860782499201, 150.0 ], [ 70.824037014696501, 29.1564814628493, 150.0 ], [ 70.823978519193403, 29.156188630101301, 150.0 ], [ 70.823933124114404, 29.1560186906102, 150.0 ], [ 70.823874801281093, 29.155727479339799, 150.0 ], [ 70.823913082722598, 29.155579651479801, 150.0 ], [ 70.823877519032393, 29.155374303881, 150.0 ], [ 70.823851298398793, 29.155132148829601, 150.0 ], [ 70.823777909223196, 29.155074810753899, 150.0 ], [ 70.823751690388207, 29.154833302315101, 150.0 ], [ 70.823684720573496, 29.1545831379016, 150.0 ], [ 70.823576569902897, 29.154323026986201, 150.0 ], [ 70.8231674269352, 29.153872383004099, 150.0 ], [ 70.822936917204999, 29.1535833579856, 150.0 ], [ 70.822832880033403, 29.153480422483501, 150.0 ], [ 70.822552493003201, 29.1532180425787, 150.0 ], [ 70.822345125527207, 29.153012877542299, 150.0 ], [ 70.822138363294897, 29.152808315951098, 150.0 ], [ 70.821871158527202, 29.152664821923999, 150.0 ], [ 70.821645136414006, 29.152531836475099, 150.0 ], [ 70.821501158551698, 29.152419377152601, 150.0 ], [ 70.821234230775204, 29.152275533289298, 150.0 ], [ 70.821049807702494, 29.152153268658498, 150.0 ], [ 70.8208246705222, 29.152020878560698, 150.0 ], [ 70.820681501150403, 29.151908366178201, 150.0 ], [ 70.820610057208498, 29.1518523599985, 150.0 ], [ 70.820354041805601, 29.1516740945838, 150.0 ], [ 70.820099048032702, 29.1514963058099, 150.0 ], [ 70.819915595328496, 29.151374292089901, 150.0 ], [ 70.819762696191603, 29.151297703126499, 150.0 ], [ 70.819457164116898, 29.151144660997399, 150.0 ], [ 70.819171616776799, 29.151072036245498, 150.0 ], [ 70.8188453382418, 29.150989183504102, 150.0 ], [ 70.818426690339507, 29.150920436628901, 150.0 ], [ 70.818059669817998, 29.150827838833699, 150.0 ], [ 70.817763150748902, 29.150790878496299, 150.0 ], [ 70.817507296324706, 29.1507640148475, 150.0 ], [ 70.816902262129801, 29.150723210807602, 150.0 ], [ 70.816307651077295, 29.150647898881498, 150.0 ], [ 70.815998720464606, 29.1506448681662, 150.0 ], [ 70.815741898370007, 29.150617393877699, 150.0 ], [ 70.815432377801997, 29.150614470181701, 150.0 ], [ 70.814876939419307, 29.150549152421501, 150.0 ], [ 70.8145138642235, 29.1505710617052, 150.0 ], [ 70.814215009615097, 29.1505334088898, 150.0 ], [ 70.813780740488795, 29.150499790433098, 150.0 ], [ 70.813292937419206, 29.150490363739301, 150.0 ], [ 70.813075440878904, 29.1504733269825, 150.0 ], [ 70.812816585417096, 29.1504461539669, 150.0 ], [ 70.812504903778304, 29.150442496424098, 150.0 ], [ 70.812274474987106, 29.150460406422699, 150.0 ], [ 70.811961090931703, 29.150458018722599, 150.0 ], [ 70.8117424990172, 29.150441212192199, 150.0 ], [ 70.811252318140006, 29.150430917652798, 150.0 ], [ 70.8109800807662, 29.150437954847799, 150.0 ], [ 70.810570361333205, 29.150449315983199, 150.0 ], [ 70.810214505894805, 29.1504358819105, 150.0 ], [ 70.809489273711094, 29.1504434488062, 150.0 ], [ 70.809035660167595, 29.1504445846499, 150.0 ], [ 70.808856693281797, 29.150437994417999, 150.0 ], [ 70.808526491904203, 29.1504703835014, 150.0 ], [ 70.808112894594402, 29.1504818867297, 150.0 ], [ 70.807836893557905, 29.150489418551899, 150.0 ], [ 70.807449950354993, 29.150546657702101, 150.0 ], [ 70.807214670620596, 29.150564797027801, 150.0 ], [ 70.807021342460999, 29.1505931004912, 150.0 ], [ 70.806730327242903, 29.1506360062467, 150.0 ], [ 70.806479630430701, 29.1506899736634, 150.0 ], [ 70.806117236021706, 29.150793675387899, 150.0 ], [ 70.805656801120506, 29.150911786050099, 150.0 ], [ 70.805390478587796, 29.151001473639202, 150.0 ], [ 70.805123357457006, 29.151091493977301, 150.0 ], [ 70.804799208516698, 29.151206880593101, 150.0 ], [ 70.804629438098104, 29.151282628690399, 150.0 ], [ 70.804289081575902, 29.1514344909091, 150.0 ], [ 70.804019836246496, 29.151525222610999, 150.0 ], [ 70.803423270067896, 29.151732321189701, 150.0 ], [ 70.802908221137599, 29.151961819182599, 150.0 ], [ 70.802098245837399, 29.1523229491448, 150.0 ], [ 70.8013525118091, 29.152625930742101, 150.0 ], [ 70.801020170044893, 29.152744164611502, 150.0 ], [ 70.800555290694106, 29.152951027567902, 150.0 ], [ 70.799757424765403, 29.153246839769899, 150.0 ], [ 70.798708278364401, 29.1536836476823, 150.0 ], [ 70.797744923689294, 29.154112481306001, 150.0 ], [ 70.796644783030402, 29.154723426744798, 150.0 ], [ 70.796166473204195, 29.155027788801501, 150.0 ] ] ] ] } },
{ "type": "Feature", "properties": { "Name": "C7", "district": "Gujranwala", "province": "Punjab", "area_km2": 8.8243086303799991, "volume_MAF": 0.04361068301, "River": "Chenab", "Shape_Leng": 0.10876455086, "Shape_Area": 0.00084625713 }, "geometry": { "type": "MultiPolygon", "coordinates": [ [ [ [ 74.020324443218598, 32.4567559320407, 150.0 ], [ 74.018715399596104, 32.453616602024603, 150.0 ], [ 74.018585282984503, 32.453232101380401, 150.0 ], [ 74.018398343608695, 32.452763596862603, 150.0 ], [ 74.018290040053401, 32.452312736143902, 150.0 ], [ 74.018003443204407, 32.451893518970799, 150.0 ], [ 74.017837966149301, 32.451359195770301, 150.0 ], [ 74.017687355786904, 32.4510415156535, 150.0 ], [ 74.017536912698404, 32.450723887697301, 150.0 ], [ 74.017386602709607, 32.450406320895098, 150.0 ], [ 74.017200436750798, 32.449938862288697, 150.0 ], [ 74.017107385697301, 32.449705206730002, 150.0 ], [ 74.016671547254106, 32.4489696449332, 150.0 ], [ 74.016371464171797, 32.4483355905151, 150.0 ], [ 74.0160295850973, 32.447834090770698, 150.0 ], [ 74.015843886786001, 32.447367706854301, 150.0 ], [ 74.015580773034301, 32.446884076638902, 150.0 ], [ 74.015235897418805, 32.446383321533098, 150.0 ], [ 74.0151097701998, 32.446000940590999, 150.0 ], [ 74.014862284866595, 32.445733316739201, 150.0 ], [ 74.014596429082005, 32.445250353820803, 150.0 ], [ 74.014346531767103, 32.444982813606003, 150.0 ], [ 74.014211506655798, 32.444882056261903, 150.0 ], [ 74.0138697930566, 32.444382033204299, 150.0 ], [ 74.013620241980604, 32.444114643176299, 150.0 ], [ 74.013370728676307, 32.443847291819097, 150.0 ], [ 74.013199616469194, 32.443597416087897, 150.0 ], [ 74.012893668907694, 32.443246940393998, 150.0 ], [ 74.012588257342301, 32.442896606792999, 150.0 ], [ 74.012169294677307, 32.442379998438199, 150.0 ], [ 74.011863542268699, 32.442029834809098, 150.0 ], [ 74.011480326755802, 32.441662480639003, 150.0 ], [ 74.011075839578396, 32.441360954144798, 150.0 ], [ 74.0109057283167, 32.441111646785103, 150.0 ], [ 74.010466139700696, 32.440661499228803, 150.0 ], [ 74.010296147149504, 32.4404123456533, 150.0 ], [ 74.009934529754801, 32.439979749266101, 150.0 ], [ 74.009630787331005, 32.439630588381, 150.0 ], [ 74.009402664401506, 32.439298234925701, 150.0 ], [ 74.009154262659095, 32.4390318251587, 150.0 ], [ 74.009097807717694, 32.438948912162601, 150.0 ], [ 74.0086793180961, 32.438433680669903, 150.0 ], [ 74.008418254798698, 32.4379537466681, 150.0 ], [ 74.008092637265506, 32.437670421552802, 150.0 ], [ 74.007923183408295, 32.437421905596501, 150.0 ], [ 74.007640590341097, 32.437007745311199, 150.0 ], [ 74.007392490770897, 32.436741763621598, 150.0 ], [ 74.007009641281996, 32.436375561482997, 150.0 ], [ 74.006839778233299, 32.436127087794901, 150.0 ], [ 74.006570664204801, 32.435926737728799, 150.0 ], [ 74.006301137387695, 32.435726293233898, 150.0 ], [ 74.005706646844303, 32.435243051525703, 150.0 ], [ 74.005282026544407, 32.435008236740799, 150.0 ], [ 74.004747856228605, 32.434609280394, 150.0 ], [ 74.004401978768399, 32.434392151676498, 150.0 ], [ 74.004112187527497, 32.434257576226202, 150.0 ], [ 74.003843810043904, 32.434057659633297, 150.0 ], [ 74.003241430647606, 32.433853354348898, 150.0 ], [ 74.002717157370995, 32.433666450046701, 150.0 ], [ 74.002348876899205, 32.433514304541603, 150.0 ], [ 74.002036925463798, 32.433444790544698, 150.0 ], [ 74.001334653871297, 32.433288226670399, 150.0 ], [ 74.001178405658905, 32.433253367149199, 150.0 ], [ 74.000531767027496, 32.433179192865502, 150.0 ], [ 74.000219383917496, 32.433109525084497, 150.0 ], [ 73.999885260596301, 32.4331051040174, 150.0 ], [ 73.999261160773997, 32.4329660364535, 150.0 ], [ 73.998671856620902, 32.432974970318703, 150.0 ], [ 73.997927835800994, 32.432949692174603, 150.0 ], [ 73.997380720643804, 32.432827560643503, 150.0 ], [ 73.996891905836804, 32.4327889068826, 150.0 ], [ 73.996325241216894, 32.432732921387199, 150.0 ], [ 73.995913605328695, 32.432711341255498, 150.0 ], [ 73.995578866871298, 32.432706714243501, 150.0 ], [ 73.995012880340198, 32.432651061497303, 150.0 ], [ 73.994242684752194, 32.432689652305697, 150.0 ], [ 73.993808412928004, 32.432733055386201, 150.0 ], [ 73.993532551286293, 32.4328123117389, 150.0 ], [ 73.992863437697594, 32.432803355390597, 150.0 ], [ 73.992431099415697, 32.432847602934601, 150.0 ], [ 73.991919109978994, 32.432874034009501, 150.0 ], [ 73.991466509971502, 32.4329842045574, 150.0 ], [ 73.990829011149998, 32.433122774796303, 150.0 ], [ 73.990093587848804, 32.433310124262903, 150.0 ], [ 73.989356953160893, 32.433497335233902, 150.0 ], [ 73.988899716248994, 32.433606352851001, 150.0 ], [ 73.988598941587995, 32.433750237183702, 150.0 ], [ 73.988220097679402, 32.433876827553597, 150.0 ], [ 73.987718708551597, 32.434116870996803, 150.0 ], [ 73.987417989648605, 32.4342609972473, 150.0 ], [ 73.986995525023502, 32.434518885038599, 150.0 ], [ 73.986650197948293, 32.434793986753199, 150.0 ], [ 73.986203254676496, 32.435116986359901, 150.0 ], [ 73.985737615398705, 32.435506550187199, 150.0 ], [ 73.985248519103905, 32.435961590954697, 150.0 ], [ 73.984880400510093, 32.436302774853203, 150.0 ], [ 73.984609879042793, 32.436595401656497, 150.0 ], [ 73.984326366868402, 32.437167857010998, 150.0 ], [ 73.984170356077101, 32.437627581447799, 150.0 ], [ 73.984103468999905, 32.437824671471397, 150.0 ], [ 73.983991965656699, 32.438153236982401, 150.0 ], [ 73.983789399661106, 32.438744669830697, 150.0 ], [ 73.983676451107399, 32.439073325273803, 150.0 ], [ 73.983566625899101, 32.439402698375901, 150.0 ], [ 73.983510095414601, 32.439814876555403, 150.0 ], [ 73.983354437157601, 32.440275878029396, 150.0 ], [ 73.983321700935804, 32.440622813991801, 150.0 ], [ 73.983210593294302, 32.440952385844, 150.0 ], [ 73.983054981801999, 32.441413959286798, 150.0 ], [ 73.982952224365704, 32.441958973627798, 150.0 ], [ 73.982837945714707, 32.442288643506103, 150.0 ], [ 73.982780338741705, 32.442702154480898, 150.0 ], [ 73.982590865975695, 32.443512328531199, 150.0 ], [ 73.982478811348102, 32.443842793410198, 150.0 ], [ 73.982442306967002, 32.444190709633602, 150.0 ], [ 73.982387792762495, 32.444605201768702, 150.0 ], [ 73.982287820526594, 32.445152069612398, 150.0 ], [ 73.982310088639693, 32.445584280190403, 150.0 ], [ 73.982275539384702, 32.445932839428998, 150.0 ], [ 73.982271823386, 32.446431586348702, 150.0 ], [ 73.982350197503607, 32.446948259454601, 150.0 ], [ 73.982290671377399, 32.4473638442661, 150.0 ], [ 73.982256459368202, 32.4477127956091, 150.0 ], [ 73.982359430843104, 32.448163557402303, 150.0 ], [ 73.9822812060129, 32.448646337758298, 150.0 ], [ 73.982339750978795, 32.449230349401098, 150.0 ], [ 73.982375209448406, 32.4498811366052, 150.0 ], [ 73.982335811048898, 32.4502314765015, 150.0 ], [ 73.982448722730496, 32.450399693790899, 150.0 ], [ 73.982504814345802, 32.450984819693701, 150.0 ], [ 73.982550585341301, 32.451352723349501, 150.0 ], [ 73.982749591820294, 32.4517564182242, 150.0 ], [ 73.982987680137398, 32.452310620938498, 150.0 ], [ 73.983021050381197, 32.452461562251401, 150.0 ], [ 73.9832462388229, 32.452798418612197, 150.0 ], [ 73.983631256577297, 32.453170496021599, 150.0 ], [ 73.983990704807198, 32.453609581017403, 150.0 ], [ 73.9841265123287, 32.453711403158799, 150.0 ], [ 73.984620877751397, 32.454252881365399, 150.0 ], [ 73.985028672635195, 32.454558242568901, 150.0 ], [ 73.9853012409596, 32.454761839187597, 150.0 ], [ 73.985357711189494, 32.454846204588698, 150.0 ], [ 73.985921567226598, 32.455187267078799, 150.0 ], [ 73.986520709063498, 32.455679441752899, 150.0 ], [ 73.9868150697597, 32.455816412997102, 150.0 ], [ 73.987163328624803, 32.456038351289003, 150.0 ], [ 73.987642767999404, 32.4563633923567, 150.0 ], [ 73.988446775398401, 32.456756941080002, 150.0 ], [ 73.989010142204293, 32.457098717631801, 150.0 ], [ 73.989436728422305, 32.457338752081803, 150.0 ], [ 73.989789433535606, 32.457559887278997, 150.0 ], [ 73.989980905494505, 32.457746954358498, 150.0 ], [ 73.990308915224304, 32.458035731164102, 150.0 ], [ 73.990557760332393, 32.458307108786101, 150.0 ], [ 73.991122396981098, 32.458649045417197, 150.0 ], [ 73.991257977873403, 32.458751312722903, 150.0 ], [ 73.991766157781996, 32.459008673511498, 150.0 ], [ 73.992059781034101, 32.4591461627653, 150.0 ], [ 73.992467542643098, 32.459452964682598, 150.0 ], [ 73.992898165018303, 32.459692352520101, 150.0 ], [ 73.993484244202605, 32.459967816661397, 150.0 ], [ 73.993913509500899, 32.460207866399998, 150.0 ], [ 73.994421907944698, 32.460465512273601, 150.0 ], [ 73.9947156490081, 32.460603163405302, 150.0 ], [ 73.994930399918104, 32.4607232013147, 150.0 ], [ 73.995462120480497, 32.460913339579001, 150.0 ], [ 73.995913626013106, 32.461086441985699, 150.0 ], [ 73.996546969966701, 32.461226979041903, 150.0 ], [ 73.997655764801806, 32.461472675623597, 150.0 ], [ 73.9991593844981, 32.461806518356198, 150.0 ], [ 73.999950142185398, 32.461982467117203, 150.0 ], [ 74.001215541364203, 32.462263899159701, 150.0 ], [ 74.001769208981798, 32.462386992965399, 150.0 ], [ 74.002243310880104, 32.462492712768601, 150.0 ], [ 74.0028761395223, 32.462633337058897, 150.0 ], [ 74.003350745940196, 32.462738796958, 150.0 ], [ 74.003667153516403, 32.462809105056202, 150.0 ], [ 74.003904329021594, 32.462861905152899, 150.0 ], [ 74.004299468645598, 32.462949988351298, 150.0 ], [ 74.004773524678498, 32.463055751321903, 150.0 ], [ 74.005801662916397, 32.463284327509797, 150.0 ], [ 74.006218966332298, 32.463304964252799, 150.0 ], [ 74.006715320155905, 32.4633431764465, 150.0 ], [ 74.007189797071504, 32.4634486534326, 150.0 ], [ 74.007685879299999, 32.463486996028102, 150.0 ], [ 74.008282428391396, 32.463475883105602, 150.0 ], [ 74.008598451057694, 32.463546366571599, 150.0 ], [ 74.009036915521307, 32.463500005620801, 150.0 ], [ 74.009532904220194, 32.463538236700302, 150.0 ], [ 74.010467796251902, 32.4635297488988, 150.0 ], [ 74.011064526107106, 32.463518251965802, 150.0 ], [ 74.011761042038501, 32.4634577015117, 150.0 ], [ 74.012220959829506, 32.463343987635, 150.0 ], [ 74.012558932248993, 32.463346843881801, 150.0 ], [ 74.013019121635196, 32.463232756786297, 150.0 ], [ 74.013478266908507, 32.463119495268501, 150.0 ], [ 74.013599906510507, 32.463003132888304, 150.0 ], [ 74.014159671531701, 32.462840070512897, 150.0 ], [ 74.014460731277794, 32.462691678778, 150.0 ], [ 74.014661932102499, 32.462592317181802, 150.0 ], [ 74.015042536883598, 32.462460940619998, 150.0 ], [ 74.015422882659905, 32.462329734929398, 150.0 ], [ 74.015745812119604, 32.4621137645386, 150.0 ], [ 74.016168980913804, 32.461848312549598, 150.0 ], [ 74.016469912056806, 32.461699967579499, 150.0 ], [ 74.016792481787704, 32.461484299360997, 150.0 ], [ 74.017257299984493, 32.461085523778003, 150.0 ], [ 74.017521691672798, 32.460785875068197, 150.0 ], [ 74.017907621339702, 32.460369801924898, 150.0 ], [ 74.018171827767702, 32.460070295308, 150.0 ], [ 74.018477770832504, 32.4596378347184, 150.0 ], [ 74.018683853177293, 32.459254498696197, 150.0 ], [ 74.018969784527997, 32.458887816319702, 150.0 ], [ 74.019398694594102, 32.458338010390896, 150.0 ], [ 74.019563571801399, 32.458087510530198, 150.0 ], [ 74.019749775531693, 32.457770084022201, 150.0 ], [ 74.020055421820302, 32.457338266447898, 150.0 ], [ 74.020324443218598, 32.4567559320407, 150.0 ] ] ] ] } },
{ "type": "Feature", "properties": { "Name": "C5", "district": "Gujranwala", "province": "Punjab", "area_km2": 2.4202147955000002, "volume_MAF": 0.01196096201, "River": "Chenab", "Shape_Leng": 0.06604565238, "Shape_Area": 0.0002321407 }, "geometry": { "type": "MultiPolygon", "coordinates": [ [ [ [ 74.066233199602607, 32.464719697656001, 150.0 ], [ 74.066250410827905, 32.464889775642703, 150.0 ], [ 74.066310590761205, 32.464902672820102, 150.0 ], [ 74.066532084787895, 32.4649228536069, 150.0 ], [ 74.066680634803504, 32.464955372192698, 150.0 ], [ 74.066816001657202, 32.464978469480897, 150.0 ], [ 74.067041921247693, 32.464985705426002, 150.0 ], [ 74.067253559604097, 32.464995491848498, 150.0 ], [ 74.067464228491403, 32.464982360847301, 150.0 ], [ 74.067590895303596, 32.464983918473102, 150.0 ], [ 74.067786373742194, 32.4649737300537, 150.0 ], [ 74.067993305946302, 32.464938634910098, 150.0 ], [ 74.068225937177303, 32.464910625525, 150.0 ], [ 74.068265711493396, 32.464892370186803, 150.0 ], [ 74.068501667518007, 32.464863746564703, 150.0 ], [ 74.068611222030299, 32.464833620175497, 150.0 ], [ 74.068796319594497, 32.464790514770499, 150.0 ], [ 74.069053994246502, 32.464735028398898, 150.0 ], [ 74.069261754726298, 32.464734516684601, 150.0 ], [ 74.069420254841006, 32.464731301608303, 150.0 ], [ 74.069473456934503, 32.464722622251301, 150.0 ], [ 74.069743174408003, 32.464734627301297, 150.0 ], [ 74.069929324179, 32.464748995769597, 150.0 ], [ 74.070067465441198, 32.464725463209597, 150.0 ], [ 74.070154938, 32.464745094510498, 150.0 ], [ 74.0704173844548, 32.464803994708603, 150.0 ], [ 74.070679501757596, 32.464862999228103, 150.0 ], [ 74.070853530466096, 32.4649025163381, 150.0 ], [ 74.071029620420703, 32.464941573894599, 150.0 ], [ 74.071194793505001, 32.4650055372758, 150.0 ], [ 74.071302171658004, 32.465056435306302, 150.0 ], [ 74.071526402321695, 32.465133482024598, 150.0 ], [ 74.071633511577403, 32.465184434014503, 150.0 ], [ 74.071847835309399, 32.4652863874568, 150.0 ], [ 74.072032986832895, 32.465381867579197, 150.0 ], [ 74.072140257067204, 32.4654328960114, 150.0 ], [ 74.072296260664004, 32.465521922598697, 150.0 ], [ 74.072440429182507, 32.465636508817902, 150.0 ], [ 74.072576032557905, 32.465694516888497, 150.0 ], [ 74.072644197571705, 32.465764099233901, 150.0 ], [ 74.072809995684807, 32.465909941390699, 150.0 ], [ 74.072966135079099, 32.465999409545198, 150.0 ], [ 74.073052995199603, 32.466101101284799, 150.0 ], [ 74.073150050934103, 32.4661777361137, 150.0 ], [ 74.0732957581927, 32.466292785483702, 150.0 ], [ 74.073460907894599, 32.466439773376898, 150.0 ], [ 74.073558901622107, 32.466516411802999, 150.0 ], [ 74.0736374816845, 32.466561282577203, 150.0 ], [ 74.073755208336294, 32.4666697722922, 150.0 ], [ 74.073912544728202, 32.466759623557799, 150.0 ], [ 74.073981305992604, 32.466829867804201, 150.0 ], [ 74.074158490422107, 32.466951689968603, 150.0 ], [ 74.074237331287904, 32.466996682151198, 150.0 ], [ 74.074335906876698, 32.467073591273298, 150.0 ], [ 74.074513481611902, 32.467195599597297, 150.0 ], [ 74.074593891794706, 32.4672400386969, 150.0 ], [ 74.074712502480097, 32.467349005052597, 150.0 ], [ 74.074829247971493, 32.467458998434097, 150.0 ], [ 74.074985339701698, 32.4676334534212, 150.0 ], [ 74.075053714257507, 32.467704677029197, 150.0 ], [ 74.075249250252696, 32.467860807430398, 150.0 ], [ 74.075377884781602, 32.467945013651502, 150.0 ], [ 74.075427876295507, 32.467983592768597, 150.0 ], [ 74.075587612078706, 32.468073792071898, 150.0 ], [ 74.075696737614393, 32.468125750403097, 150.0 ], [ 74.075825832596095, 32.4682099943957, 150.0 ], [ 74.076014522951894, 32.468307436838799, 150.0 ], [ 74.076214131077293, 32.468378585803102, 150.0 ], [ 74.076444299964507, 32.468455856452699, 150.0 ], [ 74.0767231032887, 32.468572778211197, 150.0 ], [ 74.076974605893398, 32.468681708593998, 150.0 ], [ 74.077193742796993, 32.468785790731701, 150.0 ], [ 74.0774527115734, 32.468870415137602, 150.0 ], [ 74.077643429900405, 32.468967209169399, 150.0 ], [ 74.077864594775306, 32.469070194134197, 150.0 ], [ 74.078060245883705, 32.469163514984302, 150.0 ], [ 74.078204933311099, 32.469218335857597, 150.0 ], [ 74.078318750609895, 32.469267332721301, 150.0 ], [ 74.078542182675605, 32.469368439002302, 150.0 ], [ 74.0788088505481, 32.469514250582201, 150.0 ], [ 74.078995001218402, 32.4696152669311, 150.0 ], [ 74.079198221021201, 32.469752248067799, 150.0 ], [ 74.079322726762499, 32.469842709073802, 150.0 ], [ 74.079481862697904, 32.469935766422502, 150.0 ], [ 74.079671536012697, 32.470035010207603, 150.0 ], [ 74.079792984958402, 32.470146679026101, 150.0 ], [ 74.079953385340502, 32.470239157211402, 150.0 ], [ 74.080104734945607, 32.470357891103802, 150.0 ], [ 74.080235642061297, 32.470443730493798, 150.0 ], [ 74.080337128755602, 32.470522563265703, 150.0 ], [ 74.080438676603706, 32.470601442802398, 150.0 ], [ 74.080591111690495, 32.470719852039601, 150.0 ], [ 74.080722776035302, 32.470805466599103, 150.0 ], [ 74.080875681467603, 32.470923791300002, 150.0 ], [ 74.081079566768693, 32.471081931685802, 150.0 ], [ 74.081232805849396, 32.471200453338298, 150.0 ], [ 74.081373787170605, 32.471260063101496, 150.0 ], [ 74.081577445842498, 32.471419629812097, 150.0 ], [ 74.081709611109702, 32.471505864004499, 150.0 ], [ 74.081871898269497, 32.471598801743397, 150.0 ], [ 74.082034298744006, 32.471691779052399, 150.0 ], [ 74.082196861995698, 32.471784716791298, 150.0 ], [ 74.082308240333106, 32.471837860428998, 150.0 ], [ 74.082440902925399, 32.471924216029798, 150.0 ], [ 74.082591229101993, 32.471957512529201, 150.0 ], [ 74.082693942471494, 32.472037269804197, 150.0 ], [ 74.082895717063806, 32.472110477316697, 150.0 ], [ 74.083058749761605, 32.472203635389498, 150.0 ], [ 74.083239325534507, 32.472243523020197, 150.0 ], [ 74.083402216139405, 32.472337334900097, 150.0 ], [ 74.083543873750799, 32.472397652429798, 150.0 ], [ 74.083849020016302, 32.472551371748501, 150.0 ], [ 74.084214682561594, 32.472718688816499, 150.0 ], [ 74.084386855968702, 32.472785663127901, 150.0 ], [ 74.084490527116202, 32.4728655013419, 150.0 ], [ 74.084654570652006, 32.472958717870597, 150.0 ], [ 74.084788515677502, 32.473045371147002, 150.0 ], [ 74.084974363276302, 32.473172287071499, 150.0 ], [ 74.085108429710303, 32.473259225432997, 150.0 ], [ 74.085168785910795, 32.473272724256802, 150.0 ], [ 74.085415511316896, 32.473412707330603, 150.0 ], [ 74.085677901114295, 32.473503302335601, 150.0 ], [ 74.085811680664605, 32.4735928460331, 150.0 ], [ 74.085953990284494, 32.473655157359701, 150.0 ], [ 74.086225294162006, 32.473718602731402, 150.0 ], [ 74.086436713983204, 32.473766484435799, 150.0 ], [ 74.086648361332905, 32.473813490200499, 150.0 ], [ 74.086890530773402, 32.473865659872303, 150.0 ], [ 74.087102382269194, 32.473911298667502, 150.0 ], [ 74.087382840345896, 32.473942594175398, 150.0 ], [ 74.087512379592695, 32.473938081377398, 150.0 ], [ 74.087611957026198, 32.473924114905998, 150.0 ], [ 74.087787447133095, 32.473872228520598, 150.0 ], [ 74.088091633821904, 32.473718813172802, 150.0 ], [ 74.088244532958896, 32.473630696699303, 150.0 ], [ 74.088413176526998, 32.473484229513602, 150.0 ], [ 74.088588403132306, 32.4733225197186, 150.0 ], [ 74.088679946922099, 32.4732249162969, 150.0 ], [ 74.088770990688701, 32.473135056038103, 150.0 ], [ 74.088816437028996, 32.473091421831697, 150.0 ], [ 74.088982849379093, 32.4729656246639, 150.0 ], [ 74.089156851107902, 32.4728047890098, 150.0 ], [ 74.089262979203198, 32.472661590859801, 150.0 ], [ 74.089361284096, 32.4725455531348, 150.0 ], [ 74.0895046693051, 32.472380326990603, 150.0 ], [ 74.089700539848096, 32.472146785645698, 150.0 ], [ 74.089828766084693, 32.471926266483997, 150.0 ], [ 74.089971284347399, 32.471764509924199, 150.0 ], [ 74.090083597979699, 32.471593314080202, 150.0 ], [ 74.090150936516594, 32.471468480985699, 150.0 ], [ 74.090210681178107, 32.471370123932097, 150.0 ], [ 74.090248168518201, 32.471239236601498, 150.0 ], [ 74.090359846329903, 32.471069818717197, 150.0 ], [ 74.090448932272494, 32.4709788136214, 150.0 ], [ 74.090508319003803, 32.470881376574297, 150.0 ], [ 74.090663828872707, 32.470667483617497, 150.0 ], [ 74.090804070951194, 32.470505457261098, 150.0 ], [ 74.090907158438696, 32.470362885938499, 150.0 ], [ 74.0910173865432, 32.470194895278297, 150.0 ], [ 74.091068796287999, 32.470124142914898, 150.0 ], [ 74.091120155670694, 32.4699452173979, 150.0 ], [ 74.091120054047295, 32.469836664730302, 150.0 ], [ 74.091149350362301, 32.469734733770999, 150.0 ], [ 74.091185745026195, 32.4696066244462, 150.0 ], [ 74.091170629221196, 32.469439928809699, 150.0 ], [ 74.091177598067802, 32.469305615062098, 150.0 ], [ 74.091199051395193, 32.469120540880297, 150.0 ], [ 74.091183965267803, 32.468954780538802, 150.0 ], [ 74.091191043831699, 32.468821895813903, 150.0 ], [ 74.0912126689296, 32.468638811831703, 150.0 ], [ 74.091183208938006, 32.468524695058697, 150.0 ], [ 74.0911682505144, 32.468360265713699, 150.0 ], [ 74.091146059742897, 32.468221211639701, 150.0 ], [ 74.091109235203106, 32.468025596504098, 150.0 ], [ 74.0910580466916, 32.467880559240498, 150.0 ], [ 74.090985099083099, 32.467704213878399, 150.0 ], [ 74.090962964069604, 32.467565517734499, 150.0 ], [ 74.090889948112604, 32.467388970924297, 150.0 ], [ 74.090832237717706, 32.467270813497301, 150.0 ], [ 74.090730496515306, 32.467088043378602, 150.0 ], [ 74.090650618731104, 32.466936600243997, 150.0 ], [ 74.090586241661796, 32.4668455654705, 150.0 ], [ 74.090521252154105, 32.466646081451501, 150.0 ], [ 74.0904346924072, 32.466521041512898, 150.0 ], [ 74.090326033619604, 32.466361448721997, 150.0 ], [ 74.090253706543393, 32.466290583943398, 150.0 ], [ 74.090145353525301, 32.466131023528, 150.0 ], [ 74.090023167135499, 32.466022911528199, 150.0 ], [ 74.089930207812898, 32.465924081431197, 150.0 ], [ 74.0898300089478, 32.465849724585198, 150.0 ], [ 74.089658467764096, 32.465707521984598, 150.0 ], [ 74.089472431307698, 32.4656147677074, 150.0 ], [ 74.089315137183902, 32.4655292044093, 150.0 ], [ 74.088985142650202, 32.465413942799302, 150.0 ], [ 74.088892614102903, 32.465315066836901, 150.0 ], [ 74.088777739201404, 32.4652894919166, 150.0 ], [ 74.088649099276594, 32.465208746286699, 150.0 ], [ 74.088434518338403, 32.465108896358501, 150.0 ], [ 74.088306237243103, 32.465027892623198, 150.0 ], [ 74.088228391926805, 32.464981990326599, 150.0 ], [ 74.088043099209699, 32.464888297157202, 150.0 ], [ 74.087893875601907, 32.464777614895098, 150.0 ], [ 74.087757782995396, 32.464722715780702, 150.0 ], [ 74.087658113830997, 32.464649586509303, 150.0 ], [ 74.087529425342794, 32.4645710190374, 150.0 ], [ 74.087351967519297, 32.4644538175897, 150.0 ], [ 74.087196261598294, 32.464366164267098, 150.0 ], [ 74.087041396543299, 32.464277586441497, 150.0 ], [ 74.086857737894306, 32.464183591099903, 150.0 ], [ 74.086702800893605, 32.464096173399803, 150.0 ], [ 74.086547323400296, 32.464009743155202, 150.0 ], [ 74.086391609385302, 32.463923739189298, 150.0 ], [ 74.086172363663707, 32.463847948823897, 150.0 ], [ 74.086045780488504, 32.463768046757998, 150.0 ], [ 74.085930667266595, 32.463743673331898, 150.0 ], [ 74.085831021484495, 32.463671495543103, 150.0 ], [ 74.085653090617697, 32.463556770828298, 150.0 ], [ 74.085561712303203, 32.463460331129497, 150.0 ], [ 74.085470366364305, 32.463363924705398, 150.0 ], [ 74.085342820914505, 32.4632850020013, 150.0 ], [ 74.0852233612692, 32.463182131250399, 150.0 ], [ 74.085034865167003, 32.463012429180303, 150.0 ], [ 74.084936723051399, 32.462939565208799, 150.0 ], [ 74.084760993724998, 32.462824096754701, 150.0 ], [ 74.084585296774094, 32.4627087281253, 150.0 ], [ 74.084523725589506, 32.462618612459003, 150.0 ], [ 74.084356362656095, 32.462479645619197, 150.0 ], [ 74.084246603997698, 32.4623532513016, 150.0 ], [ 74.084157177212006, 32.462257011252099, 150.0 ], [ 74.084084032652001, 32.462113590969501, 150.0 ], [ 74.083962271641596, 32.461934238274502, 150.0 ], [ 74.083861582645994, 32.4617848995535, 150.0 ], [ 74.083761723724606, 32.461635704724003, 150.0 ], [ 74.0836898112358, 32.461493158582499, 150.0 ], [ 74.083618023752905, 32.461350853459201, 150.0 ], [ 74.083526271320395, 32.461179148598902, 150.0 ], [ 74.083445637206495, 32.461060723173901, 150.0 ], [ 74.083421680166495, 32.460954921532398, 150.0 ], [ 74.083309001409404, 32.460754463547701, 150.0 ], [ 74.083236657246005, 32.460613282577, 150.0 ], [ 74.0831444659444, 32.460442906015402, 150.0 ], [ 74.083044360608795, 32.460295914524899, 150.0 ], [ 74.0829443515007, 32.4601491271805, 150.0 ], [ 74.082797072227194, 32.459967100801101, 150.0 ], [ 74.0826697641983, 32.459814594667897, 150.0 ], [ 74.082562468782996, 32.459691522445802, 150.0 ], [ 74.082415757880995, 32.459510288369202, 150.0 ], [ 74.0822610726904, 32.459352263995797, 150.0 ], [ 74.082154290787997, 32.459229752051399, 150.0 ], [ 74.082019584036601, 32.4591011364084, 150.0 ], [ 74.081904896194004, 32.459001731644697, 150.0 ], [ 74.0818462765844, 32.458914842745898, 150.0 ], [ 74.081740561277897, 32.458793026876698, 150.0 ], [ 74.081645284402398, 32.458722669315797, 150.0 ], [ 74.081541251727501, 32.458674965677197, 150.0 ], [ 74.081371431846193, 32.4585636233126, 150.0 ], [ 74.081193396657994, 32.458475047285702, 150.0 ], [ 74.081023486844501, 32.458363768772998, 150.0 ], [ 74.080844776265494, 32.4582750470558, 150.0 ], [ 74.080666317496593, 32.458186411673601, 150.0 ], [ 74.080535341133199, 32.458132831864802, 150.0 ], [ 74.080385111184, 32.458050526810403, 150.0 ], [ 74.080327300064894, 32.4579643681611, 150.0 ], [ 74.080196321902804, 32.457910809936003, 150.0 ], [ 74.080054052752402, 32.4578058563553, 150.0 ], [ 74.079931582176798, 32.457729788998599, 150.0 ], [ 74.079828934457794, 32.4576826024702, 150.0 ], [ 74.079706857785297, 32.457606690696302, 150.0 ], [ 74.079604192979204, 32.457559513161101, 150.0 ], [ 74.079482690074101, 32.4574838208217, 150.0 ], [ 74.079361188967795, 32.457408175247203, 150.0 ], [ 74.079258764280596, 32.457361093939397, 150.0 ], [ 74.079054005737802, 32.457266975390702, 150.0 ], [ 74.078932630536499, 32.457191402661202, 150.0 ], [ 74.078764570628493, 32.457081210529502, 150.0 ], [ 74.078625865491304, 32.457050405152103, 150.0 ], [ 74.078449234144898, 32.456962625025199, 150.0 ], [ 74.078236084927397, 32.456890993124901, 150.0 ], [ 74.078014195199003, 32.4568417282632, 150.0 ], [ 74.077930846931096, 32.456823195933801, 150.0 ], [ 74.077764083845494, 32.456786105194602, 150.0 ], [ 74.077597256008602, 32.456748994670399, 150.0 ], [ 74.077430921899605, 32.456712028936998, 150.0 ], [ 74.077154299431399, 32.456650700569398, 150.0 ], [ 74.076902773444303, 32.456594592766301, 150.0 ], [ 74.076689291477706, 32.456595571228704, 150.0 ], [ 74.076486909843098, 32.456575009129402, 150.0 ], [ 74.0762568335861, 32.456548308257901, 150.0 ], [ 74.0760178801211, 32.456543975324301, 150.0 ], [ 74.075621031785303, 32.456553125926099, 150.0 ], [ 74.075409461777298, 32.456554990220702, 150.0 ], [ 74.075153418495503, 32.456522762115803, 150.0 ], [ 74.074976833014503, 32.456507831571201, 150.0 ], [ 74.074569628985302, 32.456466087739798, 150.0 ], [ 74.074392119001203, 32.456451011505003, 150.0 ], [ 74.074150937915505, 32.456446161461301, 150.0 ], [ 74.073956620501704, 32.456403022781302, 150.0 ], [ 74.073743081877794, 32.456404406837997, 150.0 ], [ 74.073603275071207, 32.456373302885702, 150.0 ], [ 74.073481843212605, 32.456370704744302, 150.0 ], [ 74.073148977143703, 32.456370150761899, 150.0 ], [ 74.072869859056794, 32.456381505602103, 150.0 ], [ 74.072683646333203, 32.456389081490997, 150.0 ], [ 74.072552850733501, 32.456409005071599, 150.0 ], [ 74.072372292047703, 32.456418164666601, 150.0 ], [ 74.072190045334395, 32.456451645527103, 150.0 ], [ 74.072059899944506, 32.456496654796801, 150.0 ], [ 74.071748482706397, 32.456599989597898, 150.0 ], [ 74.071528467165095, 32.456698281900202, 150.0 ], [ 74.071273557029102, 32.456789060366901, 150.0 ], [ 74.0711101052472, 32.456875794582302, 150.0 ], [ 74.071000145140701, 32.456925208731398, 150.0 ], [ 74.070878712382793, 32.456996855020897, 150.0 ], [ 74.070678389296305, 32.457100605308803, 150.0 ], [ 74.0704803387966, 32.457180499280703, 150.0 ], [ 74.070268107787001, 32.457306889101702, 150.0 ], [ 74.070044069578202, 32.457481768568798, 150.0 ], [ 74.069783061139404, 32.457649991254101, 150.0 ], [ 74.069612538887597, 32.457788430191997, 150.0 ], [ 74.069525569949207, 32.4579196080036, 150.0 ], [ 74.069401276447806, 32.458043373602798, 150.0 ], [ 74.069284074100807, 32.4581684962791, 150.0 ], [ 74.069146370808397, 32.458339843209302, 150.0 ], [ 74.069017763259197, 32.458488437291599, 150.0 ], [ 74.068888516292105, 32.458637293076698, 150.0 ], [ 74.068777116370896, 32.458815920918099, 150.0 ], [ 74.068657730469994, 32.458942271169001, 150.0 ], [ 74.068584767573, 32.4591046689454, 150.0 ], [ 74.068493577216898, 32.459237859439703, 150.0 ], [ 74.068392298266005, 32.459394655339104, 150.0 ], [ 74.068260390204898, 32.459622015643603, 150.0 ], [ 74.068116318813097, 32.459873370759503, 150.0 ], [ 74.068021941259602, 32.460084860727797, 150.0 ], [ 74.067868834379297, 32.460284156788497, 150.0 ], [ 74.067763699135497, 32.460520423079103, 150.0 ], [ 74.067604642340399, 32.460798472771302, 150.0 ], [ 74.067467908517202, 32.461029881823698, 150.0 ], [ 74.067341883820902, 32.4612381387292, 150.0 ], [ 74.067288668237495, 32.461357643340598, 150.0 ], [ 74.067237352022204, 32.461477253172703, 150.0 ], [ 74.067153858064202, 32.461668959854599, 150.0 ], [ 74.067121093963394, 32.461741054905801, 150.0 ], [ 74.067074631389204, 32.461915759005102, 150.0 ], [ 74.067019631550806, 32.4620833647555, 150.0 ], [ 74.066946278348098, 32.462275674882598, 150.0 ], [ 74.066939699807307, 32.462378298319898, 150.0 ], [ 74.066863760154504, 32.4625242429995, 150.0 ], [ 74.0667708520932, 32.462695354307201, 150.0 ], [ 74.066672266611903, 32.462890999120397, 150.0 ], [ 74.066603052089206, 32.463037676747398, 150.0 ], [ 74.066556831432706, 32.463135637199997, 150.0 ], [ 74.066499777542703, 32.463258186016503, 150.0 ], [ 74.066390649309099, 32.463503304334097, 150.0 ], [ 74.066297326660305, 32.463723947602098, 150.0 ], [ 74.066270874900994, 32.463853721572001, 150.0 ], [ 74.066255625996405, 32.463958980022902, 150.0 ], [ 74.066272675343697, 32.464207710917201, 150.0 ], [ 74.066241674813497, 32.464557088538903, 150.0 ], [ 74.066233199602607, 32.464719697656001, 150.0 ] ] ] ] } },
{ "type": "Feature", "properties": { "Name": "C9", "district": "Gujranwala", "province": "Punjab", "area_km2": 7.3239972716099997, "volume_MAF": 0.03619598279, "River": "Chenab", "Shape_Leng": 0.1111244647, "Shape_Area": 0.00070138674 }, "geometry": { "type": "MultiPolygon", "coordinates": [ [ [ [ 73.701393939578693, 32.329901853088103, 150.0 ], [ 73.702078099724602, 32.329847893765397, 150.0 ], [ 73.702122367952995, 32.329857843864403, 150.0 ], [ 73.702356731278201, 32.329868609648699, 150.0 ], [ 73.702603119438507, 32.329841776576799, 150.0 ], [ 73.702805030727603, 32.329805211041702, 150.0 ], [ 73.703064527406099, 32.329738972375701, 150.0 ], [ 73.703222363821098, 32.329692003483203, 150.0 ], [ 73.703500488157005, 32.329712935203901, 150.0 ], [ 73.703690294571501, 32.329713759882203, 150.0 ], [ 73.704012014442995, 32.329745376448003, 150.0 ], [ 73.7044348199111, 32.329758260135598, 150.0 ], [ 73.7046678270586, 32.329770293064598, 150.0 ], [ 73.705033929372405, 32.329811369599099, 150.0 ], [ 73.705223184502401, 32.329812625052703, 150.0 ], [ 73.705469123900997, 32.329785168750597, 150.0 ], [ 73.705759120187295, 32.329767709312399, 150.0 ], [ 73.706036786768394, 32.329788356847203, 150.0 ], [ 73.706269692292494, 32.329800236891501, 150.0 ], [ 73.706458200085905, 32.329802505880998, 150.0 ], [ 73.706748003018006, 32.329784948416702, 150.0 ], [ 73.706981266472297, 32.3297956872212, 150.0 ], [ 73.707170398395206, 32.329796349122297, 150.0 ], [ 73.707403424428506, 32.329807443158998, 150.0 ], [ 73.707592343212099, 32.329808431514003, 150.0 ], [ 73.707837655783194, 32.329780687428801, 150.0 ], [ 73.708126976678699, 32.329762891644201, 150.0 ], [ 73.708403364423802, 32.329785393581098, 150.0 ], [ 73.708692905653194, 32.329766393604203, 150.0 ], [ 73.708937595893403, 32.329739400453001, 150.0 ], [ 73.7090818084787, 32.329731343426801, 150.0 ], [ 73.709414283342497, 32.329725170480302, 150.0 ], [ 73.709659495189598, 32.329695480262302, 150.0 ], [ 73.709892382727304, 32.329704629964702, 150.0 ], [ 73.710124521129799, 32.3297165172036, 150.0 ], [ 73.710300655151201, 32.329756683624097, 150.0 ], [ 73.7104447805023, 32.329748235392799, 150.0 ], [ 73.710985123764502, 32.329829942398, 150.0 ], [ 73.711337443967906, 32.3299103957482, 150.0 ], [ 73.711877876263003, 32.329990550523497, 150.0 ], [ 73.712242227596803, 32.330030323940399, 150.0 ], [ 73.712650167271505, 32.330082221117699, 150.0 ], [ 73.712926325689395, 32.330101493589098, 150.0 ], [ 73.7132582177926, 32.330091923003899, 150.0 ], [ 73.7135778881091, 32.330125934464398, 150.0 ], [ 73.7138654391388, 32.330106318451897, 150.0 ], [ 73.714064890782097, 32.330068262740198, 150.0 ], [ 73.714495769464193, 32.330045846238903, 150.0 ], [ 73.714958922116594, 32.330069715145299, 150.0 ], [ 73.715257515022401, 32.330013241318099, 150.0 ], [ 73.715468031024798, 32.3299375705625, 150.0 ], [ 73.715733789682702, 32.329832313910202, 150.0 ], [ 73.715999881989006, 32.3297315053048, 150.0 ], [ 73.7162100427593, 32.3296562293515, 150.0 ], [ 73.716299771717203, 32.329512130080801, 150.0 ], [ 73.716357019860695, 32.329319821752399, 150.0 ], [ 73.716414138501804, 32.329127383921701, 150.0 ], [ 73.716415972219394, 32.328963848502802, 150.0 ], [ 73.716396254583501, 32.328710186625898, 150.0 ], [ 73.716398182730003, 32.328548403086401, 150.0 ], [ 73.716324083989306, 32.328327664490203, 150.0 ], [ 73.716238490114307, 32.328145363817598, 150.0 ], [ 73.716120626765601, 32.327915092407601, 150.0 ], [ 73.715980015965002, 32.327761632093697, 150.0 ], [ 73.715828079102593, 32.327646451422702, 150.0 ], [ 73.715676215984601, 32.3275317060235, 150.0 ], [ 73.715524474275099, 32.327417979556202, 150.0 ], [ 73.715372592271393, 32.327302176554298, 150.0 ], [ 73.7151564689959, 32.327091183911101, 150.0 ], [ 73.715059944760696, 32.326947537898597, 150.0 ], [ 73.714997962585997, 32.326689865944601, 150.0 ], [ 73.715055451747702, 32.326499579292197, 150.0 ], [ 73.715112845581402, 32.326308396015698, 150.0 ], [ 73.715257424190796, 32.326139172384998, 150.0 ], [ 73.715379009833498, 32.326046083560001, 150.0 ], [ 73.715598668343901, 32.325932393964898, 150.0 ], [ 73.715807197743999, 32.325857359929302, 150.0 ], [ 73.716090977017004, 32.325839517379798, 150.0 ], [ 73.716276292217202, 32.325840284501602, 150.0 ], [ 73.716516261016693, 32.325812227452403, 150.0 ], [ 73.717017230161105, 32.325844415987, 150.0 ], [ 73.717431245655504, 32.325857778113999, 150.0 ], [ 73.717616463728902, 32.325859532691297, 150.0 ], [ 73.717975615182496, 32.325900668580999, 150.0 ], [ 73.7182912772207, 32.325931903834402, 150.0 ], [ 73.718563222314899, 32.325952979446498, 150.0 ], [ 73.718976593894794, 32.325965767805997, 150.0 ], [ 73.719335405404706, 32.326006657281503, 150.0 ], [ 73.719737471607104, 32.326057112845497, 150.0 ], [ 73.720270054619405, 32.3261374106131, 150.0 ], [ 73.7205419943176, 32.3261591526228, 150.0 ], [ 73.7208685498438, 32.326153110977302, 150.0 ], [ 73.721303127437494, 32.326251937476997, 150.0 ], [ 73.721802611801095, 32.326284199756103, 150.0 ], [ 73.7223779746639, 32.326373696688798, 150.0 ], [ 73.723059588829003, 32.326404363570603, 150.0 ], [ 73.723522448302404, 32.326384370742197, 150.0 ], [ 73.723973633676295, 32.326400800456597, 150.0 ], [ 73.724423876560707, 32.326417235567, 150.0 ], [ 73.724687860856093, 32.326481520006197, 150.0 ], [ 73.724932516922195, 32.326464306982203, 150.0 ], [ 73.7251570812344, 32.326471813623399, 150.0 ], [ 73.725383894751005, 32.326482533542197, 150.0 ], [ 73.725647749544095, 32.326545999598203, 150.0 ], [ 73.725877198074301, 32.326560172913702, 150.0 ], [ 73.726114874501903, 32.326533698671298, 150.0 ], [ 73.726373096841002, 32.326431854046902, 150.0 ], [ 73.726513354207995, 32.326423607263699, 150.0 ], [ 73.726675537945795, 32.326341142129998, 150.0 ], [ 73.726966443446699, 32.326128950690602, 150.0 ], [ 73.727133403483805, 32.326003486271901, 150.0 ], [ 73.727302078528197, 32.325880185622097, 150.0 ], [ 73.727439084845997, 32.325711334310697, 150.0 ], [ 73.727676435719005, 32.325528564191899, 150.0 ], [ 73.727857740842097, 32.325371187330497, 150.0 ], [ 73.728071327130095, 32.3252605392425, 150.0 ], [ 73.728218862710406, 32.325055844551599, 150.0 ], [ 73.728389007247003, 32.324935700522197, 150.0 ], [ 73.728473132529103, 32.324796441402697, 150.0 ], [ 73.728621214897203, 32.324593091198302, 150.0 ], [ 73.728725681944695, 32.324379930289602, 150.0 ], [ 73.728775415353198, 32.324193195959303, 150.0 ], [ 73.7288581952496, 32.324053647257998, 150.0 ], [ 73.728951018774595, 32.323877098649199, 150.0 ], [ 73.7290216632192, 32.323617380737602, 150.0 ], [ 73.729197396142993, 32.323302714248896, 150.0 ], [ 73.729393769406997, 32.323070799777597, 150.0 ], [ 73.729580090948502, 32.322721185634201, 150.0 ], [ 73.729854368884006, 32.322393063489102, 150.0 ], [ 73.730291603974393, 32.321944416002097, 150.0 ], [ 73.730644635541594, 32.321478979071699, 150.0 ], [ 73.730860388296307, 32.321177445382801, 150.0 ], [ 73.730937772260503, 32.320884078437501, 150.0 ], [ 73.731086271014604, 32.3203370972793, 150.0 ], [ 73.731239032555393, 32.319947077495698, 150.0 ], [ 73.731306782981704, 32.319692146675301, 150.0 ], [ 73.731458623616604, 32.319456411883898, 150.0 ], [ 73.731716835163894, 32.319168320361797, 150.0 ], [ 73.732013655505895, 32.318889107846097, 150.0 ], [ 73.732294529069307, 32.318684461718597, 150.0 ], [ 73.732490219747902, 32.318460624957901, 150.0 ], [ 73.732708451933505, 32.318318438545099, 150.0 ], [ 73.732850783137195, 32.318121163261097, 150.0 ], [ 73.733077871846405, 32.317943274662497, 150.0 ], [ 73.733333217254298, 32.317657631994201, 150.0 ], [ 73.733526182087701, 32.317434450839301, 150.0 ], [ 73.733761040939299, 32.317221140643198, 150.0 ], [ 73.733892389622198, 32.317060776233902, 150.0 ], [ 73.734084519884703, 32.316838418857998, 150.0 ], [ 73.734205958937906, 32.316714285435999, 150.0 ], [ 73.734355249095501, 32.316482540936597, 150.0 ], [ 73.7344045562253, 32.316304543519898, 150.0 ], [ 73.734450149155094, 32.316125778981601, 150.0 ], [ 73.7345042020074, 32.315911482229197, 150.0 ], [ 73.734715505815998, 32.315619717875698, 150.0 ], [ 73.734808616224697, 32.315264257239697, 150.0 ], [ 73.734882866950798, 32.3149802783173, 150.0 ], [ 73.7349928180641, 32.314554959243999, 150.0 ], [ 73.7351843421837, 32.313998983966002, 150.0 ], [ 73.735286945835895, 32.313611347385802, 150.0 ], [ 73.735309730159997, 32.313355501954902, 150.0 ], [ 73.735109262282705, 32.312937843306898, 150.0 ], [ 73.734912445652895, 32.312670723075499, 150.0 ], [ 73.734622793806906, 32.312420032558499, 150.0 ], [ 73.734423010313705, 32.312337899274702, 150.0 ], [ 73.734182156581298, 32.312246421135498, 150.0 ], [ 73.733932079401995, 32.312189929321796, 150.0 ], [ 73.733681986934201, 32.312133430313601, 150.0 ], [ 73.733421702449704, 32.3121119589998, 150.0 ], [ 73.733078376366095, 32.312071484111797, 150.0 ], [ 73.732767108415402, 32.312075506779301, 150.0 ], [ 73.732266147364797, 32.311962535742502, 150.0 ], [ 73.7320568850173, 32.311915423857798, 150.0 ], [ 73.731722481107695, 32.311839997717797, 150.0 ], [ 73.731439829584502, 32.311739125260502, 150.0 ], [ 73.731031917788798, 32.3116099475411, 150.0 ], [ 73.730864911886201, 32.311572262350097, 150.0 ], [ 73.730656158555007, 32.311525154961998, 150.0 ], [ 73.730290460036798, 32.311405381453298, 150.0 ], [ 73.729956437439697, 32.311330030856297, 150.0 ], [ 73.729757725038993, 32.3112480063904, 150.0 ], [ 73.729202364897304, 32.311011295834703, 150.0 ], [ 73.728969915329401, 32.310885298118102, 150.0 ], [ 73.728809798233698, 32.310813149107602, 150.0 ], [ 73.728724910326406, 32.310794867688998, 150.0 ], [ 73.728570584864698, 32.3107216098145, 150.0 ], [ 73.728206279396304, 32.310601995485698, 150.0 ], [ 73.727914876570395, 32.310536051797399, 150.0 ], [ 73.727591423705306, 32.310425671707399, 150.0 ], [ 73.727508078135401, 32.310407048546502, 150.0 ], [ 73.727277397533996, 32.310281004964502, 150.0 ], [ 73.727015579705295, 32.310110746214001, 150.0 ], [ 73.726827482902095, 32.309994243539599, 150.0 ], [ 73.726680307949906, 32.309886980499797, 150.0 ], [ 73.726450548254306, 32.309761062822801, 150.0 ], [ 73.726137362049698, 32.3096164842134, 150.0 ], [ 73.725948695975603, 32.309500067873898, 150.0 ], [ 73.725532341344504, 32.309406010479101, 150.0 ], [ 73.7253242319278, 32.309358993023203, 150.0 ], [ 73.725074198815307, 32.309302637906498, 150.0 ], [ 73.724741526100601, 32.309227295403403, 150.0 ], [ 73.724241953603297, 32.309114404406301, 150.0 ], [ 73.723856127358403, 32.309064678192399, 150.0 ], [ 73.723646874004103, 32.309017967405303, 150.0 ], [ 73.723345683856294, 32.3089866044483, 150.0 ], [ 73.722751089890906, 32.308890239393101, 150.0 ], [ 73.722169143091506, 32.308757968905198, 150.0 ], [ 73.721448914735703, 32.308633489244201, 150.0 ], [ 73.720856219239195, 32.308535979352001, 150.0 ], [ 73.720430005340503, 32.308475917229799, 150.0 ], [ 73.720012694730102, 32.308382297804798, 150.0 ], [ 73.719679066935399, 32.3083072457828, 150.0 ], [ 73.719220863252303, 32.308203797667197, 150.0 ], [ 73.718804085040603, 32.308109783439797, 150.0 ], [ 73.718293558800795, 32.308031345470297, 150.0 ], [ 73.717949657150996, 32.307990421820499, 150.0 ], [ 73.717427842620907, 32.307947131155203, 150.0 ], [ 73.716792173919799, 32.307839848330403, 150.0 ], [ 73.716614538030598, 32.307836876071001, 150.0 ], [ 73.716259100776895, 32.307830739996703, 150.0 ], [ 73.715872975957197, 32.307780660349202, 150.0 ], [ 73.715298113117498, 32.307761989524202, 150.0 ], [ 73.714691959266602, 32.307699187167799, 150.0 ], [ 73.714033167197002, 32.307661394058101, 150.0 ], [ 73.713562903605194, 32.307591655230702, 150.0 ], [ 73.713217892192006, 32.307551114692203, 150.0 ], [ 73.712862003478705, 32.307546008341703, 150.0 ], [ 73.712630809364398, 32.307568061516903, 150.0 ], [ 73.712293532120796, 32.307640348123599, 150.0 ], [ 73.711955998570502, 32.307712689589003, 150.0 ], [ 73.711523216922998, 32.307800668466101, 150.0 ], [ 73.7111846158774, 32.307872590847502, 150.0 ], [ 73.710477675904102, 32.307974083836903, 150.0 ], [ 73.709853811704093, 32.308094811526402, 150.0 ], [ 73.709503237084803, 32.308202437892199, 150.0 ], [ 73.709163704341606, 32.308275223622701, 150.0 ], [ 73.708972951840295, 32.308306954402497, 150.0 ], [ 73.708633144803898, 32.3083797698106, 150.0 ], [ 73.708250740479301, 32.308443167518199, 150.0 ], [ 73.707856624283906, 32.308541502988, 150.0 ], [ 73.707378221827497, 32.308620992264999, 150.0 ], [ 73.706995458673504, 32.3086847640906, 150.0 ], [ 73.706845994946804, 32.308726165280298, 150.0 ], [ 73.706570581167497, 32.308739163181897, 150.0 ], [ 73.706337056010398, 32.308761636340499, 150.0 ], [ 73.706145701862695, 32.308793717855799, 150.0 ], [ 73.705677929393005, 32.308838568844898, 150.0 ], [ 73.705294016006107, 32.308902458481697, 150.0 ], [ 73.704813109837204, 32.308982127623203, 150.0 ], [ 73.704578503695004, 32.3090045171448, 150.0 ], [ 73.704247066648904, 32.309042747325002, 150.0 ], [ 73.703905514028307, 32.309116685086998, 150.0 ], [ 73.703592134469503, 32.309234750783197, 150.0 ], [ 73.703127090542907, 32.309394384942898, 150.0 ], [ 73.702728640514394, 32.309493653909001, 150.0 ], [ 73.702468656403397, 32.309586477434003, 150.0 ], [ 73.702208476240202, 32.309679367508899, 150.0 ], [ 73.702002658296095, 32.309746700649796, 150.0 ], [ 73.701784284916897, 32.309849249443303, 150.0 ], [ 73.701608863158597, 32.309961557679799, 150.0 ], [ 73.701306100995794, 32.310045225206999, 150.0 ], [ 73.700976490472698, 32.3101992008325, 150.0 ], [ 73.700701482287599, 32.310327666288799, 150.0 ], [ 73.700591392678703, 32.31037909402, 150.0 ], [ 73.700347294192298, 32.310552854730503, 150.0 ], [ 73.700085941313205, 32.310646511926997, 150.0 ], [ 73.699842717867199, 32.310820703412801, 150.0 ], [ 73.699678337085601, 32.3108982519528, 150.0 ], [ 73.699513747661399, 32.310975831969103, 150.0 ], [ 73.699225840500205, 32.311140619244199, 150.0 ], [ 73.698910739639004, 32.311376523108102, 150.0 ], [ 73.698787150306799, 32.3114638931442, 150.0 ], [ 73.698623553734095, 32.311657950654002, 150.0 ], [ 73.698436600868504, 32.311923594198603, 150.0 ], [ 73.698239194283502, 32.312108719641699, 150.0 ], [ 73.697943396470606, 32.312427092236597, 150.0 ], [ 73.697736673808507, 32.312612658347597, 150.0 ], [ 73.697533011539306, 32.312915552710599, 150.0 ], [ 73.697293023854002, 32.313209027574601, 150.0 ], [ 73.6969772440046, 32.313565594376698, 150.0 ], [ 73.696761348257695, 32.313788106436, 150.0 ], [ 73.696473266628004, 32.314073536864299, 150.0 ], [ 73.696336935701098, 32.314316566956101, 150.0 ], [ 73.696119671185997, 32.314658571036297, 150.0 ], [ 73.695874828960299, 32.314954956106398, 150.0 ], [ 73.695766895026196, 32.3151263255195, 150.0 ], [ 73.695672467110697, 32.315261472039403, 150.0 ], [ 73.695575583146706, 32.315397160850402, 150.0 ], [ 73.695464468310604, 32.315569448471301, 150.0 ], [ 73.695339608236395, 32.315778396056203, 150.0 ], [ 73.695190991670998, 32.316059917131497, 150.0 ], [ 73.695017876673703, 32.316414360634298, 150.0 ], [ 73.694885030619702, 32.316659652520997, 150.0 ], [ 73.694806280585496, 32.316878805612397, 150.0 ], [ 73.6947274469142, 32.317098187131698, 150.0 ], [ 73.694661688486207, 32.317281180282301, 150.0 ], [ 73.694568382025196, 32.317537934927799, 150.0 ], [ 73.694383787182105, 32.317776859614398, 150.0 ], [ 73.694331284761105, 32.317923686528999, 150.0 ], [ 73.694318777889407, 32.317960233178297, 150.0 ], [ 73.694079943134895, 32.3182589115196, 150.0 ], [ 73.693929289605094, 32.318422721231599, 150.0 ], [ 73.693871245561596, 32.3185715608289, 150.0 ], [ 73.693726793756596, 32.318700923808599, 150.0 ], [ 73.693485007427199, 32.318968507190903, 150.0 ], [ 73.693229575684398, 32.319273539242502, 150.0 ], [ 73.693061923169296, 32.319476250928297, 150.0 ], [ 73.692907591412293, 32.319642077819701, 150.0 ], [ 73.692769472633103, 32.3198921864753, 150.0 ], [ 73.692671838634496, 32.320031038201897, 150.0 ], [ 73.692517092290004, 32.320197366914996, 150.0 ], [ 73.692476355699299, 32.320309051021901, 150.0 ], [ 73.692351257304693, 32.320554908582203, 150.0 ], [ 73.692241846683899, 32.320853452924602, 150.0 ], [ 73.692176128725393, 32.3211622027735, 150.0 ], [ 73.692109928730304, 32.321471583946497, 150.0 ], [ 73.692046314286003, 32.321903768444201, 150.0 ], [ 73.692022815000996, 32.322224510752598, 150.0 ], [ 73.692028031068801, 32.3224698871756, 150.0 ], [ 73.692047081407694, 32.322677816727897, 150.0 ], [ 73.692109996179497, 32.322895795304802, 150.0 ], [ 73.692156595450598, 32.323028621573698, 150.0 ], [ 73.692380370158006, 32.323324629827901, 150.0 ], [ 73.692443146434101, 32.323543388116903, 150.0 ], [ 73.692650821478296, 32.323754431122197, 150.0 ], [ 73.692888779393698, 32.324013485334099, 150.0 ], [ 73.693022915974794, 32.324167047271501, 150.0 ], [ 73.693156718008197, 32.324320943756597, 150.0 ], [ 73.693247991101899, 32.324464254321903, 150.0 ], [ 73.693383465874305, 32.324617469120902, 150.0 ], [ 73.693488448233396, 32.324722929019998, 150.0 ], [ 73.693596096182901, 32.324952703104799, 150.0 ], [ 73.693656031500694, 32.325049114924802, 150.0 ], [ 73.6938336988662, 32.325213817663602, 150.0 ], [ 73.693955529124395, 32.325405771659099, 150.0 ], [ 73.694151918576196, 32.325655867724201, 150.0 ], [ 73.6943081308156, 32.326020575189403, 150.0 ], [ 73.694412508830297, 32.3261273040319, 150.0 ], [ 73.694550117693794, 32.326407582244201, 150.0 ], [ 73.694776018398599, 32.326708212114298, 150.0 ], [ 73.695016063640495, 32.326970576730801, 150.0 ], [ 73.695182587506494, 32.327174064531498, 150.0 ], [ 73.695426664409098, 32.327434009971597, 150.0 ], [ 73.695740383012307, 32.327628498256601, 150.0 ], [ 73.6958906309479, 32.327744971253502, 150.0 ], [ 73.696129411743001, 32.327881338153297, 150.0 ], [ 73.696337579615701, 32.327969165044998, 150.0 ], [ 73.696500965747006, 32.328047567940999, 150.0 ], [ 73.696752767825998, 32.328145949276198, 150.0 ], [ 73.696960418588503, 32.328234366123098, 150.0 ], [ 73.697199023116497, 32.328371306790402, 150.0 ], [ 73.697526135323002, 32.328528269963698, 150.0 ], [ 73.697764725461795, 32.328665508306599, 150.0 ], [ 73.697972257513797, 32.328754370318002, 150.0 ], [ 73.698166872603196, 32.328881628884098, 150.0 ], [ 73.698613450750202, 32.329107924391202, 150.0 ], [ 73.699029076031096, 32.329285804896003, 150.0 ], [ 73.699237411177606, 32.329374247823402, 150.0 ], [ 73.699578603169996, 32.329492664255099, 150.0 ], [ 73.699888556311905, 32.3295625370815, 150.0 ], [ 73.700154347345304, 32.329622251166001, 150.0 ], [ 73.700729528544997, 32.329752509870502, 150.0 ], [ 73.701393939578693, 32.329901853088103, 150.0 ] ] ] ] } },
{ "type": "Feature", "properties": { "Name": "C11", "district": "Mandi Bahauddin", "province": "Punjab", "area_km2": 3.3914283975099999, "volume_MAF": 0.01676080416, "River": "Chenab", "Shape_Leng": 0.09238313526, "Shape_Area": 0.00032437743 }, "geometry": { "type": "MultiPolygon", "coordinates": [ [ [ [ 73.411828811650395, 32.195145542832599, 150.0 ], [ 73.412019495803094, 32.1957453411746, 150.0 ], [ 73.412264450444098, 32.195925123745504, 150.0 ], [ 73.4124354898061, 32.196026721955697, 150.0 ], [ 73.412502742907293, 32.196041469038597, 150.0 ], [ 73.412655017015496, 32.1961073992371, 150.0 ], [ 73.412872364268296, 32.196188600823298, 150.0 ], [ 73.412991085570198, 32.196247049561698, 150.0 ], [ 73.413122323636401, 32.196277529384503, 150.0 ], [ 73.413262866987793, 32.196371313385399, 150.0 ], [ 73.413494527850204, 32.196424215105502, 150.0 ], [ 73.413614016273897, 32.196482603589303, 150.0 ], [ 73.4138325749134, 32.196563763806701, 150.0 ], [ 73.414018007025405, 32.196637408389698, 150.0 ], [ 73.414183127949102, 32.196675327404499, 150.0 ], [ 73.414302519245993, 32.196733875068297, 150.0 ], [ 73.414500630000106, 32.196779390656403, 150.0 ], [ 73.414698829787199, 32.196824915237698, 150.0 ], [ 73.414884743935801, 32.196898629967798, 150.0 ], [ 73.4150837585087, 32.1969439486044, 150.0 ], [ 73.4152700081045, 32.197017570704404, 150.0 ], [ 73.415468774464401, 32.197062916320597, 150.0 ], [ 73.415642717737299, 32.197164894044697, 150.0 ], [ 73.415742224124401, 32.197187566852797, 150.0 ], [ 73.415982498693396, 32.197304757508597, 150.0 ], [ 73.4162340615528, 32.197394011624397, 150.0 ], [ 73.416506164927597, 32.197519504821301, 150.0 ], [ 73.416759239547304, 32.197608529610001, 150.0 ], [ 73.417033091204203, 32.1977336873599, 150.0 ], [ 73.417319766294199, 32.197830270950298, 150.0 ], [ 73.417487081563607, 32.197867696237303, 150.0 ], [ 73.417619754947793, 32.197898042960396, 150.0 ], [ 73.417839989024301, 32.197979591684899, 150.0 ], [ 73.418039159179898, 32.198025070400703, 150.0 ], [ 73.418206240625594, 32.198062530761298, 150.0 ], [ 73.418414325760594, 32.198172764261699, 150.0 ], [ 73.418612609184606, 32.198218644075197, 150.0 ], [ 73.4187986330505, 32.198293187080999, 150.0 ], [ 73.4189857909615, 32.198367422518601, 150.0 ], [ 73.419140052571393, 32.198433948068299, 150.0 ], [ 73.419305796725197, 32.198472038853502, 150.0 ], [ 73.419447890507797, 32.198567428144401, 150.0 ], [ 73.419602243848502, 32.198634075102497, 150.0 ], [ 73.419723807008197, 32.198692900656901, 150.0 ], [ 73.419833000892297, 32.198780801292997, 150.0 ], [ 73.419953617965206, 32.198840268063996, 150.0 ], [ 73.420116712716194, 32.198972791261397, 150.0 ], [ 73.420314452949697, 32.199112493746703, 150.0 ], [ 73.420391105765006, 32.199192921915902, 150.0 ], [ 73.4204795181153, 32.199244525914203, 150.0 ], [ 73.420688207594793, 32.199449717030902, 150.0 ], [ 73.420798078668398, 32.199538212118902, 150.0 ], [ 73.420996103087802, 32.199678881375299, 150.0 ], [ 73.421227871868794, 32.199827274908799, 150.0 ], [ 73.421360004760501, 32.199952741126097, 150.0 ], [ 73.421558842166903, 32.200093813278897, 150.0 ], [ 73.421635149642498, 32.200175630001397, 150.0 ], [ 73.421801383926805, 32.200403635119699, 150.0 ], [ 73.421955989077702, 32.200566830594802, 150.0 ], [ 73.422088782071697, 32.200693274375197, 150.0 ], [ 73.422188194929305, 32.2008121944273, 150.0 ], [ 73.4222437217704, 32.200856979765803, 150.0 ], [ 73.422342781194502, 32.201071905144403, 150.0 ], [ 73.4223982990423, 32.201116879340603, 150.0 ], [ 73.422475433894206, 32.2012951897213, 150.0 ], [ 73.422563791385898, 32.201444507757898, 150.0 ], [ 73.422697230093107, 32.201668432652099, 150.0 ], [ 73.422788072411706, 32.201816629234102, 150.0 ], [ 73.422855120467503, 32.202025431128803, 150.0 ], [ 73.422933280546502, 32.202205211001697, 150.0 ], [ 73.422988452155394, 32.202348321018199, 150.0 ], [ 73.423077587560698, 32.2024993531627, 150.0 ], [ 73.423166227439495, 32.2027486919986, 150.0 ], [ 73.423255828693598, 32.202900252944303, 150.0 ], [ 73.423345570241906, 32.203052054009198, 150.0 ], [ 73.423367695362899, 32.203188420908901, 150.0 ], [ 73.423424705186093, 32.203233690982103, 150.0 ], [ 73.423493030279204, 32.203445530786702, 150.0 ], [ 73.423532211042797, 32.203626222572197, 150.0 ], [ 73.423586896118394, 32.203773016211798, 150.0 ], [ 73.423642669373706, 32.204018256837102, 150.0 ], [ 73.423707303649195, 32.204236408083801, 150.0 ], [ 73.423725914219602, 32.204478638678303, 150.0 ], [ 73.4237869098381, 32.204720777541901, 150.0 ], [ 73.423832799544101, 32.204998503478201, 150.0 ], [ 73.423867309228996, 32.205207353936302, 150.0 ], [ 73.423924685975507, 32.205354778900002, 150.0 ], [ 73.423913444449994, 32.205486566452002, 150.0 ], [ 73.423970074759197, 32.205635452814001, 150.0 ], [ 73.423933595559006, 32.205934330804801, 150.0 ], [ 73.423982450329902, 32.206110996325499, 150.0 ], [ 73.423976096619597, 32.206339945731898, 150.0 ], [ 73.424013552483501, 32.2065486639897, 150.0 ], [ 73.424015288174999, 32.2067513468972, 150.0 ], [ 73.423968911935802, 32.2069805580064, 150.0 ], [ 73.423957415902095, 32.207114980571902, 150.0 ], [ 73.423969099894094, 32.207289232312299, 150.0 ], [ 73.423980690356601, 32.207463979579003, 150.0 ], [ 73.423979268528498, 32.207776557841903, 150.0 ], [ 73.423945862311797, 32.207974317860497, 150.0 ], [ 73.423956983328196, 32.208151120977497, 150.0 ], [ 73.423991802379803, 32.208367887268302, 150.0 ], [ 73.424003933334902, 32.208544160684497, 150.0 ], [ 73.424005357861006, 32.208751725112101, 150.0 ], [ 73.424040686828306, 32.2089694374896, 150.0 ], [ 73.424041355923904, 32.209179105431403, 150.0 ], [ 73.424052467947106, 32.209358577736197, 150.0 ], [ 73.424124288705002, 32.209584088135202, 150.0 ], [ 73.424147707051105, 32.209730975304304, 150.0 ], [ 73.424194804546602, 32.209918721371899, 150.0 ], [ 73.424277377598997, 32.210114766383398, 150.0 ], [ 73.424299967669398, 32.210264114997003, 150.0 ], [ 73.424324098278603, 32.210518560183502, 150.0 ], [ 73.4243725060863, 32.2105988948232, 150.0 ], [ 73.424409274868196, 32.210819914907198, 150.0 ], [ 73.424491656364907, 32.211019133626202, 150.0 ], [ 73.424575974101998, 32.211215773988798, 150.0 ], [ 73.424824057484301, 32.211490805556302, 150.0 ], [ 73.424978445898603, 32.2115980928778, 150.0 ], [ 73.425133389194599, 32.211704676030003, 150.0 ], [ 73.425217308531998, 32.211795059694303, 150.0 ], [ 73.425419929386294, 32.211875886263201, 150.0 ], [ 73.425679210227401, 32.211901901851299, 150.0 ], [ 73.425866367239095, 32.211913492313897, 150.0 ], [ 73.4260912696964, 32.211928833848702, 150.0 ], [ 73.426220491482496, 32.211886975803303, 150.0 ], [ 73.426467021735704, 32.211837330528503, 150.0 ], [ 73.426749693943293, 32.211793958924098, 150.0 ], [ 73.426985148146102, 32.211776206306901, 150.0 ], [ 73.427185381300404, 32.2117493435574, 150.0 ], [ 73.427421024360896, 32.211730319298901, 150.0 ], [ 73.427691149227201, 32.2117212532333, 150.0 ], [ 73.428078090631502, 32.211703954773697, 150.0 ], [ 73.4283374434183, 32.211726499878097, 150.0 ], [ 73.428642614864799, 32.211724786669599, 150.0 ], [ 73.429007532771493, 32.211772569448598, 150.0 ], [ 73.429347415351003, 32.211779591355103, 150.0 ], [ 73.429535516650802, 32.211785486411102, 150.0 ], [ 73.429794784901404, 32.211805932497803, 150.0 ], [ 73.430078142392404, 32.211869400352597, 150.0 ], [ 73.430335802655193, 32.2118943097746, 150.0 ], [ 73.4305730824818, 32.211983562991101, 150.0 ], [ 73.430856546092798, 32.212046439991198, 150.0 ], [ 73.4311041942033, 32.2121028076984, 150.0 ], [ 73.431422446288906, 32.212175906393, 150.0 ], [ 73.431634740251098, 32.212224089370302, 150.0 ], [ 73.431918326169907, 32.212285846714501, 150.0 ], [ 73.432332490951794, 32.212416755628801, 150.0 ], [ 73.432569741100707, 32.212508256251098, 150.0 ], [ 73.432782223920498, 32.212555800709701, 150.0 ], [ 73.432984720668401, 32.2126365517355, 150.0 ], [ 73.433197216078696, 32.212683903739197, 150.0 ], [ 73.433364851506695, 32.2127534456151, 150.0 ], [ 73.433638929792806, 32.212845014585803, 150.0 ], [ 73.433947211095003, 32.212954430602601, 150.0 ], [ 73.434255624597398, 32.213064658707097, 150.0 ], [ 73.434538870572496, 32.213129473746299, 150.0 ], [ 73.434945102434597, 32.213285973768699, 150.0 ], [ 73.435218827287102, 32.213384305641199, 150.0 ], [ 73.435502143409195, 32.213449379685201, 150.0 ], [ 73.435846867039302, 32.213565000124703, 150.0 ], [ 73.4360854580775, 32.213656310090698, 150.0 ], [ 73.436298053312598, 32.213705840252402, 150.0 ], [ 73.436404357675002, 32.213730575205901, 150.0 ], [ 73.436794155326098, 32.213819621578402, 150.0 ], [ 73.437077667500404, 32.213885317053801, 150.0 ], [ 73.437254882506906, 32.213926644499097, 150.0 ], [ 73.437618426249401, 32.213975834717097, 150.0 ], [ 73.438362641322897, 32.214146947823501, 150.0 ], [ 73.438645919673505, 32.214209465094797, 150.0 ], [ 73.438929204319393, 32.214272578616701, 150.0 ], [ 73.439070848441006, 32.214304264430297, 150.0 ], [ 73.4394249502013, 32.214383705143902, 150.0 ], [ 73.439859369514394, 32.214451866560502, 150.0 ], [ 73.440213469476106, 32.2145317695256, 150.0 ], [ 73.440400470005699, 32.214546682983098, 150.0 ], [ 73.440612577808295, 32.214592518729802, 150.0 ], [ 73.440966712843604, 32.214672804806099, 150.0 ], [ 73.441144097821905, 32.2147146061941, 150.0 ], [ 73.441711488194699, 32.214846625771202, 150.0 ], [ 73.442382631553201, 32.214992094709402, 150.0 ], [ 73.442772978690101, 32.215083954161202, 150.0 ], [ 73.443128111972797, 32.215168183764703, 150.0 ], [ 73.443269862214393, 32.215200705048602, 150.0 ], [ 73.443419452745601, 32.215199069181701, 150.0 ], [ 73.443656478064, 32.215149130727902, 150.0 ], [ 73.443801504535898, 32.215003174357001, 150.0 ], [ 73.443860045005096, 32.214909104371699, 150.0 ], [ 73.444004906901, 32.214764552741897, 150.0 ], [ 73.444050887438607, 32.2145608733857, 150.0 ], [ 73.444062152346504, 32.214351603843497, 150.0 ], [ 73.444077613491103, 32.214284545895097, 150.0 ], [ 73.444217496740094, 32.214000029178102, 150.0 ], [ 73.444298767574097, 32.213808207382897, 150.0 ], [ 73.444371431896101, 32.213647831282501, 150.0 ], [ 73.444423911834093, 32.213412797962299, 150.0 ], [ 73.444469707111395, 32.213214509142297, 150.0 ], [ 73.444465540552301, 32.213075440679098, 150.0 ], [ 73.444422417160894, 32.212790209900298, 150.0 ], [ 73.4443755471938, 32.212675894377099, 150.0 ], [ 73.444274426523606, 32.212480674943301, 150.0 ], [ 73.4442354400136, 32.212334266213503, 150.0 ], [ 73.444057376047098, 32.212156412688302, 150.0 ], [ 73.443941388684195, 32.2120271522313, 150.0 ], [ 73.443824834748398, 32.2118958898835, 150.0 ], [ 73.443743774355795, 32.211774779082802, 150.0 ], [ 73.443662278691207, 32.211652135837397, 150.0 ], [ 73.443502732664996, 32.211543265709203, 150.0 ], [ 73.443367173356407, 32.211338848009497, 150.0 ], [ 73.443232874897305, 32.2111377371169, 150.0 ], [ 73.443133755218696, 32.210945940502803, 150.0 ], [ 73.443024075700606, 32.210651398143597, 150.0 ], [ 73.442941347065599, 32.210397461074002, 150.0 ], [ 73.442834850248204, 32.210238457339003, 150.0 ], [ 73.442752519113498, 32.209985532906003, 150.0 ], [ 73.442696717979203, 32.209772116590003, 150.0 ], [ 73.442620921318493, 32.209483700412498, 150.0 ], [ 73.442522358320204, 32.209292471270601, 150.0 ], [ 73.442469378359206, 32.209213270675903, 150.0 ], [ 73.442336948691306, 32.2090150987678, 150.0 ], [ 73.442291721785594, 32.208903795973498, 150.0 ], [ 73.442049376077904, 32.208714704519998, 150.0 ], [ 73.441944151801195, 32.208557342947103, 150.0 ], [ 73.441796866232394, 32.208423328673703, 150.0 ], [ 73.441580384127505, 32.208270106680096, 150.0 ], [ 73.441425513676606, 32.2081676127452, 150.0 ], [ 73.441202946758693, 32.208050928407701, 150.0 ], [ 73.440988607738106, 32.207903094252501, 150.0 ], [ 73.440740356182602, 32.207747331674099, 150.0 ], [ 73.440688426629706, 32.2076692318496, 150.0 ], [ 73.440584699724198, 32.207513213863798, 150.0 ], [ 73.440507170069907, 32.207397014260799, 150.0 ], [ 73.440429949782398, 32.2072818767572, 150.0 ], [ 73.440335331210605, 32.207097820607999, 150.0 ], [ 73.440223460044706, 32.206845198347303, 150.0 ], [ 73.440094812925295, 32.206651911556499, 150.0 ], [ 73.439948682985403, 32.206388731254997, 150.0 ], [ 73.439813290950696, 32.206230782424697, 150.0 ], [ 73.439693584891103, 32.206007694799297, 150.0 ], [ 73.439540465420194, 32.205777592461999, 150.0 ], [ 73.439312127552697, 32.205563634754, 150.0 ], [ 73.439210614778105, 32.205411335464802, 150.0 ], [ 73.439042031464595, 32.205244310676399, 150.0 ], [ 73.438940817264907, 32.205092121104499, 150.0 ], [ 73.438805992702399, 32.204931526468798, 150.0 ], [ 73.438629394630894, 32.204665125695001, 150.0 ], [ 73.438562270132707, 32.2045211595239, 150.0 ], [ 73.438461783484598, 32.204369955609003, 150.0 ], [ 73.438403428275606, 32.204197308259197, 150.0 ], [ 73.438245135904396, 32.204003934234201, 150.0 ], [ 73.438136820657803, 32.203884983605199, 150.0 ], [ 73.437995138764705, 32.2037562627414, 150.0 ], [ 73.4378369678019, 32.203559386756403, 150.0 ], [ 73.437737491991697, 32.203409621756698, 150.0 ], [ 73.437587905057896, 32.203312600196398, 150.0 ], [ 73.437471713548803, 32.203223015130099, 150.0 ], [ 73.437281385527598, 32.203021193773097, 150.0 ], [ 73.4371493488634, 32.202864613711, 150.0 ], [ 73.437042156870106, 32.202745661283302, 150.0 ], [ 73.436901895905805, 32.202620059268398, 150.0 ], [ 73.436712715419603, 32.202422129277899, 150.0 ], [ 73.436639157171399, 32.202312058554703, 150.0 ], [ 73.436490654819906, 32.202215419206297, 150.0 ], [ 73.4363352438764, 32.202023565934901, 150.0 ], [ 73.436162646888704, 32.201890418608002, 150.0 ], [ 73.435965927385695, 32.201720334325998, 150.0 ], [ 73.435793815132499, 32.201586795794, 150.0 ], [ 73.435621916917995, 32.201453426334602, 150.0 ], [ 73.435531617790005, 32.201401442822402, 150.0 ], [ 73.435359910231696, 32.201269502385699, 150.0 ], [ 73.435245540749193, 32.201181345442798, 150.0 ], [ 73.435179483746296, 32.201166329462602, 150.0 ], [ 73.434951055946598, 32.200990343829297, 150.0 ], [ 73.434821908804096, 32.200837098453398, 150.0 ], [ 73.434627130038095, 32.200668518737203, 150.0 ], [ 73.434399617748198, 32.200493125757198, 150.0 ], [ 73.434286016286705, 32.200405435562502, 150.0 ], [ 73.434139592268394, 32.200310213545499, 150.0 ], [ 73.433912818322, 32.2001352945083, 150.0 ], [ 73.433766628127401, 32.200040612084599, 150.0 ], [ 73.433620537757704, 32.199945997110099, 150.0 ], [ 73.433408832851399, 32.199836546019803, 150.0 ], [ 73.433206533954404, 32.199698332811899, 150.0 ], [ 73.433004761160902, 32.199559746385297, 150.0 ], [ 73.432901422762498, 32.199444064791798, 150.0 ], [ 73.432709269117495, 32.199277497758402, 150.0 ], [ 73.432507892025598, 32.199139946451403, 150.0 ], [ 73.432395841894603, 32.1990527589777, 150.0 ], [ 73.432312278688798, 32.198880091842803, 150.0 ], [ 73.432256457769398, 32.198836467528999, 150.0 ], [ 73.432149617411, 32.1986290200133, 150.0 ], [ 73.432024335554701, 32.198478312524202, 150.0 ], [ 73.431898359421794, 32.1983292328079, 150.0 ], [ 73.431822930583806, 32.198133192293, 150.0 ], [ 73.431650877685897, 32.1979138809209, 150.0 ], [ 73.4315583068704, 32.1977724895088, 150.0 ], [ 73.431401035229698, 32.197616242195899, 150.0 ], [ 73.431309016597893, 32.197474930823397, 150.0 ], [ 73.431176064423894, 32.197353201289303, 150.0 ], [ 73.431043305604106, 32.1972316498208, 150.0 ], [ 73.430779106370693, 32.197082851592398, 150.0 ], [ 73.430658498291095, 32.197026056707202, 150.0 ], [ 73.430452638978196, 32.196917033694199, 150.0 ], [ 73.430398007861797, 32.196874034409198, 150.0 ], [ 73.430175238596505, 32.1967064286588, 150.0 ], [ 73.429997847322895, 32.196609098631001, 150.0 ], [ 73.429855942397893, 32.196516453171903, 150.0 ], [ 73.429683829245405, 32.1964148900352, 150.0 ], [ 73.429434642394895, 32.196328486770298, 150.0 ], [ 73.429337512915893, 32.196306435393801, 150.0 ], [ 73.429013982709193, 32.196232731455403, 150.0 ], [ 73.428628512595793, 32.196142414340997, 150.0 ], [ 73.428476446231102, 32.196078279189301, 150.0 ], [ 73.428248584104907, 32.196027606888599, 150.0 ], [ 73.427901727283, 32.195919691840302, 150.0 ], [ 73.427718427463503, 32.195847631862797, 150.0 ], [ 73.427438969432998, 32.195753096028596, 150.0 ], [ 73.427159000587395, 32.195658971184599, 150.0 ], [ 73.427029760814904, 32.1956294572337, 150.0 ], [ 73.426878803314196, 32.195565052285403, 150.0 ], [ 73.426609402402093, 32.1954436770841, 150.0 ], [ 73.426458578900295, 32.195379365665197, 150.0 ], [ 73.426307508984394, 32.195315215225001, 150.0 ], [ 73.426198828613096, 32.195231318370702, 150.0 ], [ 73.426025544543293, 32.195132810231101, 150.0 ], [ 73.425823173700607, 32.195025826880503, 150.0 ], [ 73.425630672018002, 32.194892098591502, 150.0 ], [ 73.425522894566001, 32.194808335736198, 150.0 ], [ 73.425372183479595, 32.1947445171458, 150.0 ], [ 73.425101092741301, 32.194624926199403, 150.0 ], [ 73.425047436490004, 32.194583081643898, 150.0 ], [ 73.424951152373893, 32.194560943033103, 150.0 ], [ 73.424503056171105, 32.194457282677497, 150.0 ], [ 73.4243534710359, 32.194393306705798, 150.0 ], [ 73.424157483580998, 32.194350037624197, 150.0 ], [ 73.423963556472998, 32.194306162399499, 150.0 ], [ 73.423652646452496, 32.1942056110002, 150.0 ], [ 73.423524020916901, 32.194176187880799, 150.0 ], [ 73.423277545522396, 32.194090383564401, 150.0 ], [ 73.423116793505301, 32.194053610285899, 150.0 ], [ 73.422967561803603, 32.193989739534899, 150.0 ], [ 73.422849371101705, 32.193933518417197, 150.0 ], [ 73.422731631859406, 32.1938772190584, 150.0 ], [ 73.422549557815898, 32.193806263448302, 150.0 ], [ 73.422346483703294, 32.193701098526901, 150.0 ], [ 73.422216970536795, 32.193671914627203, 150.0 ], [ 73.422064875393701, 32.193608802904002, 150.0 ], [ 73.421874784793502, 32.1934766223483, 150.0 ], [ 73.421701179665803, 32.193317012470203, 150.0 ], [ 73.421581898985494, 32.193261281482997, 150.0 ], [ 73.421507894673695, 32.193185829262703, 150.0 ], [ 73.421380960762804, 32.193069096361697, 150.0 ], [ 73.421242984975805, 32.192979134479501, 150.0 ], [ 73.4210519330003, 32.192848060989299, 150.0 ], [ 73.420847812976305, 32.192743895214598, 150.0 ], [ 73.4206442019684, 32.192639749225101, 150.0 ], [ 73.420494606940593, 32.192576730131996, 150.0 ], [ 73.420168632376502, 32.192442858850903, 150.0 ], [ 73.419971189818597, 32.192338373816902, 150.0 ], [ 73.419729370214299, 32.192253255683198, 150.0 ], [ 73.419614010578201, 32.192197505810299, 150.0 ], [ 73.4194863419212, 32.192168277843798, 150.0 ], [ 73.419370285310507, 32.192112617903, 150.0 ], [ 73.419124709238005, 32.192027908960902, 150.0 ], [ 73.419006441194398, 32.191972432481798, 150.0 ], [ 73.418843086539297, 32.191936098072503, 150.0 ], [ 73.418649028130204, 32.191892418000698, 150.0 ], [ 73.418434626157094, 32.191815032237997, 150.0 ], [ 73.418252495456301, 32.191744945373003, 150.0 ], [ 73.418070386339295, 32.191674863903899, 150.0 ], [ 73.417884777060905, 32.191544697829599, 150.0 ], [ 73.417760979085998, 32.191515376333598, 150.0 ], [ 73.4175699190166, 32.191351572017503, 150.0 ], [ 73.417429966519805, 32.191314696216303, 150.0 ], [ 73.417281331967999, 32.191218402207497, 150.0 ], [ 73.417179153695002, 32.191163038143799, 150.0 ], [ 73.417022732812896, 32.191100734911103, 150.0 ], [ 73.416954888857106, 32.191086244134901, 150.0 ], [ 73.4168279360605, 32.191031164256898, 150.0 ], [ 73.416590901748705, 32.190954211068103, 150.0 ], [ 73.416385249279898, 32.190851066023903, 150.0 ], [ 73.4162680730132, 32.190795876428602, 150.0 ], [ 73.416098368245201, 32.190699988913401, 150.0 ], [ 73.415983203761897, 32.190644828096403, 150.0 ], [ 73.415805479739205, 32.190575159416099, 150.0 ], [ 73.415641269828797, 32.190479546194098, 150.0 ], [ 73.415432147775405, 32.190402698226002, 150.0 ], [ 73.415411726869806, 32.190369436800097, 150.0 ], [ 73.415162529227402, 32.190285149639998, 150.0 ], [ 73.4150174029309, 32.1902228850781, 150.0 ], [ 73.414803720415406, 32.190145959768302, 150.0 ], [ 73.414555873554804, 32.1900616663129, 150.0 ], [ 73.414398777281804, 32.1900254137419, 150.0 ], [ 73.414190751502005, 32.189948705168703, 150.0 ], [ 73.413971328613997, 32.189897979808002, 150.0 ], [ 73.413719235154602, 32.189839969039397, 150.0 ], [ 73.413358595323004, 32.189785939569497, 150.0 ], [ 73.413200614117102, 32.189749656421597, 150.0 ], [ 73.4129790328561, 32.1896988312361, 150.0 ], [ 73.412839327672899, 32.189695599072699, 150.0 ], [ 73.412641626110201, 32.1897367619421, 150.0 ], [ 73.412520256304802, 32.189766665299402, 150.0 ], [ 73.412356446592796, 32.189874109102902, 150.0 ], [ 73.412255079508398, 32.189996352149997, 150.0 ], [ 73.412155470598506, 32.190204536210402, 150.0 ], [ 73.412117204445494, 32.190282724168398, 150.0 ], [ 73.412117455356295, 32.190427872048701, 150.0 ], [ 73.412104898122607, 32.190599467191703, 150.0 ], [ 73.412079479684294, 32.190797682267302, 150.0 ], [ 73.412060323225404, 32.190910123603402, 150.0 ], [ 73.4120411406861, 32.191022728616097, 150.0 ], [ 73.412028451252098, 32.191195613386903, 150.0 ], [ 73.412054517202293, 32.191289494514599, 150.0 ], [ 73.412041664990895, 32.191462951254302, 150.0 ], [ 73.412054785200198, 32.191583692433497, 150.0 ], [ 73.412074499238798, 32.191765125260403, 150.0 ], [ 73.412042806230602, 32.191905546304, 150.0 ], [ 73.412062520269203, 32.192087681501299, 150.0 ], [ 73.412075690840496, 32.192209324700599, 150.0 ], [ 73.412088343402402, 32.192479977468999, 150.0 ], [ 73.412106476432797, 32.192663476938002, 150.0 ], [ 73.412106288474504, 32.192812956852499, 150.0 ], [ 73.412138903287797, 32.192970107084797, 150.0 ], [ 73.412119253101096, 32.1930856591759, 150.0 ], [ 73.412119201839701, 32.193235900816198, 150.0 ], [ 73.412119147880404, 32.193386419447698, 150.0 ], [ 73.412020424802805, 32.193817336800699, 150.0 ], [ 73.4119876400176, 32.194113320773198, 150.0 ], [ 73.411964033713204, 32.194472536078699, 150.0 ], [ 73.411946207351704, 32.1947429667146, 150.0 ], [ 73.411927247844304, 32.194860937982, 150.0 ], [ 73.411828811650395, 32.195145542832599, 150.0 ] ] ] ] } },
{ "type": "Feature", "properties": { "Name": "J3", "district": "Jhang", "province": "Punjab", "area_km2": 6.5253435405499998, "volume_MAF": 0.0322489501, "River": "Jhelum", "Shape_Leng": 0.09780813934, "Shape_Area": 0.00061730813 }, "geometry": { "type": "MultiPolygon", "coordinates": [ [ [ [ 72.1133623597851, 31.170585896122201, 150.0 ], [ 72.114118754377003, 31.171168586661, 150.0 ], [ 72.114402478791405, 31.171275103263401, 150.0 ], [ 72.114497958913702, 31.171337549488399, 150.0 ], [ 72.114688070198298, 31.171463339461599, 150.0 ], [ 72.114820204888602, 31.171535709705299, 150.0 ], [ 72.115063451717006, 31.1716363897077, 150.0 ], [ 72.115195491978497, 31.171709131371401, 150.0 ], [ 72.115367651895696, 31.1717888310897, 150.0 ], [ 72.115725505627694, 31.171915429553501, 150.0 ], [ 72.115934763478606, 31.1720048041784, 150.0 ], [ 72.116235596595601, 31.172076546695301, 150.0 ], [ 72.1164076360037, 31.1721568093893, 150.0 ], [ 72.116654156364305, 31.172255816652701, 150.0 ], [ 72.116879026446, 31.172310409098099, 150.0 ], [ 72.117129028981495, 31.172406389243498, 150.0 ], [ 72.117372751551301, 31.172508463195101, 150.0 ], [ 72.117520924750906, 31.172546637617302, 150.0 ], [ 72.117764197659696, 31.1726495488377, 150.0 ], [ 72.118196683430298, 31.1727967903396, 150.0 ], [ 72.118953647292997, 31.173060351953701, 150.0 ], [ 72.119387936204404, 31.173206896481101, 150.0 ], [ 72.1197937130095, 31.173226484614599, 150.0 ], [ 72.120019045342701, 31.173281121126902, 150.0 ], [ 72.120573901864105, 31.173337623732401, 150.0 ], [ 72.120851707840103, 31.173365130396501, 150.0 ], [ 72.121001549282099, 31.173401831729201, 150.0 ], [ 72.121280163748594, 31.173428054161398, 150.0 ], [ 72.121617593876906, 31.1735101137008, 150.0 ], [ 72.121956246183899, 31.1735905913328, 150.0 ], [ 72.122142494880293, 31.173637763472101, 150.0 ], [ 72.122329628509604, 31.173683799767598, 150.0 ], [ 72.122517605702996, 31.1737287038167, 150.0 ], [ 72.122779816535299, 31.173792865947998, 150.0 ], [ 72.123155214241805, 31.1738834006985, 150.0 ], [ 72.123567257523007, 31.173984266860501, 150.0 ], [ 72.123981755953295, 31.174081439506899, 150.0 ], [ 72.124208324854393, 31.174133613675401, 150.0 ], [ 72.124585156080201, 31.1742216123376, 150.0 ], [ 72.124983532364197, 31.174358488253699, 150.0 ], [ 72.125317834650403, 31.174445925739001, 150.0 ], [ 72.125716557173405, 31.174583140699401, 150.0 ], [ 72.126040474088697, 31.174702205542399, 150.0 ], [ 72.126339987000804, 31.174776551596601, 150.0 ], [ 72.126762993017806, 31.174960890133001, 150.0 ], [ 72.127087456720801, 31.175080472985499, 150.0 ], [ 72.127374662410801, 31.175190764941899, 150.0 ], [ 72.127724184823293, 31.175356295057, 150.0 ], [ 72.128037193861502, 31.175511315694699, 150.0 ], [ 72.128250329589093, 31.175602501554199, 150.0 ], [ 72.128387956439099, 31.175676234270799, 150.0 ], [ 72.128713841071004, 31.175796092315899, 150.0 ], [ 72.128927028959296, 31.175888272825599, 150.0 ], [ 72.1291027753728, 31.175971061715199, 150.0 ], [ 72.129178202412206, 31.175989222624601, 150.0 ], [ 72.129442121956401, 31.176052971967099, 150.0 ], [ 72.129708388731203, 31.176110045642101, 150.0 ], [ 72.129859993743807, 31.1761440256263, 150.0 ], [ 72.130797366105597, 31.1762624456554, 150.0 ], [ 72.131537187091595, 31.1763597774818, 150.0 ], [ 72.131725221841606, 31.176405889320399, 150.0 ], [ 72.131999953934795, 31.176434479667499, 150.0 ], [ 72.132625199493404, 31.176505695181699, 150.0 ], [ 72.132813180284103, 31.176551406822, 150.0 ], [ 72.133012617538299, 31.176559973763801, 150.0 ], [ 72.1333735820252, 31.1765679561463, 150.0 ], [ 72.133745387839397, 31.176538632851699, 150.0 ], [ 72.134030433357907, 31.176528042435301, 150.0 ], [ 72.134251034357803, 31.176463443233398, 150.0 ], [ 72.134557531404994, 31.176377339442698, 150.0 ], [ 72.134788572634605, 31.176272667349799, 150.0 ], [ 72.135018617415298, 31.176171500814199, 150.0 ], [ 72.1352699599407, 31.175993628403301, 150.0 ], [ 72.135509742580595, 31.175853112930898, 150.0 ], [ 72.135759331428105, 31.175676166821699, 150.0 ], [ 72.135912414926096, 31.1755603611218, 150.0 ], [ 72.136065179164703, 31.175444796440299, 150.0 ], [ 72.136386251524399, 31.175294378532801, 150.0 ], [ 72.136679778548995, 31.1750958073257, 150.0 ], [ 72.1368311803148, 31.1749785195431, 150.0 ], [ 72.136982234042904, 31.174861801031302, 150.0 ], [ 72.137142934798604, 31.174709901041101, 150.0 ], [ 72.137359865665303, 31.174494696872799, 150.0 ], [ 72.137463055675497, 31.174404353678, 150.0 ], [ 72.137556201157807, 31.174349877245099, 150.0 ], [ 72.137781303264603, 31.1740996085102, 150.0 ], [ 72.137847160617994, 31.1740025419838, 150.0 ], [ 72.138024722762793, 31.1737848619819, 150.0 ], [ 72.138145963065796, 31.1736294123675, 150.0 ], [ 72.138240052836196, 31.173427705224501, 150.0 ], [ 72.138360595265297, 31.173270556790801, 150.0 ], [ 72.138471294614604, 31.173148724733899, 150.0 ], [ 72.138610135549399, 31.172923512010499, 150.0 ], [ 72.138748356851195, 31.172697680553501, 150.0 ], [ 72.138813850878606, 31.172454290733, 150.0 ], [ 72.138943074463398, 31.172119290572901, 150.0 ], [ 72.139062312875495, 31.171821112254602, 150.0 ], [ 72.139235178760501, 31.171465741550801, 150.0 ], [ 72.139433444198204, 31.171153709176401, 150.0 ], [ 72.139514496496901, 31.1709941280766, 150.0 ], [ 72.139621730758293, 31.170731015224199, 150.0 ], [ 72.139711046927303, 31.170539176341901, 150.0 ], [ 72.1398532962926, 31.170290456239599, 150.0 ], [ 72.139941560254798, 31.169955993874101, 150.0 ], [ 72.140056024166299, 31.169807035566301, 150.0 ], [ 72.140135055688305, 31.169650612885501, 150.0 ], [ 72.140336387814102, 31.169316074077599, 150.0 ], [ 72.140458587693701, 31.169138492147699, 150.0 ], [ 72.140641167156204, 31.168873166063801, 150.0 ], [ 72.140779384860807, 31.168632057823299, 150.0 ], [ 72.140943345658897, 31.168432583696799, 150.0 ], [ 72.141063334105596, 31.1682564532728, 150.0 ], [ 72.141148664479303, 31.168074381927202, 150.0 ], [ 72.141198751321397, 31.167883225630401, 150.0 ], [ 72.141257098436398, 31.167660845771501, 150.0 ], [ 72.141314878978605, 31.167437922722002, 150.0 ], [ 72.141380623017398, 31.167184301314499, 150.0 ], [ 72.1414458886169, 31.166931125970699, 150.0 ], [ 72.141459274126206, 31.166602381494801, 150.0 ], [ 72.141499082616605, 31.166316430359, 150.0 ], [ 72.141510447349305, 31.165984254969398, 150.0 ], [ 72.141473465428106, 31.165714049164102, 150.0 ], [ 72.141496495267106, 31.165492571325199, 150.0 ], [ 72.141519477442003, 31.165271700528599, 150.0 ], [ 72.141575185046804, 31.164932197462999, 150.0 ], [ 72.141630592278105, 31.164718377351299, 150.0 ], [ 72.141636931599194, 31.1645596227285, 150.0 ], [ 72.141641429108702, 31.164272864900902, 150.0 ], [ 72.141688711864603, 31.1640920265259, 150.0 ], [ 72.141694034951797, 31.163810180795299, 150.0 ], [ 72.141690933190105, 31.163557882290501, 150.0 ], [ 72.141663428324605, 31.1633932065313, 150.0 ], [ 72.141603130580094, 31.163222029572999, 150.0 ], [ 72.141576109549902, 31.163058940218001, 150.0 ], [ 72.141473038250197, 31.1627838205169, 150.0 ], [ 72.141387637729295, 31.1625759062531, 150.0 ], [ 72.141268890347106, 31.1623592083109, 150.0 ], [ 72.141168374021305, 31.162211053997002, 150.0 ], [ 72.141035157446595, 31.162055608879299, 150.0 ], [ 72.1408692541128, 31.161892600463201, 150.0 ], [ 72.140522280379002, 31.161625095321899, 150.0 ], [ 72.140126735160806, 31.161406482723098, 150.0 ], [ 72.1400444112207, 31.1613252793382, 150.0 ], [ 72.1398717638709, 31.161191612203201, 150.0 ], [ 72.139699353042801, 31.161057952262802, 150.0 ], [ 72.139469884727504, 31.1608800501742, 150.0 ], [ 72.139355496359101, 31.160792143242901, 150.0 ], [ 72.139135072525605, 31.1605860186299, 150.0 ], [ 72.138915299801297, 31.1603803247922, 150.0 ], [ 72.138777187317402, 31.1602560330895, 150.0 ], [ 72.138574051151593, 31.160116305423202, 150.0 ], [ 72.138460559407307, 31.160028364317601, 150.0 ], [ 72.138240695851493, 31.159944803809701, 150.0 ], [ 72.138062234384705, 31.1598420454741, 150.0 ], [ 72.137866570685702, 31.159794500116199, 150.0 ], [ 72.137549247599694, 31.159686797307899, 150.0 ], [ 72.137208475590697, 31.159542847324602, 150.0 ], [ 72.137054513455098, 31.1594751706427, 150.0 ], [ 72.136859022425995, 31.159428217937901, 150.0 ], [ 72.136527407314105, 31.1592596804899, 150.0 ], [ 72.136122153014995, 31.159102490687498, 150.0 ], [ 72.135926864333399, 31.1590551917437, 150.0 ], [ 72.135749955995706, 31.1589526924129, 150.0 ], [ 72.135684887347693, 31.158936931793999, 150.0 ], [ 72.1353316228561, 31.158732235304502, 150.0 ], [ 72.135132199991105, 31.158594361140899, 150.0 ], [ 72.135021000618707, 31.158507960573999, 150.0 ], [ 72.134877568644896, 31.158413627986601, 150.0 ], [ 72.134702270993003, 31.1583107779201, 150.0 ], [ 72.134605238640901, 31.158286787605199, 150.0 ], [ 72.134462557600997, 31.1581920782019, 150.0 ], [ 72.134310545195504, 31.1581247594501, 150.0 ], [ 72.134103669648695, 31.158014230972, 150.0 ], [ 72.133906032837203, 31.157877511538, 150.0 ], [ 72.133699367731694, 31.157767720504001, 150.0 ], [ 72.133557648066997, 31.157673643323999, 150.0 ], [ 72.133383355857205, 31.1575722924274, 150.0 ], [ 72.133208358578898, 31.157472045898299, 150.0 ], [ 72.133131026775501, 31.1573945782972, 150.0 ], [ 72.1330213760357, 31.157309573478098, 150.0 ], [ 72.132876980888, 31.157127895136298, 150.0 ], [ 72.132829814144699, 31.156969893246, 150.0 ], [ 72.132792074094993, 31.156785907243901, 150.0 ], [ 72.132767196149203, 31.1566633952995, 150.0 ], [ 72.132793984255002, 31.156495681630499, 150.0 ], [ 72.132776374630097, 31.1562598470144, 150.0 ], [ 72.132835130936598, 31.1561009637885, 150.0 ], [ 72.132852150606297, 31.155961140794101, 150.0 ], [ 72.132891156002103, 31.155855758236701, 150.0 ], [ 72.132949414084194, 31.155698146652199, 150.0 ], [ 72.132988080435595, 31.155593356748099, 150.0 ], [ 72.133077674495198, 31.155444259045399, 150.0 ], [ 72.133135485614204, 31.155287838163201, 150.0 ], [ 72.133244029288605, 31.1550876202975, 150.0 ], [ 72.133291953261093, 31.154958118822201, 150.0 ], [ 72.133370338170593, 31.154836974746601, 150.0 ], [ 72.133440193909905, 31.154741316558599, 150.0 ], [ 72.133498047297095, 31.154586679931398, 150.0 ], [ 72.133626867086306, 31.154422641791498, 150.0 ], [ 72.133714283887201, 31.154276945324799, 150.0 ], [ 72.133783229512503, 31.154182441866201, 150.0 ], [ 72.133860858991497, 31.154062958838601, 150.0 ], [ 72.133929057280199, 31.153969077710801, 150.0 ], [ 72.134006705645007, 31.153849973297699, 150.0 ], [ 72.134065689480096, 31.153781676982899, 150.0 ], [ 72.134111843586794, 31.153655466126899, 150.0 ], [ 72.134176274615399, 31.153479283542101, 150.0 ], [ 72.134222186804493, 31.153353798439099, 150.0 ], [ 72.134295534611297, 31.153153639029298, 150.0 ], [ 72.1343590546267, 31.152979172350999, 150.0 ], [ 72.134377435869993, 31.1529294182581, 150.0 ], [ 72.134431773807407, 31.152780441963898, 150.0 ], [ 72.134455204744, 31.152624421280098, 150.0 ], [ 72.134420622213995, 31.152535347928001, 150.0 ], [ 72.134395132729296, 31.152421766251599, 150.0 ], [ 72.134357086010795, 31.152251856438099, 150.0 ], [ 72.134248504564894, 31.152091907515601, 150.0 ], [ 72.134214247589497, 31.1520035815001, 150.0 ], [ 72.1341458820269, 31.151827317077, 150.0 ], [ 72.134111771641003, 31.1517393732735, 150.0 ], [ 72.133964247751905, 31.1515975591801, 150.0 ], [ 72.133890563598698, 31.151526747461499, 150.0 ], [ 72.133703564867702, 31.1514019800174, 150.0 ], [ 72.133599429669999, 31.1513238658038, 150.0 ], [ 72.133495387102499, 31.151245817240699, 150.0 ], [ 72.133400811698195, 31.151143779262, 150.0 ], [ 72.133205634532501, 31.1510437575634, 150.0 ], [ 72.132970847626595, 31.150960457858901, 150.0 ], [ 72.1328183289028, 31.150923434568899, 150.0 ], [ 72.132574267288604, 31.1508641701454, 150.0 ], [ 72.132482763968397, 31.150841964085402, 150.0 ], [ 72.1321168451163, 31.150753165925899, 150.0 ], [ 72.131903179687995, 31.1507013110167, 150.0 ], [ 72.131720507595404, 31.150656957352702, 150.0 ], [ 72.131629024959594, 31.150634732406999, 150.0 ], [ 72.131506690181695, 31.1506050008202, 150.0 ], [ 72.131201493554201, 31.1505309218646, 150.0 ], [ 72.131170984953002, 31.150523515048199, 150.0 ], [ 72.130804574171805, 31.150434529829699, 150.0 ], [ 72.130540797619702, 31.150423108439799, 150.0 ], [ 72.130469920250704, 31.150432234759901, 150.0 ], [ 72.130236415778, 31.1504282444679, 150.0 ], [ 72.130043187443206, 31.150407697657201, 150.0 ], [ 72.129880437132499, 31.150394561260001, 150.0 ], [ 72.129575200934795, 31.150399668509898, 150.0 ], [ 72.129442735294006, 31.150393932634, 150.0 ], [ 72.129371360599905, 31.150403050860199, 150.0 ], [ 72.129167362883507, 31.1504064422036, 150.0 ], [ 72.128993941217502, 31.150417312309202, 150.0 ], [ 72.128738332308302, 31.1504613395193, 150.0 ], [ 72.128625633766006, 31.150487092505401, 150.0 ], [ 72.1284822332685, 31.150505445869701, 150.0 ], [ 72.128195038370393, 31.150542202960398, 150.0 ], [ 72.128040558225194, 31.1505846968263, 150.0 ], [ 72.127751970277203, 31.150621484494, 150.0 ], [ 72.127483018126796, 31.150690036216201, 150.0 ], [ 72.127254953653207, 31.1507419882522, 150.0 ], [ 72.1271097059482, 31.150760470219598, 150.0 ], [ 72.126922936544403, 31.150795823468499, 150.0 ], [ 72.126682766296696, 31.150872294620701, 150.0 ], [ 72.126525976692506, 31.150915256134201, 150.0 ], [ 72.126399847674904, 31.150965791737999, 150.0 ], [ 72.1262003168912, 31.151025754035299, 150.0 ], [ 72.126073720226103, 31.1510764605103, 150.0 ], [ 72.125788737660201, 31.151170542186801, 150.0 ], [ 72.125461950108999, 31.1512821183751, 150.0 ], [ 72.125335816594699, 31.1513333923223, 150.0 ], [ 72.125152151650497, 31.151370160204799, 150.0 ], [ 72.1249598783957, 31.151431905857802, 150.0 ], [ 72.124719231507399, 31.151484411876101, 150.0 ], [ 72.124508202891306, 31.151544584614999, 150.0 ], [ 72.124316639201595, 31.151580907333098, 150.0 ], [ 72.124069920090804, 31.151659307531101, 150.0 ], [ 72.123866261418897, 31.151720707844401, 150.0 ], [ 72.123600122347895, 31.151767029225098, 150.0 ], [ 72.123312108167298, 31.1518635039976, 150.0 ], [ 72.123107858640793, 31.1519253431801, 150.0 ], [ 72.122989563617494, 31.151952465833698, 150.0 ], [ 72.122709129822596, 31.152024211048602, 150.0 ], [ 72.1224824431103, 31.1520534929743, 150.0 ], [ 72.122233407345902, 31.152133231363599, 150.0 ], [ 72.122038699626302, 31.152170384156001, 150.0 ], [ 72.121831293479502, 31.152232801602601, 150.0 ], [ 72.121534769913794, 31.152330491359098, 150.0 ], [ 72.121338708714504, 31.152367896861001, 150.0 ], [ 72.1212503916923, 31.152403171868901, 150.0 ], [ 72.120920916067504, 31.1524936724451, 150.0 ], [ 72.120665980750502, 31.152574418075002, 150.0 ], [ 72.120513140968697, 31.1525944450776, 150.0 ], [ 72.120317265029797, 31.152632250777799, 150.0 ], [ 72.120031305800197, 31.152705668731699, 150.0 ], [ 72.119879000215704, 31.152725801854299, 150.0 ], [ 72.119713321712496, 31.152771519789798, 150.0 ], [ 72.119545353535301, 31.152817302476599, 150.0 ], [ 72.119330935374407, 31.1528810500205, 150.0 ], [ 72.119085969042303, 31.152937159622301, 150.0 ], [ 72.118827245780807, 31.153019120236301, 150.0 ], [ 72.118535695466093, 31.153093504961401, 150.0 ], [ 72.118257435332495, 31.1531422230352, 150.0 ], [ 72.117997993512603, 31.1532247133499, 150.0 ], [ 72.117874819667193, 31.153253077067902, 150.0 ], [ 72.117673803203502, 31.153291767700999, 150.0 ], [ 72.117472497158104, 31.153330511394, 150.0 ], [ 72.117348831383495, 31.153358981232, 150.0 ], [ 72.117056179399199, 31.1534342023267, 150.0 ], [ 72.116850123134697, 31.1534732167156, 150.0 ], [ 72.116584212491503, 31.1535566908886, 150.0 ], [ 72.116411218003293, 31.153603745216699, 150.0 ], [ 72.116146008831294, 31.153687518863901, 150.0 ], [ 72.115913025066106, 31.153779330651599, 150.0 ], [ 72.115647976872694, 31.153863458631701, 150.0 ], [ 72.115288679728806, 31.153984758290001, 150.0 ], [ 72.114973270400199, 31.154088057118202, 150.0 ], [ 72.114911900663699, 31.154133078079202, 150.0 ], [ 72.114643525878094, 31.154218075703699, 150.0 ], [ 72.114486363954597, 31.154300574112298, 150.0 ], [ 72.114392759818102, 31.154337815937499, 150.0 ], [ 72.114078153584003, 31.154441896276499, 150.0 ], [ 72.113746628404201, 31.154573089376601, 150.0 ], [ 72.113377881184306, 31.154697007860602, 150.0 ], [ 72.1131716234717, 31.154799365997999, 150.0 ], [ 72.112819566769602, 31.154958931809301, 150.0 ], [ 72.112353657695195, 31.155184533039801, 150.0 ], [ 72.111901669226697, 31.155446813120001, 150.0 ], [ 72.111577449240002, 31.155680178197699, 150.0 ], [ 72.111319530871697, 31.1558674647118, 150.0 ], [ 72.111071914237499, 31.156092038017199, 150.0 ], [ 72.110784253490607, 31.156335967431001, 150.0 ], [ 72.110671364292102, 31.156466798104301, 150.0 ], [ 72.110527264121998, 31.156653657440401, 150.0 ], [ 72.110398729417895, 31.156813136916799, 150.0 ], [ 72.110264053243498, 31.157038649114401, 150.0 ], [ 72.110183561222399, 31.157179338155998, 150.0 ], [ 72.110084774292901, 31.157349118467099, 150.0 ], [ 72.109987272494706, 31.1575192405206, 150.0 ], [ 72.109907570977697, 31.157726455111899, 150.0 ], [ 72.109827577180994, 31.157934415241101, 150.0 ], [ 72.109697041485305, 31.158163526525598, 150.0 ], [ 72.109665055298095, 31.1582868361686, 150.0 ], [ 72.109632127520698, 31.158344417960599, 150.0 ], [ 72.109550270328796, 31.158554839534201, 150.0 ], [ 72.109433356664098, 31.158757814721401, 150.0 ], [ 72.109384414659104, 31.158911471986901, 150.0 ], [ 72.109335752343199, 31.1590654449144, 150.0 ], [ 72.109269256471094, 31.159182256056301, 150.0 ], [ 72.109217467212403, 31.159337551886601, 150.0 ], [ 72.109181189460401, 31.159464193517699, 150.0 ], [ 72.109055132388505, 31.159739971522502, 150.0 ], [ 72.108967469173393, 31.159888689711298, 150.0 ], [ 72.108891230046297, 31.160103020638001, 150.0 ], [ 72.108804226034195, 31.160252415116901, 150.0 ], [ 72.108767981557193, 31.160380960612901, 150.0 ], [ 72.108698197763701, 31.160501097447799, 150.0 ], [ 72.108647199009098, 31.160659554395, 150.0 ], [ 72.108583586363494, 31.1608472662884, 150.0 ], [ 72.108498684966406, 31.160997938704, 150.0 ], [ 72.108515833239196, 31.161036791215, 150.0 ], [ 72.108396213514496, 31.161317765502499, 150.0 ], [ 72.108362403502198, 31.161517396111002, 150.0 ], [ 72.108310816591001, 31.161678539333199, 150.0 ], [ 72.108259284538406, 31.1619802178129, 150.0 ], [ 72.108206883740806, 31.162213008223802, 150.0 ], [ 72.108171574558597, 31.162415866499099, 150.0 ], [ 72.108100836584399, 31.162610779264099, 150.0 ], [ 72.108083218865502, 31.1627836532431, 150.0 ], [ 72.108047354801599, 31.163131034369801, 150.0 ], [ 72.108065296276393, 31.163242527820401, 150.0 ], [ 72.108028273885793, 31.163449240590001, 150.0 ], [ 72.1080091641916, 31.1636249501314, 150.0 ], [ 72.107972086942297, 31.163832916555901, 150.0 ], [ 72.107970848575903, 31.163977850397501, 150.0 ], [ 72.107934998001795, 31.164113981675001, 150.0 ], [ 72.107936565520205, 31.164331175143701, 150.0 ], [ 72.107920690687394, 31.164435173644399, 150.0 ], [ 72.107907500330995, 31.164684294844399, 150.0 ], [ 72.107850269274493, 31.1649287674487, 150.0 ], [ 72.107829565981703, 31.165109146270101, 150.0 ], [ 72.107810193685594, 31.1652157626974, 150.0 ], [ 72.107827202563399, 31.1654790626087, 150.0 ], [ 72.107789987717794, 31.165692992437702, 150.0 ], [ 72.107771628058202, 31.165800107988598, 150.0 ], [ 72.107715888977197, 31.166197553474401, 150.0 ], [ 72.107715483382904, 31.166422499099099, 150.0 ], [ 72.107715211787607, 31.166572890026899, 150.0 ], [ 72.107788728666904, 31.1667410389678, 150.0 ], [ 72.107860445103498, 31.166986214842002, 150.0 ], [ 72.107950924095903, 31.1671226761706, 150.0 ], [ 72.108041562268298, 31.167259380316199, 150.0 ], [ 72.108315427415107, 31.167517522615601, 150.0 ], [ 72.108461425154701, 31.167630186084299, 150.0 ], [ 72.108647863608098, 31.167750169135001, 150.0 ], [ 72.108941808817505, 31.1679756228767, 150.0 ], [ 72.109228260875597, 31.168153057317799, 150.0 ], [ 72.109465387817494, 31.168328676027599, 150.0 ], [ 72.109631848730899, 31.1684852533918, 150.0 ], [ 72.109761815155693, 31.168632979628299, 150.0 ], [ 72.109910154729903, 31.168746627854699, 150.0 ], [ 72.110124325577203, 31.168907150544602, 150.0 ], [ 72.110333601414695, 31.169070871223798, 150.0 ], [ 72.110518818588702, 31.169194453361399, 150.0 ], [ 72.110777731607101, 31.169336596606701, 150.0 ], [ 72.111166731559507, 31.169550157713701, 150.0 ], [ 72.111519611141205, 31.169754953128599, 150.0 ], [ 72.111841019847205, 31.169947822634001, 150.0 ], [ 72.112047800065994, 31.170035986771399, 150.0 ], [ 72.112237743177403, 31.170158764915101, 150.0 ], [ 72.1127257297087, 31.1703538620412, 150.0 ], [ 72.113102069904599, 31.170522356321701, 150.0 ], [ 72.1133623597851, 31.170585896122201, 150.0 ] ] ] ] } },
{ "type": "Feature", "properties": { "Name": "C13", "district": "Jhang", "province": "Punjab", "area_km2": 2.7401407363199999, "volume_MAF": 0.01354207044, "River": "Chenab", "Shape_Leng": 0.0622531389, "Shape_Area": 0.00025941529 }, "geometry": { "type": "MultiPolygon", "coordinates": [ [ [ [ 72.211848606328203, 31.225549154569901, 150.0 ], [ 72.211007232098197, 31.2261164469165, 150.0 ], [ 72.210944016952894, 31.226257345500098, 150.0 ], [ 72.210843300977601, 31.226483347828299, 150.0 ], [ 72.210731108753706, 31.226738248971099, 150.0 ], [ 72.210607167786605, 31.2270223906709, 150.0 ], [ 72.210506964424994, 31.227250876027099, 150.0 ], [ 72.210474485409193, 31.227496825318301, 150.0 ], [ 72.210398660869501, 31.227669541915901, 150.0 ], [ 72.210319161699999, 31.227937718850701, 150.0 ], [ 72.210230123421496, 31.228140754292401, 150.0 ], [ 72.210166842625796, 31.228286013688699, 150.0 ], [ 72.210089775222997, 31.2284611512612, 150.0 ], [ 72.210000953681103, 31.2286655833501, 150.0 ], [ 72.209885214531099, 31.228929888703501, 150.0 ], [ 72.209807488824595, 31.2291068653896, 150.0 ], [ 72.209730350375395, 31.229284009349598, 150.0 ], [ 72.209640197836904, 31.229491270705601, 150.0 ], [ 72.209501844334696, 31.229720659880599, 150.0 ], [ 72.209314980502, 31.229972443073802, 150.0 ], [ 72.209166361238701, 31.230135431704898, 150.0 ], [ 72.209050746195004, 31.2303080988397, 150.0 ], [ 72.208913192190096, 31.2304425672707, 150.0 ], [ 72.208700676095404, 31.230659498137399, 150.0 ], [ 72.208535656795206, 31.2308555197665, 150.0 ], [ 72.208433091813802, 31.230999315066398, 150.0 ], [ 72.208282759341898, 31.231164864966601, 150.0 ], [ 72.208042899360393, 31.231444749275799, 150.0 ], [ 72.207917085105507, 31.231550893559, 150.0 ], [ 72.207828502783201, 31.2316647405354, 150.0 ], [ 72.207653168259199, 31.231793557626599, 150.0 ], [ 72.207482855549401, 31.2319945632985, 150.0 ], [ 72.207290754964404, 31.232156332448799, 150.0 ], [ 72.207134090365997, 31.2323270174779, 150.0 ], [ 72.206956197270799, 31.232457831064099, 150.0 ], [ 72.206863431302395, 31.2325748805264, 150.0 ], [ 72.206720679216005, 31.232714889680398, 150.0 ], [ 72.206628406076206, 31.232831950833901, 150.0 ], [ 72.206535486323702, 31.232949502117901, 150.0 ], [ 72.206401940597104, 31.233160832006799, 150.0 ], [ 72.206231207004606, 31.233364643563501, 150.0 ], [ 72.206046091453999, 31.2336006562454, 150.0 ], [ 72.205888784739699, 31.2337738836579, 150.0 ], [ 72.2057806979209, 31.233924925694801, 150.0 ], [ 72.2057005224612, 31.234012618587499, 150.0 ], [ 72.205526402921194, 31.234219923110999, 150.0 ], [ 72.205290213972305, 31.234558945938701, 150.0 ], [ 72.205231463960999, 31.234688484286199, 150.0 ], [ 72.205083842045696, 31.235013635970599, 150.0 ], [ 72.205008314282296, 31.235177725371798, 150.0 ], [ 72.204906251122594, 31.235405652249099, 150.0 ], [ 72.204818351385896, 31.235601706253799, 150.0 ], [ 72.204712390564495, 31.235833226821999, 150.0 ], [ 72.204630063026997, 31.236106091023299, 150.0 ], [ 72.204606458521297, 31.2362478682446, 150.0 ], [ 72.204552583734795, 31.236456596394898, 150.0 ], [ 72.2044837550213, 31.236699173228299, 150.0 ], [ 72.204429592451802, 31.236909279140001, 150.0 ], [ 72.204410769641399, 31.2371300752928, 150.0 ], [ 72.204356527931495, 31.237341371906801, 150.0 ], [ 72.204347337759501, 31.237452163886299, 150.0 ], [ 72.204351379312797, 31.237716842458401, 150.0 ], [ 72.204417323001095, 31.237845722502101, 150.0 ], [ 72.204489437837395, 31.238052513512699, 150.0 ], [ 72.204532987507406, 31.2381392117553, 150.0 ], [ 72.204606961242305, 31.238345540514299, 150.0 ], [ 72.2047108752068, 31.2384843652613, 150.0 ], [ 72.204851992325601, 31.238632720123999, 150.0 ], [ 72.204933539251499, 31.238728882831701, 150.0 ], [ 72.205112193173207, 31.238886915298998, 150.0 ], [ 72.205253599873799, 31.239036188369401, 150.0 ], [ 72.205395206223798, 31.2391857231427, 150.0 ], [ 72.205515089449904, 31.239291299054301, 150.0 ], [ 72.205769877278001, 31.239468407940699, 150.0 ], [ 72.205927329682595, 31.239583727107298, 150.0 ], [ 72.205987085135902, 31.239637094676301, 150.0 ], [ 72.206142168726203, 31.2397549877026, 150.0 ], [ 72.206328287920201, 31.239995852226901, 150.0 ], [ 72.206448148663199, 31.240103308620899, 150.0 ], [ 72.206530622790098, 31.240201585634701, 150.0 ], [ 72.206680849141904, 31.240433793285, 150.0 ], [ 72.206734852531497, 31.2406019988832, 150.0 ], [ 72.206903700245604, 31.240796818118699, 150.0 ], [ 72.206996669460807, 31.240974152734999, 150.0 ], [ 72.207089876996307, 31.2411517931208, 150.0 ], [ 72.207250587644594, 31.2412680538777, 150.0 ], [ 72.207343146768906, 31.241447387686801, 150.0 ], [ 72.207412596913898, 31.2415822527188, 150.0 ], [ 72.207543178475007, 31.241771885564098, 150.0 ], [ 72.207612891221999, 31.241907305477799, 150.0 ], [ 72.207705660787695, 31.242088615097501, 150.0 ], [ 72.207799515835106, 31.242269306882999, 150.0 ], [ 72.207908510969006, 31.242413988015201, 150.0 ], [ 72.208017090616295, 31.242559592751, 150.0 ], [ 72.208072737067198, 31.242732629507302, 150.0 ], [ 72.208204983273404, 31.242924752575298, 150.0 ], [ 72.208352198695096, 31.243080824520501, 150.0 ], [ 72.208423051782503, 31.2432184153976, 150.0 ], [ 72.208470351625493, 31.243310266755401, 150.0 ], [ 72.2085797145822, 31.243457676430701, 150.0 ], [ 72.208780705864996, 31.243587316401602, 150.0 ], [ 72.208852032894995, 31.2437258030035, 150.0 ], [ 72.209053622226904, 31.243855554490299, 150.0 ], [ 72.209241108390501, 31.244022097242102, 150.0 ], [ 72.209390332897598, 31.244179590116101, 150.0 ], [ 72.209525335525896, 31.244374413848199, 150.0 ], [ 72.209597803795603, 31.244513801570701, 150.0 ], [ 72.2096950744682, 31.244699325413599, 150.0 ], [ 72.209719497357, 31.244745659384701, 150.0 ], [ 72.209931964888298, 31.244961675640901, 150.0 ], [ 72.210033312187605, 31.245027888226499, 150.0 ], [ 72.210258250617798, 31.2452110000876, 150.0 ], [ 72.210407508399797, 31.245373344804101, 150.0 ], [ 72.210700994955005, 31.245606742257401, 150.0 ], [ 72.210895596554593, 31.245653249797702, 150.0 ], [ 72.211297465805401, 31.245827677805199, 150.0 ], [ 72.211569787715604, 31.245893138557602, 150.0 ], [ 72.212517284645003, 31.246079463696301, 150.0 ], [ 72.213451028242403, 31.246063793908998, 150.0 ], [ 72.213607542654003, 31.245979140724799, 150.0 ], [ 72.213801124422403, 31.245907022291298, 150.0 ], [ 72.213918212555498, 31.245813681656202, 150.0 ], [ 72.214022478154902, 31.245756662839799, 150.0 ], [ 72.214178881949906, 31.245670750604699, 150.0 ], [ 72.214335013250306, 31.245584989455701, 150.0 ], [ 72.214659602858404, 31.245376376418701, 150.0 ], [ 72.214917333268403, 31.245236377157099, 150.0 ], [ 72.2151601601133, 31.245137007467001, 150.0 ], [ 72.215365136292107, 31.245026065300699, 150.0 ], [ 72.215595880745397, 31.2449602610073, 150.0 ], [ 72.215926891512893, 31.244842473201601, 150.0 ], [ 72.216156770818401, 31.2447766527204, 150.0 ], [ 72.2164757882271, 31.244691173059302, 150.0 ], [ 72.216692800032803, 31.244661155488, 150.0 ], [ 72.216832788502401, 31.244613606532798, 150.0 ], [ 72.217097966198295, 31.244561239909299, 150.0 ], [ 72.217324857955902, 31.244499023910901, 150.0 ], [ 72.217564201726603, 31.244398243184399, 150.0 ], [ 72.217829240027498, 31.244342871926101, 150.0 ], [ 72.218055758566393, 31.2442784858635, 150.0 ], [ 72.2184075139957, 31.244206237028301, 150.0 ], [ 72.218620869157903, 31.244180125212701, 150.0 ], [ 72.218809184496294, 31.2441033348011, 150.0 ], [ 72.218983018051901, 31.244072193976599, 150.0 ], [ 72.219243574131696, 31.244025475994999, 150.0 ], [ 72.219456372613493, 31.243998114121698, 150.0 ], [ 72.219707033452906, 31.243978933381101, 150.0 ], [ 72.219880954242697, 31.243944776230499, 150.0 ], [ 72.220066271241507, 31.243873540031899, 150.0 ], [ 72.220277960859306, 31.243846922797299, 150.0 ], [ 72.220425310279893, 31.243765077296501, 150.0 ], [ 72.2205306856427, 31.2435561611879, 150.0 ], [ 72.220575609476796, 31.243411400915502, 150.0 ], [ 72.220642769048595, 31.243194968273201, 150.0 ], [ 72.220687437475306, 31.243050996706199, 150.0 ], [ 72.220814008959394, 31.2427727842366, 150.0 ], [ 72.220891385728905, 31.242523438206099, 150.0 ], [ 72.220956961594496, 31.242313136242299, 150.0 ], [ 72.221034232244094, 31.242063308175201, 150.0 ], [ 72.221077849363297, 31.241922870044402, 150.0 ], [ 72.221116726155998, 31.241669790028801, 150.0 ], [ 72.221134016521702, 31.241485615169001, 150.0 ], [ 72.221066325450593, 31.241318460878301, 150.0 ], [ 72.221061931363096, 31.241204734410999, 150.0 ], [ 72.220983567138006, 31.241072941463099, 150.0 ], [ 72.220916158454003, 31.240907005753701, 150.0 ], [ 72.220859685526094, 31.240707356259499, 150.0 ], [ 72.220762473309506, 31.240386237135201, 150.0 ], [ 72.220695608715403, 31.240221671093298, 150.0 ], [ 72.220665707156698, 31.2400662259756, 150.0 ], [ 72.220635789410196, 31.239911469738601, 150.0 ], [ 72.220569246773394, 31.239748102492999, 150.0 ], [ 72.220477109431101, 31.2395421910193, 150.0 ], [ 72.220322961135807, 31.2392852043487, 150.0 ], [ 72.220282616649499, 31.239165908379999, 150.0 ], [ 72.220227680663001, 31.238970461417701, 150.0 ], [ 72.220183816230204, 31.238741921202699, 150.0 ], [ 72.220154600854201, 31.238590160607501, 150.0 ], [ 72.220125522175195, 31.238438283999599, 150.0 ], [ 72.2200964902609, 31.238286838167099, 150.0 ], [ 72.220074814800896, 31.2379940036204, 150.0 ], [ 72.220031415317607, 31.237768660495401, 150.0 ], [ 72.220064013943201, 31.237669493152602, 150.0 ], [ 72.220056898507096, 31.237453841121901, 150.0 ], [ 72.220035443381093, 31.237164381730899, 150.0 ], [ 72.220089505226596, 31.2370006736422, 150.0 ], [ 72.220096664729297, 31.236861026914902, 150.0 ], [ 72.220172310303994, 31.236632425546102, 150.0 ], [ 72.220215328474694, 31.236502267565601, 150.0 ], [ 72.220301036563598, 31.236242999314999, 150.0 ], [ 72.220343748065602, 31.236113773032201, 150.0 ], [ 72.220418287474004, 31.235888253639999, 150.0 ], [ 72.220460768749504, 31.235759723432501, 150.0 ], [ 72.220549390641906, 31.235607970931099, 150.0 ], [ 72.220627239555498, 31.235488571540401, 150.0 ], [ 72.220715391102502, 31.235337605046499, 150.0 ], [ 72.220838794274997, 31.2351957666713, 150.0 ], [ 72.220926496160899, 31.235045551111298, 150.0 ], [ 72.221024357687995, 31.2348640652245, 150.0 ], [ 72.221146943376795, 31.2347233078344, 150.0 ], [ 72.221254888102607, 31.2345099122027, 150.0 ], [ 72.221351620980599, 31.234330870673201, 150.0 ], [ 72.221438122271607, 31.234182354831901, 150.0 ], [ 72.221524278222901, 31.234034883103401, 150.0 ], [ 72.221630518733505, 31.2338254750657, 150.0 ], [ 72.221746624806897, 31.2335853461868, 150.0 ], [ 72.2218071671671, 31.233399583124299, 150.0 ], [ 72.221927343572105, 31.233261983254, 150.0 ], [ 72.222062175329199, 31.232963071988301, 150.0 ], [ 72.222111823302001, 31.232810443547201, 150.0 ], [ 72.222205961635893, 31.2326362727458, 150.0 ], [ 72.222289986193999, 31.232492919912399, 150.0 ], [ 72.222418108109295, 31.2320978396436, 150.0 ], [ 72.222467247965199, 31.231946209450001, 150.0 ], [ 72.222525937721898, 31.231765219089699, 150.0 ], [ 72.222574604534401, 31.2316151842934, 150.0 ], [ 72.222588762561401, 31.2314572318658, 150.0 ], [ 72.222637330448507, 31.231307607160399, 150.0 ], [ 72.222655837596903, 31.2310228152508, 150.0 ], [ 72.222704144680606, 31.2308742976108, 150.0 ], [ 72.222718121943799, 31.2307179091043, 150.0 ], [ 72.222697890795104, 31.230553676710901, 150.0 ], [ 72.222687338150195, 31.230360365638401, 150.0 ], [ 72.222613929189507, 31.230247299273501, 150.0 ], [ 72.222550269779205, 31.230105113760001, 150.0 ], [ 72.222486622060003, 31.229963373411, 150.0 ], [ 72.2223937994344, 31.229688867047599, 150.0 ], [ 72.222354826414204, 31.2295851770144, 150.0 ], [ 72.222257758988505, 31.229436194424899, 150.0 ], [ 72.222151210909701, 31.229316430808701, 150.0 ], [ 72.2220786608016, 31.229205048874, 150.0 ], [ 72.222006216813497, 31.2290938279179, 150.0 ], [ 72.221851955203604, 31.228900535731199, 150.0 ], [ 72.221722206414796, 31.228744411625399, 150.0 ], [ 72.221558655707398, 31.228581181976001, 150.0 ], [ 72.221452984467703, 31.228462722376801, 150.0 ], [ 72.221290392437695, 31.228299247212501, 150.0 ], [ 72.221108349870505, 31.228193001306, 150.0 ], [ 72.220993500150001, 31.228103553836, 150.0 ], [ 72.220754129399594, 31.227953365255601, 150.0 ], [ 72.2206159485672, 31.227827631040402, 150.0 ], [ 72.220491494986604, 31.227766910614498, 150.0 ], [ 72.220377161476904, 31.227677849852999, 150.0 ], [ 72.220229342610097, 31.227580797715699, 150.0 ], [ 72.220081764761701, 31.227483757269599, 150.0 ], [ 72.219867467110006, 31.227370376142002, 150.0 ], [ 72.219629800574893, 31.227221115662001, 150.0 ], [ 72.219425814549794, 31.227080269239099, 150.0 ], [ 72.219302100211806, 31.227019876166398, 150.0 ], [ 72.219144982355104, 31.2269514188729, 150.0 ], [ 72.218964734834699, 31.226846941932902, 150.0 ], [ 72.218784648292996, 31.226742554925, 150.0 ], [ 72.218684438636004, 31.226718325390401, 150.0 ], [ 72.218438438982801, 31.226597381863701, 150.0 ], [ 72.218315813723905, 31.226536789141601, 150.0 ], [ 72.218126876953903, 31.226459904301201, 150.0 ], [ 72.217927231956295, 31.226411079207999, 150.0 ], [ 72.217604257530496, 31.226302392541399, 150.0 ], [ 72.217447720635803, 31.226234358828702, 150.0 ], [ 72.217213656784907, 31.226178074758401, 150.0 ], [ 72.216857714112294, 31.226061331065601, 150.0 ], [ 72.216668339372404, 31.225985230434102, 150.0 ], [ 72.216501596071893, 31.2259448598675, 150.0 ], [ 72.216046424902601, 31.225803893834701, 150.0 ], [ 72.215823904749499, 31.225719798230202, 150.0 ], [ 72.215623906318299, 31.225671398516301, 150.0 ], [ 72.215290268631094, 31.2255908084691, 150.0 ], [ 72.215223580303999, 31.225574677329501, 150.0 ], [ 72.215012788209705, 31.225553751904201, 150.0 ], [ 72.214768245458203, 31.225524765855301, 150.0 ], [ 72.214545741492799, 31.225531492784199, 150.0 ], [ 72.214322143951804, 31.225538449939599, 150.0 ], [ 72.213999093983006, 31.2255209032671, 150.0 ], [ 72.213809298360502, 31.2255357142019, 150.0 ], [ 72.213664268291396, 31.225530972076701, 150.0 ], [ 72.213507550632997, 31.225553895795699, 150.0 ], [ 72.213395899801, 31.225557241273702, 150.0 ], [ 72.213136276318195, 31.225556459762899, 150.0 ], [ 72.212958368833696, 31.2255433863183, 150.0 ], [ 72.212655826105603, 31.225561543630398, 150.0 ], [ 72.212510339180895, 31.225556762834401, 150.0 ], [ 72.212253105196694, 31.225555210604501, 150.0 ], [ 72.212094682423697, 31.2255783609526, 150.0 ], [ 72.2118820754974, 31.2255572871392, 150.0 ], [ 72.211848606328203, 31.225549154569901, 150.0 ] ] ] ] } },
{ "type": "Feature", "properties": { "Name": "J2", "district": "Khushab", "province": "Punjab", "area_km2": 3.0230109303099999, "volume_MAF": 0.01494004538, "River": "Jhelum", "Shape_Leng": 0.06955443465, "Shape_Area": 0.00028827878 }, "geometry": { "type": "MultiPolygon", "coordinates": [ [ [ [ 72.233623057358301, 31.913726301327799, 150.0 ], [ 72.232964090820204, 31.9128384492351, 150.0 ], [ 72.232728607838993, 31.9125812539218, 150.0 ], [ 72.232545990605004, 31.912465615495801, 150.0 ], [ 72.232277702154306, 31.912199533082099, 150.0 ], [ 72.232243199663998, 31.912189650432101, 150.0 ], [ 72.232130975064507, 31.9120945174481, 150.0 ], [ 72.232018211771106, 31.911999202800999, 150.0 ], [ 72.231802584022105, 31.911874441652198, 150.0 ], [ 72.231621645822401, 31.911759698950998, 150.0 ], [ 72.231483959617094, 31.911720170149799, 150.0 ], [ 72.231173224065103, 31.911630854880102, 150.0 ], [ 72.230965416820595, 31.9115710643532, 150.0 ], [ 72.230896136647502, 31.911551129980701, 150.0 ], [ 72.230542592466705, 31.911481401945199, 150.0 ], [ 72.230508052204897, 31.911471474329101, 150.0 ], [ 72.230078992851304, 31.911631203817102, 150.0 ], [ 72.229874767606503, 31.911730166114399, 150.0 ], [ 72.229657909584901, 31.911857456156699, 150.0 ], [ 72.229564198429003, 31.911893849022, 150.0 ], [ 72.229322525414304, 31.912077915063801, 150.0 ], [ 72.229210063393793, 31.912236104912399, 150.0 ], [ 72.229102299431602, 31.912459813969299, 150.0 ], [ 72.229048479503803, 31.912571975616199, 150.0 ], [ 72.229073030096302, 31.9127706853189, 150.0 ], [ 72.229124105293295, 31.9129133609629, 150.0 ], [ 72.229161765303303, 31.9130844443916, 150.0 ], [ 72.229129941893305, 31.913235838962901, 150.0 ], [ 72.229084964999203, 31.913415878739801, 150.0 ], [ 72.228990258293805, 31.913614501208301, 150.0 ], [ 72.2289088876351, 31.913785156559801, 150.0 ], [ 72.228812643988405, 31.913984615397698, 150.0 ], [ 72.228756391394398, 31.914098723177599, 150.0 ], [ 72.228700038975703, 31.9142130351036, 150.0 ], [ 72.228630734520806, 31.914356305199401, 150.0 ], [ 72.228549935830898, 31.914528778080701, 150.0 ], [ 72.228445465186098, 31.914662575617399, 150.0 ], [ 72.228294285552906, 31.914815481948999, 150.0 ], [ 72.228204970283201, 31.9149209526399, 150.0 ], [ 72.228080616527294, 31.9150164426547, 150.0 ], [ 72.227941744116293, 31.915141023939199, 150.0 ], [ 72.227780774463199, 31.9152266546864, 150.0 ], [ 72.227578123032004, 31.915399641979899, 150.0 ], [ 72.227550289914006, 31.915457853297401, 150.0 ], [ 72.227388580118898, 31.915543904027999, 150.0 ], [ 72.2272328984795, 31.915698688144001, 150.0 ], [ 72.2270696670316, 31.9157851120933, 150.0 ], [ 72.2269421332729, 31.915881842273301, 150.0 ], [ 72.226722892047903, 31.916085887653701, 150.0 ], [ 72.226645038637699, 31.916163829197401, 150.0 ], [ 72.226503330664201, 31.916290503204198, 150.0 ], [ 72.226333968537901, 31.9164763292193, 150.0 ], [ 72.226156075442603, 31.916593295943901, 150.0 ], [ 72.226027042514005, 31.916691196141802, 150.0 ], [ 72.225940231856299, 31.9168691207134, 150.0 ], [ 72.225847273433004, 31.916977600535901, 150.0 ], [ 72.225711823841706, 31.917175434298901, 150.0 ], [ 72.225617663024806, 31.917284459110501, 150.0 ], [ 72.225573913705205, 31.917374046874802, 150.0 ], [ 72.225471689566902, 31.917583485489502, 150.0 ], [ 72.225369295456701, 31.9177934654961, 150.0 ], [ 72.225274041963502, 31.918074458669398, 150.0 ], [ 72.2252950303414, 31.918286343440101, 150.0 ], [ 72.225243151150593, 31.918478124765699, 150.0 ], [ 72.225141284942396, 31.918690092274002, 150.0 ], [ 72.225068730337696, 31.918841738655399, 150.0 ], [ 72.224995111835, 31.9189938391944, 150.0 ], [ 72.224950666440193, 31.919085347910499, 150.0 ], [ 72.224817801500393, 31.9193601843251, 150.0 ], [ 72.2246844482287, 31.919635955135298, 150.0 ], [ 72.224610352186104, 31.9197895098781, 150.0 ], [ 72.224520334545801, 31.9199744248799, 150.0 ], [ 72.224370775490996, 31.920283276352201, 150.0 ], [ 72.224332616357202, 31.920448526778198, 150.0 ], [ 72.224251836553094, 31.920706466730099, 150.0 ], [ 72.224192646773304, 31.920830574971099, 150.0 ], [ 72.224137050684405, 31.921028769362302, 150.0 ], [ 72.224045283862793, 31.921216680005799, 150.0 ], [ 72.224020966194701, 31.9213526476066, 150.0 ], [ 72.223975352580496, 31.921446781443901, 150.0 ], [ 72.223854135659906, 31.921698062815398, 150.0 ], [ 72.223793935941401, 31.921823771849599, 150.0 ], [ 72.223718733732696, 31.921981093852398, 150.0 ], [ 72.223657901790801, 31.922107391043301, 150.0 ], [ 72.223581756193099, 31.9222655206373, 150.0 ], [ 72.223527732119194, 31.922466015494301, 150.0 ], [ 72.223470022623502, 31.922847838856701, 150.0 ], [ 72.2234001165222, 31.923081664387301, 150.0 ], [ 72.223351130450297, 31.923359116030401, 150.0 ], [ 72.223341609327903, 31.923466237876699, 150.0 ], [ 72.2232640895662, 31.923627087020499, 150.0 ], [ 72.2232242666866, 31.923798622808199, 150.0 ], [ 72.223153374928401, 31.924035090547001, 150.0 ], [ 72.223110158906806, 31.924390990951501, 150.0 ], [ 72.222988173065801, 31.924911637262301, 150.0 ], [ 72.2229382130282, 31.925194643118299, 150.0 ], [ 72.222875434054103, 31.925325808339402, 150.0 ], [ 72.222840795766203, 31.925577255186202, 150.0 ], [ 72.2228531083843, 31.925730564414099, 150.0 ], [ 72.222833906959295, 31.925950192347599, 150.0 ], [ 72.222846205188304, 31.926104109517102, 150.0 ], [ 72.222858523202305, 31.926258264107702, 150.0 ], [ 72.222871113710994, 31.926412499637198, 150.0 ], [ 72.222874293713701, 31.926677537038799, 150.0 ], [ 72.222839650929203, 31.926932416597801, 150.0 ], [ 72.222852142512394, 31.9270877843738, 150.0 ], [ 72.222833162320597, 31.927310283842601, 150.0 ], [ 72.222839525024099, 31.9273881588365, 150.0 ], [ 72.222874326988602, 31.927588641102901, 150.0 ], [ 72.222886960664795, 31.927744974750901, 150.0 ], [ 72.222889800723806, 31.928013892727002, 150.0 ], [ 72.2229084373745, 31.928249767812598, 150.0 ], [ 72.222965293413594, 31.928497135334599, 150.0 ], [ 72.222993773144196, 31.928621039429501, 150.0 ], [ 72.223006311492199, 31.9287791744194, 150.0 ], [ 72.223041771760407, 31.928982171190299, 150.0 ], [ 72.223105075938605, 31.929310994806599, 150.0 ], [ 72.223156349885699, 31.929480986458401, 150.0 ], [ 72.223214214064797, 31.929730966510899, 150.0 ], [ 72.223294708783797, 31.930027023328499, 150.0 ], [ 72.223384651780293, 31.930209272739798, 150.0 ], [ 72.223458718145395, 31.9304264931882, 150.0 ], [ 72.223548980401205, 31.930609355037699, 150.0 ], [ 72.223623343542499, 31.930827357896298, 150.0 ], [ 72.223659259767103, 31.9310347046879, 150.0 ], [ 72.223827101139904, 31.931240826602899, 150.0 ], [ 72.223917893995704, 31.931425060818, 150.0 ], [ 72.224017945371898, 31.9314933841125, 150.0 ], [ 72.224240459229904, 31.931676792749801, 150.0 ], [ 72.2244030917294, 31.931801621347802, 150.0 ], [ 72.224564552412204, 31.931927894256901, 150.0 ], [ 72.224626162267597, 31.931985303379101, 150.0 ], [ 72.224765251415207, 31.932065005795401, 150.0 ], [ 72.224872848103502, 31.932215163798801, 150.0 ], [ 72.225166028889205, 31.932538323484899, 150.0 ], [ 72.225297158137394, 31.932735587977, 150.0 ], [ 72.225382224110405, 31.932839920126199, 150.0 ], [ 72.225529390069397, 31.933002158722701, 150.0 ], [ 72.225660818791795, 31.933200429556202, 150.0 ], [ 72.225823961206899, 31.933327581103001, 150.0 ], [ 72.225955974488699, 31.933526124431101, 150.0 ], [ 72.226064857207504, 31.933678054098898, 150.0 ], [ 72.226228405216801, 31.9338057092661, 150.0 ], [ 72.226353121399498, 31.933922207443999, 150.0 ], [ 72.226415517262396, 31.933980489807801, 150.0 ], [ 72.226641858634906, 31.934166756490701, 150.0 ], [ 72.226793112911906, 31.9343269077606, 150.0 ], [ 72.2268024307876, 31.934408166004101, 150.0 ], [ 72.226926167608596, 31.934527240739602, 150.0 ], [ 72.227081940978806, 31.9347768637613, 150.0 ], [ 72.2271912805532, 31.934931316027502, 150.0 ], [ 72.227301014929907, 31.935085611811601, 150.0 ], [ 72.227434848439501, 31.935287321652702, 150.0 ], [ 72.227482454052094, 31.935382318839, 150.0 ], [ 72.227704159419503, 31.935690158574001, 150.0 ], [ 72.227815240980604, 31.935844306869299, 150.0 ], [ 72.227911102415504, 31.936035062068498, 150.0 ], [ 72.228061916924005, 31.936200755860199, 150.0 ], [ 72.228196854801098, 31.936404476585398, 150.0 ], [ 72.228332124527995, 31.936608369081, 150.0 ], [ 72.228388905923296, 31.936789566285501, 150.0 ], [ 72.2285248627323, 31.936993519035799, 150.0 ], [ 72.228621196311195, 31.937187091810902, 150.0 ], [ 72.228702628123898, 31.937417465743501, 150.0 ], [ 72.228775297841807, 31.937562795286901, 150.0 ], [ 72.228823778494601, 31.937659816847098, 150.0 ], [ 72.228905383876395, 31.937891564943801, 150.0 ], [ 72.228923392800397, 31.9380631987577, 150.0 ], [ 72.229036129114107, 31.938220699725498, 150.0 ], [ 72.229109311445598, 31.938366914201801, 150.0 ], [ 72.229287220728693, 31.938583560882702, 150.0 ], [ 72.229360950747306, 31.9387295730114, 150.0 ], [ 72.229539351959602, 31.938946645071699, 150.0 ], [ 72.229689461399602, 31.9391238250046, 150.0 ], [ 72.2297939293464, 31.939195468596001, 150.0 ], [ 72.229993712839601, 31.939251495460201, 150.0 ], [ 72.230113268712401, 31.939285826180001, 150.0 ], [ 72.230302618271296, 31.939256995713802, 150.0 ], [ 72.230562338880901, 31.939162991379, 150.0 ], [ 72.230766808741294, 31.939095393837398, 150.0 ], [ 72.2310258530607, 31.9390014083883, 150.0 ], [ 72.231259500525596, 31.938858995346401, 150.0 ], [ 72.231492215393502, 31.938718128239099, 150.0 ], [ 72.231616042146698, 31.938628435254099, 150.0 ], [ 72.2317540044438, 31.938502771185998, 150.0 ], [ 72.231960653361497, 31.938314351526198, 150.0 ], [ 72.232059296399498, 31.938175761502201, 150.0 ], [ 72.232147842748802, 31.9379510317148, 150.0 ], [ 72.232290412272803, 31.937700485988699, 150.0 ], [ 72.232377363224799, 31.937479771674202, 150.0 ], [ 72.232449377336906, 31.937297233580502, 150.0 ], [ 72.232517818442602, 31.937234608390501, 150.0 ], [ 72.232629198578707, 31.937062767732598, 150.0 ], [ 72.232716224174496, 31.936841468858699, 150.0 ], [ 72.232841428688999, 31.9366341922142, 150.0 ], [ 72.232951669384093, 31.936464886745199, 150.0 ], [ 72.233047933715198, 31.936330739372199, 150.0 ], [ 72.2331440460609, 31.936196803339801, 150.0 ], [ 72.233200579243402, 31.936052935194901, 150.0 ], [ 72.233334920869893, 31.935932200310798, 150.0 ], [ 72.233391474736806, 31.935788047080699, 150.0 ], [ 72.233514958848303, 31.935583862305499, 150.0 ], [ 72.233599856648098, 31.935367094216101, 150.0 ], [ 72.233683903689297, 31.9351527920678, 150.0 ], [ 72.233753921306501, 31.934974228977499, 150.0 ], [ 72.233810121739793, 31.9348307772186, 150.0 ], [ 72.233880243678399, 31.934651786051099, 150.0 ], [ 72.233963988547302, 31.934438108931701, 150.0 ], [ 72.234047552652498, 31.9342248095274, 150.0 ], [ 72.234089410697806, 31.9341179322968, 150.0 ], [ 72.234148041998594, 31.9338588771855, 150.0 ], [ 72.234178756544495, 31.933671152701599, 150.0 ], [ 72.234247869443706, 31.933495039364601, 150.0 ], [ 72.234344401772802, 31.933249052301999, 150.0 ], [ 72.234399834185098, 31.9331077184465, 150.0 ], [ 72.234496004087404, 31.932862505700101, 150.0 ], [ 72.234509834761099, 31.9328273512014, 150.0 ], [ 72.234669026454497, 31.9326386617449, 150.0 ], [ 72.2347238023617, 31.9324988108715, 150.0 ], [ 72.234843670299199, 31.932301497815899, 150.0 ], [ 72.234963302614403, 31.932104633521998, 150.0 ], [ 72.235069276026294, 31.931942306792099, 150.0 ], [ 72.235240108544204, 31.931722286754201, 150.0 ], [ 72.235318615761599, 31.931629847239702, 150.0 ], [ 72.235564771896705, 31.931432794987501, 150.0 ], [ 72.235669638243294, 31.9312720627556, 150.0 ], [ 72.235799047088406, 31.931156512463101, 150.0 ], [ 72.235981162500707, 31.930904883054001, 150.0 ], [ 72.236174306299205, 31.930732660184201, 150.0 ], [ 72.2362518035779, 31.930641200930701, 150.0 ], [ 72.236380199786396, 31.930526664174199, 150.0 ], [ 72.236572305767396, 31.9303557678045, 150.0 ], [ 72.236763891040795, 31.930185518946601, 150.0 ], [ 72.236904413707805, 31.930038354786301, 150.0 ], [ 72.237082262736294, 31.9299026030228, 150.0 ], [ 72.237209284780704, 31.929789725515501, 150.0 ], [ 72.237336421938394, 31.929675579964101, 150.0 ], [ 72.237653256692496, 31.9293914985189, 150.0 ], [ 72.237867334010303, 31.929266449587001, 150.0 ], [ 72.238043534581493, 31.9291308848825, 150.0 ], [ 72.238319397122595, 31.928951215626199, 150.0 ], [ 72.238444727542202, 31.928839393023601, 150.0 ], [ 72.238769089621798, 31.928640713897899, 150.0 ], [ 72.238943427697095, 31.928508334591999, 150.0 ], [ 72.239080396243395, 31.928363733499602, 150.0 ], [ 72.239291548066504, 31.928130809089598, 150.0 ], [ 72.239489691196397, 31.927931697390001, 150.0 ], [ 72.239724398961897, 31.9277439297386, 150.0 ], [ 72.239884355978305, 31.927536001984901, 150.0 ], [ 72.240093067041499, 31.927307627245199, 150.0 ], [ 72.240203008262299, 31.9271228372492, 150.0 ], [ 72.240301196243294, 31.927078650859102, 150.0 ], [ 72.240422848435699, 31.926861064386699, 150.0 ], [ 72.240507989052503, 31.9267416020434, 150.0 ], [ 72.240568291293599, 31.9265814534713, 150.0 ], [ 72.2406164068218, 31.926451782024198, 150.0 ], [ 72.240676444662299, 31.926289949921301, 150.0 ], [ 72.240784257187798, 31.925999804347601, 150.0 ], [ 72.240746710492402, 31.925882164930002, 150.0 ], [ 72.240733108246403, 31.925700428132298, 150.0 ], [ 72.240731471480302, 31.925487004621601, 150.0 ], [ 72.240754504916495, 31.925316521940001, 150.0 ], [ 72.240740937744107, 31.9251358598321, 150.0 ], [ 72.240750955292398, 31.9248882611844, 150.0 ], [ 72.240689304967503, 31.9247292610466, 150.0 ], [ 72.240602889112097, 31.924526063726901, 150.0 ], [ 72.240528644681305, 31.924295367837001, 150.0 ], [ 72.240430748979904, 31.924129293632099, 150.0 ], [ 72.240368556363805, 31.923868328360701, 150.0 ], [ 72.240283005656195, 31.923671669112299, 150.0 ], [ 72.240161690709499, 31.923567210158701, 150.0 ], [ 72.240040312810294, 31.923462827647398, 150.0 ], [ 72.239834459792505, 31.9232646926116, 150.0 ], [ 72.239653039556202, 31.9231084938619, 150.0 ], [ 72.239568415150302, 31.9230148564505, 150.0 ], [ 72.239447658682494, 31.922910893023399, 150.0 ], [ 72.239302867833104, 31.922765482540999, 150.0 ], [ 72.239146164563905, 31.922651341486201, 150.0 ], [ 72.239110098152494, 31.922537343423699, 150.0 ], [ 72.238965717393995, 31.922392349327499, 150.0 ], [ 72.238917691798093, 31.9223096072026, 150.0 ], [ 72.238809632858306, 31.922175248489001, 150.0 ], [ 72.238629888058895, 31.921917308537001, 150.0 ], [ 72.238546073942203, 31.921824536273402, 150.0 ], [ 72.238426283346399, 31.921721518933001, 150.0 ], [ 72.238235150431905, 31.9214953061635, 150.0 ], [ 72.238127833432799, 31.921361844973202, 150.0 ], [ 72.237937258997405, 31.9211362968027, 150.0 ], [ 72.237853933212506, 31.9210441297828, 150.0 ], [ 72.2377347784374, 31.9209417257801, 150.0 ], [ 72.237521240712695, 31.920676077738801, 150.0 ], [ 72.237378823174197, 31.9205332105393, 150.0 ], [ 72.237177480256506, 31.920339293323799, 150.0 ], [ 72.237072029350699, 31.9202059265623, 150.0 ], [ 72.236966804174799, 31.920072689303201, 150.0 ], [ 72.236779702021707, 31.919847817422902, 150.0 ], [ 72.236556102682101, 31.9196148435502, 150.0 ], [ 72.236426850318907, 31.919443712457401, 150.0 ], [ 72.236286565972307, 31.9193016492517, 150.0 ], [ 72.236135890858705, 31.919089518966199, 150.0 ], [ 72.235983489046802, 31.918977986844698, 150.0 ], [ 72.2358556072505, 31.918807277533901, 150.0 ], [ 72.235704891667496, 31.918596802900201, 150.0 ], [ 72.235589890860794, 31.918396937568701, 150.0 ], [ 72.235508569664802, 31.9183068659692, 150.0 ], [ 72.235416359477497, 31.918147697658199, 150.0 ], [ 72.235372359246995, 31.917969130071398, 150.0 ], [ 72.235305962300401, 31.917750921268102, 150.0 ], [ 72.235238996082799, 31.917533535344401, 150.0 ], [ 72.235182415236395, 31.917385576183399, 150.0 ], [ 72.235127890239994, 31.917139660167201, 150.0 ], [ 72.235107421670307, 31.917002565715901, 150.0 ], [ 72.235052052210506, 31.916854552595598, 150.0 ], [ 72.234986634625599, 31.916638637962802, 150.0 ], [ 72.234931337111604, 31.916491611398801, 150.0 ], [ 72.234863122635005, 31.916374046624998, 150.0 ], [ 72.234807439311894, 31.916227548862398, 150.0 ], [ 72.234786973440094, 31.9160913114649, 150.0 ], [ 72.2347211817372, 31.915877231449102, 150.0 ], [ 72.234595443025299, 31.915711285847198, 150.0 ], [ 72.234575148024703, 31.915575698659602, 150.0 ], [ 72.234476273861006, 31.9153525948464, 150.0 ], [ 72.234398886299601, 31.9151686933806, 150.0 ], [ 72.234356637049203, 31.9149951233263, 150.0 ], [ 72.2342896069798, 31.914879132366099, 150.0 ], [ 72.2342003492668, 31.914724678301301, 150.0 ], [ 72.234123771095199, 31.914541932464299, 150.0 ], [ 72.233968130824607, 31.914272670947099, 150.0 ], [ 72.233923735791805, 31.9141958661464, 150.0 ], [ 72.233778176022, 31.913994134721602, 150.0 ], [ 72.233689519955405, 31.913840957694099, 150.0 ], [ 72.233623057358301, 31.913726301327799, 150.0 ] ] ] ] } },
{ "type": "Feature", "properties": { "Name": "J1", "district": "Khushab", "province": "Punjab", "area_km2": 3.0831166549, "volume_MAF": 0.01523709434, "River": "Jhelum", "Shape_Leng": 0.07071940877000001, "Shape_Area": 0.00029544156 }, "geometry": { "type": "MultiPolygon", "coordinates": [ [ [ [ 72.524830551488805, 32.374272991805199, 150.0 ], [ 72.525159934483398, 32.374036257866997, 150.0 ], [ 72.525226674971094, 32.373984534258902, 150.0 ], [ 72.525323206400898, 32.373917339613598, 150.0 ], [ 72.525408838946802, 32.373801778529298, 150.0 ], [ 72.525481349484707, 32.373729454150997, 150.0 ], [ 72.525506651910504, 32.373642892605503, 150.0 ], [ 72.525514744010295, 32.3735281175287, 150.0 ], [ 72.525539871967595, 32.3734419534834, 150.0 ], [ 72.525548201488405, 32.373330764902903, 150.0 ], [ 72.525543836179196, 32.373261250906097, 150.0 ], [ 72.525575140680203, 32.373155526606297, 150.0 ], [ 72.525589369753703, 32.373022552848603, 150.0 ], [ 72.525580413405393, 32.372883710115197, 150.0 ], [ 72.525559192103103, 32.372787747056897, 150.0 ], [ 72.525556620941401, 32.372630205619501, 150.0 ], [ 72.525523028565004, 32.372575925238799, 150.0 ], [ 72.525518686638094, 32.3725076729908, 150.0 ], [ 72.525430738337903, 32.372304702300198, 150.0 ], [ 72.525324549988099, 32.372163825300298, 150.0 ], [ 72.525281011109797, 32.3720632055525, 150.0 ], [ 72.525202213411504, 32.3719967636398, 150.0 ], [ 72.525028532740606, 32.371837735622996, 150.0 ], [ 72.524950126247404, 32.371771755961802, 150.0 ], [ 72.524894597607698, 32.3717122649091, 150.0 ], [ 72.524783739977707, 32.371593667713597, 150.0 ], [ 72.524751166533207, 32.3715409728377, 150.0 ], [ 72.524666857789299, 32.371495363720101, 150.0 ], [ 72.524521007538496, 32.371410638590099, 150.0 ], [ 72.5242073006265, 32.371234879586098, 150.0 ], [ 72.524100754346406, 32.371182881684703, 150.0 ], [ 72.523987584559407, 32.371150618506299, 150.0 ], [ 72.523851786930507, 32.371111902692199, 150.0 ], [ 72.523738617143493, 32.371079635916502, 150.0 ], [ 72.523625449155205, 32.371047424898798, 150.0 ], [ 72.523496494467693, 32.370989183903802, 150.0 ], [ 72.523315579650301, 32.3709377534746, 150.0 ], [ 72.5231798575645, 32.370899167162897, 150.0 ], [ 72.523021522025701, 32.3708541497992, 150.0 ], [ 72.522833425222501, 32.370822399234399, 150.0 ], [ 72.522720285113095, 32.370790285343404, 150.0 ], [ 72.5225320282306, 32.370758515892902, 150.0 ], [ 72.522358940212996, 32.370753110068101, 150.0 ], [ 72.522215606265306, 32.370734419458003, 150.0 ], [ 72.522019346315901, 32.370722653627602, 150.0 ], [ 72.521905859068198, 32.370690794244801, 150.0 ], [ 72.521656165899401, 32.370685968482697, 150.0 ], [ 72.521489471162198, 32.370660863008503, 150.0 ], [ 72.521337675493399, 32.370661827081697, 150.0 ], [ 72.521246714464397, 32.370636087585403, 150.0 ], [ 72.521117450410102, 32.3706432641753, 150.0 ], [ 72.520820666040905, 32.370625116755797, 150.0 ], [ 72.520676042465396, 32.370606019652101, 150.0 ], [ 72.520523405031199, 32.370606389273497, 150.0 ], [ 72.520240256182902, 32.3706136486011, 150.0 ], [ 72.519888067280505, 32.370600892617198, 150.0 ], [ 72.519634799306601, 32.3705943851228, 150.0 ], [ 72.519380891015402, 32.370588106955601, 150.0 ], [ 72.519249308508805, 32.370595190015997, 150.0 ], [ 72.519048500687802, 32.370582988014498, 150.0 ], [ 72.518925001287798, 32.370570421787598, 150.0 ], [ 72.518783674626903, 32.370597969820501, 150.0 ], [ 72.518596242422703, 32.370612123350803, 150.0 ], [ 72.518385262370003, 32.3706198961913, 150.0 ], [ 72.518049578725098, 32.370614719693599, 150.0 ], [ 72.517624935042804, 32.370630102597197, 150.0 ], [ 72.517365368217199, 32.370624937790701, 150.0 ], [ 72.517115133656503, 32.370599156026302, 150.0 ], [ 72.516933944545897, 32.3705932061116, 150.0 ], [ 72.516822024816605, 32.370607055671101, 150.0 ], [ 72.516696400318693, 32.370594200761801, 150.0 ], [ 72.516560790648001, 32.370601654342899, 150.0 ], [ 72.516345157503096, 32.370609739248103, 150.0 ], [ 72.516106694168698, 32.370610267150099, 150.0 ], [ 72.515970626743098, 32.370617323230903, 150.0 ], [ 72.515833344333402, 32.370625373062602, 150.0 ], [ 72.515626450800099, 32.370612984901399, 150.0 ], [ 72.515513508541602, 32.370626269686603, 150.0 ], [ 72.515410451631098, 32.370619498690999, 150.0 ], [ 72.515227178791307, 32.3706128643922, 150.0 ], [ 72.515113185225403, 32.370626691468701, 150.0 ], [ 72.514928871869998, 32.370620550897698, 150.0 ], [ 72.514731363661596, 32.370587481926798, 150.0 ], [ 72.514617620107103, 32.370600616525302, 150.0 ], [ 72.514351529599494, 32.3705458963761, 150.0 ], [ 72.514117132099997, 32.370528163544002, 150.0 ], [ 72.513931243132404, 32.370522167763902, 150.0 ], [ 72.513732539724998, 32.3704891671414, 150.0 ], [ 72.513556339153794, 32.3704634267458, 150.0 ], [ 72.513287896918897, 32.3704577879965, 150.0 ], [ 72.513206090988405, 32.370458150423403, 150.0 ], [ 72.5130770616571, 32.370445209179103, 150.0 ], [ 72.512781253052395, 32.370386746950899, 150.0 ], [ 72.512604045240593, 32.370360905831198, 150.0 ], [ 72.512462664620301, 32.370320792470601, 150.0 ], [ 72.512309772677895, 32.370300966016799, 150.0 ], [ 72.511909255108094, 32.370234508815599, 150.0 ], [ 72.511685057719305, 32.370194612191703, 150.0 ], [ 72.511543414497098, 32.3701544601603, 150.0 ], [ 72.511390592701702, 32.370134149871099, 150.0 ], [ 72.511248452154405, 32.370094263139798, 150.0 ], [ 72.511118175463494, 32.370081144729099, 150.0 ], [ 72.510988019281697, 32.370067893218703, 150.0 ], [ 72.510763870456302, 32.370027445310399, 150.0 ], [ 72.510503460066701, 32.370000597849398, 150.0 ], [ 72.510289805430205, 32.369940651739697, 150.0 ], [ 72.510087764638698, 32.369907286891802, 150.0 ], [ 72.509873414826302, 32.369894109125902, 150.0 ], [ 72.509660223340703, 32.369833659395901, 150.0 ], [ 72.509518124162199, 32.369793354479803, 150.0 ], [ 72.509339275087498, 32.369766641017698, 150.0 ], [ 72.509160167008105, 32.369740030977702, 150.0 ], [ 72.508909891978007, 32.369693125937097, 150.0 ], [ 72.508575898159194, 32.369645852174401, 150.0 ], [ 72.508432749471893, 32.369605781981299, 150.0 ], [ 72.508324833524298, 32.36959897861, 150.0 ], [ 72.508229889397896, 32.369572002545901, 150.0 ], [ 72.507979494757905, 32.369524687414497, 150.0 ], [ 72.507823657535795, 32.369504396910401, 150.0 ], [ 72.507620084299504, 32.369470643555402, 150.0 ], [ 72.507416514660505, 32.3694367912749, 150.0 ], [ 72.507307875658, 32.369429925850497, 150.0 ], [ 72.507103632426805, 32.369396221958098, 150.0 ], [ 72.506823125786696, 32.3693895606797, 150.0 ], [ 72.506558136049193, 32.369361862460003, 150.0 ], [ 72.506410845084503, 32.3693684230144, 150.0 ], [ 72.506276426116202, 32.369355154416901, 150.0 ], [ 72.505947741894801, 32.369334311729197, 150.0 ], [ 72.505776227690802, 32.369333885450501, 150.0 ], [ 72.505690063645602, 32.369333787424402, 150.0 ], [ 72.505618036942906, 32.369313519403498, 150.0 ], [ 72.505492644469996, 32.3693271432331, 150.0 ], [ 72.505334646177104, 32.369306540664397, 150.0 ], [ 72.505086045684493, 32.369332679459703, 150.0 ], [ 72.504826082257907, 32.369332224402697, 150.0 ], [ 72.504676121206103, 32.369338832621096, 150.0 ], [ 72.504589071328596, 32.369338784957002, 150.0 ], [ 72.504423060975498, 32.3693660577974, 150.0 ], [ 72.504233200601803, 32.369386205309198, 150.0 ], [ 72.503978446048507, 32.369413738053602, 150.0 ], [ 72.5035971991515, 32.369454192257201, 150.0 ], [ 72.503493908417198, 32.369474600572403, 150.0 ], [ 72.503326549080995, 32.369501830245298, 150.0 ], [ 72.5030634740002, 32.3695772069226, 150.0 ], [ 72.502814789870698, 32.369632229243997, 150.0 ], [ 72.502638561420596, 32.369708226453596, 150.0 ], [ 72.502533728348993, 32.369728989101603, 150.0 ], [ 72.502355594235297, 32.369805642816203, 150.0 ], [ 72.5022907198409, 32.369812598172899, 150.0 ], [ 72.502153805253997, 32.3698751127463, 150.0 ], [ 72.501976219726799, 32.369951700810397, 150.0 ], [ 72.501738951591406, 32.3700643804668, 150.0 ], [ 72.501681337423904, 32.370099740910298, 150.0 ], [ 72.501565822204995, 32.370170635366598, 150.0 ], [ 72.501449203518007, 32.370242011859403, 150.0 ], [ 72.501357127329598, 32.3703206126062, 150.0 ], [ 72.501232529857404, 32.3704420192838, 150.0 ], [ 72.501181744242203, 32.370506619384997, 150.0 ], [ 72.500973902823404, 32.370657529221702, 150.0 ], [ 72.500865148707703, 32.3707585734495, 150.0 ], [ 72.500799870517696, 32.3708447033205, 150.0 ], [ 72.500644872362997, 32.370962432670197, 150.0 ], [ 72.500525323684798, 32.371115964929899, 150.0 ], [ 72.500338216135802, 32.371277882468299, 150.0 ], [ 72.500189492551101, 32.3714268947355, 150.0 ], [ 72.500093472835502, 32.371509228568101, 150.0 ], [ 72.499987772817505, 32.371643868769603, 150.0 ], [ 72.499917189526698, 32.371733961053501, 150.0 ], [ 72.499804710419099, 32.3718390855054, 150.0 ], [ 72.499697091247796, 32.371975616981203, 150.0 ], [ 72.499571946088494, 32.372135364455602, 150.0 ], [ 72.499499469724796, 32.372227340819201, 150.0 ], [ 72.499427464605802, 32.372319280310599, 150.0 ], [ 72.499325285433699, 32.3724889419112, 150.0 ], [ 72.499270356641702, 32.372558749986403, 150.0 ], [ 72.499148816864505, 32.372753301224002, 150.0 ], [ 72.499093249553894, 32.372823848541799, 150.0 ], [ 72.498925014278001, 32.373036844874498, 150.0 ], [ 72.498851312138399, 32.373131446359203, 150.0 ], [ 72.498781638062198, 32.373224614324599, 150.0 ], [ 72.498651118554307, 32.3733916741865, 150.0 ], [ 72.498517323715603, 32.373560821374802, 150.0 ], [ 72.498446646895303, 32.3736902374146, 150.0 ], [ 72.498375646319104, 32.373820244308902, 150.0 ], [ 72.498330720686297, 32.373958443127698, 150.0 ], [ 72.498307369789401, 32.374071546364803, 150.0 ], [ 72.498284016194503, 32.374185024619202, 150.0 ], [ 72.498266648487103, 32.374331800272401, 150.0 ], [ 72.498237472681296, 32.37450074961, 150.0 ], [ 72.498220731801396, 32.374612511058601, 150.0 ], [ 72.498180985364201, 32.374751354691298, 150.0 ], [ 72.498177473511603, 32.3748415728803, 150.0 ], [ 72.498154603751999, 32.374957231990699, 150.0 ], [ 72.498158964564595, 32.3750808006385, 150.0 ], [ 72.498167223039005, 32.375239724333902, 150.0 ], [ 72.498178988869299, 32.375397672264803, 150.0 ], [ 72.498225129486201, 32.375470126145402, 150.0 ], [ 72.498308241232394, 32.375582767131, 150.0 ], [ 72.498361644774107, 32.3756893134112, 150.0 ], [ 72.498411425846697, 32.375798044144503, 150.0 ], [ 72.498485959859195, 32.375916199772902, 150.0 ], [ 72.498614203182996, 32.376050791410897, 150.0 ], [ 72.498628305452002, 32.376119364716899, 150.0 ], [ 72.498695101697606, 32.376204697788602, 150.0 ], [ 72.498781051704199, 32.376356685013, 150.0 ], [ 72.498831954231406, 32.376467157733202, 150.0 ], [ 72.498902451187206, 32.3765514610811, 150.0 ], [ 72.498945624940703, 32.376628080621501, 150.0 ], [ 72.499090821384399, 32.3767017431909, 150.0 ], [ 72.499191052624994, 32.3767932869807, 150.0 ], [ 72.499206326710706, 32.376862875621299, 150.0 ], [ 72.499350836072296, 32.376937480680198, 150.0 ], [ 72.499495493822096, 32.377012163080899, 150.0 ], [ 72.4996403035572, 32.377086923722601, 150.0 ], [ 72.499804882189594, 32.377134610274098, 150.0 ], [ 72.499950261195593, 32.377209274688298, 150.0 ], [ 72.500098102545493, 32.377282611703201, 150.0 ], [ 72.500254096249606, 32.377391275886701, 150.0 ], [ 72.500363500575105, 32.377423474314, 150.0 ], [ 72.500445303807794, 32.377447785686797, 150.0 ], [ 72.500616782938295, 32.377532006297102, 150.0 ], [ 72.500733684911694, 32.3776002027872, 150.0 ], [ 72.500850724481396, 32.377668478417597, 150.0 ], [ 72.500987093179802, 32.377709263571703, 150.0 ], [ 72.501135454337799, 32.3777832984605, 150.0 ], [ 72.501346883152195, 32.377868175575898, 150.0 ], [ 72.501489643332405, 32.377904778882503, 150.0 ], [ 72.501664190050406, 32.3779880498087, 150.0 ], [ 72.501775797714998, 32.378019118687398, 150.0 ], [ 72.501915302349403, 32.378057951413403, 150.0 ], [ 72.502092311411104, 32.378139821195802, 150.0 ], [ 72.502287765567999, 32.3781941339521, 150.0 ], [ 72.502371525725394, 32.378217408406698, 150.0 ], [ 72.502576777995998, 32.378307084304502, 150.0 ], [ 72.502698378027802, 32.378373544203697, 150.0 ], [ 72.502849865229194, 32.378446463933201, 150.0 ], [ 72.502906393914998, 32.378461524879498, 150.0 ], [ 72.503102403852907, 32.378515586725001, 150.0 ], [ 72.503168473446394, 32.3785665836809, 150.0 ], [ 72.503245009349797, 32.378653024717401, 150.0 ], [ 72.503331040295294, 32.378775971933599, 150.0 ], [ 72.503411114131694, 32.378904124425802, 150.0 ], [ 72.503428830776002, 32.379022161343698, 150.0 ], [ 72.503481539141802, 32.379143106669098, 150.0 ], [ 72.503535357271005, 32.379277649743798, 150.0 ], [ 72.5035770381498, 32.3793191768386, 150.0 ], [ 72.503617943813097, 32.379464907479502, 150.0 ], [ 72.503624758875603, 32.379563126936802, 150.0 ], [ 72.503697949300999, 32.3797145287026, 150.0 ], [ 72.503739126559495, 32.379861832257802, 150.0 ], [ 72.503798417962699, 32.379980682162802, 150.0 ], [ 72.503840412705003, 32.380128561284202, 150.0 ], [ 72.503899902858294, 32.380248304215897, 150.0 ], [ 72.503987680287295, 32.380376721108902, 150.0 ], [ 72.504065121807997, 32.380468080537497, 150.0 ], [ 72.504146414225701, 32.380663925899498, 150.0 ], [ 72.504167730856096, 32.380739187463597, 150.0 ], [ 72.504272724007095, 32.380840806358201, 150.0 ], [ 72.504355584842401, 32.381037754288997, 150.0 ], [ 72.504429217734199, 32.381196365020301, 150.0 ], [ 72.504492966177494, 32.381316639451398, 150.0 ], [ 72.504596075248699, 32.381484229913298, 150.0 ], [ 72.504707883462103, 32.381693608273501, 150.0 ], [ 72.504700981165399, 32.381762695092299, 150.0 ], [ 72.504841594663901, 32.3819824822058, 150.0 ], [ 72.504880832984099, 32.382030419668197, 150.0 ], [ 72.504943112834397, 32.382155700625198, 150.0 ], [ 72.504978569505496, 32.382270989214803, 150.0 ], [ 72.505044504200598, 32.382393520044999, 150.0 ], [ 72.505138799016393, 32.382525619661699, 150.0 ], [ 72.505306589127798, 32.382646453471096, 150.0 ], [ 72.505376877440995, 32.382701914661702, 150.0 ], [ 72.5055293080312, 32.382852467467401, 150.0 ], [ 72.505599501016206, 32.382908488935598, 150.0 ], [ 72.5056697605511, 32.382964564363199, 150.0 ], [ 72.505827964788807, 32.383045468273799, 150.0 ], [ 72.506044932527701, 32.383142971870697, 150.0 ], [ 72.506132849351602, 32.3831677571863, 150.0 ], [ 72.506303902203399, 32.383288158421799, 150.0 ], [ 72.506462180185494, 32.383369986835497, 150.0 ], [ 72.506649874092503, 32.383460301251901, 150.0 ], [ 72.506749945253802, 32.3835254859125, 150.0 ], [ 72.506984220445503, 32.383592614008002, 150.0 ], [ 72.507176209514498, 32.383678398539303, 150.0 ], [ 72.507353947027099, 32.383726317115901, 150.0 ], [ 72.507500658828405, 32.383767982706303, 150.0 ], [ 72.507735398969501, 32.383834646751602, 150.0 ], [ 72.507970142708004, 32.383901310796901, 150.0 ], [ 72.508232533404694, 32.383978584144401, 150.0 ], [ 72.508494912410399, 32.384055972605097, 150.0 ], [ 72.508746085863194, 32.384090281741202, 150.0 ], [ 72.509056995883697, 32.384139297490698, 150.0 ], [ 72.5095655607021, 32.384196545634097, 150.0 ], [ 72.509966467678396, 32.384265223261501, 150.0 ], [ 72.510209163222399, 32.384380160216303, 150.0 ], [ 72.510554730416501, 32.384489163444201, 150.0 ], [ 72.510755547230801, 32.384554264467802, 150.0 ], [ 72.5109609784664, 32.3846119523798, 150.0 ], [ 72.511166534707897, 32.384669407367298, 150.0 ], [ 72.511313354427799, 32.384710443432297, 150.0 ], [ 72.511562844349797, 32.384744032211401, 150.0 ], [ 72.511782747475905, 32.384769387697098, 150.0 ], [ 72.511929297399206, 32.384810565854998, 150.0 ], [ 72.511987759627502, 32.384827322023298, 150.0 ], [ 72.512250126941893, 32.384904077361298, 150.0 ], [ 72.512543698932603, 32.384985537052998, 150.0 ], [ 72.512807565416907, 32.385059491902098, 150.0 ], [ 72.512983405359904, 32.3851088952593, 150.0 ], [ 72.513245732204794, 32.385185941977703, 150.0 ], [ 72.513450873858801, 32.385243628990303, 150.0 ], [ 72.5135974921306, 32.3852846434716, 150.0 ], [ 72.513801845079101, 32.385344014015097, 150.0 ], [ 72.514036671555203, 32.3854090691732, 150.0 ], [ 72.514183224176506, 32.385450186177202, 150.0 ], [ 72.514372186127602, 32.385467446865199, 150.0 ], [ 72.514489216704007, 32.385500672318202, 150.0 ], [ 72.514707153012793, 32.385526278714799, 150.0 ], [ 72.514950880079098, 32.385486888409197, 150.0 ], [ 72.515252225809604, 32.3854641688364, 150.0 ], [ 72.515439349546398, 32.3854829107078, 150.0 ], [ 72.515609862804993, 32.3854609096933, 150.0 ], [ 72.515697669911603, 32.385484529487499, 150.0 ], [ 72.516055410329002, 32.385477967134499, 150.0 ], [ 72.516254522927994, 32.385462810860098, 150.0 ], [ 72.516412000513498, 32.3854717564165, 150.0 ], [ 72.516552475516406, 32.385440130857397, 150.0 ], [ 72.516878520227607, 32.385425799261299, 150.0 ], [ 72.517157362222505, 32.385363752335401, 150.0 ], [ 72.517364793550399, 32.385320720674798, 150.0 ], [ 72.517573383205104, 32.385272056560197, 150.0 ], [ 72.517711696237797, 32.385241089304898, 150.0 ], [ 72.517872698266402, 32.385146023769998, 150.0 ], [ 72.517963698865699, 32.385069223465997, 150.0 ], [ 72.518106136189303, 32.384935561726799, 150.0 ], [ 72.518349942396, 32.3846916664872, 150.0 ], [ 72.518473221462003, 32.384520054257202, 150.0 ], [ 72.518584790455705, 32.384380832009903, 150.0 ], [ 72.518645805859293, 32.3842960367327, 150.0 ], [ 72.518728243113998, 32.3841500003223, 150.0 ], [ 72.518810296358097, 32.384004640202001, 150.0 ], [ 72.518881306826898, 32.383890400221802, 150.0 ], [ 72.518934869548701, 32.383737083799403, 150.0 ], [ 72.519005326934305, 32.383623877140302, 150.0 ], [ 72.519117814135896, 32.383389730551698, 150.0 ], [ 72.519232443522498, 32.383061719922502, 150.0 ], [ 72.519325529649507, 32.382795111405301, 150.0 ], [ 72.519424758146101, 32.382598063649802, 150.0 ], [ 72.519526334772607, 32.382307007062799, 150.0 ], [ 72.519576886564096, 32.382161998577402, 150.0 ], [ 72.519644678359299, 32.382053570016303, 150.0 ], [ 72.519704839406899, 32.381880664561102, 150.0 ], [ 72.519774375886797, 32.3816811220861, 150.0 ], [ 72.519851140217995, 32.381546095176198, 150.0 ], [ 72.519890621355202, 32.381432408279103, 150.0 ], [ 72.519920139802693, 32.381347413352501, 150.0 ], [ 72.520015618126294, 32.381157856050301, 150.0 ], [ 72.520044783140307, 32.381073848579298, 150.0 ], [ 72.520093276383605, 32.3809340741482, 150.0 ], [ 72.520151386977005, 32.380766248963297, 150.0 ], [ 72.520216644482602, 32.380662705519498, 150.0 ], [ 72.520283564834699, 32.380469414232202, 150.0 ], [ 72.520331109293295, 32.380332085957001, 150.0 ], [ 72.520387750394406, 32.380168694429798, 150.0 ], [ 72.520488806313395, 32.379961769420198, 150.0 ], [ 72.520507427675696, 32.379908062806898, 150.0 ], [ 72.520598880633898, 32.379727380913899, 150.0 ], [ 72.520626323446194, 32.379648536450901, 150.0 ], [ 72.520680700054299, 32.379492888086403, 150.0 ], [ 72.520789339956096, 32.379261434967297, 150.0 ], [ 72.520852122527501, 32.379161915989698, 150.0 ], [ 72.520906575578095, 32.379003520196399, 150.0 ], [ 72.5209774682356, 32.3788806638116, 150.0 ], [ 72.521058185986504, 32.378645465915604, 150.0 ], [ 72.521119429817901, 32.378550123389502, 150.0 ], [ 72.521233113117702, 32.3783019869472, 150.0 ], [ 72.521328350423104, 32.378107216275097, 150.0 ], [ 72.521440280944304, 32.377944063068099, 150.0 ], [ 72.5215345829547, 32.377749835586499, 150.0 ], [ 72.521611022630594, 32.377608069157098, 150.0 ], [ 72.521669944412494, 32.377518009248803, 150.0 ], [ 72.521788136913003, 32.377333355050297, 150.0 ], [ 72.521863586435401, 32.377192471755201, 150.0 ], [ 72.521930367392599, 32.377076799154999, 150.0 ], [ 72.522047018455197, 32.376893309578598, 150.0 ], [ 72.522187378344896, 32.376721368196598, 150.0 ], [ 72.522326911757602, 32.376549978998398, 150.0 ], [ 72.522432775452302, 32.376396137371898, 150.0 ], [ 72.522489305037496, 32.3763087448527, 150.0 ], [ 72.522570546193805, 32.376227661977097, 150.0 ], [ 72.522732237103099, 32.376066270541997, 150.0 ], [ 72.522868253267305, 32.3758991333384, 150.0 ], [ 72.522948211990496, 32.375819463297702, 150.0 ], [ 72.523115002055803, 32.375637002545702, 150.0 ], [ 72.5232730839857, 32.375478755140499, 150.0 ], [ 72.523500875065395, 32.375267023254601, 150.0 ], [ 72.523671024997796, 32.375065889878996, 150.0 ], [ 72.523873672831797, 32.374924732290602, 150.0 ], [ 72.524072135220905, 32.374712468006102, 150.0 ], [ 72.524278975694202, 32.3745523095415, 150.0 ], [ 72.524378327397898, 32.3744833180507, 150.0 ], [ 72.524586369365494, 32.3743965496611, 150.0 ], [ 72.524732506500001, 32.374343151515298, 150.0 ], [ 72.524830551488805, 32.374272991805199, 150.0 ] ] ] ] } },
{ "type": "Feature", "properties": { "Name": "I1", "district": "Bhakkar", "province": "Punjab", "area_km2": 4.6027907729799997, "volume_MAF": 0.0227474874, "River": "Indus", "Shape_Leng": 0.07903711307, "Shape_Area": 0.00043916707 }, "geometry": { "type": "MultiPolygon", "coordinates": [ [ [ [ 71.046988408088595, 31.986095190640601, 150.0 ], [ 71.047452835979598, 31.986748736964699, 150.0 ], [ 71.047561931837706, 31.986781198893301, 150.0 ], [ 71.047779104621995, 31.986849558160699, 150.0 ], [ 71.048237055595706, 31.987028371262401, 150.0 ], [ 71.048418809480594, 31.987083174149198, 150.0 ], [ 71.048745938774104, 31.987181810891901, 150.0 ], [ 71.049036725564505, 31.987269436335499, 150.0 ], [ 71.049254708637903, 31.9873356750015, 150.0 ], [ 71.049436374389202, 31.987390877187298, 150.0 ], [ 71.0497633930662, 31.987490245978101, 150.0 ], [ 71.050054099816904, 31.987578580087501, 150.0 ], [ 71.050271878744198, 31.9876464249426, 150.0 ], [ 71.050526488506705, 31.987722561546999, 150.0 ], [ 71.050708356605398, 31.987776625191099, 150.0 ], [ 71.050890442340105, 31.987829229235601, 150.0 ], [ 71.051254086806694, 31.987938080478099, 150.0 ], [ 71.051472104953703, 31.988004779596999, 150.0 ], [ 71.051690119503505, 31.988071852833802, 150.0 ], [ 71.051980916186395, 31.9881600880177, 150.0 ], [ 71.052308121922394, 31.988259331802801, 150.0 ], [ 71.052526245289997, 31.9883258834328, 150.0 ], [ 71.052671659369693, 31.988370499698899, 150.0 ], [ 71.053035306534198, 31.988479570375901, 150.0 ], [ 71.053326213833799, 31.988566803715099, 150.0 ], [ 71.053544396556703, 31.988632402963098, 150.0 ], [ 71.053726211595503, 31.9886868901879, 150.0 ], [ 71.054053464995505, 31.9887849648543, 150.0 ], [ 71.054211536133593, 31.988795629015101, 150.0 ], [ 71.054356972696198, 31.988839609460499, 150.0 ], [ 71.054514960197295, 31.988850895952101, 150.0 ], [ 71.054781931141306, 31.988893914122901, 150.0 ], [ 71.054867188669903, 31.988883473893299, 150.0 ], [ 71.055025009796395, 31.988893453669998, 150.0 ], [ 71.055182714910401, 31.988902731076202, 150.0 ], [ 71.055376641119196, 31.988922560228001, 150.0 ], [ 71.055655442644607, 31.9889305372146, 150.0 ], [ 71.055812889653197, 31.9889397975337, 150.0 ], [ 71.056079007140497, 31.9889807805387, 150.0 ], [ 71.056260496624702, 31.989035635586198, 150.0 ], [ 71.056417851902395, 31.989045595577799, 150.0 ], [ 71.056575102858702, 31.9890551841495, 150.0 ], [ 71.056720516038993, 31.9891005603426, 150.0 ], [ 71.0570726545794, 31.989139883199101, 150.0 ], [ 71.057376393405903, 31.989201275418601, 150.0 ], [ 71.057726941045502, 31.989231928810501, 150.0 ], [ 71.057847440307199, 31.9892295528016, 150.0 ], [ 71.058112652177201, 31.989269526767298, 150.0 ], [ 71.0583422131227, 31.989301857394899, 150.0 ], [ 71.058595133958306, 31.989265960056098, 150.0 ], [ 71.058679358165904, 31.989253874966401, 150.0 ], [ 71.059052187408597, 31.989216580081202, 150.0 ], [ 71.059316606076493, 31.9891489186877, 150.0 ], [ 71.059641844095907, 31.9890310976071, 150.0 ], [ 71.059953499654299, 31.988941660929001, 150.0 ], [ 71.060096990983396, 31.988875219016201, 150.0 ], [ 71.060324088685803, 31.9887972118219, 150.0 ], [ 71.060479013096, 31.988698251323299, 150.0 ], [ 71.060717349626003, 31.988587817273999, 150.0 ], [ 71.060930899041793, 31.988433971150901, 150.0 ], [ 71.061085093202607, 31.988335216597001, 150.0 ], [ 71.061309350845903, 31.988148606373201, 150.0 ], [ 71.061508778207596, 31.987919174030701, 150.0 ], [ 71.061590488810097, 31.987799512037899, 150.0 ], [ 71.061694959454897, 31.987614893812299, 150.0 ], [ 71.061740642316906, 31.987484849146501, 150.0 ], [ 71.061786275716102, 31.987354968157302, 150.0 ], [ 71.061854636782101, 31.987160412423101, 150.0 ], [ 71.061899537233899, 31.987029530488499, 150.0 ], [ 71.0619665978803, 31.986833069090899, 150.0 ], [ 71.062022586073596, 31.986669907790102, 150.0 ], [ 71.062079460099099, 31.986509365315001, 150.0 ], [ 71.062135794531301, 31.986347934309801, 150.0 ], [ 71.062145404686802, 31.986208733646201, 150.0 ], [ 71.062156101223096, 31.986071935071799, 150.0 ], [ 71.0621539212665, 31.9858607310879, 150.0 ], [ 71.062163879459504, 31.985722758898198, 150.0 ], [ 71.062149154859597, 31.9855414906473, 150.0 ], [ 71.062225929083397, 31.9853139855521, 150.0 ], [ 71.062256318074702, 31.9851090219639, 150.0 ], [ 71.062289178402906, 31.985011918565199, 150.0 ], [ 71.062402867098697, 31.984799433946801, 150.0 ], [ 71.062436543112, 31.984704354922101, 150.0 ], [ 71.062528158847499, 31.984556952441402, 150.0 ], [ 71.062650217533601, 31.984309726113, 150.0 ], [ 71.062855255765498, 31.9840555219448, 150.0 ], [ 71.062977602234596, 31.983811347016101, 150.0 ], [ 71.063112118329599, 31.9835387256317, 150.0 ], [ 71.063180277947495, 31.983454927702802, 150.0 ], [ 71.063271008750107, 31.9833093508459, 150.0 ], [ 71.063337991155393, 31.983122965452502, 150.0 ], [ 71.063403495974597, 31.982934838072399, 150.0 ], [ 71.063580827893006, 31.9826405133491, 150.0 ], [ 71.063689623377499, 31.982429352532598, 150.0 ], [ 71.0637681126084, 31.982315415624001, 150.0 ], [ 71.063846517303006, 31.9822016010231, 150.0 ], [ 71.063911261295701, 31.982015053751802, 150.0 ], [ 71.064037698780893, 31.981884276138501, 150.0 ], [ 71.064231772478394, 31.9816719192237, 150.0 ], [ 71.064287748081099, 31.981619991469501, 150.0 ], [ 71.064364975563294, 31.981506079741798, 150.0 ], [ 71.0645325246563, 31.981350694878699, 150.0 ], [ 71.064710476207594, 31.981164905735898, 150.0 ], [ 71.064855214896298, 31.9809711935658, 150.0 ], [ 71.064999696378905, 31.980777826735402, 150.0 ], [ 71.065233523708201, 31.9805434202427, 150.0 ], [ 71.065273837617596, 31.980419022420001, 150.0 ], [ 71.065370698199203, 31.980245132207099, 150.0 ], [ 71.065414068004898, 31.980124402719099, 150.0 ], [ 71.065503051424699, 31.9799842424788, 150.0 ], [ 71.065641935526997, 31.979689968117601, 150.0 ], [ 71.065782439308194, 31.979496744279398, 150.0 ], [ 71.065845480884306, 31.979315416673199, 150.0 ], [ 71.065897942835903, 31.9791645221251, 150.0 ], [ 71.065950331042998, 31.979013819132501, 150.0 ], [ 71.065967618710701, 31.978852438489302, 150.0 ], [ 71.066030622515299, 31.978672344753001, 150.0 ], [ 71.066072280011795, 31.978552217810702, 150.0 ], [ 71.066020415210104, 31.978370560153301, 150.0 ], [ 71.066101724714898, 31.978129380866299, 150.0 ], [ 71.066151700940296, 31.977978471928999, 150.0 ], [ 71.066197399990102, 31.9777272634025, 150.0 ], [ 71.066304465179002, 31.9774322668857, 150.0 ], [ 71.066412473756699, 31.9771386445329, 150.0 ], [ 71.066484343078002, 31.9769309595961, 150.0 ], [ 71.066486729878804, 31.9767024445622, 150.0 ], [ 71.066523021120602, 31.976484512750101, 150.0 ], [ 71.066525361156593, 31.976256891642301, 150.0 ], [ 71.066572099822594, 31.976010636581702, 150.0 ], [ 71.066533163674606, 31.975901063183599, 150.0 ], [ 71.066567703037094, 31.975684005512498, 150.0 ], [ 71.066556341901702, 31.975389128605499, 150.0 ], [ 71.066565070721495, 31.975036678000301, 150.0 ], [ 71.066617823154004, 31.974666454992899, 150.0 ], [ 71.066630053933906, 31.974413418144799, 150.0 ], [ 71.066669509890005, 31.974072835892699, 150.0 ], [ 71.066652316651101, 31.973779775616201, 150.0 ], [ 71.066697514778497, 31.973538722234299, 150.0 ], [ 71.066724324468098, 31.9732614306706, 150.0 ], [ 71.066738111074997, 31.972917507437, 150.0 ], [ 71.066764262460794, 31.972735733767099, 150.0 ], [ 71.066729408335604, 31.9724098113638, 150.0 ], [ 71.066697178432094, 31.972179829535499, 150.0 ], [ 71.066645316328305, 31.972007156105398, 150.0 ], [ 71.066613228517696, 31.971777997156899, 150.0 ], [ 71.066571168124895, 31.971577565252499, 150.0 ], [ 71.066529375730198, 31.971283588566799, 150.0 ], [ 71.066489912579499, 31.9710845263299, 150.0 ], [ 71.066450502488706, 31.970885749177999, 150.0 ], [ 71.066362888736407, 31.970611042265801, 150.0 ], [ 71.066295757942996, 31.9703740430277, 150.0 ], [ 71.066276454894506, 31.970213677719101, 150.0 ], [ 71.066194724507, 31.970034276460801, 150.0 ], [ 71.066123339920196, 31.969827223747401, 150.0 ], [ 71.066097999722999, 31.969696001869099, 150.0 ], [ 71.065993485011404, 31.969479401053501, 150.0 ], [ 71.065899494166402, 31.9692353655198, 150.0 ], [ 71.065815808652701, 31.968964032863902, 150.0 ], [ 71.065721207168096, 31.968720772545701, 150.0 ], [ 71.065593460269994, 31.968467988406999, 150.0 ], [ 71.065534931491896, 31.968327915401002, 150.0 ], [ 71.065429210789503, 31.9681132310408, 150.0 ], [ 71.065323149243994, 31.967898833564401, 150.0 ], [ 71.065194158583594, 31.967647521615898, 150.0 ], [ 71.065079222528098, 31.967461209067601, 150.0 ], [ 71.064975912008805, 31.967339865342598, 150.0 ], [ 71.064869731752793, 31.9671268932915, 150.0 ], [ 71.064674670599601, 31.9668575562313, 150.0 ], [ 71.064572932095203, 31.966736627093699, 150.0 ], [ 71.064425986470198, 31.966541782677201, 150.0 ], [ 71.064334885146906, 31.9663939602132, 150.0 ], [ 71.0641895097381, 31.966199417968799, 150.0 ], [ 71.064121657688403, 31.966088735706599, 150.0 ], [ 71.063908561530894, 31.965875356262799, 150.0 ], [ 71.063776009555198, 31.9657451299339, 150.0 ], [ 71.063611053207595, 31.965513931322899, 150.0 ], [ 71.063425902583404, 31.965336692934098, 150.0 ], [ 71.063284961731696, 31.9652331656781, 150.0 ], [ 71.063088009304195, 31.965083476221501, 150.0 ], [ 71.062899451148795, 31.964907808048999, 150.0 ], [ 71.062645672360006, 31.964803422839701, 150.0 ], [ 71.062467679439905, 31.964691962663998, 150.0 ], [ 71.062119425071401, 31.9645572361276, 150.0 ], [ 71.061870342542306, 31.964451338258701, 150.0 ], [ 71.0615874571955, 31.964336229533401, 150.0 ], [ 71.061360114877502, 31.964267293800599, 150.0 ], [ 71.061174783489506, 31.964181598302201, 150.0 ], [ 71.060955769792997, 31.964087029193099, 150.0 ], [ 71.060693291861995, 31.964009498639498, 150.0 ], [ 71.060378467991896, 31.963884500969002, 150.0 ], [ 71.060053167020101, 31.9637860908555, 150.0 ], [ 71.059695285409106, 31.9636778223737, 150.0 ], [ 71.059239042248095, 31.963540702741302, 150.0 ], [ 71.059173792836305, 31.9635211730637, 150.0 ], [ 71.059010677400906, 31.9634723542658, 150.0 ], [ 71.058749207609907, 31.963394229260299, 150.0 ], [ 71.058488327774199, 31.963316209475501, 150.0 ], [ 71.058259921558204, 31.963247967120001, 150.0 ], [ 71.057966817214904, 31.963159639305999, 150.0 ], [ 71.057738751841995, 31.963091193703701, 150.0 ], [ 71.057293405766103, 31.962927706848198, 150.0 ], [ 71.056978550419799, 31.962803379172701, 150.0 ], [ 71.056783253644298, 31.962744499658999, 150.0 ], [ 71.0566207272648, 31.9626950387451, 150.0 ], [ 71.056392654697305, 31.9626266704845, 150.0 ], [ 71.055936770365705, 31.962489550852101, 150.0 ], [ 71.055827992867606, 31.962486624458201, 150.0 ], [ 71.055567470962004, 31.962408264729699, 150.0 ], [ 71.055393512400698, 31.962385776282598, 150.0 ], [ 71.055219259761103, 31.9623641835603, 150.0 ], [ 71.054968601619706, 31.962349916715301, 150.0 ], [ 71.054924821723205, 31.9623666036359, 150.0 ], [ 71.054706975346704, 31.962360108732099, 150.0 ], [ 71.0545655146868, 31.962346837436701, 150.0 ], [ 71.054271108125207, 31.962346608109598, 150.0 ], [ 71.053889829751895, 31.962291323186101, 150.0 ], [ 71.053660019694206, 31.9623116424684, 150.0 ], [ 71.053506747338602, 31.962325657503101, 150.0 ], [ 71.053222870938797, 31.962300267843101, 150.0 ], [ 71.052915891854994, 31.9623275442808, 150.0 ], [ 71.052729535239905, 31.9623306433446, 150.0 ], [ 71.052608525163393, 31.9623542793266, 150.0 ], [ 71.052487493503094, 31.962378118555399, 150.0 ], [ 71.052289529338296, 31.962409053435099, 150.0 ], [ 71.052123990230001, 31.962449709086901, 150.0 ], [ 71.051935140694198, 31.962542784421998, 150.0 ], [ 71.051701575967002, 31.962652895614699, 150.0 ], [ 71.051512018664795, 31.9627461679014, 150.0 ], [ 71.051286847310195, 31.962919299086401, 150.0 ], [ 71.051051995653197, 31.963029618921802, 150.0 ], [ 71.050914846343105, 31.9631691019725, 150.0 ], [ 71.050744700007996, 31.963298619635601, 150.0 ], [ 71.050618944209006, 31.963412133862999, 150.0 ], [ 71.050526813161994, 31.963536833857901, 150.0 ], [ 71.050354488668702, 31.963760111240202, 150.0 ], [ 71.050160649694305, 31.963946758336299, 150.0 ], [ 71.050032474719004, 31.964153524165901, 150.0 ], [ 71.049927397031794, 31.9643056579798, 150.0 ], [ 71.049842635029606, 31.964494780010099, 150.0 ], [ 71.049712578672597, 31.964701251761401, 150.0 ], [ 71.049616701049999, 31.9649194929403, 150.0 ], [ 71.049601734532501, 31.9650386153399, 150.0 ], [ 71.049574734186706, 31.965185196739501, 150.0 ], [ 71.049559729897695, 31.9653045655533, 150.0 ], [ 71.0496076709573, 31.9655358738815, 150.0 ], [ 71.049625599841605, 31.9656653807528, 150.0 ], [ 71.049719136529006, 31.9658799796774, 150.0 ], [ 71.049791564329297, 31.966057350266599, 150.0 ], [ 71.049797576297195, 31.966214958253801, 150.0 ], [ 71.049791478893695, 31.966400276151901, 150.0 ], [ 71.049806500269796, 31.966623692029799, 150.0 ], [ 71.049800164545999, 31.966809635856102, 150.0 ], [ 71.049805984059006, 31.966968178238901, 150.0 ], [ 71.049754099472196, 31.967172426866099, 150.0 ], [ 71.0497566994122, 31.967425023046399, 150.0 ], [ 71.049719944120199, 31.967508534990898, 150.0 ], [ 71.049700926156802, 31.967723836286002, 150.0 ], [ 71.049671119026996, 31.967967695552801, 150.0 ], [ 71.049639699412594, 31.968211897461199, 150.0 ], [ 71.049621722864302, 31.968428642168099, 150.0 ], [ 71.049545507119504, 31.968691821570399, 150.0 ], [ 71.0495388224588, 31.9688811999075, 150.0 ], [ 71.049544362282603, 31.969042697462601, 150.0 ], [ 71.049482589649898, 31.9691840430092, 150.0 ], [ 71.049500882759602, 31.9693175617561, 150.0 ], [ 71.049473036151795, 31.9694693924985, 150.0 ], [ 71.049404868440007, 31.969802076904401, 150.0 ], [ 71.049360725217397, 31.970078940390898, 150.0 ], [ 71.049260376165506, 31.970307843931899, 150.0 ], [ 71.049185669483094, 31.9704794804437, 150.0 ], [ 71.049085893299406, 31.970708716733999, 150.0 ], [ 71.049010942900694, 31.9708811248641, 150.0 ], [ 71.048927104502397, 31.970985716017999, 150.0 ], [ 71.048759008621403, 31.971195356080901, 150.0 ], [ 71.048518607247999, 31.971481824326801, 150.0 ], [ 71.048277543074207, 31.9717692188744, 150.0 ], [ 71.048035970783502, 31.972057153914601, 150.0 ], [ 71.047878329521296, 31.972240200125199, 150.0 ], [ 71.047707446641397, 31.9724529347552, 150.0 ], [ 71.047537210374003, 31.9726653429313, 150.0 ], [ 71.047280323528199, 31.9729854620095, 150.0 ], [ 71.047048670759594, 31.973247618882599, 150.0 ], [ 71.046936954277101, 31.973413540202799, 150.0 ], [ 71.046872453101301, 31.973560664792899, 150.0 ], [ 71.046773828049794, 31.973697207959798, 150.0 ], [ 71.046614910649694, 31.973882338798902, 150.0 ], [ 71.046496899812198, 31.974149435647998, 150.0 ], [ 71.046370011766697, 31.9743474753557, 150.0 ], [ 71.046203571537703, 31.974635220639001, 150.0 ], [ 71.046097569347396, 31.974874667831699, 150.0 ], [ 71.045943889598902, 31.975133624017602, 150.0 ], [ 71.045633902282802, 31.975847063391299, 150.0 ], [ 71.045473279768103, 31.9762101008155, 150.0 ], [ 71.045344201873505, 31.976412053473599, 150.0 ], [ 71.045102621488894, 31.976959147946399, 150.0 ], [ 71.044940225510999, 31.977326126199799, 150.0 ], [ 71.044867300385604, 31.977581519271698, 150.0 ], [ 71.044821741630102, 31.9777756010632, 150.0 ], [ 71.044740854806705, 31.977959480046, 150.0 ], [ 71.044729769763094, 31.978165391519699, 150.0 ], [ 71.044669465723302, 31.978392360619001, 150.0 ], [ 71.044672261715604, 31.978567772484801, 150.0 ], [ 71.044675310417304, 31.978743128592601, 150.0 ], [ 71.044721964547094, 31.9790018617466, 150.0 ], [ 71.044853003863096, 31.9792513390781, 150.0 ], [ 71.044962403691997, 31.9794595051521, 150.0 ], [ 71.045066677385293, 31.979772078019, 150.0 ], [ 71.045254944160405, 31.9800765165181, 150.0 ], [ 71.045306939363797, 31.980233951835501, 150.0 ], [ 71.045402504022405, 31.980476271462798, 150.0 ], [ 71.045528706784495, 31.980834715149999, 150.0 ], [ 71.045625225623695, 31.981077254212, 150.0 ], [ 71.045712651417801, 31.981247606491898, 150.0 ], [ 71.045794319752105, 31.9815253126431, 150.0 ], [ 71.045868189165702, 31.981728444312299, 150.0 ], [ 71.045915589732701, 31.981994418807499, 150.0 ], [ 71.045978866031902, 31.982225138979, 150.0 ], [ 71.046041558671007, 31.9824573781056, 150.0 ], [ 71.046103829528207, 31.982690949127999, 150.0 ], [ 71.046152452273901, 31.9829572123056, 150.0 ], [ 71.046245808197597, 31.983309724963899, 150.0 ], [ 71.046374186419598, 31.9836764379173, 150.0 ], [ 71.046453337551597, 31.984065651009001, 150.0 ], [ 71.046523831809495, 31.984380536033001, 150.0 ], [ 71.046626417475196, 31.984814088399499, 150.0 ], [ 71.046680958659394, 31.9849752541048, 150.0 ], [ 71.046776586270497, 31.985330709344801, 150.0 ], [ 71.046781414730603, 31.985514359000501, 150.0 ], [ 71.046898259147397, 31.985919222094498, 150.0 ], [ 71.046988408088595, 31.986095190640601, 150.0 ] ] ] ] } },
{ "type": "Feature", "properties": { "Name": "C1", "district": "Sialkot", "province": "Punjab", "area_km2": 6.3171770616199998, "volume_MAF": 0.03122016895, "River": "Chenab", "Shape_Leng": 0.10492260566, "Shape_Area": 0.00060779492 }, "geometry": { "type": "MultiPolygon", "coordinates": [ [ [ [ 74.520631228848202, 32.744551916337898, 0.0 ], [ 74.520878546008106, 32.744802566385403, 0.0 ], [ 74.521214060580505, 32.744817239723901, 0.0 ], [ 74.521466394158793, 32.7447469010487, 0.0 ], [ 74.521726198405403, 32.7442040190003, 0.0 ], [ 74.521728360375604, 32.744045046741597, 0.0 ], [ 74.521649780313197, 32.743727077042998, 0.0 ], [ 74.521655132178594, 32.743414839623199, 0.0 ], [ 74.521661805148298, 32.743025483539299, 0.0 ], [ 74.521669787530797, 32.742559631122099, 0.0 ], [ 74.521594639281304, 32.742091407192703, 0.0 ], [ 74.521518082693404, 32.741700232679598, 0.0 ], [ 74.521440097982193, 32.741386411553698, 0.0 ], [ 74.521365882329704, 32.740840496092098, 0.0 ], [ 74.521208136746196, 32.740370004971801, 0.0 ], [ 74.521129470348896, 32.740135360158803, 0.0 ], [ 74.520890167947002, 32.739663506565599, 0.0 ], [ 74.520650263898602, 32.739269669160002, 0.0 ], [ 74.520411055026202, 32.738876974792603, 0.0 ], [ 74.520249903710095, 32.738717261492503, 0.0 ], [ 74.520093723846301, 32.738330014318798, 0.0 ], [ 74.519857817284503, 32.737864606166703, 0.0 ], [ 74.519621014098604, 32.737476180881103, 0.0 ], [ 74.519305111941406, 32.737010084747702, 0.0 ], [ 74.519149397027107, 32.736702605640801, 0.0 ], [ 74.518835197286606, 32.736239135527697, 0.0 ], [ 74.518442926499901, 32.735699216745502, 0.0 ], [ 74.518365866291703, 32.735546715108903, 0.0 ], [ 74.518051935448497, 32.735160118144996, 0.0 ], [ 74.517900561561703, 32.734781282330303, 0.0 ], [ 74.517826114783404, 32.734555265613103, 0.0 ], [ 74.517511738775795, 32.734244324116297, 0.0 ], [ 74.517281084254705, 32.733864434296301, 0.0 ], [ 74.516807371762894, 32.733548750674302, 0.0 ], [ 74.516568410204002, 32.733464439232499, 0.0 ], [ 74.516018679818302, 32.733074194618403, 0.0 ], [ 74.515619822396999, 32.732983489896199, 0.0 ], [ 74.514903097799802, 32.7328058000477, 0.0 ], [ 74.514260859551101, 32.732775057622902, 0.0 ], [ 74.513699460461794, 32.732753427128998, 0.0 ], [ 74.513218108229196, 32.7327333659521, 0.0 ], [ 74.512331822755499, 32.732763714473897, 0.0 ], [ 74.512010905079293, 32.732750924315802, 0.0 ], [ 74.511601972552995, 32.732878064171402, 0.0 ], [ 74.511032008320598, 32.732999422285602, 0.0 ], [ 74.510216247681697, 32.7331816105429, 0.0 ], [ 74.509890485357701, 32.733239945966801, 0.0 ], [ 74.509805736845394, 32.733309341253197, 0.0 ], [ 74.509148791983193, 32.733501940961801, 0.0 ], [ 74.508898025923202, 32.733639838507798, 0.0 ], [ 74.508490909128199, 32.733695507441801, 0.0 ], [ 74.508154355838897, 32.733898851350901, 0.0 ], [ 74.507660930207805, 32.734024531606899, 0.0 ], [ 74.507328362713807, 32.734156973865304, 0.0 ], [ 74.506748043687296, 32.734353595342199, 0.0 ], [ 74.506166784869293, 32.734550430857702, 0.0 ], [ 74.505838051185194, 32.734610779863701, 0.0 ], [ 74.505105431070803, 32.734651246657698, 0.0 ], [ 74.504609112320693, 32.734776608553702, 0.0 ], [ 74.503788836185905, 32.734887655041298, 0.0 ], [ 74.501869692832102, 32.735472249444797, 0.0 ], [ 74.500693049544694, 32.735870102323403, 0.0 ], [ 74.499846592346401, 32.736203538562499, 0.0 ], [ 74.499173313997304, 32.736402461404502, 0.0 ], [ 74.498744204281607, 32.736609003302902, 0.0 ], [ 74.497810257437493, 32.736943972886102, 0.0 ], [ 74.497239482016496, 32.736919493339997, 0.0 ], [ 74.496823710146103, 32.736977294566501, 0.0 ], [ 74.496154836676496, 32.737099610458699, 0.0 ], [ 74.495656600571706, 32.737154539250596, 0.0 ], [ 74.495314202588403, 32.737288680328398, 0.0 ], [ 74.494627455093095, 32.737559642463602, 0.0 ], [ 74.493775941906307, 32.737823493659299, 0.0 ], [ 74.493440253764703, 32.737883795001203, 0.0 ], [ 74.4930954788733, 32.738019486510197, 0.0 ], [ 74.4927383769746, 32.738237167411398, 0.0 ], [ 74.492147098809596, 32.738361966331802, 0.0 ], [ 74.491535618274199, 32.738640103258199, 0.0 ], [ 74.490419959813295, 32.738973991856298, 0.0 ], [ 74.489633905580305, 32.739316433006998, 0.0 ], [ 74.489275085077196, 32.739530180273697, 0.0 ], [ 74.488833487375601, 32.739740350936501, 0.0 ], [ 74.488287276036999, 32.740101864009901, 0.0 ], [ 74.488008267667496, 32.7403215962647, 0.0 ], [ 74.487915161755396, 32.740394917991097, 0.0 ], [ 74.487458410477302, 32.740687086140198, 0.0 ], [ 74.487072309939194, 32.741061270661199, 0.0 ], [ 74.486779925952902, 32.7413608465259, 0.0 ], [ 74.486497998383996, 32.741583256062498, 0.0 ], [ 74.486191671308603, 32.741964683723197, 0.0 ], [ 74.485686365633299, 32.742570650515198, 0.0 ], [ 74.485390040817805, 32.742874935230098, 0.0 ], [ 74.485069775150095, 32.743337575268903, 0.0 ], [ 74.484772417912794, 32.743642629803603, 0.0 ], [ 74.484559018683797, 32.743950382304398, 0.0 ], [ 74.484416993249695, 32.744342046947999, 0.0 ], [ 74.484322197511503, 32.744978742674903, 0.0 ], [ 74.484262581452995, 32.74537841758, 0.0 ], [ 74.484214763600505, 32.745698984520601, 0.0 ], [ 74.484105655151893, 32.746424930765997, 0.0 ], [ 74.483982476809899, 32.7472383396777, 0.0 ], [ 74.484128833379003, 32.747979948515898, 0.0 ], [ 74.484117987555095, 32.748635730554597, 0.0 ], [ 74.484288485525298, 32.749222129897397, 0.0 ], [ 74.484349652914204, 32.749973251764203, 0.0 ], [ 74.484386756243893, 32.750308177280601, 0.0 ], [ 74.484437858420506, 32.750557337151498, 0.0 ], [ 74.484622390311102, 32.751068038759101, 0.0 ], [ 74.484646917521303, 32.751491000709201, 0.0 ], [ 74.484843266503603, 32.751923643861097, 0.0 ], [ 74.484966387289006, 32.7522690266943, 0.0 ], [ 74.485077655009803, 32.752699833430597, 0.0 ], [ 74.485190798716403, 32.753128716517097, 0.0 ], [ 74.485601146775494, 32.753917772687103, 0.0 ], [ 74.485790019693695, 32.754440409197599, 0.0 ], [ 74.486014825024199, 32.754708777688002, 0.0 ], [ 74.486355507101095, 32.755413928010398, 0.0 ], [ 74.486721121082994, 32.7559500435597, 0.0 ], [ 74.486861007929207, 32.756216267166998, 0.0 ], [ 74.487077178868802, 32.756573049806399, 0.0 ], [ 74.487356514591497, 32.757112947904297, 0.0 ], [ 74.487496726992404, 32.757383290406601, 0.0 ], [ 74.487703629518904, 32.757828815447503, 0.0 ], [ 74.488109188688199, 32.758109915640098, 0.0 ], [ 74.488416880934395, 32.758473587086399, 0.0 ], [ 74.488656791277904, 32.7586658468514, 0.0 ], [ 74.4892280963996, 32.759048761091499, 0.0 ], [ 74.489978182247299, 32.759438734110297, 0.0 ], [ 74.490937293021702, 32.759576533630202, 0.0 ], [ 74.491201947312007, 32.759589794133703, 0.0 ], [ 74.491907779320599, 32.759625156375897, 0.0 ], [ 74.492546044364502, 32.759477845626101, 0.0 ], [ 74.493800801865603, 32.759361500333, 0.0 ], [ 74.495505352590001, 32.759175114040303, 0.0 ], [ 74.497641266731094, 32.7590898861894, 0.0 ], [ 74.500340665489404, 32.758597392255901, 0.0 ], [ 74.501689885080197, 32.758309973426599, 0.0 ], [ 74.502143962673799, 32.758154370028201, 0.0 ], [ 74.502807746880094, 32.757570511270103, 0.0 ], [ 74.503286527950905, 32.757071105147404, 0.0 ], [ 74.503674998202698, 32.756578840541103, 0.0 ], [ 74.504151451828093, 32.756076637526903, 0.0 ], [ 74.504438762738701, 32.755744101509201, 0.0 ], [ 74.504918026745599, 32.755164298693501, 0.0 ], [ 74.505506202249506, 32.754250437307903, 0.0 ], [ 74.505882553237299, 32.7538417619878, 0.0 ], [ 74.506084812564097, 32.753426863359103, 0.0 ], [ 74.506286622229894, 32.753011676947402, 0.0 ], [ 74.506401551990095, 32.752594280901398, 0.0 ], [ 74.506510663136595, 32.752260044265697, 0.0 ], [ 74.506711047376996, 32.751847756368903, 0.0 ], [ 74.506916391378397, 32.7513530563985, 0.0 ], [ 74.507046356903899, 32.750689145387803, 0.0 ], [ 74.507244542301905, 32.750285242769799, 0.0 ], [ 74.507458138482406, 32.749635982614599, 0.0 ], [ 74.507559481285099, 32.749391717753603, 0.0 ], [ 74.5076657874462, 32.7490676227726, 0.0 ], [ 74.507771911044898, 32.748743493617397, 0.0 ], [ 74.508047456125297, 32.7484323290888, 0.0 ], [ 74.508417885077407, 32.747952829459599, 0.0 ], [ 74.5086922727303, 32.747636330152503, 0.0 ], [ 74.508975617630696, 32.7471624144139, 0.0 ], [ 74.509328179751805, 32.7469354480126, 0.0 ], [ 74.509872002490994, 32.746313014633998, 0.0 ], [ 74.510404540537195, 32.745853436786703, 0.0 ], [ 74.510586055202296, 32.745618764993999, 0.0 ], [ 74.510939554417007, 32.745316294211598, 0.0 ], [ 74.511199889263494, 32.745166406004898, 0.0 ], [ 74.511632055774797, 32.7449485245548, 0.0 ], [ 74.512227259480497, 32.744814834037399, 0.0 ], [ 74.512992970149497, 32.744606592420404, 0.0 ], [ 74.513328332736407, 32.744624291078203, 0.0 ], [ 74.513754540339804, 32.7444887092865, 0.0 ], [ 74.514263862387395, 32.744353601437602, 0.0 ], [ 74.515109521886998, 32.744141548493701, 0.0 ], [ 74.515447050940693, 32.744077015841597, 0.0 ], [ 74.5159544430431, 32.743940822511, 0.0 ], [ 74.516458826014102, 32.743885386501503, 0.0 ], [ 74.516712556239597, 32.743821041807699, 0.0 ], [ 74.517301060895306, 32.743776708828101, 0.0 ], [ 74.517886044705307, 32.743802822442397, 0.0 ], [ 74.517969537764003, 32.743806045612601, 0.0 ], [ 74.518384882456402, 32.7439008602366, 0.0 ], [ 74.518719125387406, 32.743914924734, 0.0 ], [ 74.519302547974306, 32.744020417008699, 0.0 ], [ 74.519717519447994, 32.7441987741541, 0.0 ], [ 74.520134479322806, 32.744297388413798, 0.0 ], [ 74.520631228848202, 32.744551916337898, 0.0 ] ] ] ] } },
{ "type": "Feature", "properties": { "Name": "C3", "district": "Gujrat", "province": "Punjab", "area_km2": 5.4956887631100004, "volume_MAF": 0.02716028536, "River": "Chenab", "Shape_Leng": 0.09216176555, "Shape_Area": 0.00052775772 }, "geometry": { "type": "MultiPolygon", "coordinates": [ [ [ [ 74.266193292686395, 32.589653883220201, 0.0 ], [ 74.268254047786101, 32.588740077592497, 0.0 ], [ 74.268360936707893, 32.588385218603001, 0.0 ], [ 74.268461950358798, 32.588102359336503, 0.0 ], [ 74.268726177471194, 32.587755724647003, 0.0 ], [ 74.269220229030395, 32.587496799038099, 0.0 ], [ 74.269787176936703, 32.587313206039703, 0.0 ], [ 74.270033915832599, 32.587182271045002, 0.0 ], [ 74.270511911795296, 32.587131897319203, 0.0 ], [ 74.270911052503195, 32.5870770620568, 0.0 ], [ 74.271393796886301, 32.586954011418499, 0.0 ], [ 74.271885378007795, 32.586691097316397, 0.0 ], [ 74.272126083352106, 32.586631618854199, 0.0 ], [ 74.272454984310102, 32.586431644704703, 0.0 ], [ 74.272861588491594, 32.5862390333048, 0.0 ], [ 74.273202919878898, 32.585828312926402, 0.0 ], [ 74.2734609866353, 32.5854839625149, 0.0 ], [ 74.273713791458405, 32.585212970702102, 0.0 ], [ 74.273983665413894, 32.584661648516303, 0.0 ], [ 74.274070562406607, 32.5845250828663, 0.0 ], [ 74.274244090192695, 32.584252085565403, 0.0 ], [ 74.274664131144803, 32.583781008986399, 0.0 ], [ 74.274832659599596, 32.583578973590797, 0.0 ], [ 74.275259301575502, 32.582970545354399, 0.0 ], [ 74.275423073516095, 32.582839134618403, 0.0 ], [ 74.275754098672806, 32.582507092328498, 0.0 ], [ 74.275999027233397, 32.582310648917399, 0.0 ], [ 74.276243791218107, 32.582113968984501, 0.0 ], [ 74.276569607501401, 32.581851982982698, 0.0 ], [ 74.276979904299196, 32.581456362221402, 0.0 ], [ 74.277223420924201, 32.581260584308602, 0.0 ], [ 74.277706038502899, 32.580938175556398, 0.0 ], [ 74.277864347062007, 32.580876475768797, 0.0 ], [ 74.278106934687301, 32.5806813678509, 0.0 ], [ 74.278584620383995, 32.580430149431898, 0.0 ], [ 74.278829873599804, 32.5801673612348, 0.0 ], [ 74.279235937288703, 32.579777714669802, 0.0 ], [ 74.2794799278564, 32.579513859876798, 0.0 ], [ 74.279720742018696, 32.579321312328801, 0.0 ], [ 74.279963911505405, 32.579057841546202, 0.0 ], [ 74.280287066694797, 32.578732940772603, 0.0 ], [ 74.280452916069294, 32.578469196596203, 0.0 ], [ 74.280624437467793, 32.578070798728398, 0.0 ], [ 74.280639231315504, 32.577733604222502, 0.0 ], [ 74.280651048407194, 32.577464320222198, 0.0 ], [ 74.280592251631205, 32.577058063179201, 0.0 ], [ 74.280612834414896, 32.576588499259898, 0.0 ], [ 74.280627625564506, 32.576254439790603, 0.0 ], [ 74.280639519997905, 32.575987743139898, 0.0 ], [ 74.280572082535599, 32.575784299405903, 0.0 ], [ 74.280507674889293, 32.575514438040997, 0.0 ], [ 74.280373154297706, 32.575108629759498, 0.0 ], [ 74.280314868336603, 32.574706847742902, 0.0 ], [ 74.280250690017397, 32.5744385359097, 0.0 ], [ 74.280186955963302, 32.574171587448902, 0.0 ], [ 74.280120389044797, 32.573970215752901, 0.0 ], [ 74.280062443027404, 32.573571414988898, 0.0 ], [ 74.279995671063404, 32.573370193479697, 0.0 ], [ 74.279636072646696, 32.572959606200897, 0.0 ], [ 74.279572796347495, 32.572693642497697, 0.0 ], [ 74.279217115377605, 32.572219159286803, 0.0 ], [ 74.279079009189005, 32.571951396939497, 0.0 ], [ 74.278941064878296, 32.5716840617701, 0.0 ], [ 74.278652865437394, 32.571410611210801, 0.0 ], [ 74.278512297804397, 32.571209190052102, 0.0 ], [ 74.2780060802165, 32.570796378749897, 0.0 ], [ 74.277497456042795, 32.5704497989191, 0.0 ], [ 74.277282871507396, 32.570245778719801, 0.0 ], [ 74.277068659291302, 32.570041978854299, 0.0 ], [ 74.276783173105002, 32.569770735231302, 0.0 ], [ 74.276573096871005, 32.569503802958202, 0.0 ], [ 74.276206296683299, 32.569358180235902, 0.0 ], [ 74.275638462045407, 32.568818336996699, 0.0 ], [ 74.2753513498849, 32.568613179155001, 0.0 ], [ 74.275139158445498, 32.568411940558697, 0.0 ], [ 74.274624974662899, 32.568260986655297, 0.0 ], [ 74.274193945793996, 32.567985969477, 0.0 ], [ 74.274049049723899, 32.567915593929598, 0.0 ], [ 74.273693338177097, 32.567644494198099, 0.0 ], [ 74.273189449833296, 32.567367084823204, 0.0 ], [ 74.272979307049397, 32.567166888541102, 0.0 ], [ 74.272765054363802, 32.567030147523298, 0.0 ], [ 74.272489963441103, 32.566700553187999, 0.0 ], [ 74.272132389398294, 32.566494021182201, 0.0 ], [ 74.271849389837499, 32.566290719541101, 0.0 ], [ 74.271640464735697, 32.5660918632489, 0.0 ], [ 74.271353549526694, 32.565952366708402, 0.0 ], [ 74.2710020872765, 32.565684433489899, 0.0 ], [ 74.270932786418996, 32.5656183288229, 0.0 ], [ 74.270503271109106, 32.565410149259002, 0.0 ], [ 74.270074522920893, 32.565201539819299, 0.0 ], [ 74.269862652539402, 32.565066383406901, 0.0 ], [ 74.269518353389302, 32.564736973432602, 0.0 ], [ 74.269179340454201, 32.564346651476903, 0.0 ], [ 74.2690419177504, 32.564215586979799, 0.0 ], [ 74.268693945769002, 32.563950375109798, 0.0 ], [ 74.268488508238093, 32.5637541601265, 0.0 ], [ 74.268209775960401, 32.563554937810203, 0.0 ], [ 74.2680045551662, 32.563359795718, 0.0 ], [ 74.267736503237103, 32.563037790761499, 0.0 ], [ 74.267679104007499, 32.562848798233503, 0.0 ], [ 74.267491393013401, 32.562468098124299, 0.0 ], [ 74.267355542324495, 32.562338312463197, 0.0 ], [ 74.267225091165102, 32.562147181347399, 0.0 ], [ 74.266875486014897, 32.561946306077203, 0.0 ], [ 74.266526305344797, 32.561745673624003, 0.0 ], [ 74.266234058954694, 32.561732458086503, 0.0 ], [ 74.265806883680796, 32.561590072024302, 0.0 ], [ 74.265453070602803, 32.561451093493197, 0.0 ], [ 74.265166811898894, 32.561376712365401, 0.0 ], [ 74.264813387328005, 32.5612379946378, 0.0 ], [ 74.264448517984803, 32.5612217115128, 0.0 ], [ 74.264095496310205, 32.561083163757097, 0.0 ], [ 74.263523994237005, 32.560935064301802, 0.0 ], [ 74.263165374282707, 32.560857833222499, 0.0 ], [ 74.262813615256206, 32.560719339426001, 0.0 ], [ 74.2623290425514, 32.560452613097702, 0.0 ], [ 74.261971600708904, 32.560375391011497, 0.0 ], [ 74.261693607673905, 32.560240532274797, 0.0 ], [ 74.261494549034197, 32.560048517125402, 0.0 ], [ 74.261077421885503, 32.559847192194198, 0.0 ], [ 74.260859423523598, 32.5598375010998, 0.0 ], [ 74.260509057546997, 32.559700189911901, 0.0 ], [ 74.260225047148296, 32.559626732387898, 0.0 ], [ 74.259802899983896, 32.559486185439098, 0.0 ], [ 74.259373602309907, 32.559406513599797, 0.0 ], [ 74.259024670751998, 32.55926940386, 0.0 ], [ 74.258676438866601, 32.559132206885899, 0.0 ], [ 74.258392825068896, 32.559059080312402, 0.0 ], [ 74.258102415993704, 32.559046410663399, 0.0 ], [ 74.257812562699698, 32.559033489204197, 0.0 ], [ 74.257450265417404, 32.559017334682302, 0.0 ], [ 74.257087991517693, 32.559001184656999, 0.0 ], [ 74.256871186556097, 32.5589912912152, 0.0 ], [ 74.256341477776999, 32.559150034146803, 0.0 ], [ 74.256124178188301, 32.559140283697197, 0.0 ], [ 74.255819645260502, 32.559248130397002, 0.0 ], [ 74.255434950362698, 32.559413289091999, 0.0 ], [ 74.255042296464893, 32.5596391960921, 0.0 ], [ 74.254706408673897, 32.559990085474098, 0.0 ], [ 74.254392899612697, 32.560159268635402, 0.0 ], [ 74.253918253624505, 32.560443732292498, 0.0 ], [ 74.253676383658203, 32.560616802323601, 0.0 ], [ 74.253418350176801, 32.560912149576097, 0.0 ], [ 74.253086505737699, 32.561204937357999, 0.0 ], [ 74.252664728194702, 32.561617704593502, 0.0 ], [ 74.252485803577002, 32.561856890982803, 0.0 ], [ 74.252216909882506, 32.562216345507998, 0.0 ], [ 74.251972511022601, 32.562391412034103, 0.0 ], [ 74.251784213670604, 32.5626935734497, 0.0 ], [ 74.251668837846594, 32.562999635224998, 0.0 ], [ 74.251570176822298, 32.563182225479402, 0.0 ], [ 74.251431895265796, 32.563674283241703, 0.0 ], [ 74.251226229307093, 32.564103064704703, 0.0 ], [ 74.251104325304397, 32.564472729233103, 0.0 ], [ 74.251043913345995, 32.5649108906251, 0.0 ], [ 74.251012672696703, 32.565160055891901, 0.0 ], [ 74.250969111335493, 32.565474327578201, 0.0 ], [ 74.250941987782497, 32.565663719405201, 0.0 ], [ 74.250882822284495, 32.566104173169101, 0.0 ], [ 74.250848854890805, 32.566356436600302, 0.0 ], [ 74.250804302476595, 32.566673483594499, 0.0 ], [ 74.250742894069404, 32.567117771168299, 0.0 ], [ 74.250683988475302, 32.567561630664798, 0.0 ], [ 74.250808134487897, 32.567758552515201, 0.0 ], [ 74.250840692643905, 32.568079925248398, 0.0 ], [ 74.250946505077195, 32.568406152522002, 0.0 ], [ 74.250986745242102, 32.568665436061103, 0.0 ], [ 74.251167759884297, 32.568996076307897, 0.0 ], [ 74.251192012801198, 32.569384200320698, 0.0 ], [ 74.251307991170904, 32.569647942698502, 0.0 ], [ 74.251481695224101, 32.570044759558101, 0.0 ], [ 74.251672421644997, 32.570313441012601, 0.0 ], [ 74.251921494281603, 32.570715586355298, 0.0 ], [ 74.252047217704998, 32.570916216110597, 0.0 ], [ 74.252297612345004, 32.571319422653303, 0.0 ], [ 74.2525487174494, 32.571723489847201, 0.0 ], [ 74.252800651728805, 32.5721282585124, 0.0 ], [ 74.253212115846495, 32.572475591975, 0.0 ], [ 74.253489589972702, 32.572685691591502, 0.0 ], [ 74.253682579087794, 32.572959342699598, 0.0 ], [ 74.254036554943099, 32.573173353467602, 0.0 ], [ 74.254457155273499, 32.573458181349999, 0.0 ], [ 74.254660189815993, 32.573666297961303, 0.0 ], [ 74.254939208977405, 32.573878210610999, 0.0 ], [ 74.255445136983596, 32.574101751494702, 0.0 ], [ 74.255944343456704, 32.574391279234199, 0.0 ], [ 74.2562333837637, 32.574536744575099, 0.0 ], [ 74.256447274022506, 32.5746781539737, 0.0 ], [ 74.256718341378402, 32.5749602317293, 0.0 ], [ 74.256937335289905, 32.575039076192503, 0.0 ], [ 74.257287859547105, 32.575322234033898, 0.0 ], [ 74.257638944082004, 32.575605839737797, 0.0 ], [ 74.257776630287296, 32.575746016165702, 0.0 ], [ 74.2579689071394, 32.576089742447699, 0.0 ], [ 74.258237837706105, 32.576437735113402, 0.0 ], [ 74.2583069479074, 32.576508135841799, 0.0 ], [ 74.258423772539103, 32.576849715442101, 0.0 ], [ 74.258602523587598, 32.5773304966052, 0.0 ], [ 74.259004222866594, 32.577891193324, 0.0 ], [ 74.259059339616897, 32.578097414164397, 0.0 ], [ 74.259324228630305, 32.578516305782998, 0.0 ], [ 74.259526887256101, 32.578797122689103, 0.0 ], [ 74.259792457056307, 32.5792183183707, 0.0 ], [ 74.259848465034693, 32.5794257011353, 0.0 ], [ 74.260269034788195, 32.579855533006501, 0.0 ], [ 74.260465677848799, 32.580207851411302, 0.0 ], [ 74.260676490627603, 32.580423936015897, 0.0 ], [ 74.260746819410301, 32.580496022973101, 0.0 ], [ 74.260937319202, 32.580918489396801, 0.0 ], [ 74.261135137676504, 32.581273102871499, 0.0 ], [ 74.261410873413098, 32.581631994421102, 0.0 ], [ 74.261454151487996, 32.581981212862701, 0.0 ], [ 74.261582442475799, 32.582264885116402, 0.0 ], [ 74.261788318875901, 32.5825529478603, 0.0 ], [ 74.261832635667602, 32.582903048536899, 0.0 ], [ 74.261968085258999, 32.583118804888997, 0.0 ], [ 74.262012358883297, 32.583470631364598, 0.0 ], [ 74.262134724238194, 32.583826773686702, 0.0 ], [ 74.262257321618193, 32.584183650754902, 0.0 ], [ 74.262315371956902, 32.584397397122203, 0.0 ], [ 74.262431689370999, 32.584825664173103, 0.0 ], [ 74.262548290071607, 32.585254970840303, 0.0 ], [ 74.262730034963198, 32.585831076543002, 0.0 ], [ 74.2628737232438, 32.585979806422998, 0.0 ], [ 74.263069693611598, 32.586415966823402, 0.0 ], [ 74.263266151411798, 32.586853203712501, 0.0 ], [ 74.263469648205799, 32.587220094731698, 0.0 ], [ 74.263686563783907, 32.587444847002097, 0.0 ], [ 74.263818601347495, 32.587737388369803, 0.0 ], [ 74.264029666835697, 32.588034167342997, 0.0 ], [ 74.2641552994276, 32.5884008452229, 0.0 ], [ 74.2642877857527, 32.588695750008903, 0.0 ], [ 74.264578934070599, 32.588998083195001, 0.0 ], [ 74.2649620911276, 32.589161203126999, 0.0 ], [ 74.265266516136904, 32.589320202365499, 0.0 ], [ 74.265497894612196, 32.589404181957498, 0.0 ], [ 74.266034589324903, 32.589646798361102, 0.0 ], [ 74.266193292686395, 32.589653883220201, 0.0 ] ] ] ] } },
{ "type": "Feature", "properties": { "Name": "C4", "district": "Gujranwala", "province": "Punjab", "area_km2": 5.5278797483100002, "volume_MAF": 0.02731937668, "River": "Chenab", "Shape_Leng": 0.09032852731, "Shape_Area": 0.00053046591 }, "geometry": { "type": "MultiPolygon", "coordinates": [ [ [ [ 74.164022891543297, 32.503918337960997, 0.0 ], [ 74.162585534794601, 32.502032140371099, 0.0 ], [ 74.162358969490896, 32.501935962374802, 0.0 ], [ 74.162242651177493, 32.501840216053203, 0.0 ], [ 74.161758781742407, 32.501712293787399, 0.0 ], [ 74.161273877187696, 32.501552807116397, 0.0 ], [ 74.160377106518297, 32.501172044953996, 0.0 ], [ 74.159970623745295, 32.501046023854997, 0.0 ], [ 74.159417288876895, 32.500887299809101, 0.0 ], [ 74.159084697101207, 32.500761059275497, 0.0 ], [ 74.158755824921499, 32.500698575279102, 0.0 ], [ 74.158463569538199, 32.500636160530497, 0.0 ], [ 74.158281267966203, 32.500604917183203, 0.0 ], [ 74.157808107658099, 32.500542066263399, 0.0 ], [ 74.156862812268997, 32.5004155307522, 0.0 ], [ 74.156319435593602, 32.500383968145698, 0.0 ], [ 74.156100950698402, 32.500321045280103, 0.0 ], [ 74.155847224969506, 32.500289399036603, 0.0 ], [ 74.155413029587706, 32.500257812148398, 0.0 ], [ 74.155013550734907, 32.500131267644001, 0.0 ], [ 74.154652752622496, 32.500102385017101, 0.0 ], [ 74.154363509068702, 32.500039708565701, 0.0 ], [ 74.154074701686199, 32.5000078788606, 0.0 ], [ 74.153858230373103, 32.499976970960503, 0.0 ], [ 74.153461579888102, 32.499913413173502, 0.0 ], [ 74.153209347033794, 32.499913135283002, 0.0 ], [ 74.152885174711102, 32.499881828084, 0.0 ], [ 74.152741228325098, 32.499850724131598, 0.0 ], [ 74.152453339150298, 32.4998194448116, 0.0 ], [ 74.152237361565, 32.499819540139697, 0.0 ], [ 74.151913217121304, 32.499819076089501, 0.0 ], [ 74.151697206261105, 32.499818928600703, 0.0 ], [ 74.151409109343007, 32.499818552684097, 0.0 ], [ 74.151301105261794, 32.4998183593299, 0.0 ], [ 74.151049101734699, 32.499817908769501, 0.0 ], [ 74.150869106923807, 32.499817574221701, 0.0 ], [ 74.150545135149898, 32.499816976172603, 0.0 ], [ 74.1503651583254, 32.499816643423401, 0.0 ], [ 74.150041083129594, 32.499816691986801, 0.0 ], [ 74.149896803994395, 32.499816977071902, 0.0 ], [ 74.149752768575496, 32.499816864656601, 0.0 ], [ 74.149572361875101, 32.4998176200871, 0.0 ], [ 74.149320236040097, 32.499817441121998, 0.0 ], [ 74.1491762599765, 32.499817146144402, 0.0 ], [ 74.148959794059294, 32.499817790058998, 0.0 ], [ 74.148779381962996, 32.499818290981402, 0.0 ], [ 74.1485975345486, 32.499850207021503, 0.0 ], [ 74.148380661238605, 32.499851193577797, 0.0 ], [ 74.148055677727399, 32.499852054229002, 0.0 ], [ 74.147911785300707, 32.499851432797399, 0.0 ], [ 74.147624575114094, 32.499849315793298, 0.0 ], [ 74.147409299, 32.499847650248903, 0.0 ], [ 74.147268595569301, 32.499785054736499, 0.0 ], [ 74.147019131727603, 32.499752408447002, 0.0 ], [ 74.146913121443404, 32.499720882712602, 0.0 ], [ 74.146703364468706, 32.499597846463502, 0.0 ], [ 74.146525519037496, 32.499566577935298, 0.0 ], [ 74.146351237619598, 32.499473833550603, 0.0 ], [ 74.146140889790303, 32.4993816863158, 0.0 ], [ 74.145932729112204, 32.499258948641597, 0.0 ], [ 74.145689177413701, 32.499136374644003, 0.0 ], [ 74.145481846809801, 32.499014104617302, 0.0 ], [ 74.145239258285201, 32.498891889449197, 0.0 ], [ 74.145066795296401, 32.498800201767899, 0.0 ], [ 74.144825303045394, 32.4986781637663, 0.0 ], [ 74.144615687264206, 32.498617031450898, 0.0 ], [ 74.144410586979106, 32.498495437714297, 0.0 ], [ 74.144244585619205, 32.498314920397299, 0.0 ], [ 74.143972281695497, 32.498134820365699, 0.0 ], [ 74.143832929046496, 32.4981041840609, 0.0 ], [ 74.143630631948199, 32.497954425356497, 0.0 ], [ 74.143397319031095, 32.497745699004803, 0.0 ], [ 74.143024926858999, 32.497536257692197, 0.0 ], [ 74.142889150813701, 32.497476051678497, 0.0 ], [ 74.142647663958599, 32.497415699075297, 0.0 ], [ 74.142480042020395, 32.497325559127297, 0.0 ], [ 74.142236059546605, 32.497295288846502, 0.0 ], [ 74.141995338014496, 32.497235136792199, 0.0 ], [ 74.141754520254906, 32.497175255433703, 0.0 ], [ 74.141445788392502, 32.497086056176599, 0.0 ], [ 74.141104515461095, 32.496967789032297, 0.0 ], [ 74.140684889995697, 32.496909895175598, 0.0 ], [ 74.140445317797202, 32.496850342069699, 0.0 ], [ 74.140206249219105, 32.496790710722799, 0.0 ], [ 74.140036470706605, 32.496731804229498, 0.0 ], [ 74.139800623499994, 32.496643126579102, 0.0 ], [ 74.139628452790902, 32.496613496615602, 0.0 ], [ 74.1394914698555, 32.496583917913497, 0.0 ], [ 74.139252796079703, 32.4965248441463, 0.0 ], [ 74.139080639759797, 32.496495392248598, 0.0 ], [ 74.138568718671493, 32.496377637717799, 0.0 ], [ 74.1382990497614, 32.496289653444798, 0.0 ], [ 74.1380227879214, 32.4962600486624, 0.0 ], [ 74.137890464373498, 32.496201394878497, 0.0 ], [ 74.137653380599104, 32.496142671846897, 0.0 ], [ 74.137454290483205, 32.496083084566699, 0.0 ], [ 74.1373213419064, 32.496052798098198, 0.0 ], [ 74.137143756379302, 32.4960535742131, 0.0 ], [ 74.136931560443202, 32.496054175859598, 0.0 ], [ 74.136757147724296, 32.496053871888698, 0.0 ], [ 74.136438607855595, 32.496082612422697, 0.0 ], [ 74.136223228319395, 32.496111997770498, 0.0 ], [ 74.136042199288099, 32.496141598056298, 0.0 ], [ 74.135606886948295, 32.496229531068103, 0.0 ], [ 74.135388884089807, 32.496287512159, 0.0 ], [ 74.1350129944542, 32.496462480658998, 0.0 ], [ 74.134750600160103, 32.496579261223999, 0.0 ], [ 74.134561598638896, 32.496667195134997, 0.0 ], [ 74.134337174620995, 32.496755212682999, 0.0 ], [ 74.134063378722004, 32.496931834136902, 0.0 ], [ 74.133983679902897, 32.496990834159703, 0.0 ], [ 74.133793292526505, 32.4970794254751, 0.0 ], [ 74.133678208982204, 32.497138440786401, 0.0 ], [ 74.133493176169196, 32.497197287025202, 0.0 ], [ 74.133338842613597, 32.497285747039697, 0.0 ], [ 74.133153384421206, 32.497344667022801, 0.0 ], [ 74.133006828202596, 32.497374355442197, 0.0 ], [ 74.132750088845597, 32.497433432806801, 0.0 ], [ 74.1324870938044, 32.497494447310899, 0.0 ], [ 74.132371882556399, 32.497553671265003, 0.0 ], [ 74.132260721854905, 32.4975832724501, 0.0 ], [ 74.132057861780893, 32.497732671425702, 0.0 ], [ 74.131769737883104, 32.497971558340801, 0.0 ], [ 74.131677628419894, 32.498091750034298, 0.0 ], [ 74.131461793826801, 32.498302876676497, 0.0 ], [ 74.131364069895895, 32.498453881841201, 0.0 ], [ 74.131241519280806, 32.498544429182097, 0.0 ], [ 74.131142788109202, 32.498696196971999, 0.0 ], [ 74.131115581818705, 32.498848369456702, 0.0 ], [ 74.131088208254297, 32.499000904368302, 0.0 ], [ 74.131066497720695, 32.499123126731, 0.0 ], [ 74.131028403338206, 32.499337588958603, 0.0 ], [ 74.130995647331304, 32.499521994044898, 0.0 ], [ 74.130923862546297, 32.499923614183501, 0.0 ], [ 74.130907110874503, 32.500016706605798, 0.0 ], [ 74.130843000903795, 32.500172126542502, 0.0 ], [ 74.130756316151107, 32.500452813046898, 0.0 ], [ 74.130745096209296, 32.500515351002697, 0.0 ], [ 74.130632612604998, 32.500734886305999, 0.0 ], [ 74.130429812785707, 32.501049703880803, 0.0 ], [ 74.130305846637597, 32.501333941807999, 0.0 ], [ 74.130192336906902, 32.501556181372699, 0.0 ], [ 74.130041561069206, 32.501779206944903, 0.0 ], [ 74.130018138226504, 32.501907006003599, 0.0 ], [ 74.129885205837596, 32.5022278958008, 0.0 ], [ 74.129848088118806, 32.502421812116999, 0.0 ], [ 74.129799826001204, 32.502680763806303, 0.0 ], [ 74.129782330590203, 32.502777696333702, 0.0 ], [ 74.129740136198393, 32.503005262582903, 0.0 ], [ 74.129709792173202, 32.503168359132502, 0.0 ], [ 74.129654946118904, 32.5034630148064, 0.0 ], [ 74.129630250735502, 32.503792409492199, 0.0 ], [ 74.129640126190907, 32.504154707673599, 0.0 ], [ 74.1296483370012, 32.504319853778298, 0.0 ], [ 74.129611859599706, 32.504519391756602, 0.0 ], [ 74.129624573315496, 32.504653027415301, 0.0 ], [ 74.129600391444995, 32.504786547960897, 0.0 ], [ 74.129613376755998, 32.504920522664101, 0.0 ], [ 74.129626410630394, 32.505054794143497, 0.0 ], [ 74.129664173163107, 32.505054703311899, 0.0 ], [ 74.129734651233207, 32.505290053193399, 0.0 ], [ 74.129767335294304, 32.505526452583801, 0.0 ], [ 74.129817985111998, 32.505662209743299, 0.0 ], [ 74.129894910421896, 32.505865934965001, 0.0 ], [ 74.129902443143294, 32.5060361046826, 0.0 ], [ 74.130024326461594, 32.506206368828899, 0.0 ], [ 74.130102286891102, 32.506411469114099, 0.0 ], [ 74.130154229034503, 32.506548661591502, 0.0 ], [ 74.1301680579096, 32.5066862434754, 0.0 ], [ 74.130252539323294, 32.506858325151697, 0.0 ], [ 74.130364012089601, 32.507099608760001, 0.0 ], [ 74.130448839742201, 32.507272832575197, 0.0 ], [ 74.130533567570097, 32.507446753365002, 0.0 ], [ 74.130656870917903, 32.507621131909801, 0.0 ], [ 74.130742329894602, 32.507795782949103, 0.0 ], [ 74.130853966337597, 32.508041580254798, 0.0 ], [ 74.130966104602095, 32.508288196842798, 0.0 ], [ 74.131057581842001, 32.508429821179298, 0.0 ], [ 74.131195520756805, 32.508565507292403, 0.0 ], [ 74.131287808285805, 32.508707345667503, 0.0 ], [ 74.131437628144099, 32.508958374329602, 0.0 ], [ 74.131561063692203, 32.509138729768601, 0.0 ], [ 74.131681080917204, 32.5093536974152, 0.0 ], [ 74.131768531892305, 32.509533275840099, 0.0 ], [ 74.131883503021299, 32.509785550962498, 0.0 ], [ 74.131982600216901, 32.509894334755799, 0.0 ], [ 74.132076279896495, 32.510039371120101, 0.0 ], [ 74.1322365651654, 32.510257660862401, 0.0 ], [ 74.132291963403404, 32.510403196350502, 0.0 ], [ 74.132319710186593, 32.510476081905701, 0.0 ], [ 74.132453039176497, 32.510622673197901, 0.0 ], [ 74.132575700408296, 32.510842572726602, 0.0 ], [ 74.132783267533895, 32.511026109967098, 0.0 ], [ 74.132930204165604, 32.5110988210538, 0.0 ], [ 74.132986749039304, 32.511214863275399, 0.0 ], [ 74.133141159037294, 32.5114774653129, 0.0 ], [ 74.133246997550899, 32.511584443267502, 0.0 ], [ 74.133390128251804, 32.511694037349997, 0.0 ], [ 74.133493678890204, 32.511772684861597, 0.0 ], [ 74.133624993398797, 32.5119271856911, 0.0 ], [ 74.133799115636705, 32.512078993051098, 0.0 ], [ 74.1339015915852, 32.512191580976697, 0.0 ], [ 74.134044280718996, 32.512303953964398, 0.0 ], [ 74.134261616280597, 32.512453798104303, 0.0 ], [ 74.134478378974094, 32.512605180984401, 0.0 ], [ 74.134627907452, 32.512679604380303, 0.0 ], [ 74.134850448289598, 32.512825449235201, 0.0 ], [ 74.135040215133898, 32.512900079475102, 0.0 ], [ 74.135186258738898, 32.513011443423402, 0.0 ], [ 74.135336701827399, 32.513086051180402, 0.0 ], [ 74.135563059387707, 32.513197576107302, 0.0 ], [ 74.1356676307566, 32.513312186608204, 0.0 ], [ 74.135927930529604, 32.5134645020851, 0.0 ], [ 74.136190965140997, 32.513582468855901, 0.0 ], [ 74.136336416092803, 32.5136977790293, 0.0 ], [ 74.136524692760403, 32.513809850744103, 0.0 ], [ 74.136717811377906, 32.513883806492501, 0.0 ], [ 74.137025879540801, 32.513997717320898, 0.0 ], [ 74.1371787301144, 32.514072655128999, 0.0 ], [ 74.137331677814799, 32.5141477278355, 0.0 ], [ 74.137527385580398, 32.5141873519648, 0.0 ], [ 74.137749119726195, 32.514344560653001, 0.0 ], [ 74.137903631347598, 32.514386446577298, 0.0 ], [ 74.138054788497797, 32.514465775775001, 0.0 ], [ 74.138130822579498, 32.514504872901597, 0.0 ], [ 74.138359635289007, 32.514621586916697, 0.0 ], [ 74.138710835836406, 32.514768968713, 0.0 ], [ 74.139064273897205, 32.514881642973499, 0.0 ], [ 74.139258335903506, 32.514959327311097, 0.0 ], [ 74.139407986689307, 32.5150765836175, 0.0 ], [ 74.139521198744404, 32.515155183464998, 0.0 ], [ 74.139715416333402, 32.515234036022001, 0.0 ], [ 74.139869399153497, 32.515312897572201, 0.0 ], [ 74.140337196804197, 32.515508652102703, 0.0 ], [ 74.140647578922696, 32.5156652843255, 0.0 ], [ 74.1410771841648, 32.515861512798601, 0.0 ], [ 74.1414331223408, 32.515979589286601, 0.0 ], [ 74.141742737337495, 32.5161761604015, 0.0 ], [ 74.141939798582897, 32.516255831341603, 0.0 ], [ 74.142174753662005, 32.516375183068298, 0.0 ], [ 74.142450867113894, 32.5164949143089, 0.0 ], [ 74.142687551589304, 32.516612468290802, 0.0 ], [ 74.142842074901907, 32.516732047546, 0.0 ], [ 74.143040774712105, 32.5168117202847, 0.0 ], [ 74.143237200136795, 32.516930486552802, 0.0 ], [ 74.143554221949799, 32.517089198008101, 0.0 ], [ 74.143751420791503, 32.517208404044702, 0.0 ], [ 74.144112542659798, 32.517329642549001, 0.0 ], [ 74.144391701216094, 32.5174522812978, 0.0 ], [ 74.144591625902905, 32.517534685277603, 0.0 ], [ 74.144792410341495, 32.517615239351898, 0.0 ], [ 74.144952313398605, 32.517695682809602, 0.0 ], [ 74.145153325365797, 32.517777076850699, 0.0 ], [ 74.145352640312197, 32.517897846808197, 0.0 ], [ 74.145515277308306, 32.517938490768799, 0.0 ], [ 74.145721278714106, 32.5179391283881, 0.0 ], [ 74.146007656128504, 32.5179803560086, 0.0 ], [ 74.146500278665002, 32.518022507232999, 0.0 ], [ 74.147072254680893, 32.518145591146201, 0.0 ], [ 74.147361236531907, 32.518145970660001, 0.0 ], [ 74.147566059825905, 32.518186671277903, 0.0 ], [ 74.147731241003996, 32.518186885316503, 0.0 ], [ 74.147896423081505, 32.518187099355202, 0.0 ], [ 74.148058526779707, 32.5182689133797, 0.0 ], [ 74.148430490874503, 32.518268862118397, 0.0 ], [ 74.148595868104906, 32.518268489798999, 0.0 ], [ 74.148761186879298, 32.518268428645101, 0.0 ], [ 74.1490091470545, 32.518268317129198, 0.0 ], [ 74.149133139282995, 32.518268190324797, 0.0 ], [ 74.149381117444605, 32.518267936716001, 0.0 ], [ 74.149630052484994, 32.518227826053398, 0.0 ], [ 74.149878733017104, 32.518188675866703, 0.0 ], [ 74.150086099593906, 32.518148709995003, 0.0 ], [ 74.150624427475407, 32.518067486825103, 0.0 ], [ 74.151038398902998, 32.517986384164402, 0.0 ], [ 74.151493105122796, 32.517905445180197, 0.0 ], [ 74.151906511776104, 32.517784146421299, 0.0 ], [ 74.152277679970993, 32.5177054908158, 0.0 ], [ 74.152607347151402, 32.5176265087565, 0.0 ], [ 74.152772066977406, 32.517586402590403, 0.0 ], [ 74.153060127023295, 32.5175052001049, 0.0 ], [ 74.153306781382895, 32.5174262180456, 0.0 ], [ 74.153553145261498, 32.5173446909048, 0.0 ], [ 74.153840139610793, 32.517224470433, 0.0 ], [ 74.154127267059806, 32.5172247591154, 0.0 ], [ 74.154454225482198, 32.517064840769798, 0.0 ], [ 74.154658732214799, 32.517024950441197, 0.0 ], [ 74.154903282160802, 32.516906291192399, 0.0 ], [ 74.155066380509098, 32.516864469120002, 0.0 ], [ 74.155472706799998, 32.516666916844798, 0.0 ], [ 74.155716561570102, 32.516587717149498, 0.0 ], [ 74.155959452266998, 32.5164691181553, 0.0 ], [ 74.156322294538299, 32.516269099039697, 0.0 ], [ 74.156563393785603, 32.5161127105332, 0.0 ], [ 74.156804002902405, 32.515956771687698, 0.0 ], [ 74.157045941217305, 32.515878551354099, 0.0 ], [ 74.157445240205703, 32.515641702302801, 0.0 ], [ 74.157645583077198, 32.515562910899703, 0.0 ], [ 74.157802776476998, 32.515406091617898, 0.0 ], [ 74.157920504028098, 32.5152891365844, 0.0 ], [ 74.158118693922603, 32.5151715367371, 0.0 ], [ 74.158276306406506, 32.515054723796503, 0.0 ], [ 74.158433734529297, 32.514938553871197, 0.0 ], [ 74.158707270524204, 32.514705576401298, 0.0 ], [ 74.158902596977299, 32.514550989236803, 0.0 ], [ 74.159058828102502, 32.514435138570803, 0.0 ], [ 74.159214730075803, 32.514319221355002, 0.0 ], [ 74.159403477088901, 32.514048411205202, 0.0 ], [ 74.159555762888203, 32.513858490576901, 0.0 ], [ 74.159704275132199, 32.513593148305198, 0.0 ], [ 74.159857184161794, 32.513441496527903, 0.0 ], [ 74.160008025649901, 32.513252473422902, 0.0 ], [ 74.160194722208701, 32.512988845259002, 0.0 ], [ 74.160265168802496, 32.512801084802298, 0.0 ], [ 74.160373888744004, 32.512578349711099, 0.0 ], [ 74.160484935231594, 32.5124275262094, 0.0 ], [ 74.160624335544696, 32.512087106734597, 0.0 ], [ 74.160845633519202, 32.511790437478702, 0.0 ], [ 74.160983354798006, 32.511421600326599, 0.0 ], [ 74.161236997789302, 32.5110206987463, 0.0 ], [ 74.161372029195803, 32.5106536251647, 0.0 ], [ 74.161651527695895, 32.510107742078702, 0.0 ], [ 74.161786686806195, 32.509781487825499, 0.0 ], [ 74.161995860120896, 32.5094198389544, 0.0 ], [ 74.162124116035201, 32.5090242127972, 0.0 ], [ 74.162338733845601, 32.508774123027401, 0.0 ], [ 74.162363025433294, 32.508561456745902, 0.0 ], [ 74.162462003918407, 32.508314711554803, 0.0 ], [ 74.162529549299293, 32.5081744326041, 0.0 ], [ 74.162658243183401, 32.507822791388797, 0.0 ], [ 74.162758535578007, 32.507613599188304, 0.0 ], [ 74.162855388065694, 32.507368953914103, 0.0 ], [ 74.163026315911793, 32.507092113810103, 0.0 ], [ 74.163163794373602, 32.506885598891301, 0.0 ], [ 74.163222393298895, 32.506645362993098, 0.0 ], [ 74.163250150873793, 32.5065081111604, 0.0 ], [ 74.163272713065297, 32.506302694313902, 0.0 ], [ 74.163366346879499, 32.5060308679302, 0.0 ], [ 74.163429182510797, 32.505861192839802, 0.0 ], [ 74.1634869387713, 32.505594578027399, 0.0 ], [ 74.163506182464403, 32.505357881860803, 0.0 ], [ 74.163587393943104, 32.504954458581402, 0.0 ], [ 74.163670332120205, 32.504586237464899, 0.0 ], [ 74.163791522960494, 32.504251754415002, 0.0 ], [ 74.163883266399694, 32.504018547617903, 0.0 ], [ 74.164022891543297, 32.503918337960997, 0.0 ] ] ] ] } },
{ "type": "Feature", "properties": { "Name": "C6", "district": "Gujranwala", "province": "Punjab", "area_km2": 0.88660150637000001, "volume_MAF": 0.00438168007, "River": "Chenab", "Shape_Leng": 0.03771954215, "Shape_Area": 8.501711e-05 }, "geometry": { "type": "MultiPolygon", "coordinates": [ [ [ [ 74.029990589494204, 32.446441917760403, 0.0 ], [ 74.030244845823006, 32.446440791809202, 0.0 ], [ 74.030634093089006, 32.445801255123897, 0.0 ], [ 74.031035463216099, 32.445223640358797, 0.0 ], [ 74.031222781206495, 32.445007937066698, 0.0 ], [ 74.031326249107195, 32.444881919564999, 0.0 ], [ 74.031449773688195, 32.4447130187908, 0.0 ], [ 74.031490627190706, 32.4445857287485, 0.0 ], [ 74.031551689359006, 32.444437544756902, 0.0 ], [ 74.031632727268601, 32.444251542474802, 0.0 ], [ 74.031693222864007, 32.4441272912416, 0.0 ], [ 74.031773302096298, 32.443941802472203, 0.0 ], [ 74.031852698743094, 32.443736931514302, 0.0 ], [ 74.031951982098306, 32.443556057166298, 0.0 ], [ 74.031991010876496, 32.443436030948099, 0.0 ], [ 74.0320305576641, 32.443376252112401, 0.0 ], [ 74.0320690558423, 32.4432369300403, 0.0 ], [ 74.032127962335693, 32.443139075707798, 0.0 ], [ 74.032165827391097, 32.442981608914202, 0.0 ], [ 74.032243970383007, 32.442865297795301, 0.0 ], [ 74.032281188825806, 32.442707429903997, 0.0 ], [ 74.0323946392013, 32.442411748103702, 0.0 ], [ 74.032488704689996, 32.4421957003713, 0.0 ], [ 74.0325820264394, 32.441966134029897, 0.0 ], [ 74.032654522588203, 32.441718699958102, 0.0 ], [ 74.032673129561303, 32.4416809689017, 0.0 ], [ 74.032728296673596, 32.441549050947998, 0.0 ], [ 74.032764280347294, 32.441436428848199, 0.0 ], [ 74.032854644226504, 32.4411942378239, 0.0 ], [ 74.032889048690706, 32.441045777740499, 0.0 ], [ 74.032924271537993, 32.440934612542399, 0.0 ], [ 74.032940179645607, 32.440823966253099, 0.0 ], [ 74.032938640006293, 32.440769454746601, 0.0 ], [ 74.032935029228298, 32.440642485762197, 0.0 ], [ 74.032970982324997, 32.440569272853701, 0.0 ], [ 74.032986279792993, 32.440442848858403, 0.0 ], [ 74.032983308433003, 32.440336422188203, 0.0 ], [ 74.032981006168498, 32.440263837006498, 0.0 ], [ 74.032975536491804, 32.440084715437301, 0.0 ], [ 74.032973930302703, 32.440031368552901, 0.0 ], [ 74.032971261114895, 32.439942695399097, 0.0 ], [ 74.032948484884699, 32.439817664453699, 0.0 ], [ 74.032927075624102, 32.439729691871797, 0.0 ], [ 74.032926568406495, 32.439712184769597, 0.0 ], [ 74.032886596239507, 32.439625088127301, 0.0 ], [ 74.032827605209903, 32.439521093223902, 0.0 ], [ 74.0327865520578, 32.439382622809802, 0.0 ], [ 74.032707996277097, 32.439227318885699, 0.0 ], [ 74.0326494180363, 32.439122813167302, 0.0 ], [ 74.032552582635603, 32.438951099313797, 0.0 ], [ 74.032532085287599, 32.438865259024503, 0.0 ], [ 74.032512821809306, 32.438831019136302, 0.0 ], [ 74.032492443171705, 32.438745818264998, 0.0 ], [ 74.032434897352701, 32.438643314437499, 0.0 ], [ 74.032414527708298, 32.438557278995297, 0.0 ], [ 74.032376672545496, 32.438491532258503, 0.0 ], [ 74.032375287589502, 32.4384240291457, 0.0 ], [ 74.032336069953701, 32.438290005879097, 0.0 ], [ 74.032278895554697, 32.438157195797999, 0.0 ], [ 74.032277472827204, 32.4380749357098, 0.0 ], [ 74.032239673422197, 32.437992511944898, 0.0 ], [ 74.032218179625303, 32.437795653946303, 0.0 ], [ 74.0322173441552, 32.437746622908399, 0.0 ], [ 74.032197353125397, 32.437632467464397, 0.0 ], [ 74.032160481820796, 32.437583516466198, 0.0 ], [ 74.032158931389603, 32.437486380692, 0.0 ], [ 74.032139428691707, 32.4373895057212, 0.0 ], [ 74.032119823471106, 32.437277514046102, 0.0 ], [ 74.032082948569297, 32.437198327840598, 0.0 ], [ 74.032064260657094, 32.437135153164803, 0.0 ], [ 74.031991593637201, 32.4370396046941, 0.0 ], [ 74.031918862765295, 32.436912721145198, 0.0 ], [ 74.031882811642504, 32.436865361947, 0.0 ], [ 74.031810315493701, 32.436707924830898, 0.0 ], [ 74.031774669965102, 32.436676838865097, 0.0 ], [ 74.031685655068998, 32.436583946092298, 0.0 ], [ 74.031667725285303, 32.436537515893697, 0.0 ], [ 74.031561527042896, 32.436445186096499, 0.0 ], [ 74.031490896088002, 32.436368421765302, 0.0 ], [ 74.031455684032693, 32.436337899674399, 0.0 ], [ 74.031367774403293, 32.436261940236399, 0.0 ], [ 74.031315162265003, 32.436215811310703, 0.0 ], [ 74.031227655531893, 32.436154219441697, 0.0 ], [ 74.031140501333098, 32.436062270957102, 0.0 ], [ 74.031070944168803, 32.436001128749098, 0.0 ], [ 74.030932223743207, 32.4358943063772, 0.0 ], [ 74.030828730661398, 32.435803176275599, 0.0 ], [ 74.030742735688804, 32.435727714162702, 0.0 ], [ 74.030656817158402, 32.435667587289402, 0.0 ], [ 74.030519904370095, 32.435562831559501, 0.0 ], [ 74.030434522735106, 32.435503157045098, 0.0 ], [ 74.030315141330803, 32.435428745340403, 0.0 ], [ 74.030247134597602, 32.435384210912702, 0.0 ], [ 74.030161977793099, 32.435339901315402, 0.0 ], [ 74.030076964880095, 32.435295703234097, 0.0 ], [ 74.030008887100493, 32.435266324181597, 0.0 ], [ 74.029940953212503, 32.4352367265937, 0.0 ], [ 74.029839678758194, 32.435177725671601, 0.0 ], [ 74.029738156990405, 32.435133497013297, 0.0 ], [ 74.029636912213803, 32.435089069604899, 0.0 ], [ 74.029501557051304, 32.435044817564297, 0.0 ], [ 74.029417734840607, 32.435000869494601, 0.0 ], [ 74.029383523730701, 32.435000799347399, 0.0 ], [ 74.029282779876397, 32.434956936713299, 0.0 ], [ 74.029215022255499, 32.4349423578036, 0.0 ], [ 74.029097467374299, 32.4348985698132, 0.0 ], [ 74.028962437766296, 32.434869132304598, 0.0 ], [ 74.028827561942506, 32.434839754151398, 0.0 ], [ 74.028709846981897, 32.434810550466601, 0.0 ], [ 74.028624663197704, 32.434810372400797, 0.0 ], [ 74.028438150999904, 32.434795503909399, 0.0 ], [ 74.028301881226895, 32.434795228716901, 0.0 ], [ 74.028131544235407, 32.434794882477902, 0.0 ], [ 74.028063409798605, 32.434794742183698, 0.0 ], [ 74.027876061231296, 32.434794306012499, 0.0 ], [ 74.027739795055496, 32.4347940577996, 0.0 ], [ 74.027603735723901, 32.434793518206298, 0.0 ], [ 74.027519832574299, 32.434778795405101, 0.0 ], [ 74.0274004115998, 32.4347787999017, 0.0 ], [ 74.027300643509903, 32.434749800363001, 0.0 ], [ 74.027266583486096, 32.434749752698998, 0.0 ], [ 74.027164460071802, 32.4347495719352, 0.0 ], [ 74.027080720598903, 32.4347349219791, 0.0 ], [ 74.026946022840704, 32.434720164104398, 0.0 ], [ 74.026863805020596, 32.434691102512403, 0.0 ], [ 74.026778796604205, 32.434690950526999, 0.0 ], [ 74.026574589345898, 32.434690758072101, 0.0 ], [ 74.026455575764302, 32.434690538637497, 0.0 ], [ 74.026370553858001, 32.434690389350102, 0.0 ], [ 74.026268246982099, 32.434690451403199, 0.0 ], [ 74.026182981359597, 32.434690503563999, 0.0 ], [ 74.026097706743798, 32.4346905557246, 0.0 ], [ 74.026029480576099, 32.434690597992798, 0.0 ], [ 74.025911290773493, 32.434689694174097, 0.0 ], [ 74.025826438839104, 32.434689400095799, 0.0 ], [ 74.025741268544806, 32.434689363223598, 0.0 ], [ 74.025604537419497, 32.434689639315501, 0.0 ], [ 74.025485102955201, 32.4346897076639, 0.0 ], [ 74.025384707138599, 32.434675244766801, 0.0 ], [ 74.025318510740803, 32.434660744997402, 0.0 ], [ 74.025152595715795, 32.4346314801587, 0.0 ], [ 74.025050725910305, 32.434631251730899, 0.0 ], [ 74.024916581235303, 32.434616773545301, 0.0 ], [ 74.024835736680004, 32.434587849549601, 0.0 ], [ 74.024720971495697, 32.434558960627598, 0.0 ], [ 74.0246359055227, 32.434558958828902, 0.0 ], [ 74.024536069983697, 32.4345445274081, 0.0 ], [ 74.024485055940701, 32.434544510320997, 0.0 ], [ 74.024397869366197, 32.434558847312999, 0.0 ], [ 74.024325457753704, 32.434587552773401, 0.0 ], [ 74.024272232277795, 32.434601887067501, 0.0 ], [ 74.024144329796997, 32.434659293491698, 0.0 ], [ 74.024088829036302, 32.434688024133003, 0.0 ], [ 74.023946293686507, 32.434730812077397, 0.0 ], [ 74.023912529539601, 32.434730575555598, 0.0 ], [ 74.023787689250497, 32.434772926429403, 0.0 ], [ 74.023644886802103, 32.434815724266301, 0.0 ], [ 74.023554210858194, 32.434844910864001, 0.0 ], [ 74.023427731105002, 32.434888058537098, 0.0 ], [ 74.023280854727702, 32.434946160137301, 0.0 ], [ 74.023153231936107, 32.434989851900198, 0.0 ], [ 74.023044358210598, 32.435019429702898, 0.0 ], [ 74.022990689368896, 32.4350337774869, 0.0 ], [ 74.022932622842305, 32.435076945844401, 0.0 ], [ 74.022768622474004, 32.435134777647903, 0.0 ], [ 74.022637915907097, 32.435193198507399, 0.0 ], [ 74.022486784837298, 32.435266584985001, 0.0 ], [ 74.0224074304586, 32.435325211789099, 0.0 ], [ 74.022274847906004, 32.4353846057151, 0.0 ], [ 74.022177255276205, 32.435443797293502, 0.0 ], [ 74.022074162392798, 32.435532677291299, 0.0 ], [ 74.022014179410903, 32.4355770129688, 0.0 ], [ 74.021893886094006, 32.435665926241498, 0.0 ], [ 74.0217754741589, 32.435740459354697, 0.0 ], [ 74.021612310159995, 32.435860776953298, 0.0 ], [ 74.021492095983504, 32.4359364387157, 0.0 ], [ 74.021447813365995, 32.435981962397697, 0.0 ], [ 74.021379670835202, 32.436058027056298, 0.0 ], [ 74.021325745686696, 32.436149632899301, 0.0 ], [ 74.021244473053997, 32.4362876914239, 0.0 ], [ 74.021186411923495, 32.436395869074097, 0.0 ], [ 74.021138673211297, 32.436457450151202, 0.0 ], [ 74.021101389117902, 32.436550698156204, 0.0 ], [ 74.021025500726395, 32.436659696887503, 0.0 ], [ 74.021009122273298, 32.436737914523199, 0.0 ], [ 74.020960439272898, 32.436800606262999, 0.0 ], [ 74.020947221037503, 32.4368635183367, 0.0 ], [ 74.020924007736795, 32.4369740000501, 0.0 ], [ 74.020921897927295, 32.437069120443603, 0.0 ], [ 74.020897378811, 32.437261973761103, 0.0 ], [ 74.020902581389095, 32.437325661949799, 0.0 ], [ 74.020901515692501, 32.437421400177499, 0.0 ], [ 74.020921410494694, 32.437501647582998, 0.0 ], [ 74.020976121650705, 32.437679171956297, 0.0 ], [ 74.021020395275102, 32.437728086082402, 0.0 ], [ 74.0210436283608, 32.437793161025603, 0.0 ], [ 74.021122747117104, 32.437940698404503, 0.0 ], [ 74.021167450617398, 32.437990045104499, 0.0 ], [ 74.021190657622796, 32.438056037356297, 0.0 ], [ 74.021232240475598, 32.438122170801599, 0.0 ], [ 74.021288958918404, 32.438205068509099, 0.0 ], [ 74.021354336933101, 32.438338306667603, 0.0 ], [ 74.0213746445243, 32.438421967000203, 0.0 ], [ 74.021404907610503, 32.438455468545101, 0.0 ], [ 74.021447070525895, 32.4385226541972, 0.0 ], [ 74.021516363289606, 32.438640767557402, 0.0 ], [ 74.021573994544298, 32.438725452217902, 0.0 ], [ 74.021616503698695, 32.438793405890998, 0.0 ], [ 74.021693054890605, 32.438878577084701, 0.0 ], [ 74.021828580025002, 32.4390494410789, 0.0 ], [ 74.021918661517105, 32.4391694592032, 0.0 ], [ 74.021993554359099, 32.439272741843602, 0.0 ], [ 74.022075361188996, 32.439341280975398, 0.0 ], [ 74.022159500860297, 32.439393535183598, 0.0 ], [ 74.022178261617498, 32.4393934929154, 0.0 ], [ 74.022350720109699, 32.439480222634202, 0.0 ], [ 74.022400832132703, 32.439515257523198, 0.0 ], [ 74.022456745682305, 32.439515635238401, 0.0 ], [ 74.022557546193894, 32.4395855539302, 0.0 ], [ 74.022626928889693, 32.439620477303201, 0.0 ], [ 74.022696687502204, 32.439655147067398, 0.0 ], [ 74.022782307457604, 32.4397076144149, 0.0 ], [ 74.022868091089606, 32.439760181587197, 0.0 ], [ 74.022935096877305, 32.439812947509601, 0.0 ], [ 74.023020816657393, 32.439866151401802, 0.0 ], [ 74.023068806280406, 32.4399195927151, 0.0 ], [ 74.023168626530904, 32.440008088702399, 0.0 ], [ 74.023233280591498, 32.440079427423697, 0.0 ], [ 74.023385130219694, 32.4402043585443, 0.0 ], [ 74.023537733479699, 32.440329803177903, 0.0 ], [ 74.023740571070604, 32.440510048899696, 0.0 ], [ 74.023842467855701, 32.440600658293803, 0.0 ], [ 74.023947273048293, 32.440673279448298, 0.0 ], [ 74.024016448000694, 32.440727906967403, 0.0 ], [ 74.024155114467007, 32.440837633250197, 0.0 ], [ 74.024222050107596, 32.4409112859271, 0.0 ], [ 74.024291658533301, 32.440966610420801, 0.0 ], [ 74.024342215720694, 32.441021926820497, 0.0 ], [ 74.024411777381701, 32.441077965375797, 0.0 ], [ 74.024479058361905, 32.441152770084301, 0.0 ], [ 74.024568494140695, 32.441208747485703, 0.0 ], [ 74.024583157586704, 32.441245972223903, 0.0 ], [ 74.024689931395301, 32.441320796717399, 0.0 ], [ 74.024779892378206, 32.441377073593102, 0.0 ], [ 74.024865596869901, 32.441470899862203, 0.0 ], [ 74.024973237624906, 32.441546287331299, 0.0 ], [ 74.025005532279494, 32.441602846594201, 0.0 ], [ 74.025078875589699, 32.441640990439403, 0.0 ], [ 74.025130908564606, 32.441697630641201, 0.0 ], [ 74.025219849716294, 32.441773603568997, 0.0 ], [ 74.025326344735106, 32.4418691259594, 0.0 ], [ 74.025398215855006, 32.441926684369001, 0.0 ], [ 74.025507193002596, 32.442003962213199, 0.0 ], [ 74.025612399292896, 32.442120013427903, 0.0 ], [ 74.025885701464006, 32.442333450428499, 0.0 ], [ 74.026016497063694, 32.442410699494197, 0.0 ], [ 74.026185116350106, 32.442508332593498, 0.0 ], [ 74.0263145458796, 32.442606605110797, 0.0 ], [ 74.026388521413196, 32.442665569160702, 0.0 ], [ 74.026518842170901, 32.442763994562803, 0.0 ], [ 74.026573395945505, 32.442823137577797, 0.0 ], [ 74.026706236603601, 32.442901868726302, 0.0 ], [ 74.026817858657296, 32.443000669145597, 0.0 ], [ 74.027043624463801, 32.443179904928698, 0.0 ], [ 74.027254532570694, 32.443302030164602, 0.0 ], [ 74.027482911806999, 32.443483244456203, 0.0 ], [ 74.0275781608036, 32.443564156460702, 0.0 ], [ 74.027828974527594, 32.4437466414944, 0.0 ], [ 74.028004166059503, 32.443867536457702, 0.0 ], [ 74.028119484326794, 32.443971954042503, 0.0 ], [ 74.028177024749894, 32.444033292302699, 0.0 ], [ 74.028273238719095, 32.444135650440003, 0.0 ], [ 74.028348020944506, 32.4442603819111, 0.0 ], [ 74.028462792423994, 32.444407433656202, 0.0 ], [ 74.028538585487397, 32.444532182214502, 0.0 ], [ 74.028596160984094, 32.444615516992499, 0.0 ], [ 74.028653928036405, 32.4446989399042, 0.0 ], [ 74.028711595263999, 32.444784060735898, 0.0 ], [ 74.028829732006599, 32.444910164572498, 0.0 ], [ 74.028968750107794, 32.445038819785701, 0.0 ], [ 74.0292297954188, 32.445252511294399, 0.0 ], [ 74.0293915133078, 32.445381407526, 0.0 ], [ 74.029758210972702, 32.445647396410301, 0.0 ], [ 74.030129308121104, 32.445888678220001, 0.0 ], [ 74.029936893672797, 32.4460402751386, 0.0 ], [ 74.029747631348201, 32.446039004396603, 0.0 ], [ 74.029812919430796, 32.4459525076022, 0.0 ], [ 74.029990589494204, 32.446441917760403, 0.0 ] ] ] ] } },
{ "type": "Feature", "properties": { "Name": "C8", "district": "Gujranwala", "province": "Punjab", "area_km2": 1.97566629635, "volume_MAF": 0.00976395548, "River": "Chenab", "Shape_Leng": 0.05248662881, "Shape_Area": 0.00018931737 }, "geometry": { "type": "MultiPolygon", "coordinates": [ [ [ [ 73.884788180630096, 32.380661184765898, 0.0 ], [ 73.884527131721796, 32.380536708702202, 0.0 ], [ 73.885182513562199, 32.380663064349001, 0.0 ], [ 73.885752020939094, 32.380756147778101, 0.0 ], [ 73.886175264377002, 32.380787523325601, 0.0 ], [ 73.886474752108199, 32.380849889510799, 0.0 ], [ 73.886716053702997, 32.380880943101097, 0.0 ], [ 73.886926906951302, 32.380912573156799, 0.0 ], [ 73.887016269884995, 32.380943302091801, 0.0 ], [ 73.887374008503699, 32.381067636062603, 0.0 ], [ 73.887824688458593, 32.381191001463598, 0.0 ], [ 73.888364873440196, 32.381378251105403, 0.0 ], [ 73.889061697839196, 32.381536844749597, 0.0 ], [ 73.889666345325594, 32.381760643738701, 0.0 ], [ 73.890154946993306, 32.381857578064903, 0.0 ], [ 73.890521605088097, 32.381952791088501, 0.0 ], [ 73.890705670230503, 32.381983705283801, 0.0 ], [ 73.890919865359507, 32.382048127319301, 0.0 ], [ 73.891165174333395, 32.382112964841497, 0.0 ], [ 73.891349190912507, 32.382176358052597, 0.0 ], [ 73.891503584722699, 32.382176135919998, 0.0 ], [ 73.891656657428797, 32.382270996409403, 0.0 ], [ 73.891811146567207, 32.382270917269103, 0.0 ], [ 73.892026540492495, 32.382366782301197, 0.0 ], [ 73.8921809531885, 32.382398681254202, 0.0 ], [ 73.892366419474698, 32.382430738487898, 0.0 ], [ 73.892520919404902, 32.382494914109003, 0.0 ], [ 73.892706758010505, 32.382495778357502, 0.0 ], [ 73.892954650736598, 32.382533786405197, 0.0 ], [ 73.893326865742296, 32.382625561320701, 0.0 ], [ 73.893668432751994, 32.382660152843798, 0.0 ], [ 73.893855229135596, 32.382697552050402, 0.0 ], [ 73.894135374248194, 32.382734199423801, 0.0 ], [ 73.894259924955605, 32.382763865360197, 0.0 ], [ 73.894477594165707, 32.382791854060898, 0.0 ], [ 73.894601842700894, 32.382791504224599, 0.0 ], [ 73.894695083511394, 32.382791890033701, 0.0 ], [ 73.894911951425499, 32.382760941664202, 0.0 ], [ 73.895190014607493, 32.382698523318297, 0.0 ], [ 73.895497899308694, 32.382604992026799, 0.0 ], [ 73.895618999317406, 32.382509113504902, 0.0 ], [ 73.895833376109493, 32.382443229171699, 0.0 ], [ 73.895892247529304, 32.382373582974502, 0.0 ], [ 73.896102076449694, 32.382209334393302, 0.0 ], [ 73.896190768489205, 32.3821122534778, 0.0 ], [ 73.896368830657096, 32.381950585051499, 0.0 ], [ 73.896426347697897, 32.381854782971899, 0.0 ], [ 73.896449348758495, 32.381665483775102, 0.0 ], [ 73.896535223222003, 32.381462537366197, 0.0 ], [ 73.896589164558307, 32.3812787528122, 0.0 ], [ 73.896643392778401, 32.381122359809098, 0.0 ], [ 73.896667998229603, 32.380995728070403, 0.0 ], [ 73.896780134695504, 32.380779927651602, 0.0 ], [ 73.896864736618298, 32.3806287830919, 0.0 ], [ 73.896917543010304, 32.380472347820699, 0.0 ], [ 73.896943620651697, 32.3803812204171, 0.0 ], [ 73.897054486375495, 32.380169273593097, 0.0 ], [ 73.897103510218898, 32.379929425302798, 0.0 ], [ 73.897183101119296, 32.379718197037199, 0.0 ], [ 73.897259229629796, 32.379448117137002, 0.0 ], [ 73.897276656692398, 32.379208758077802, 0.0 ], [ 73.897324309968994, 32.378973181567098, 0.0 ], [ 73.897351164624595, 32.378914999927403, 0.0 ], [ 73.897345529472702, 32.378799219408499, 0.0 ], [ 73.897390357978693, 32.378533220631702, 0.0 ], [ 73.897382117490807, 32.378385330718501, 0.0 ], [ 73.897375088389694, 32.378242467116202, 0.0 ], [ 73.897363978165103, 32.378038285938203, 0.0 ], [ 73.897381533830796, 32.377832465296102, 0.0 ], [ 73.897368278723107, 32.3775993088611, 0.0 ], [ 73.897352227623301, 32.377265384290098, 0.0 ], [ 73.897340271136699, 32.377016572456903, 0.0 ], [ 73.897327129343594, 32.376787481856901, 0.0 ], [ 73.897317720636394, 32.376617888604699, 0.0 ], [ 73.897311830976307, 32.376506489582901, 0.0 ], [ 73.897300071441194, 32.376284485640603, 0.0 ], [ 73.897297463407298, 32.376230304185199, 0.0 ], [ 73.897292394828199, 32.376122529431299, 0.0 ], [ 73.897286900869901, 32.376013538793799, 0.0 ], [ 73.897192383921407, 32.375849332480797, 0.0 ], [ 73.897128259561597, 32.375713196706698, 0.0 ], [ 73.896974201198503, 32.375494337693603, 0.0 ], [ 73.896790460711301, 32.375269327317703, 0.0 ], [ 73.896579349357495, 32.375000348187598, 0.0 ], [ 73.896400715220906, 32.374788707133199, 0.0 ], [ 73.896162133175906, 32.374493649462401, 0.0 ], [ 73.896042964011698, 32.374333708633799, 0.0 ], [ 73.895837045343399, 32.374094595089602, 0.0 ], [ 73.895691575505893, 32.373938167012902, 0.0 ], [ 73.895572695023901, 32.373729541385302, 0.0 ], [ 73.895514355103401, 32.373651684377798, 0.0 ], [ 73.895455346087402, 32.373548344180797, 0.0 ], [ 73.895340078182102, 32.373419444352002, 0.0 ], [ 73.895280584431504, 32.373290386242402, 0.0 ], [ 73.895164410009599, 32.373110641442999, 0.0 ], [ 73.895020429449303, 32.372906190468399, 0.0 ], [ 73.894820083879793, 32.372626169462201, 0.0 ], [ 73.894650199247295, 32.372423203268298, 0.0 ], [ 73.894536568108194, 32.372246722108599, 0.0 ], [ 73.894396096702593, 32.372070972997101, 0.0 ], [ 73.894200817014195, 32.3718461361903, 0.0 ], [ 73.894117423780102, 32.371746707144901, 0.0 ], [ 73.893923479584998, 32.371499577043899, 0.0 ], [ 73.893758099656594, 32.371278643294801, 0.0 ], [ 73.893593878954405, 32.371083841146401, 0.0 ], [ 73.893484729137, 32.370937968412598, 0.0 ], [ 73.8933762565091, 32.370840916275299, 0.0 ], [ 73.893214046691, 32.3706957845828, 0.0 ], [ 73.8931330861231, 32.370599351179202, 0.0 ], [ 73.893025549689398, 32.370527033995501, 0.0 ], [ 73.892730831063005, 32.370334986470503, 0.0 ], [ 73.892331332425101, 32.370052833171798, 0.0 ], [ 73.891987030577098, 32.369839225299998, 0.0 ], [ 73.891670915280599, 32.3696488370243, 0.0 ], [ 73.891539446088601, 32.369598279836801, 0.0 ], [ 73.891408549764805, 32.369525161357203, 0.0 ], [ 73.891252013769503, 32.369428971669798, 0.0 ], [ 73.891120459141902, 32.3694050362135, 0.0 ], [ 73.8910944984124, 32.369382133178902, 0.0 ], [ 73.890884520204494, 32.369313940286197, 0.0 ], [ 73.890700252714595, 32.369270632533699, 0.0 ], [ 73.890359947453604, 32.369177607560601, 0.0 ], [ 73.890202466270907, 32.369154348394503, 0.0 ], [ 73.889993402673397, 32.369107135785697, 0.0 ], [ 73.889678310805394, 32.369082865781699, 0.0 ], [ 73.889363248615098, 32.369059085908098, 0.0 ], [ 73.889130350285498, 32.368987513363102, 0.0 ], [ 73.888894251268695, 32.368985387365797, 0.0 ], [ 73.888607263214695, 32.368959330408799, 0.0 ], [ 73.888369811617594, 32.368960582265103, 0.0 ], [ 73.888057457285896, 32.368913283321398, 0.0 ], [ 73.887902231602794, 32.368888171551902, 0.0 ], [ 73.887719416517896, 32.368885857596297, 0.0 ], [ 73.887510522892399, 32.3688631263323, 0.0 ], [ 73.886982828594697, 32.368865849479398, 0.0 ], [ 73.886589433655502, 32.368843737848302, 0.0 ], [ 73.886303889013305, 32.368838359003099, 0.0 ], [ 73.885988223377893, 32.368838395875301, 0.0 ], [ 73.885670611609498, 32.368840732313998, 0.0 ], [ 73.885358414659194, 32.368836384991198, 0.0 ], [ 73.884991445398995, 32.3688347545204, 0.0 ], [ 73.884676337343095, 32.368834004485798, 0.0 ], [ 73.884518388512902, 32.368834047653301, 0.0 ], [ 73.884334090446004, 32.368834098914597, 0.0 ], [ 73.884123435048494, 32.368834156471202, 0.0 ], [ 73.8838526662676, 32.368902402423998, 0.0 ], [ 73.883526313988298, 32.368993336473402, 0.0 ], [ 73.883119661243398, 32.369084736371498, 0.0 ], [ 73.8826789997361, 32.369223051202901, 0.0 ], [ 73.882240060430505, 32.369338471992897, 0.0 ], [ 73.881985145797898, 32.369454712065398, 0.0 ], [ 73.881706918939202, 32.369547322450998, 0.0 ], [ 73.881395811967195, 32.3696653719594, 0.0 ], [ 73.881164168191802, 32.369783434957597, 0.0 ], [ 73.880847721045498, 32.369925648349998, 0.0 ], [ 73.8806445417123, 32.370041746329598, 0.0 ], [ 73.880182625627796, 32.3702750259718, 0.0 ], [ 73.879886311604096, 32.370442111014697, 0.0 ], [ 73.879735520477894, 32.370538033603403, 0.0 ], [ 73.879692340429202, 32.370634124365402, 0.0 ], [ 73.879564901998705, 32.370900794036501, 0.0 ], [ 73.879454591156502, 32.371070740722097, 0.0 ], [ 73.879344278515703, 32.371389588158998, 0.0 ], [ 73.879227886457798, 32.371586891322004, 0.0 ], [ 73.879197696216707, 32.371760116036597, 0.0 ], [ 73.879167371976706, 32.371934106973498, 0.0 ], [ 73.879141271852305, 32.372083857584002, 0.0 ], [ 73.8790970701737, 32.372335144351503, 0.0 ], [ 73.879066308863102, 32.372511689363002, 0.0 ], [ 73.879044239500104, 32.372638287826803, 0.0 ], [ 73.879017834505504, 32.372790582619402, 0.0 ], [ 73.879004859986395, 32.373021041088201, 0.0 ], [ 73.879005635202006, 32.373175260430003, 0.0 ], [ 73.879039004546499, 32.373304074823203, 0.0 ], [ 73.879058875966393, 32.373511208475499, 0.0 ], [ 73.879120633310706, 32.373640961761097, 0.0 ], [ 73.879178073009697, 32.373797300804803, 0.0 ], [ 73.879198823067298, 32.3740065847362, 0.0 ], [ 73.879244860262105, 32.374241849182098, 0.0 ], [ 73.879346330768598, 32.374479969874798, 0.0 ], [ 73.879430569365397, 32.374826621651302, 0.0 ], [ 73.879512853735307, 32.375015196893898, 0.0 ], [ 73.879562331736295, 32.375231973976497, 0.0 ], [ 73.879612077735302, 32.375449920177701, 0.0 ], [ 73.879651469839501, 32.375559231873098, 0.0 ], [ 73.879735683255305, 32.375750448424498, 0.0 ], [ 73.879780116059607, 32.375832661747999, 0.0 ], [ 73.879820258198393, 32.375942578687102, 0.0 ], [ 73.879913754416293, 32.376080507709297, 0.0 ], [ 73.880019326730604, 32.376329749418503, 0.0 ], [ 73.880162955655905, 32.376524809672297, 0.0 ], [ 73.880245032282502, 32.376748618553997, 0.0 ], [ 73.880344365999704, 32.376861093164997, 0.0 ], [ 73.880507269195206, 32.377142160082698, 0.0 ], [ 73.880627873677497, 32.377313197645996, 0.0 ], [ 73.8807489745856, 32.377484936680602, 0.0 ], [ 73.880954563202593, 32.377686200457802, 0.0 ], [ 73.881190985075904, 32.377887829359899, 0.0 ], [ 73.881504967180504, 32.378178134113597, 0.0 ], [ 73.881765702225394, 32.378441070698898, 0.0 ], [ 73.882056828959506, 32.378707324883202, 0.0 ], [ 73.882492206949806, 32.3790336753639, 0.0 ], [ 73.882797239001405, 32.379239245095199, 0.0 ], [ 73.883017061188497, 32.379416024829702, 0.0 ], [ 73.883347673556301, 32.379683999417097, 0.0 ], [ 73.883541900138695, 32.379834304009997, 0.0 ], [ 73.883709658773796, 32.379955263724497, 0.0 ], [ 73.883820610832601, 32.380046392926801, 0.0 ], [ 73.883985920613796, 32.380198628363999, 0.0 ], [ 73.884130742939504, 32.380259946839097, 0.0 ], [ 73.884269755644794, 32.380382312194001, 0.0 ], [ 73.884414952088406, 32.380444203537202, 0.0 ], [ 73.884584754882596, 32.380567738010797, 0.0 ], [ 73.884788180630096, 32.380661184765898, 0.0 ] ] ] ] } },
{ "type": "Feature", "properties": { "Name": "C10", "district": "Mandi Bahauddin", "province": "Punjab", "area_km2": 1.60476495183, "volume_MAF": 0.00793092111, "River": "Chenab", "Shape_Leng": 0.06281959911, "Shape_Area": 0.00015353758 }, "geometry": { "type": "MultiPolygon", "coordinates": [ [ [ [ 73.423650195799993, 32.2349399282352, 0.0 ], [ 73.423604366348499, 32.2350588608778, 0.0 ], [ 73.4236819922302, 32.235179350246902, 0.0 ], [ 73.423790785916097, 32.2353003189546, 0.0 ], [ 73.423845327999501, 32.235360819945903, 0.0 ], [ 73.423927249942693, 32.235451695539403, 0.0 ], [ 73.424067730341605, 32.235573352228499, 0.0 ], [ 73.4242635676096, 32.235756062092698, 0.0 ], [ 73.424401335653201, 32.235908502575398, 0.0 ], [ 73.424511765205906, 32.236030839152001, 0.0 ], [ 73.424656989528501, 32.2361235403691, 0.0 ], [ 73.424736759393994, 32.236245944394902, 0.0 ], [ 73.424847910202999, 32.236368973449402, 0.0 ], [ 73.424928091957995, 32.236491848719901, 0.0 ], [ 73.425005108099299, 32.236645530267097, 0.0 ], [ 73.425176077314205, 32.236801154349799, 0.0 ], [ 73.425232291237293, 32.236862959358099, 0.0 ], [ 73.425407708498994, 32.236987416536103, 0.0 ], [ 73.425611619880399, 32.237143519058201, 0.0 ], [ 73.425702774263698, 32.237175370347103, 0.0 ], [ 73.425882357185102, 32.2372695140768, 0.0 ], [ 73.426033886654594, 32.237332406365503, 0.0 ], [ 73.426245796606295, 32.2374265429007, 0.0 ], [ 73.426460099653895, 32.237491737453801, 0.0 ], [ 73.426554600414505, 32.237493034276199, 0.0 ], [ 73.426674765128396, 32.2375567989072, 0.0 ], [ 73.4268646623743, 32.237557736000802, 0.0 ], [ 73.426991152919399, 32.237558587658697, 0.0 ], [ 73.427212821414599, 32.2375593781628, 0.0 ], [ 73.427403180912094, 32.237559200097103, 0.0 ], [ 73.427593419001099, 32.237559245962501, 0.0 ], [ 73.427847034113398, 32.237559305317703, 0.0 ], [ 73.428005522536907, 32.237559342190004, 0.0 ], [ 73.428132302663698, 32.237559371867597, 0.0 ], [ 73.428354141130697, 32.2375594231289, 0.0 ], [ 73.4285758006328, 32.237559866494699, 0.0 ], [ 73.428765766227201, 32.237560271189601, 0.0 ], [ 73.428860742729199, 32.237560473537101, 0.0 ], [ 73.429181764726707, 32.237499278269098, 0.0 ], [ 73.429434844742303, 32.237499819660997, 0.0 ], [ 73.429692006780698, 32.2374387934656, 0.0 ], [ 73.429913070931505, 32.237439945497201, 0.0 ], [ 73.430233685536194, 32.2373768679482, 0.0 ], [ 73.430393986093605, 32.237344813412399, 0.0 ], [ 73.430585774613903, 32.237312695024897, 0.0 ], [ 73.430777382370394, 32.237280716032302, 0.0 ], [ 73.430934941794206, 32.237281698991197, 0.0 ], [ 73.431185488419601, 32.237289104908299, 0.0 ], [ 73.431312457404005, 32.237262115354397, 0.0 ], [ 73.431502081256099, 32.237236892968298, 0.0 ], [ 73.431597707068605, 32.237208775664499, 0.0 ], [ 73.431786888454198, 32.237209346733998, 0.0 ], [ 73.432009014704306, 32.237179494637999, 0.0 ], [ 73.432201409367593, 32.237116641020201, 0.0 ], [ 73.432266196527806, 32.237084337372302, 0.0 ], [ 73.432521532043197, 32.237019879363999, 0.0 ], [ 73.432680695857499, 32.236986842768701, 0.0 ], [ 73.432808932886005, 32.236926402931203, 0.0 ], [ 73.432904464269697, 32.236896077791798, 0.0 ], [ 73.433031337026605, 32.236865942409302, 0.0 ], [ 73.433190735563997, 32.236805199500402, 0.0 ], [ 73.433318634447502, 32.236744136432797, 0.0 ], [ 73.433415053461999, 32.236682932171597, 0.0 ], [ 73.433640990139594, 32.2364999174373, 0.0 ], [ 73.433737076404995, 32.236438541405597, 0.0 ], [ 73.433896598149502, 32.236346805160998, 0.0 ], [ 73.434025242570996, 32.236227293354901, 0.0 ], [ 73.434183978307999, 32.236137774838497, 0.0 ], [ 73.434311352886695, 32.236047825546798, 0.0 ], [ 73.434407382494797, 32.235957892442897, 0.0 ], [ 73.434598162875005, 32.235808740780797, 0.0 ], [ 73.434724886344497, 32.235718829260598, 0.0 ], [ 73.434820257648795, 32.235629997826202, 0.0 ], [ 73.434915623557202, 32.235539749060202, 0.0 ], [ 73.4349480854858, 32.235479773272999, 0.0 ], [ 73.435043091665406, 32.235391183756199, 0.0 ], [ 73.435169648760294, 32.235271899478597, 0.0 ], [ 73.435264422914798, 32.235182127353397, 0.0 ], [ 73.435452298484805, 32.235063156939198, 0.0 ], [ 73.435640284671507, 32.234914581742601, 0.0 ], [ 73.435827670110896, 32.234768211683701, 0.0 ], [ 73.435983376931304, 32.234651552527197, 0.0 ], [ 73.436107242355405, 32.2345933645922, 0.0 ], [ 73.436262074135499, 32.234505811993699, 0.0 ], [ 73.436385964740495, 32.234417996793198, 0.0 ], [ 73.436632611905594, 32.234301549876697, 0.0 ], [ 73.436755737187596, 32.234243422196201, 0.0 ], [ 73.4369095464385, 32.234156196950998, 0.0 ], [ 73.4370628133982, 32.2341277450994, 0.0 ], [ 73.437216208960905, 32.234040765369102, 0.0 ], [ 73.437369156661305, 32.234041625120902, 0.0 ], [ 73.437491614646405, 32.233954614813698, 0.0 ], [ 73.437644436441602, 32.233955566296402, 0.0 ], [ 73.437827773133293, 32.233899470184397, 0.0 ], [ 73.438163436093802, 32.2338144536741, 0.0 ], [ 73.438406821417701, 32.233726655560801, 0.0 ], [ 73.438559093727207, 32.233698886294597, 0.0 ], [ 73.438741747833404, 32.233671076558998, 0.0 ], [ 73.438954816111902, 32.233643782134898, 0.0 ], [ 73.439198232912204, 32.233616614515199, 0.0 ], [ 73.439410609611997, 32.233560351129398, 0.0 ], [ 73.439562783895397, 32.233560871836801, 0.0 ], [ 73.439744863334894, 32.233532763526298, 0.0 ], [ 73.439927471575601, 32.233533770766897, 0.0 ], [ 73.440079232170902, 32.233506835172399, 0.0 ], [ 73.440199621715195, 32.233449834342402, 0.0 ], [ 73.440321225344306, 32.233450306486503, 0.0 ], [ 73.440503619546504, 32.233451016051603, 0.0 ], [ 73.440624506415901, 32.233423022854303, 0.0 ], [ 73.440836412770295, 32.233395012569801, 0.0 ], [ 73.441139506782903, 32.233368256839597, 0.0 ], [ 73.441410053431298, 32.2332835478975, 0.0 ], [ 73.441649825279299, 32.233198754419, 0.0 ], [ 73.441830798552601, 32.233171247754903, 0.0 ], [ 73.442070836599896, 32.233114397111798, 0.0 ], [ 73.442280650231893, 32.2330584403948, 0.0 ], [ 73.442490521420495, 32.233003359617399, 0.0 ], [ 73.442581678501696, 32.233004842599499, 0.0 ], [ 73.442789458766597, 32.232919737955598, 0.0 ], [ 73.442909020934593, 32.2328915711891, 0.0 ], [ 73.443179517220997, 32.232863929626703, 0.0 ], [ 73.4433592512285, 32.232835935529998, 0.0 ], [ 73.443658442183406, 32.232780798994703, 0.0 ], [ 73.443808377154895, 32.232754314859797, 0.0 ], [ 73.443899072883895, 32.232755043310597, 0.0 ], [ 73.444046803617098, 32.232699018245199, 0.0 ], [ 73.444279660577905, 32.232558121460201, 0.0 ], [ 73.444570610145604, 32.232390192853202, 0.0 ], [ 73.444743975154395, 32.232278305499399, 0.0 ], [ 73.444945092342195, 32.232138531967699, 0.0 ], [ 73.445031431755197, 32.2320828270609, 0.0 ], [ 73.445147724887605, 32.232027433319402, 0.0 ], [ 73.445319945958801, 32.231916332872501, 0.0 ], [ 73.445463870761102, 32.231833276884302, 0.0 ], [ 73.445575563861198, 32.231722091001799, 0.0 ], [ 73.445719035405205, 32.2316393317898, 0.0 ], [ 73.445804591508804, 32.2315841493891, 0.0 ], [ 73.445887512598702, 32.231500406318702, 0.0 ], [ 73.445993395179102, 32.231333086552802, 0.0 ], [ 73.446101290442201, 32.231194322060396, 0.0 ], [ 73.446154319865997, 32.2311117004447, 0.0 ], [ 73.446202386830706, 32.230973096031597, 0.0 ], [ 73.446252506947701, 32.230862520788797, 0.0 ], [ 73.446298958729997, 32.230698479051597, 0.0 ], [ 73.446276612375797, 32.230424123774398, 0.0 ], [ 73.446260952481097, 32.2302327336538, 0.0 ], [ 73.446251641799904, 32.230123140470603, 0.0 ], [ 73.446183532544097, 32.230013487932197, 0.0 ], [ 73.446088465210593, 32.229931181079202, 0.0 ], [ 73.445962636566506, 32.229822708451302, 0.0 ], [ 73.445837042645493, 32.229714397701301, 0.0 ], [ 73.445650623977102, 32.229578368946598, 0.0 ], [ 73.445525205424005, 32.229469908909202, 0.0 ], [ 73.445404014583701, 32.229415344342698, 0.0 ], [ 73.445255621050094, 32.229387457265403, 0.0 ], [ 73.445109210521693, 32.229386414051802, 0.0 ], [ 73.444958987767095, 32.229331600373101, 0.0 ], [ 73.444719501004201, 32.229249700913002, 0.0 ], [ 73.4446317757359, 32.229249088474702, 0.0 ], [ 73.444485549568498, 32.229248038066501, 0.0 ], [ 73.444193104428294, 32.229245938149603, 0.0 ], [ 73.443812826101095, 32.229242948803098, 0.0 ], [ 73.443549435358193, 32.229240763450498, 0.0 ], [ 73.443080746479296, 32.229211820569098, 0.0 ], [ 73.442496204236505, 32.229208050611099, 0.0 ], [ 73.442058010468898, 32.229205799608003, 0.0 ], [ 73.441648776669794, 32.229203113333099, 0.0 ], [ 73.441385645831005, 32.229201307494399, 0.0 ], [ 73.441180985314304, 32.229199868579101, 0.0 ], [ 73.440976327495505, 32.229198428764498, 0.0 ], [ 73.440744020919894, 32.229250297163603, 0.0 ], [ 73.440569258364604, 32.229275850500102, 0.0 ], [ 73.440422961150801, 32.229274821675702, 0.0 ], [ 73.440218145051404, 32.2292733809618, 0.0 ], [ 73.439984672954296, 32.229298533200797, 0.0 ], [ 73.439722883004706, 32.229377160028001, 0.0 ], [ 73.439488569142199, 32.229375506174698, 0.0 ], [ 73.439313704064304, 32.229427986112697, 0.0 ], [ 73.439167176623997, 32.229426924013403, 0.0 ], [ 73.438991712597499, 32.229452513322897, 0.0 ], [ 73.4387868254517, 32.229477961438803, 0.0 ], [ 73.438640411326006, 32.229503182925598, 0.0 ], [ 73.438435425254696, 32.229554779729398, 0.0 ], [ 73.438259538546902, 32.2295802413351, 0.0 ], [ 73.438054215229897, 32.229605720027998, 0.0 ], [ 73.4377901913643, 32.229631525174803, 0.0 ], [ 73.437672729113203, 32.229658054275802, 0.0 ], [ 73.437496593293204, 32.229657239490102, 0.0 ], [ 73.437379128344205, 32.229656728675103, 0.0 ], [ 73.437114840977202, 32.229655736722897, 0.0 ], [ 73.4369679690965, 32.229655335625303, 0.0 ], [ 73.436879855321095, 32.229654643147299, 0.0 ], [ 73.436762331916199, 32.229654149419503, 0.0 ], [ 73.436615467230098, 32.229653117897101, 0.0 ], [ 73.436497968106806, 32.229652287822901, 0.0 ], [ 73.436292007170394, 32.229677836662901, 0.0 ], [ 73.436027162223795, 32.229702982606597, 0.0 ], [ 73.435821436909904, 32.229701529302197, 0.0 ], [ 73.435645101440301, 32.229700283741202, 0.0 ], [ 73.435556933705598, 32.229699660511002, 0.0 ], [ 73.435351212888193, 32.229698217099099, 0.0 ], [ 73.435204278054997, 32.229697020101497, 0.0 ], [ 73.435057359409697, 32.2296957682452, 0.0 ], [ 73.434998594109899, 32.229695266423398, 0.0 ], [ 73.434910447059593, 32.229694515489498, 0.0 ], [ 73.434734157455495, 32.2296930127224, 0.0 ], [ 73.434499115142103, 32.229691009032898, 0.0 ], [ 73.434293462673196, 32.229689255354899, 0.0 ], [ 73.434058444641593, 32.229687251665403, 0.0 ], [ 73.433940914041997, 32.229686480946398, 0.0 ], [ 73.433764646921006, 32.229684966488001, 0.0 ], [ 73.433588378001303, 32.229683661571798, 0.0 ], [ 73.433412106383699, 32.229682247837502, 0.0 ], [ 73.433235823074796, 32.229680896156502, 0.0 ], [ 73.433088910724706, 32.229679849345601, 0.0 ], [ 73.432941998374602, 32.229678801635401, 0.0 ], [ 73.4327337567575, 32.229731588242302, 0.0 ], [ 73.432674961780094, 32.229731168258901, 0.0 ], [ 73.432498500405501, 32.229730052200203, 0.0 ], [ 73.432291313693199, 32.229755720649997, 0.0 ], [ 73.432173675174994, 32.229754920253399, 0.0 ], [ 73.432026626127893, 32.229753920207301, 0.0 ], [ 73.431997215599097, 32.229753720557802, 0.0 ], [ 73.431882532253098, 32.229698798061101, 0.0 ], [ 73.4317385867664, 32.2296437325722, 0.0 ], [ 73.431597886933005, 32.229534769813803, 0.0 ], [ 73.431483643355506, 32.229480071248403, 0.0 ], [ 73.431369517589204, 32.229425430239502, 0.0 ], [ 73.431227843789998, 32.229343771797701, 0.0 ], [ 73.431113994115606, 32.229289269284401, 0.0 ], [ 73.431027807587299, 32.229261912807097, 0.0 ], [ 73.430798761953398, 32.229180109574401, 0.0 ], [ 73.430654217518196, 32.229152471609297, 0.0 ], [ 73.430368960659095, 32.229043961209896, 0.0 ], [ 73.430047313632699, 32.229042268685802, 0.0 ], [ 73.429788166790502, 32.228987422631498, 0.0 ], [ 73.429642214916299, 32.228986234627101, 0.0 ], [ 73.429554732464993, 32.228985402754198, 0.0 ], [ 73.429408820161001, 32.228984246225998, 0.0 ], [ 73.429262543631495, 32.228983683250398, 0.0 ], [ 73.429029180352501, 32.228981621105, 0.0 ], [ 73.428941670921503, 32.228980847688, 0.0 ], [ 73.428764461310905, 32.2290058857131, 0.0 ], [ 73.428555738556597, 32.229057289162597, 0.0 ], [ 73.428378671038899, 32.229081815473499, 0.0 ], [ 73.428290760510293, 32.229081555569401, 0.0 ], [ 73.428149233300502, 32.2290274514557, 0.0 ], [ 73.427976830566294, 32.228998906973999, 0.0 ], [ 73.427830951537302, 32.228997684795402, 0.0 ], [ 73.427655617013201, 32.228996606508197, 0.0 ], [ 73.427541020901501, 32.228969578283497, 0.0 ], [ 73.427367680174399, 32.228942750607501, 0.0 ], [ 73.427279991778306, 32.228942282959999, 0.0 ], [ 73.427107535084801, 32.228914382392901, 0.0 ], [ 73.426996675656099, 32.228859691921301, 0.0 ], [ 73.426854502733207, 32.228830851562599, 0.0 ], [ 73.426716803038104, 32.228750400011002, 0.0 ], [ 73.426629173997199, 32.228750048376099, 0.0 ], [ 73.426457102213504, 32.228722366344201, 0.0 ], [ 73.426317074173696, 32.228668428605097, 0.0 ], [ 73.426232545995305, 32.2286413913872, 0.0 ], [ 73.426121819666307, 32.228587747726401, 0.0 ], [ 73.425897273340496, 32.228507562374098, 0.0 ], [ 73.425666639503802, 32.228480686134802, 0.0 ], [ 73.425502318077605, 32.228399284899098, 0.0 ], [ 73.425444771359096, 32.228398282155098, 0.0 ], [ 73.425335397610596, 32.228344111491602, 0.0 ], [ 73.425141725010604, 32.228263637456998, 0.0 ], [ 73.424974116562296, 32.228209787851497, 0.0 ], [ 73.424806676287105, 32.228155991305997, 0.0 ], [ 73.424642635449302, 32.228076077548998, 0.0 ], [ 73.424530150945799, 32.228049024143203, 0.0 ], [ 73.4244205550646, 32.227996282502502, 0.0 ], [ 73.424337151938104, 32.227969456625097, 0.0 ], [ 73.424228443687795, 32.227916112438699, 0.0 ], [ 73.424068703407997, 32.227810392635497, 0.0 ], [ 73.423905783125505, 32.227730967210398, 0.0 ], [ 73.423793781557805, 32.227704149426998, 0.0 ], [ 73.423688824379795, 32.227625357124602, 0.0 ], [ 73.423548156921996, 32.227598394550299, 0.0 ], [ 73.423411120027197, 32.227545498226199, 0.0 ], [ 73.423303021517299, 32.227492851014297, 0.0 ], [ 73.423191420148001, 32.227466151042101, 0.0 ], [ 73.423050676247797, 32.2274396192431, 0.0 ], [ 73.422968176040598, 32.2274129552437, 0.0 ], [ 73.422860421970896, 32.227360456420001, 0.0 ], [ 73.4226919097039, 32.227333133217599, 0.0 ], [ 73.422580647378993, 32.227306497996601, 0.0 ], [ 73.422435448237394, 32.227306626599599, 0.0 ], [ 73.422271575572793, 32.227253048589397, 0.0 ], [ 73.422103700025801, 32.227225559012403, 0.0 ], [ 73.421960232079101, 32.227224425866602, 0.0 ], [ 73.421767463297797, 32.227171169813701, 0.0 ], [ 73.421652700811507, 32.227170304665897, 0.0 ], [ 73.421422028303994, 32.227169415236403, 0.0 ], [ 73.421336017143503, 32.2271687038726, 0.0 ], [ 73.421135263281798, 32.227167123763799, 0.0 ], [ 73.421016200237503, 32.227192126715401, 0.0 ], [ 73.420798138923004, 32.2272940486815, 0.0 ], [ 73.420455720255305, 32.227447284164903, 0.0 ], [ 73.420327629816299, 32.227524180696399, 0.0 ], [ 73.420199346922402, 32.227601193240503, 0.0 ], [ 73.419993915686703, 32.227625173662901, 0.0 ], [ 73.419932455118797, 32.2276503097141, 0.0 ], [ 73.419805198351298, 32.227726493083303, 0.0 ], [ 73.419643242141902, 32.227829449269699, 0.0 ], [ 73.419542913774507, 32.227907154291799, 0.0 ], [ 73.419437544706994, 32.228011381220298, 0.0 ], [ 73.419423490102005, 32.228090196005802, 0.0 ], [ 73.419395317040298, 32.228248191600798, 0.0 ], [ 73.4193644657975, 32.2284085155406, 0.0 ], [ 73.419373981524103, 32.228515153551498, 0.0 ], [ 73.419438220097803, 32.228648163282202, 0.0 ], [ 73.419507710712296, 32.228754598945599, 0.0 ], [ 73.419568494090797, 32.228914251991199, 0.0 ], [ 73.419579888501104, 32.229020741614001, 0.0 ], [ 73.419620563038606, 32.2291276494215, 0.0 ], [ 73.419627575951907, 32.2292612688925, 0.0 ], [ 73.419684378031704, 32.229449225401503, 0.0 ], [ 73.419666568757194, 32.2295565621856, 0.0 ], [ 73.419703078534297, 32.229691452398598, 0.0 ], [ 73.419743958117195, 32.229799824302503, 0.0 ], [ 73.4198094323595, 32.2299360931762, 0.0 ], [ 73.419904590524496, 32.230072921428203, 0.0 ], [ 73.419999994204403, 32.2302101022145, 0.0 ], [ 73.420045519685104, 32.230292495402402, 0.0 ], [ 73.420166371480903, 32.230457913102299, 0.0 ], [ 73.420237262339896, 32.230568402909498, 0.0 ], [ 73.420362953387695, 32.230707329279902, 0.0 ], [ 73.420484494064198, 32.230874288417702, 0.0 ], [ 73.420615748318198, 32.2309858709013, 0.0 ], [ 73.420692092666002, 32.231069485368501, 0.0 ], [ 73.420823587038996, 32.231181673995103, 0.0 ], [ 73.420899596839007, 32.231266192280998, 0.0 ], [ 73.421057175148604, 32.231406844450397, 0.0 ], [ 73.421214798424302, 32.231548246654299, 0.0 ], [ 73.421291297455497, 32.231633429539201, 0.0 ], [ 73.421428216538999, 32.231718837254597, 0.0 ], [ 73.421504745247802, 32.231804584014398, 0.0 ], [ 73.421611730397103, 32.231890370344402, 0.0 ], [ 73.4217179861961, 32.231977255645901, 0.0 ], [ 73.421819583507002, 32.232093318551797, 0.0 ], [ 73.4219686353443, 32.232295971781703, 0.0 ], [ 73.422066905163604, 32.232441101675498, 0.0 ], [ 73.422139886946297, 32.232557232929999, 0.0 ], [ 73.422213726682202, 32.232672842577699, 0.0 ], [ 73.422322446623696, 32.232759815113397, 0.0 ], [ 73.422366554772694, 32.232875369003096, 0.0 ], [ 73.422515862916796, 32.2331076045324, 0.0 ], [ 73.422590758456806, 32.233224099112903, 0.0 ], [ 73.422688166725493, 32.233399220497702, 0.0 ], [ 73.422759407420799, 32.2335455276041, 0.0 ], [ 73.422773755204702, 32.233662596851403, 0.0 ], [ 73.422853352400395, 32.233750989416698, 0.0 ], [ 73.422921602849698, 32.233926910298699, 0.0 ], [ 73.423047023201605, 32.234133822717801, 0.0 ], [ 73.423230493892206, 32.234371499145396, 0.0 ], [ 73.423360945950904, 32.234550350018701, 0.0 ], [ 73.423461073769602, 32.234729449104897, 0.0 ], [ 73.423511261335705, 32.234819217632797, 0.0 ], [ 73.423650195799993, 32.2349399282352, 0.0 ] ] ] ] } },
{ "type": "Feature", "properties": { "Name": "R1", "district": "Narowal", "province": "Punjab", "area_km2": 5.84117081583, "volume_MAF": 0.02886769485, "River": "Ravi", "Shape_Leng": 0.10675625982, "Shape_Area": 0.00055790481 }, "geometry": { "type": "MultiPolygon", "coordinates": [ [ [ [ 75.055001265096294, 32.077239683164898, 0.0 ], [ 75.055175718284801, 32.077418166215502, 0.0 ], [ 75.055368678621704, 32.077650620279897, 0.0 ], [ 75.055337196054793, 32.077736212356299, 0.0 ], [ 75.055356760805907, 32.077975940137598, 0.0 ], [ 75.055277981093994, 32.078190235091299, 0.0 ], [ 75.055248496820795, 32.078417324699799, 0.0 ], [ 75.055169766571495, 32.078631759048498, 0.0 ], [ 75.0550752091536, 32.078889299701501, 0.0 ], [ 75.0550121199134, 32.079061133164799, 0.0 ], [ 75.054933199907296, 32.079276078328398, 0.0 ], [ 75.054950904860405, 32.079374960586001, 0.0 ], [ 75.054889582788107, 32.079689128850198, 0.0 ], [ 75.054940765004304, 32.0798441890581, 0.0 ], [ 75.054960310869703, 32.080085773939302, 0.0 ], [ 75.055045170897998, 32.080297004003597, 0.0 ], [ 75.055080661743204, 32.080495550929001, 0.0 ], [ 75.055281972285201, 32.080686930257698, 0.0 ], [ 75.055334080803206, 32.080841325866601, 0.0 ], [ 75.055568919869799, 32.081089386765797, 0.0 ], [ 75.055737719020598, 32.081223187000496, 0.0 ], [ 75.055822130287098, 32.0812900623865, 0.0 ], [ 75.056075343402398, 32.081490674155397, 0.0 ], [ 75.056394368005698, 32.0816596028085, 0.0 ], [ 75.056612205389001, 32.081806864994903, 0.0 ], [ 75.056910713758498, 32.0818806147986, 0.0 ], [ 75.057159417673105, 32.081942057380097, 0.0 ], [ 75.057358342313705, 32.081991202631997, 0.0 ], [ 75.0577056703804, 32.082078703969003, 0.0 ], [ 75.057993619809693, 32.0821754683233, 0.0 ], [ 75.058242989222606, 32.0822356140824, 0.0 ], [ 75.058592667217894, 32.082318193429998, 0.0 ], [ 75.058845940587702, 32.082367836906201, 0.0 ], [ 75.0589824073123, 32.082440567778001, 0.0 ], [ 75.059190228945994, 32.082613829364803, 0.0 ], [ 75.059358628797696, 32.082748483955399, 0.0 ], [ 75.059723419000605, 32.0829397562648, 0.0 ], [ 75.059889253086595, 32.083082402231099, 0.0 ], [ 75.060155486586495, 32.083247429625203, 0.0 ], [ 75.060288773308301, 32.083329590787997, 0.0 ], [ 75.060590328580901, 32.083547957872, 0.0 ], [ 75.060739259908999, 32.083586053153901, 0.0 ], [ 75.060807978905103, 32.0836978119045, 0.0 ], [ 75.061056279923406, 32.083761135867803, 0.0 ], [ 75.061487687406895, 32.0839194354336, 0.0 ], [ 75.061720769198203, 32.0840259448415, 0.0 ], [ 75.061955245838007, 32.084126209357102, 0.0 ], [ 75.062239456785605, 32.084238052644103, 0.0 ], [ 75.062423858274499, 32.084326584604199, 0.0 ], [ 75.062642931326295, 32.084469453602502, 0.0 ], [ 75.062826536015905, 32.084561660192499, 0.0 ], [ 75.0629603650289, 32.084642136925098, 0.0 ], [ 75.063143705317799, 32.0847360261467, 0.0 ], [ 75.063410562947197, 32.084902776641897, 0.0 ], [ 75.063707637797293, 32.084984323567703, 0.0 ], [ 75.063841078303199, 32.085068857142097, 0.0 ], [ 75.064073433442303, 32.085183273389397, 0.0 ], [ 75.064305517885401, 32.085302164663197, 0.0 ], [ 75.064504216796294, 32.085354205732102, 0.0 ], [ 75.064822315997205, 32.085526931322903, 0.0 ], [ 75.065105894721299, 32.085640216223098, 0.0 ], [ 75.0652894742299, 32.085737756692197, 0.0 ], [ 75.065492811843896, 32.0859351362976, 0.0 ], [ 75.065676577512093, 32.086032793678598, 0.0 ], [ 75.065860419622695, 32.086130493327602, 0.0 ], [ 75.066064206897707, 32.086323636226901, 0.0 ], [ 75.0663327831315, 32.0864864998521, 0.0 ], [ 75.066501890749706, 32.086626768011001, 0.0 ], [ 75.066686041327799, 32.0867250558167, 0.0 ], [ 75.066885123349806, 32.086771872723801, 0.0 ], [ 75.067019470372301, 32.086851475315399, 0.0 ], [ 75.067367614124095, 32.086933170629401, 0.0 ], [ 75.067815105982405, 32.087041867188503, 0.0 ], [ 75.068163224553203, 32.087129598752, 0.0 ], [ 75.068376811740507, 32.0871341412277, 0.0 ], [ 75.068669448436395, 32.087062029089402, 0.0 ], [ 75.069061256072203, 32.087015535938299, 0.0 ], [ 75.069339318354906, 32.086992885613299, 0.0 ], [ 75.069533569218905, 32.086908878142303, 0.0 ], [ 75.0698423163699, 32.086807674734501, 0.0 ], [ 75.070084990330102, 32.086726615241197, 0.0 ], [ 75.070243282701398, 32.086579104841903, 0.0 ], [ 75.070451333662206, 32.086445329788198, 0.0 ], [ 75.070658782976494, 32.086308584273802, 0.0 ], [ 75.070851449235093, 32.086215224752898, 0.0 ], [ 75.071107164264305, 32.086085714284401, 0.0 ], [ 75.071327633063802, 32.0859004944123, 0.0 ], [ 75.0714840998114, 32.085747779636399, 0.0 ], [ 75.071605299644901, 32.085538732226802, 0.0 ], [ 75.071762409407697, 32.085390413336903, 0.0 ], [ 75.071870333449198, 32.085231292690104, 0.0 ], [ 75.071948944987895, 32.085157737139902, 0.0 ], [ 75.072149974042105, 32.084882483439898, 0.0 ], [ 75.072321639332202, 32.084692836205498, 0.0 ], [ 75.072509153374796, 32.084465473203103, 0.0 ], [ 75.072730018775403, 32.084288323847098, 0.0 ], [ 75.072950019927504, 32.084108930682603, 0.0 ], [ 75.072978672327906, 32.084022056172998, 0.0 ], [ 75.073212737078194, 32.083799481161201, 0.0 ], [ 75.073369139973906, 32.083652650649398, 0.0 ], [ 75.073492572823994, 32.083456458149101, 0.0 ], [ 75.073649705969203, 32.083312199698298, 0.0 ], [ 75.073771448093893, 32.083111516883001, 0.0 ], [ 75.073863864225999, 32.082995238139802, 0.0 ], [ 75.074033588779201, 32.082804083641598, 0.0 ], [ 75.074199840150598, 32.082604087009102, 0.0 ], [ 75.074375242123807, 32.082428614888698, 0.0 ], [ 75.074530916568605, 32.082282089247101, 0.0 ], [ 75.074637738940595, 32.082124249234802, 0.0 ], [ 75.074778767925906, 32.082020161701202, 0.0 ], [ 75.074885137039502, 32.081861459239001, 0.0 ], [ 75.075168258908107, 32.081656705192898, 0.0 ], [ 75.075339609435503, 32.081471804580197, 0.0 ], [ 75.075444560318303, 32.0813109257587, 0.0 ], [ 75.0755980799875, 32.081161767801397, 0.0 ], [ 75.075774664569195, 32.080987749884798, 0.0 ], [ 75.075953241149193, 32.080816964131699, 0.0 ], [ 75.076162225606296, 32.080692348672997, 0.0 ], [ 75.076325520006804, 32.080493153336398, 0.0 ], [ 75.076520427375897, 32.0803441203849, 0.0 ], [ 75.076626830663798, 32.080121131684898, 0.0 ], [ 75.076857111966206, 32.079901449792096, 0.0 ], [ 75.076964131289699, 32.079746856332399, 0.0 ], [ 75.077134641850293, 32.079563033107497, 0.0 ], [ 75.077305111042094, 32.079379252150801, 0.0 ], [ 75.077461059780106, 32.079237262689603, 0.0 ], [ 75.077665976603598, 32.079107801683698, 0.0 ], [ 75.077846877931094, 32.078877005969098, 0.0 ], [ 75.078011392711701, 32.0786856077547, 0.0 ], [ 75.078158935486599, 32.078532988306797, 0.0 ], [ 75.078303214621698, 32.078376712215601, 0.0 ], [ 75.078448942564705, 32.078222998292802, 0.0 ], [ 75.078590817812, 32.078124582783303, 0.0 ], [ 75.078874577299999, 32.077927744569799, 0.0 ], [ 75.079158521148898, 32.077731085321403, 0.0 ], [ 75.079315506805202, 32.077591900845597, 0.0 ], [ 75.079457951323405, 32.077494054607001, 0.0 ], [ 75.079536456742105, 32.077424454275203, 0.0 ], [ 75.079742882627997, 32.0772983297542, 0.0 ], [ 75.080067311257395, 32.077105299270201, 0.0 ], [ 75.080143470344893, 32.077033293251901, 0.0 ], [ 75.0803566276563, 32.076858199746198, 0.0 ], [ 75.080554717726102, 32.076724209754502, 0.0 ], [ 75.080688157332602, 32.076617801070697, 0.0 ], [ 75.080895483439903, 32.076438309880103, 0.0 ], [ 75.080908840170906, 32.076396048938498, 0.0 ], [ 75.081007118983393, 32.076235957023897, 0.0 ], [ 75.081238484868294, 32.076024860958597, 0.0 ], [ 75.081455404043695, 32.0758550770502, 0.0 ], [ 75.081561604984103, 32.075702546635299, 0.0 ], [ 75.081730399638303, 32.075520904266398, 0.0 ], [ 75.081775006011796, 32.075398394120697, 0.0 ], [ 75.081978454242304, 32.075138931616401, 0.0 ], [ 75.082082593936605, 32.074984858864198, 0.0 ], [ 75.082277246797602, 32.074902686909503, 0.0 ], [ 75.082529595664397, 32.074787669915104, 0.0 ], [ 75.082720857181897, 32.074702766719398, 0.0 ], [ 75.082906194865103, 32.074613689769997, 0.0 ], [ 75.083111981332905, 32.074283855315699, 0.0 ], [ 75.083330067828399, 32.074116407845999, 0.0 ], [ 75.083399149251406, 32.074091848260302, 0.0 ], [ 75.0837270447674, 32.0739070007075, 0.0 ], [ 75.084106691770401, 32.0736868709524, 0.0 ], [ 75.084337564826797, 32.073609813442197, 0.0 ], [ 75.084507785805698, 32.073562661087998, 0.0 ], [ 75.084691433662798, 32.073474195677598, 0.0 ], [ 75.085082967005405, 32.073394325088103, 0.0 ], [ 75.085251479272401, 32.073346586375898, 0.0 ], [ 75.085578496150703, 32.073294595669097, 0.0 ], [ 75.085761608911199, 32.073206265157097, 0.0 ], [ 75.085901368053698, 32.073108283120803, 0.0 ], [ 75.086026131001205, 32.0730508722, 0.0 ], [ 75.086364355230799, 32.0729569137306, 0.0 ], [ 75.086600664689001, 32.072883744888898, 0.0 ], [ 75.086888360509505, 32.072824377043403, 0.0 ], [ 75.087233689383297, 32.072734078814698, 0.0 ], [ 75.087453052916104, 32.072700564679401, 0.0 ], [ 75.087830290635495, 32.072662655557203, 0.0 ], [ 75.088173221916705, 32.072571484986099, 0.0 ], [ 75.088435816759599, 32.072548313953597, 0.0 ], [ 75.0888120247552, 32.072463378382302, 0.0 ], [ 75.089031432354801, 32.072430098070598, 0.0 ], [ 75.089420848693294, 32.072351169071197, 0.0 ], [ 75.089640983844404, 32.072318402272501, 0.0 ], [ 75.089861081224001, 32.072285636373103, 0.0 ], [ 75.089982638088301, 32.072227416961802, 0.0 ], [ 75.090228383233395, 32.0721120519297, 0.0 ], [ 75.090360770633097, 32.071879392819802, 0.0 ], [ 75.090349349243098, 32.071742710257901, 0.0 ], [ 75.090274945632302, 32.071634254717097, 0.0 ], [ 75.090168500076302, 32.071295246278602, 0.0 ], [ 75.090076011998406, 32.071093853898297, 0.0 ], [ 75.089997461613606, 32.070851795973702, 0.0 ], [ 75.0899072686056, 32.070651344284201, 0.0 ], [ 75.089817104375896, 32.070450954647903, 0.0 ], [ 75.089773903642794, 32.070262445955201, 0.0 ], [ 75.089680629557407, 32.070061221748098, 0.0 ], [ 75.089645646829197, 32.069830722809698, 0.0 ], [ 75.089611525651407, 32.069600585398703, 0.0 ], [ 75.089612255900903, 32.0694237651946, 0.0 ], [ 75.089617918931907, 32.069248252604801, 0.0 ], [ 75.089640949670098, 32.069033207616499, 0.0 ], [ 75.089608873550702, 32.068804158385298, 0.0 ], [ 75.089566857224696, 32.068616790032898, 0.0 ], [ 75.089559921653105, 32.068482568016201, 0.0 ], [ 75.089459417917894, 32.068280779934099, 0.0 ], [ 75.089402936896093, 32.068090444718301, 0.0 ], [ 75.0893309083947, 32.067764856862702, 0.0 ], [ 75.089401211996403, 32.067562686568799, 0.0 ], [ 75.089413432883703, 32.067389479840699, 0.0 ], [ 75.089500084361504, 32.0671473607621, 0.0 ], [ 75.089566102693496, 32.066944652673598, 0.0 ], [ 75.0896045046442, 32.066822799932297, 0.0 ], [ 75.089657009763201, 32.066660715120001, 0.0 ], [ 75.089632648028299, 32.066434721785001, 0.0 ], [ 75.089691606682393, 32.066273198149602, 0.0 ], [ 75.089645395918396, 32.0660863568, 0.0 ], [ 75.089549658589902, 32.0658871956376, 0.0 ], [ 75.089491560587106, 32.065741187106099, 0.0 ], [ 75.089454005797805, 32.065555644377497, 0.0 ], [ 75.089315786294506, 32.065212623164101, 0.0 ], [ 75.089143726202096, 32.065082269131501, 0.0 ], [ 75.088940985738006, 32.064899927989401, 0.0 ], [ 75.088725414646206, 32.064757848595903, 0.0 ], [ 75.088525108646905, 32.064575779948299, 0.0 ], [ 75.088274051206596, 32.064422539069, 0.0 ], [ 75.088023107980106, 32.064269255022197, 0.0 ], [ 75.087858477186998, 32.064139989169199, 0.0 ], [ 75.087727148289304, 32.064062748197301, 0.0 ], [ 75.087550912644602, 32.0639735138666, 0.0 ], [ 75.087377441515798, 32.063885071838598, 0.0 ], [ 75.087156139044595, 32.063783917893502, 0.0 ], [ 75.086968785081396, 32.063734992975597, 0.0 ], [ 75.086805855805693, 32.063605619203997, 0.0 ], [ 75.086487163052198, 32.063438793165801, 0.0 ], [ 75.086273577663505, 32.063297767777797, 0.0 ], [ 75.086048218350598, 32.063196737939201, 0.0 ], [ 75.085900680072399, 32.063027004392801, 0.0 ], [ 75.085737544851895, 32.062897798794403, 0.0 ], [ 75.085522794841197, 32.062756448751102, 0.0 ], [ 75.085351473092103, 32.062627468882603, 0.0 ], [ 75.085115932554302, 32.062526662975202, 0.0 ], [ 75.084932268509405, 32.0624380635658, 0.0 ], [ 75.084709927321299, 32.0623370130428, 0.0 ], [ 75.084490333562101, 32.0622356810319, 0.0 ], [ 75.084191913326194, 32.062069775000197, 0.0 ], [ 75.084033078663694, 32.061940489362101, 0.0 ], [ 75.083871834717499, 32.061811335924503, 0.0 ], [ 75.083666428662795, 32.061630634246399, 0.0 ], [ 75.083484736831196, 32.061542274956103, 0.0 ], [ 75.083267441739096, 32.061401953737203, 0.0 ], [ 75.083040647108206, 32.061301221574197, 0.0 ], [ 75.082850837096501, 32.061252606922302, 0.0 ], [ 75.082563441649597, 32.061179600857898, 0.0 ], [ 75.082281711032195, 32.061106388848799, 0.0 ], [ 75.081943219703902, 32.061060276110901, 0.0 ], [ 75.081731622716305, 32.061091001448602, 0.0 ], [ 75.081441702872297, 32.061018394683202, 0.0 ], [ 75.081214331775996, 32.061051204649402, 0.0 ], [ 75.081024127861298, 32.061002696117598, 0.0 ], [ 75.080834898811602, 32.060953794581998, 0.0 ], [ 75.080629527830496, 32.060945570281902, 0.0 ], [ 75.080394005279203, 32.060884243712898, 0.0 ], [ 75.080155729003806, 32.060823593434101, 0.0 ], [ 75.079964213877403, 32.060775007560601, 0.0 ], [ 75.079725980769496, 32.060714247564498, 0.0 ], [ 75.079491380922505, 32.060652781600702, 0.0 ], [ 75.079303710397994, 32.060603601275197, 0.0 ], [ 75.079069590789103, 32.060541968037498, 0.0 ], [ 75.078835091666207, 32.060480321309903, 0.0 ], [ 75.078627777250205, 32.060472203129699, 0.0 ], [ 75.078383802870206, 32.0604127660364, 0.0 ], [ 75.078225550968497, 32.060416637617799, 0.0 ], [ 75.078020879659903, 32.0604081219373, 0.0 ], [ 75.077630276216297, 32.060349845868799, 0.0 ], [ 75.077430836264099, 32.060340000990301, 0.0 ], [ 75.077148252190199, 32.060266056933003, 0.0 ], [ 75.076909786157799, 32.0602052402797, 0.0 ], [ 75.076717862739301, 32.060156790203699, 0.0 ], [ 75.076511489913401, 32.060148698104001, 0.0 ], [ 75.076367048000904, 32.060112612806897, 0.0 ], [ 75.076053479584502, 32.060119726444299, 0.0 ], [ 75.075834686221896, 32.060151367291802, 0.0 ], [ 75.075615113146995, 32.060183079185798, 0.0 ], [ 75.075455859400407, 32.060187389636397, 0.0 ], [ 75.075235209837103, 32.060220082690698, 0.0 ], [ 75.075004922239401, 32.06029052209, 0.0 ], [ 75.074680730131703, 32.060336534103797, 0.0 ], [ 75.074498329634295, 32.060419484871403, 0.0 ], [ 75.074362226235806, 32.060515100791299, 0.0 ], [ 75.074212552966998, 32.060650747334201, 0.0 ], [ 75.074001447009195, 32.060814468013298, 0.0 ], [ 75.073911232417501, 32.060922975714803, 0.0 ], [ 75.073819650856294, 32.061031362007803, 0.0 ], [ 75.073650429923504, 32.061209434068203, 0.0 ], [ 75.073464558043, 32.061293574638803, 0.0 ], [ 75.073114584170796, 32.061553978733201, 0.0 ], [ 75.072951315850602, 32.061730230565701, 0.0 ], [ 75.072741685680299, 32.061894204853701, 0.0 ], [ 75.072578229401799, 32.062070871273797, 0.0 ], [ 75.072425357244498, 32.062207960329097, 0.0 ], [ 75.072273045364796, 32.062344648287002, 0.0 ], [ 75.072184562867307, 32.062453540898197, 0.0 ], [ 75.072130771717795, 32.062614942225899, 0.0 ], [ 75.072076475149302, 32.0627765620887, 0.0 ], [ 75.071981612861194, 32.063059854828502, 0.0 ], [ 75.071909780412099, 32.0632624630923, 0.0 ], [ 75.071820394095994, 32.063505294433902, 0.0 ], [ 75.071703973259801, 32.063829065658901, 0.0 ], [ 75.071702413835396, 32.0641377318709, 0.0 ], [ 75.071700855310297, 32.064446806375102, 0.0 ], [ 75.071740635921699, 32.064634054218303, 0.0 ], [ 75.071749888146897, 32.064901809371101, 0.0 ], [ 75.071788778429394, 32.065088779323702, 0.0 ], [ 75.071910849706001, 32.065341612025797, 0.0 ], [ 75.071960927554798, 32.065665877877997, 0.0 ], [ 75.071967454834194, 32.065800848130699, 0.0 ], [ 75.072007202170695, 32.065988810934897, 0.0 ], [ 75.071970229242794, 32.066246025133999, 0.0 ], [ 75.071960716214207, 32.066421247242801, 0.0 ], [ 75.071888388238605, 32.066624577662203, 0.0 ], [ 75.071706270128303, 32.066844649860698, 0.0 ], [ 75.071601339030593, 32.066995924822201, 0.0 ], [ 75.071509263741603, 32.067105294074103, 0.0 ], [ 75.071321129166805, 32.067190263819697, 0.0 ], [ 75.070980607169403, 32.067415109619702, 0.0 ], [ 75.070779058306897, 32.067541997665103, 0.0 ], [ 75.070551141322198, 32.067753656705897, 0.0 ], [ 75.070364796398295, 32.067841401759303, 0.0 ], [ 75.070226207273706, 32.067941039447497, 0.0 ], [ 75.069621305279099, 32.068326568016701, 0.0 ], [ 75.069355158114107, 32.068482107563298, 0.0 ], [ 75.069118515906794, 32.068555209855099, 0.0 ], [ 75.068847294766897, 32.068574807881099, 0.0 ], [ 75.068672519621103, 32.068618087754601, 0.0 ], [ 75.068304437899499, 32.068612008337503, 0.0 ], [ 75.067999567725906, 32.068578058031001, 0.0 ], [ 75.067710219850795, 32.068507902817501, 0.0 ], [ 75.067178333813104, 32.068376084688602, 0.0 ], [ 75.0668392210533, 32.068288338735897, 0.0 ], [ 75.066500197326306, 32.068201374294098, 0.0 ], [ 75.066161203277005, 32.068114450321701, 0.0 ], [ 75.065885291273204, 32.067998628433998, 0.0 ], [ 75.065643174892699, 32.067936915156601, 0.0 ], [ 75.065319260675395, 32.067807196944599, 0.0 ], [ 75.065236989795295, 32.067741664246498, 0.0 ], [ 75.064927158061906, 32.067573543184501, 0.0 ], [ 75.064699671852495, 32.067470847801403, 0.0 ], [ 75.064535271285806, 32.067339375012203, 0.0 ], [ 75.064404633966703, 32.067261348032801, 0.0 ], [ 75.064225653591095, 32.067171098367602, 0.0 ], [ 75.063983675706098, 32.067108987589698, 0.0 ], [ 75.063901818514196, 32.067042838855997, 0.0 ], [ 75.063760542215306, 32.067038137200299, 0.0 ], [ 75.063679102308797, 32.066994136969903, 0.0 ], [ 75.063515200865893, 32.066951742928701, 0.0 ], [ 75.063288855896005, 32.066893410202802, 0.0 ], [ 75.063037896481802, 32.066828969281602, 0.0 ], [ 75.062812193627906, 32.066771070928198, 0.0 ], [ 75.062758469028196, 32.066768735388898, 0.0 ], [ 75.062663521304501, 32.066767298272197, 0.0 ], [ 75.062613376905901, 32.066754453255399, 0.0 ], [ 75.062534581905496, 32.066745775697001, 0.0 ], [ 75.062443212584199, 32.066733947813503, 0.0 ], [ 75.0623894115421, 32.066731687817203, 0.0 ], [ 75.062314175159102, 32.066712541250801, 0.0 ], [ 75.062235238065895, 32.066703889772697, 0.0 ], [ 75.062156261402393, 32.066695234697399, 0.0 ], [ 75.062114906078094, 32.066696158301099, 0.0 ], [ 75.062019681363296, 32.066694231054001, 0.0 ], [ 75.061978354817299, 32.066694894753702, 0.0 ], [ 75.061937033667206, 32.066695559352603, 0.0 ], [ 75.061854415648796, 32.0666968858527, 0.0 ], [ 75.061775573883693, 32.066687721760999, 0.0 ], [ 75.061746803672094, 32.066691661690903, 0.0 ], [ 75.061696765393506, 32.0666785792531, 0.0 ], [ 75.061605189228104, 32.0666667001082, 0.0 ], [ 75.061404235717006, 32.066615698655603, 0.0 ], [ 75.0612536379451, 32.066577247242201, 0.0 ], [ 75.061153070358003, 32.066551710992698, 0.0 ], [ 75.061027128399303, 32.066519902871299, 0.0 ], [ 75.060901272775595, 32.0664879634488, 0.0 ], [ 75.060805173020398, 32.066451563389002, 0.0 ], [ 75.060704857243394, 32.066425841879202, 0.0 ], [ 75.060554337712603, 32.066387287043703, 0.0 ], [ 75.060504163636296, 32.066374439329003, 0.0 ], [ 75.060416335845304, 32.066351965271103, 0.0 ], [ 75.0603535487773, 32.066335925862298, 0.0 ], [ 75.060315849197096, 32.0663263094117, 0.0 ], [ 75.060227598724694, 32.066303946869702, 0.0 ], [ 75.060126491544395, 32.066278424110003, 0.0 ], [ 75.060076038678304, 32.066265624958703, 0.0 ], [ 75.060000268097994, 32.066246427130999, 0.0 ], [ 75.059899457693902, 32.066220786560102, 0.0 ], [ 75.059849105551805, 32.0662079514358, 0.0 ], [ 75.059807192647895, 32.066208787805401, 0.0 ], [ 75.059770208028695, 32.066268347206503, 0.0 ], [ 75.059749744854898, 32.066320763292701, 0.0 ], [ 75.059733477018398, 32.066362722961301, 0.0 ], [ 75.059709323026894, 32.0664256889944, 0.0 ], [ 75.059685131263805, 32.0664887521542, 0.0 ], [ 75.059656959101503, 32.066562421018901, 0.0 ], [ 75.059636815186906, 32.066615114995599, 0.0 ], [ 75.059599926795201, 32.066675213090697, 0.0 ], [ 75.059583445819399, 32.066717596339998, 0.0 ], [ 75.059540763095796, 32.066789077154198, 0.0 ], [ 75.059506906318703, 32.066839201767799, 0.0 ], [ 75.059459782742906, 32.066921742444499, 0.0 ], [ 75.059421536374899, 32.066982847780302, 0.0 ], [ 75.059417266393794, 32.066993591980697, 0.0 ], [ 75.059387579773002, 32.067033288955102, 0.0 ], [ 75.059302514699397, 32.067141944145497, 0.0 ], [ 75.059238080972705, 32.067232840423301, 0.0 ], [ 75.059130959126506, 32.0673249633764, 0.0 ], [ 75.059100699637597, 32.067365241312899, 0.0 ], [ 75.059065989404004, 32.067416510763401, 0.0 ], [ 75.059022903783998, 32.067453588912002, 0.0 ], [ 75.058976677731593, 32.067500958902201, 0.0 ], [ 75.058921974669403, 32.067534132194503, 0.0 ], [ 75.058842024040203, 32.067560495820302, 0.0 ], [ 75.058791524409401, 32.0675828205908, 0.0 ], [ 75.058723401663698, 32.067613003637199, 0.0 ], [ 75.058671601613199, 32.067636012791802, 0.0 ], [ 75.058633142105904, 32.0676620580576, 0.0 ], [ 75.058516469459605, 32.067740909715297, 0.0 ], [ 75.0584421683714, 32.067783013275502, 0.0 ], [ 75.058344824853904, 32.0678445269035, 0.0 ], [ 75.058312681285301, 32.067886125044701, 0.0 ], [ 75.058275722746501, 32.067939027664103, 0.0 ], [ 75.0582577021313, 32.067947115267202, 0.0 ], [ 75.057891992821297, 32.068230494341897, 0.0 ], [ 75.057870382112498, 32.068385627394797, 0.0 ], [ 75.057816156590405, 32.068530948844298, 0.0 ], [ 75.057818100025401, 32.068627262638103, 0.0 ], [ 75.057841756691801, 32.068762773383398, 0.0 ], [ 75.057819902266701, 32.068918527867801, 0.0 ], [ 75.057820591147404, 32.069015679829803, 0.0 ], [ 75.057798573945107, 32.069171811130197, 0.0 ], [ 75.057740794302305, 32.069417451953903, 0.0 ], [ 75.0577057270377, 32.069604475865901, 0.0 ], [ 75.057636794002903, 32.0697821810029, 0.0 ], [ 75.057522723095204, 32.070055543428602, 0.0 ], [ 75.0573986301427, 32.070161330680897, 0.0 ], [ 75.057225468380693, 32.070289424717203, 0.0 ], [ 75.057010158092396, 32.070534482780197, 0.0 ], [ 75.056893077153902, 32.070636161030102, 0.0 ], [ 75.056810591335804, 32.070747310939701, 0.0 ], [ 75.056677250654701, 32.070881970926301, 0.0 ], [ 75.0565486359109, 32.070991164810401, 0.0 ], [ 75.056435092905204, 32.071167686439701, 0.0 ], [ 75.056380900658098, 32.071215809162297, 0.0 ], [ 75.056194823732199, 32.071320909332499, 0.0 ], [ 75.056028502213707, 32.071368279322698, 0.0 ], [ 75.055872076834902, 32.071386827839902, 0.0 ], [ 75.055837312641899, 32.071377423629301, 0.0 ], [ 75.055498595583799, 32.071408106698797, 0.0 ], [ 75.055308946550696, 32.071469973760301, 0.0 ], [ 75.055108397734401, 32.071561309806697, 0.0 ], [ 75.0549177036891, 32.0716465448522, 0.0 ], [ 75.054754303168593, 32.071768858046397, 0.0 ], [ 75.054649175119394, 32.071840421598203, 0.0 ], [ 75.054517178924698, 32.071974414287901, 0.0 ], [ 75.054444067639693, 32.072057305700099, 0.0 ], [ 75.054343776144407, 32.072202967992602, 0.0 ], [ 75.054220908068501, 32.072308585272999, 0.0 ], [ 75.054139812602301, 32.072419504056903, 0.0 ], [ 75.054116109171204, 32.072480160631002, 0.0 ], [ 75.054056805177495, 32.072631917628897, 0.0 ], [ 75.054027211186906, 32.072796840701699, 0.0 ], [ 75.054022929514602, 32.072900126939402, 0.0 ], [ 75.054083588786597, 32.073126974630199, 0.0 ], [ 75.0541010185472, 32.073271920163101, 0.0 ], [ 75.054161932327403, 32.073499822758698, 0.0 ], [ 75.054179470905893, 32.073645438286398, 0.0 ], [ 75.054173393287499, 32.073852551254298, 0.0 ], [ 75.054178558094094, 32.0741314849801, 0.0 ], [ 75.0541322178277, 32.074333682253702, 0.0 ], [ 75.054069509900003, 32.074490161591697, 0.0 ], [ 75.054006110393701, 32.0746473388037, 0.0 ], [ 75.053928872119798, 32.0749180329409, 0.0 ], [ 75.053821835709201, 32.075175042993898, 0.0 ], [ 75.053770992537395, 32.075301541632903, 0.0 ], [ 75.053719441599, 32.0754287282533, 0.0 ], [ 75.053616140972196, 32.075683588027204, 0.0 ], [ 75.053577881114407, 32.075778864902802, 0.0 ], [ 75.053367849846396, 32.076004350120698, 0.0 ], [ 75.053240423107098, 32.076116057610001, 0.0 ], [ 75.053148480018393, 32.076237895962201, 0.0 ], [ 75.053005822360902, 32.076383633797697, 0.0 ], [ 75.052941747463706, 32.076543302131803, 0.0 ], [ 75.052893450272606, 32.076668573196201, 0.0 ], [ 75.052830368227006, 32.0768276191993, 0.0 ], [ 75.052813996968396, 32.0769664799192, 0.0 ], [ 75.052853777579898, 32.077160076976, 0.0 ], [ 75.052932550097196, 32.077257299085097, 0.0 ], [ 75.0530786440642, 32.077295154247999, 0.0 ], [ 75.053179951793396, 32.077247348086701, 0.0 ], [ 75.053305015114404, 32.077241032148002, 0.0 ], [ 75.053501977434394, 32.077254566045397, 0.0 ], [ 75.053795999086205, 32.0772239845992, 0.0 ], [ 75.053869629280001, 32.077242230044902, 0.0 ], [ 75.054089785115494, 32.077193429233397, 0.0 ], [ 75.054260560076798, 32.0771674208398, 0.0 ], [ 75.054503175581104, 32.077161306349197, 0.0 ], [ 75.054701970719407, 32.077172385097498, 0.0 ], [ 75.054851920979402, 32.077205767032602, 0.0 ], [ 75.055001265096294, 32.077239683164898, 0.0 ] ] ] ] } },
{ "type": "Feature", "properties": { "Name": "R2", "district": "Sheikhupura", "province": "Punjab", "area_km2": 1.1168996276000001, "volume_MAF": 0.00551983817, "River": "Ravi", "Shape_Leng": 0.04903196268, "Shape_Area": 0.0001063289 }, "geometry": { "type": "MultiPolygon", "coordinates": [ [ [ [ 74.531082122641905, 31.7757182709815, 0.0 ], [ 74.531084596676905, 31.775801224447001, 0.0 ], [ 74.531246537597696, 31.775679694562299, 0.0 ], [ 74.5313442327502, 31.775567935811601, 0.0 ], [ 74.531388829231204, 31.775524620864601, 0.0 ], [ 74.531486320237505, 31.775413032085801, 0.0 ], [ 74.531555893589697, 31.7752925660991, 0.0 ], [ 74.531625362620403, 31.775173383445001, 0.0 ], [ 74.531714136498195, 31.775086836288502, 0.0 ], [ 74.531747380837004, 31.774984757840301, 0.0 ], [ 74.531797151117701, 31.774831817334501, 0.0 ], [ 74.5318109116443, 31.774697178931699, 0.0 ], [ 74.531852206714007, 31.7745678294418, 0.0 ], [ 74.531829929607596, 31.774446679970399, 0.0 ], [ 74.531862860082995, 31.774342630208299, 0.0 ], [ 74.5318379317752, 31.774143963673101, 0.0 ], [ 74.531868009600998, 31.773959143100001, 0.0 ], [ 74.531865187528396, 31.773876264278201, 0.0 ], [ 74.531851381136406, 31.773737318122802, 0.0 ], [ 74.531873222970901, 31.7735807236715, 0.0 ], [ 74.531862232356204, 31.773524194086299, 0.0 ], [ 74.531840266415202, 31.773411231143399, 0.0 ], [ 74.531826504989297, 31.7732727841117, 0.0 ], [ 74.531831789405601, 31.773161785288199, 0.0 ], [ 74.531809428662299, 31.773029832260999, 0.0 ], [ 74.531812014213102, 31.772839908934699, 0.0 ], [ 74.531795544029194, 31.7726195462551, 0.0 ], [ 74.531827878254006, 31.7725113533164, 0.0 ], [ 74.531849166106198, 31.772345620853802, 0.0 ], [ 74.531881911321193, 31.772256569984801, 0.0 ], [ 74.5319064088537, 31.772188039846199, 0.0 ], [ 74.531955394026298, 31.772051014642699, 0.0 ], [ 74.531996200764098, 31.7719368627961, 0.0 ], [ 74.532115624436599, 31.771767567219499, 0.0 ], [ 74.5321720721834, 31.7715976097419, 0.0 ], [ 74.532212117195499, 31.771473387286999, 0.0 ], [ 74.532259890981294, 31.771322176177499, 0.0 ], [ 74.532307115281199, 31.7711660853466, 0.0 ], [ 74.532362178072106, 31.770987579812999, 0.0 ], [ 74.532394121091897, 31.770892588022502, 0.0 ], [ 74.532481466846306, 31.770628405876302, 0.0 ], [ 74.5325553047836, 31.7704872950527, 0.0 ], [ 74.532613349726404, 31.770395932926, 0.0 ], [ 74.532660134257895, 31.770248864093801, 0.0 ], [ 74.532768137439604, 31.7700934225734, 0.0 ], [ 74.532902729077804, 31.7699469769715, 0.0 ], [ 74.533003519696706, 31.769823748267399, 0.0 ], [ 74.533080515153699, 31.769769151325299, 0.0 ], [ 74.533165160243996, 31.7696904282707, 0.0 ], [ 74.533230576030306, 31.769579939362799, 0.0 ], [ 74.533314987296905, 31.769501269368199, 0.0 ], [ 74.533399302335994, 31.769422561601999, 0.0 ], [ 74.533472388440003, 31.769290139128699, 0.0 ], [ 74.533522189297599, 31.7692276299512, 0.0 ], [ 74.533545356732901, 31.769157926197401, 0.0 ], [ 74.533583923259499, 31.769041880378602, 0.0 ], [ 74.533645072661997, 31.768854839379401, 0.0 ], [ 74.533656396925196, 31.7687298156285, 0.0 ], [ 74.533694296154906, 31.768612616878801, 0.0 ], [ 74.533705106005897, 31.768486704597802, 0.0 ], [ 74.533709337316097, 31.768387452718802, 0.0 ], [ 74.533728482983193, 31.768241386630699, 0.0 ], [ 74.533721259628507, 31.768088696136498, 0.0 ], [ 74.533698159642398, 31.767979897054701, 0.0 ], [ 74.533618000370495, 31.767778034328899, 0.0 ], [ 74.533594903981694, 31.7676692550322, 0.0 ], [ 74.533590769798295, 31.767591443890101, 0.0 ], [ 74.533542522069794, 31.767479443221799, 0.0 ], [ 74.533468043815205, 31.7673603918686, 0.0 ], [ 74.533438263665005, 31.767277545422399, 0.0 ], [ 74.533408795579504, 31.7671958429138, 0.0 ], [ 74.533186020918194, 31.767015597192099, 0.0 ], [ 74.532989262744294, 31.766841690791502, 0.0 ], [ 74.532804190361205, 31.766723115179701, 0.0 ], [ 74.532733509943597, 31.766679986392301, 0.0 ], [ 74.532529260417107, 31.7665277149821, 0.0 ], [ 74.532440276097901, 31.766455062351302, 0.0 ], [ 74.532283292240194, 31.7664109434103, 0.0 ], [ 74.532212635204999, 31.7663665303911, 0.0 ], [ 74.532061044581596, 31.7662269331265, 0.0 ], [ 74.531990685221999, 31.7661841775578, 0.0 ], [ 74.531920363634001, 31.7661417979057, 0.0 ], [ 74.531743446302997, 31.766002196144498, 0.0 ], [ 74.531673158889205, 31.765960980215102, 0.0 ], [ 74.531472502154301, 31.765888181894098, 0.0 ], [ 74.531269150151203, 31.765742953074898, 0.0 ], [ 74.531198741328893, 31.765700586912601, 0.0 ], [ 74.531074064716407, 31.765567298392199, 0.0 ], [ 74.530993855981706, 31.765470124846399, 0.0 ], [ 74.530921518113601, 31.765352657199401, 0.0 ], [ 74.530867359141396, 31.7652644471966, 0.0 ], [ 74.530805555931707, 31.7651969881505, 0.0 ], [ 74.530691752122706, 31.765117140044001, 0.0 ], [ 74.530629260032399, 31.7650548943679, 0.0 ], [ 74.530385029345695, 31.7649439980671, 0.0 ], [ 74.530211138233497, 31.764874129737301, 0.0 ], [ 74.530155660855101, 31.764792438020699, 0.0 ], [ 74.530102551391707, 31.7646264582445, 0.0 ], [ 74.530113415201996, 31.764518694282302, 0.0 ], [ 74.530124395924204, 31.764410283707701, 0.0 ], [ 74.530137285007797, 31.764296038331601, 0.0 ], [ 74.530143502920396, 31.764199980844499, 0.0 ], [ 74.530176168995098, 31.764109973996099, 0.0 ], [ 74.530208781110403, 31.7640201191332, 0.0 ], [ 74.530257910174498, 31.763884638964999, 0.0 ], [ 74.530316285168496, 31.763723555997402, 0.0 ], [ 74.530341230563394, 31.7636547272839, 0.0 ], [ 74.530374394862505, 31.763563217668398, 0.0 ], [ 74.530389536747805, 31.763443302066801, 0.0 ], [ 74.530387509675904, 31.763370959702101, 0.0 ], [ 74.530364726251193, 31.763199778247198, 0.0 ], [ 74.530334479352803, 31.763049471855702, 0.0 ], [ 74.530279335622893, 31.7628905067915, 0.0 ], [ 74.530227521183207, 31.762725896682799, 0.0 ], [ 74.530218845423505, 31.762598612036399, 0.0 ], [ 74.530184867237907, 31.7625394852091, 0.0 ], [ 74.530165933810807, 31.7624388267905, 0.0 ], [ 74.530153884694101, 31.7623184921048, 0.0 ], [ 74.530134024965307, 31.762219611645801, 0.0 ], [ 74.530060978431493, 31.762036669756601, 0.0 ], [ 74.530023446125199, 31.761909951682998, 0.0 ], [ 74.530003653845597, 31.761811326631499, 0.0 ], [ 74.529940533129107, 31.7616782107809, 0.0 ], [ 74.529901461183599, 31.7615530161588, 0.0 ], [ 74.529863649188101, 31.7614267864171, 0.0 ], [ 74.529829589164294, 31.761298409993699, 0.0 ], [ 74.529746409069602, 31.761156588705699, 0.0 ], [ 74.529599387002193, 31.760955010165599, 0.0 ], [ 74.529513819207494, 31.7608861553718, 0.0 ], [ 74.529342823912302, 31.760748558199499, 0.0 ], [ 74.529179859562902, 31.760590084165099, 0.0 ], [ 74.529153022893794, 31.760513727226801, 0.0 ], [ 74.529110408518605, 31.760479415392801, 0.0 ], [ 74.529041247955305, 31.760368841948502, 0.0 ], [ 74.528997449173005, 31.760265043996601, 0.0 ], [ 74.528961722705404, 31.760140456416998, 0.0 ], [ 74.528918039036299, 31.7600369480468, 0.0 ], [ 74.528866388273201, 31.759954428953801, 0.0 ], [ 74.528822750469601, 31.759851121132399, 0.0 ], [ 74.528762007560701, 31.759720533275999, 0.0 ], [ 74.528701395952694, 31.759590152263701, 0.0 ], [ 74.5286504529561, 31.759508196146399, 0.0 ], [ 74.528519722107504, 31.7593600364366, 0.0 ], [ 74.528400302931701, 31.759260939240999, 0.0 ], [ 74.528218545449604, 31.759100101788299, 0.0 ], [ 74.528140209103398, 31.759011276649201, 0.0 ], [ 74.528095380597406, 31.758908658607801, 0.0 ], [ 74.528015343633299, 31.758751312323302, 0.0 ], [ 74.527998511022503, 31.758656712637201, 0.0 ], [ 74.527931025896194, 31.758548748126302, 0.0 ], [ 74.527829792810707, 31.7584543121168, 0.0 ], [ 74.527771829706197, 31.7583942526927, 0.0 ], [ 74.527646546950606, 31.758293794822801, 0.0 ], [ 74.527545884035405, 31.758199776098799, 0.0 ], [ 74.527388008050195, 31.7581134142027, 0.0 ], [ 74.5273384059427, 31.758100435187, 0.0 ], [ 74.527181867249496, 31.7579900793787, 0.0 ], [ 74.527092632019404, 31.757920014097401, 0.0 ], [ 74.526995244435099, 31.7578702815883, 0.0 ], [ 74.526753655057206, 31.757802288345001, 0.0 ], [ 74.526621166034005, 31.757765587012301, 0.0 ], [ 74.526478377974797, 31.757730049402301, 0.0 ], [ 74.526337744691205, 31.757695519033, 0.0 ], [ 74.526174345070004, 31.757655399377299, 0.0 ], [ 74.526104536994893, 31.757638259198401, 0.0 ], [ 74.525926768006002, 31.7575721896049, 0.0 ], [ 74.525849046796097, 31.7575081317949, 0.0 ], [ 74.525764506027201, 31.757465074953299, 0.0 ], [ 74.525664897117295, 31.757438839031199, 0.0 ], [ 74.525515841682804, 31.7573325130851, 0.0 ], [ 74.525378482830803, 31.757250481424599, 0.0 ], [ 74.525283806702404, 31.7572023452121, 0.0 ], [ 74.5252397660025, 31.757167748293, 0.0 ], [ 74.525059809862398, 31.7570517987016, 0.0 ], [ 74.524945873853, 31.756999965376199, 0.0 ], [ 74.5248477892941, 31.756974501072399, 0.0 ], [ 74.524774250831101, 31.756955410263998, 0.0 ], [ 74.524692236257707, 31.756956427397299, 0.0 ], [ 74.524442695074399, 31.757025079843601, 0.0 ], [ 74.524209014334602, 31.757120544677399, 0.0 ], [ 74.523966268428595, 31.757304012670101, 0.0 ], [ 74.523741035920096, 31.757244687092701, 0.0 ], [ 74.523416863597404, 31.757227134124999, 0.0 ], [ 74.523299630673506, 31.757241355104501, 0.0 ], [ 74.523208950232899, 31.757262771559699, 0.0 ], [ 74.523222892422595, 31.757356540272198, 0.0 ], [ 74.523154997205395, 31.757451684947299, 0.0 ], [ 74.523017739077403, 31.757529127367398, 0.0 ], [ 74.522928680114504, 31.7575960063506, 0.0 ], [ 74.522793675687595, 31.757696267269001, 0.0 ], [ 74.522668166302907, 31.757776752994801, 0.0 ], [ 74.522603334176594, 31.757850734823599, 0.0 ], [ 74.5225750828739, 31.757911717851499, 0.0 ], [ 74.522547088777202, 31.757972853764201, 0.0 ], [ 74.522518290686605, 31.758102481144601, 0.0 ], [ 74.522499846490803, 31.7582121237905, 0.0 ], [ 74.522514376837094, 31.758307673160601, 0.0 ], [ 74.522546078838502, 31.758361942749499, 0.0 ], [ 74.522585102220802, 31.758464146203401, 0.0 ], [ 74.522640075978799, 31.758593718725201, 0.0 ], [ 74.522663808188298, 31.758669071120799, 0.0 ], [ 74.5226945299287, 31.7587925066689, 0.0 ], [ 74.522741570766897, 31.7589906354095, 0.0 ], [ 74.522774396920994, 31.759162315088801, 0.0 ], [ 74.522811152212995, 31.759265428656601, 0.0 ], [ 74.522838848633995, 31.759507306716898, 0.0 ], [ 74.522877727225406, 31.759681234701201, 0.0 ], [ 74.522933150644505, 31.7598132650702, 0.0 ], [ 74.522939069082796, 31.7598620685797, 0.0 ], [ 74.522908638722797, 31.760065688580699, 0.0 ], [ 74.522895318864002, 31.760178429391001, 0.0 ], [ 74.522942106992701, 31.760283411750098, 0.0 ], [ 74.522951372707695, 31.7604240216513, 0.0 ], [ 74.522957258770504, 31.7605645793919, 0.0 ], [ 74.522999699576502, 31.7607400461163, 0.0 ], [ 74.523024594609396, 31.7608877903393, 0.0 ], [ 74.523040768017097, 31.7610570508423, 0.0 ], [ 74.5230574738234, 31.7611558000002, 0.0 ], [ 74.523099150205695, 31.761332227200601, 0.0 ], [ 74.5231099007014, 31.7614522489222, 0.0 ], [ 74.523164128022103, 31.761536187145399, 0.0 ], [ 74.523199153018496, 31.7616632325722, 0.0 ], [ 74.523225302605695, 31.761811870721299, 0.0 ], [ 74.523199525337901, 31.7619472960309, 0.0 ], [ 74.523162789831005, 31.762033664222301, 0.0 ], [ 74.523134348771194, 31.762098698696001, 0.0 ], [ 74.523125190974795, 31.762191605858, 0.0 ], [ 74.523164038989293, 31.762298944440801, 0.0 ], [ 74.523167202804203, 31.762421627256298, 0.0 ], [ 74.523195546737199, 31.762551537023899, 0.0 ], [ 74.5232219211548, 31.7626823407175, 0.0 ], [ 74.523266808116801, 31.762841687094198, 0.0 ], [ 74.523290285818106, 31.762921216840699, 0.0 ], [ 74.523305024807101, 31.7630226495756, 0.0 ], [ 74.523361318769901, 31.7631602341575, 0.0 ], [ 74.5234037029186, 31.763321928664102, 0.0 ], [ 74.523453685439307, 31.763462756201299, 0.0 ], [ 74.523484707553294, 31.7635760042293, 0.0 ], [ 74.523560766816004, 31.763670283756699, 0.0 ], [ 74.523629684562394, 31.763713147244001, 0.0 ], [ 74.523670800667006, 31.763822881620701, 0.0 ], [ 74.5237288060396, 31.763961992352101, 0.0 ], [ 74.523753208244003, 31.764042825216301, 0.0 ], [ 74.523820652001504, 31.764159932235099, 0.0 ], [ 74.523862298706106, 31.764270171131599, 0.0 ], [ 74.523913488117003, 31.764357978238099, 0.0 ], [ 74.523937288675, 31.764513184136199, 0.0 ], [ 74.523970390920894, 31.7646461480014, 0.0 ], [ 74.523978395786401, 31.7646980101051, 0.0 ], [ 74.524003583998294, 31.7647793007242, 0.0 ], [ 74.524036831035005, 31.764912668385001, 0.0 ], [ 74.524043748620201, 31.765039372968701, 0.0 ], [ 74.524129899175605, 31.765186911247, 0.0 ], [ 74.524128838874802, 31.765261770814099, 0.0 ], [ 74.524162279265894, 31.765395893006101, 0.0 ], [ 74.5241428808893, 31.765516448924998, 0.0 ], [ 74.524184623821398, 31.7656289001537, 0.0 ], [ 74.524209462197007, 31.765711545151799, 0.0 ], [ 74.524257655966096, 31.765819495273501, 0.0 ], [ 74.524341923341098, 31.766001384955999, 0.0 ], [ 74.524381943172202, 31.7660565160954, 0.0 ], [ 74.524419435008994, 31.7661883117412, 0.0 ], [ 74.524560882179003, 31.766349365930498, 0.0 ], [ 74.524735085355999, 31.766497254944401, 0.0 ], [ 74.524762931064501, 31.766563379396501, 0.0 ], [ 74.524823643396502, 31.766691585848001, 0.0 ], [ 74.524897384206994, 31.766793604941, 0.0 ], [ 74.524914921886193, 31.766899169161402, 0.0 ], [ 74.524933016245797, 31.767080056999099, 0.0 ], [ 74.524925128292097, 31.7671777107828, 0.0 ], [ 74.524918097392302, 31.767274611833901, 0.0 ], [ 74.524927081619595, 31.767327410131902, 0.0 ], [ 74.5249457533439, 31.767508351029601, 0.0 ], [ 74.5249547528596, 31.7675612572463, 0.0 ], [ 74.524972760884296, 31.7676671524172, 0.0 ], [ 74.524999039973693, 31.767750790266799, 0.0 ], [ 74.5251113572035, 31.7679122203728, 0.0 ], [ 74.525223937035193, 31.768074026395301, 0.0 ], [ 74.525285776217601, 31.768142200402298, 0.0 ], [ 74.525446494959894, 31.768272373671198, 0.0 ], [ 74.525544783664898, 31.7683345330124, 0.0 ], [ 74.5256094790942, 31.7683987580963, 0.0 ], [ 74.525686498832897, 31.768500915684701, 0.0 ], [ 74.525743223570899, 31.768576640399701, 0.0 ], [ 74.525777949093097, 31.7687057443746, 0.0 ], [ 74.525812377839003, 31.768836143373399, 0.0 ], [ 74.5258976236764, 31.768918086000902, 0.0 ], [ 74.526010717021094, 31.769006035200398, 0.0 ], [ 74.526115361235, 31.769117416235801, 0.0 ], [ 74.526195076241805, 31.7692188426755, 0.0 ], [ 74.526247155981494, 31.7693146888219, 0.0 ], [ 74.526346061621496, 31.7694457182454, 0.0 ], [ 74.526419322194002, 31.7695675943691, 0.0 ], [ 74.526512824707098, 31.769716568864599, 0.0 ], [ 74.526568067362504, 31.7698076917716, 0.0 ], [ 74.526659473555895, 31.769881583668202, 0.0 ], [ 74.526723518775398, 31.769949157827401, 0.0 ], [ 74.526897521403598, 31.770121081222999, 0.0 ], [ 74.527044167554294, 31.7702869611743, 0.0 ], [ 74.527208699422005, 31.770485201431001, 0.0 ], [ 74.527263952869205, 31.770577344169201, 0.0 ], [ 74.527421372898104, 31.770715432371301, 0.0 ], [ 74.527494795348602, 31.770758198731901, 0.0 ], [ 74.527608894135199, 31.770851899095899, 0.0 ], [ 74.527652308906994, 31.7708957860117, 0.0 ], [ 74.527758675322701, 31.7710122626059, 0.0 ], [ 74.527892822695705, 31.7711351810438, 0.0 ], [ 74.527973400152305, 31.771242411707998, 0.0 ], [ 74.528063157888496, 31.771324682588101, 0.0 ], [ 74.528144056403207, 31.771515934212999, 0.0 ], [ 74.528207677142603, 31.771588725339399, 0.0 ], [ 74.528246605196699, 31.771729753425401, 0.0 ], [ 74.528311822232894, 31.771797440899199, 0.0 ], [ 74.528396094104494, 31.771979996079999, 0.0 ], [ 74.528421749963897, 31.772078774915599, 0.0 ], [ 74.528484519045406, 31.772156994349899, 0.0 ], [ 74.528549818819201, 31.7723114753943, 0.0 ], [ 74.528582839226701, 31.772468146287999, 0.0 ], [ 74.528642422010293, 31.772635576670599, 0.0 ], [ 74.528654073626598, 31.772771859034101, 0.0 ], [ 74.5286748191876, 31.772881980119301, 0.0 ], [ 74.528657948805304, 31.773016184149601, 0.0 ], [ 74.5286592420305, 31.773097776940901, 0.0 ], [ 74.528614313699705, 31.773227450186699, 0.0 ], [ 74.528596840771598, 31.773364562624501, 0.0 ], [ 74.528566603765796, 31.773544825433401, 0.0 ], [ 74.528557402801894, 31.773659533061, 0.0 ], [ 74.528579234744001, 31.773766663001101, 0.0 ], [ 74.528581662014105, 31.773843776269299, 0.0 ], [ 74.528567289948498, 31.773967281964499, 0.0 ], [ 74.528589386291202, 31.774073092599199, 0.0 ], [ 74.528575445900202, 31.774194623383199, 0.0 ], [ 74.528612399942304, 31.774352390550501, 0.0 ], [ 74.528621864407597, 31.774502583627399, 0.0 ], [ 74.528649569821795, 31.774599755374499, 0.0 ], [ 74.528668218163801, 31.774723899588398, 0.0 ], [ 74.528691111305804, 31.774826540112802, 0.0 ], [ 74.528715528798699, 31.774921260307998, 0.0 ], [ 74.528767210138696, 31.775025460256799, 0.0 ], [ 74.528798063180105, 31.775106702312499, 0.0 ], [ 74.528845710161505, 31.775232815142399, 0.0 ], [ 74.528900953716104, 31.775341107905799, 0.0 ], [ 74.528939835904694, 31.7754940286266, 0.0 ], [ 74.528989491971501, 31.7756102282295, 0.0 ], [ 74.529101587068595, 31.775728695922599, 0.0 ], [ 74.529258787662997, 31.7758071680664, 0.0 ], [ 74.529471335234007, 31.7759059019359, 0.0 ], [ 74.529553989225306, 31.7759368817817, 0.0 ], [ 74.529683049133396, 31.776015907008599, 0.0 ], [ 74.5299344321284, 31.776085920129201, 0.0 ], [ 74.530222806937005, 31.7761347380278, 0.0 ], [ 74.530278751962896, 31.776149621807601, 0.0 ], [ 74.530388671599994, 31.7760924213283, 0.0 ], [ 74.5305718688967, 31.7759923249859, 0.0 ], [ 74.530726678193702, 31.775885429768799, 0.0 ], [ 74.530936829970798, 31.775792213240099, 0.0 ], [ 74.531082122641905, 31.7757182709815, 0.0 ] ] ] ] } },
{ "type": "Feature", "properties": { "Name": "R3", "district": "Lahore", "province": "Punjab", "area_km2": 6.8645652154799999, "volume_MAF": 0.03392542012, "River": "Ravi", "Shape_Leng": 0.10779824883, "Shape_Area": 0.00065288838 }, "geometry": { "type": "MultiPolygon", "coordinates": [ [ [ [ 74.374902275919297, 31.663584008395301, 0.0 ], [ 74.374882700376403, 31.663634461261399, 0.0 ], [ 74.374666599584003, 31.664191407807301, 0.0 ], [ 74.374360368736106, 31.664509453948199, 0.0 ], [ 74.374174710894195, 31.664677410434201, 0.0 ], [ 74.373934893180802, 31.664828788817601, 0.0 ], [ 74.373695372243702, 31.664979216617599, 0.0 ], [ 74.373474380038701, 31.6650807752576, 0.0 ], [ 74.373076448919093, 31.665316766355701, 0.0 ], [ 74.372854171582802, 31.665561997088599, 0.0 ], [ 74.372675230777403, 31.665699164385, 0.0 ], [ 74.372542939604998, 31.6658827708732, 0.0 ], [ 74.3723366926843, 31.6660998060613, 0.0 ], [ 74.372055498062807, 31.6663516288247, 0.0 ], [ 74.371816114721994, 31.666640771654301, 0.0 ], [ 74.371566086106, 31.666804344844699, 0.0 ], [ 74.371297467604094, 31.666997687393401, 0.0 ], [ 74.371080250752996, 31.667230735010499, 0.0 ], [ 74.370849946967596, 31.667342208676001, 0.0 ], [ 74.370559901218499, 31.667605094, 0.0 ], [ 74.370328737681206, 31.667716999340101, 0.0 ], [ 74.370154484142205, 31.667842299182801, 0.0 ], [ 74.369959913119501, 31.6680185609079, 0.0 ], [ 74.369655384688301, 31.668160631308101, 0.0 ], [ 74.369351031624902, 31.668301915700901, 0.0 ], [ 74.368883323906303, 31.668529699585999, 0.0 ], [ 74.368624458551906, 31.668700965577202, 0.0 ], [ 74.368442547285795, 31.668835627362299, 0.0 ], [ 74.368021383979695, 31.669090073448199, 0.0 ], [ 74.367718779198398, 31.669365953076401, 0.0 ], [ 74.367378312958806, 31.6695771588588, 0.0 ], [ 74.367116623733196, 31.669749539110001, 0.0 ], [ 74.366968769792905, 31.669951877577098, 0.0 ], [ 74.366763252222398, 31.670139920421001, 0.0 ], [ 74.366511449244101, 31.670437649078298, 0.0 ], [ 74.366237244153496, 31.670811286811499, 0.0 ], [ 74.366046924226197, 31.671118009588501, 0.0 ], [ 74.365945096688904, 31.671210344781599, 0.0 ], [ 74.365678617674106, 31.6716920387566, 0.0 ], [ 74.365588960662095, 31.671908534351399, 0.0 ], [ 74.365167361184803, 31.672559416883601, 0.0 ], [ 74.365026415836496, 31.672773969942799, 0.0 ], [ 74.364904583779506, 31.673059537967301, 0.0 ], [ 74.364757485269806, 31.673381865780499, 0.0 ], [ 74.364636252161304, 31.673667415818599, 0.0 ], [ 74.364547472887594, 31.673884218981598, 0.0 ], [ 74.364458529937295, 31.674101421443499, 0.0 ], [ 74.364302484072397, 31.674482486677402, 0.0 ], [ 74.364145932788603, 31.674864784881901, 0.0 ], [ 74.364030962558999, 31.675142784212198, 0.0 ], [ 74.363826002568004, 31.6754733866875, 0.0 ], [ 74.363655804072195, 31.675877038394699, 0.0 ], [ 74.363243675355406, 31.6762276426916, 0.0 ], [ 74.362991146624196, 31.676503650023498, 0.0 ], [ 74.362848274028707, 31.676699025040001, 0.0 ], [ 74.362649404246696, 31.676851817157701, 0.0 ], [ 74.362377004994897, 31.6771782476781, 0.0 ], [ 74.362192745598804, 31.677456017681099, 0.0 ], [ 74.361939884118399, 31.677753697775, 0.0 ], [ 74.361495183755807, 31.6783398138314, 0.0 ], [ 74.361278483115498, 31.678687106824601, 0.0 ], [ 74.361104072195204, 31.678927909295599, 0.0 ], [ 74.360958936006199, 31.6791035459919, 0.0 ], [ 74.360842534055706, 31.679363140696399, 0.0 ], [ 74.360817837772998, 31.679592957948699, 0.0 ], [ 74.360823052941598, 31.679905786223099, 0.0 ], [ 74.360832731445399, 31.680190479207301, 0.0 ], [ 74.360838404368906, 31.680482078984799, 0.0 ], [ 74.360880974677301, 31.680697267864701, 0.0 ], [ 74.360839469166294, 31.680954419111199, 0.0 ], [ 74.360891331269997, 31.6813080963916, 0.0 ], [ 74.360911155925194, 31.6815815820244, 0.0 ], [ 74.3608201157558, 31.681959752340699, 0.0 ], [ 74.3607437246432, 31.682141797605901, 0.0 ], [ 74.360596484939904, 31.6824975972863, 0.0 ], [ 74.360485101206507, 31.682755628969201, 0.0 ], [ 74.360439532558402, 31.683022716825, 0.0 ], [ 74.360608188716995, 31.683269552847701, 0.0 ], [ 74.360994822553096, 31.6834901538476, 0.0 ], [ 74.3612945171283, 31.683581179627801, 0.0 ], [ 74.361598578811396, 31.683665239259401, 0.0 ], [ 74.361963520100403, 31.683766124307201, 0.0 ], [ 74.362267589877405, 31.6838503817897, 0.0 ], [ 74.362694300201795, 31.683966752263899, 0.0 ], [ 74.363060139014195, 31.684066453803801, 0.0 ], [ 74.363491225439802, 31.684175161154801, 0.0 ], [ 74.363922230027001, 31.684283846022701, 0.0 ], [ 74.364473952411004, 31.684427930005, 0.0 ], [ 74.365153301183994, 31.684594100437401, 0.0 ], [ 74.365343291959405, 31.6846299258304, 0.0 ], [ 74.365638374811198, 31.6847325924352, 0.0 ], [ 74.366077906770002, 31.684810783091201, 0.0 ], [ 74.366242988123503, 31.6847306795772, 0.0 ], [ 74.366703513856095, 31.684585347335901, 0.0 ], [ 74.367054957220503, 31.6845465361937, 0.0 ], [ 74.367260824627394, 31.684535828865499, 0.0 ], [ 74.367590434251198, 31.684553766743001, 0.0 ], [ 74.367834933835198, 31.684618004417398, 0.0 ], [ 74.368310246220901, 31.684605385130499, 0.0 ], [ 74.368554670261901, 31.684669387182499, 0.0 ], [ 74.368924412131904, 31.684758004578299, 0.0 ], [ 74.369363373920606, 31.684842462609598, 0.0 ], [ 74.369675097827596, 31.684906417896901, 0.0 ], [ 74.369984254170006, 31.684976209784299, 0.0 ], [ 74.370268330219304, 31.685113324920099, 0.0 ], [ 74.370589351317605, 31.685332368294201, 0.0 ], [ 74.370811751860899, 31.685456169866399, 0.0 ], [ 74.370948008144097, 31.685633014352199, 0.0 ], [ 74.371170297171503, 31.685758134330499, 0.0 ], [ 74.371415561179305, 31.685820129995101, 0.0 ], [ 74.371857462851693, 31.6860797184044, 0.0 ], [ 74.372168978115894, 31.686143110715999, 0.0 ], [ 74.372519699324698, 31.686283209802401, 0.0 ], [ 74.372763644027003, 31.686349209248601, 0.0 ], [ 74.372908415091302, 31.686317586387499, 0.0 ], [ 74.373461258930007, 31.686264670278401, 0.0 ], [ 74.373825716383706, 31.686178618648398, 0.0 ], [ 74.374189850081606, 31.686092642561398, 0.0 ], [ 74.374459294161198, 31.685891679157699, 0.0 ], [ 74.374733358058094, 31.685672695138798, 0.0 ], [ 74.375045606269794, 31.685533480985399, 0.0 ], [ 74.375494663847704, 31.685383058581401, 0.0 ], [ 74.375758063583802, 31.685386782674001, 0.0 ], [ 74.376102831280704, 31.685345215109599, 0.0 ], [ 74.376326221977607, 31.685271046221899, 0.0 ], [ 74.376833141036698, 31.685137274765498, 0.0 ], [ 74.3769935252311, 31.685054844705299, 0.0 ], [ 74.377298936796507, 31.684927012371801, 0.0 ], [ 74.377485922037707, 31.684754653704399, 0.0 ], [ 74.377770296661893, 31.684685935607501, 0.0 ], [ 74.3779089100682, 31.6846671469713, 0.0 ], [ 74.378360363440095, 31.684709191176299, 0.0 ], [ 74.378722432294495, 31.684804315167099, 0.0 ], [ 74.379029041756993, 31.684858446260399, 0.0 ], [ 74.379373279753096, 31.6850026102823, 0.0 ], [ 74.379634458163807, 31.685208796948501, 0.0 ], [ 74.379857299374905, 31.6853267897995, 0.0 ], [ 74.380122084066997, 31.6855148713143, 0.0 ], [ 74.380406836406493, 31.685640235908199, 0.0 ], [ 74.380569769279504, 31.685740581362801, 0.0 ], [ 74.380853625894204, 31.685871936340799, 0.0 ], [ 74.3810748348358, 31.686003578202602, 0.0 ], [ 74.381315828862498, 31.6860719491612, 0.0 ], [ 74.381737698136305, 31.686191630939, 0.0 ], [ 74.382017422366204, 31.686134360312501, 0.0 ], [ 74.382435657479704, 31.686055543728401, 0.0 ], [ 74.382992692159107, 31.685948172770001, 0.0 ], [ 74.383132364067393, 31.685915495004199, 0.0 ], [ 74.383554847578196, 31.6860207948239, 0.0 ], [ 74.383935530600297, 31.686048246629401, 0.0 ], [ 74.384255598417198, 31.686060644683, 0.0 ], [ 74.384852887650695, 31.686010146850801, 0.0 ], [ 74.385153710875102, 31.686088830335301, 0.0 ], [ 74.385515376833197, 31.686167949990899, 0.0 ], [ 74.385756458094093, 31.686218028739098, 0.0 ], [ 74.386171320749895, 31.686107741279301, 0.0 ], [ 74.386386844177594, 31.6860359816753, 0.0 ], [ 74.386877116785598, 31.685912172908498, 0.0 ], [ 74.387383810114798, 31.6857374751044, 0.0 ], [ 74.387675372120796, 31.6856294017755, 0.0 ], [ 74.388129015341903, 31.685640973352299, 0.0 ], [ 74.388428453610302, 31.685728227375801, 0.0 ], [ 74.388872126047801, 31.6859317529481, 0.0 ], [ 74.389289792789796, 31.686008460621998, 0.0 ], [ 74.389867183623707, 31.686545408943498, 0.0 ], [ 74.390090327007002, 31.6866686016747, 0.0 ], [ 74.390280267420493, 31.686912127292899, 0.0 ], [ 74.390590826705406, 31.6871899332689, 0.0 ], [ 74.390885964415801, 31.687537412421701, 0.0 ], [ 74.391328956965793, 31.688045678665201, 0.0 ], [ 74.391580881352596, 31.688305090807301, 0.0 ], [ 74.391756734785503, 31.688612898166799, 0.0 ], [ 74.391965345124603, 31.6887960702825, 0.0 ], [ 74.392174158710503, 31.6889794195646, 0.0 ], [ 74.392443484978898, 31.689177461970399, 0.0 ], [ 74.392896873691797, 31.6894452306129, 0.0 ], [ 74.393245153241295, 31.6896129092084, 0.0 ], [ 74.393710123423503, 31.6897745929232, 0.0 ], [ 74.393950210933596, 31.689822720142399, 0.0 ], [ 74.394356589385197, 31.689985369729101, 0.0 ], [ 74.394756897412904, 31.690106241310001, 0.0 ], [ 74.395062470856402, 31.690206786414102, 0.0 ], [ 74.395259414290607, 31.690193703976298, 0.0 ], [ 74.395724572431106, 31.690095460237298, 0.0 ], [ 74.395902660679297, 31.689859971860201, 0.0 ], [ 74.396021112184698, 31.689614199735601, 0.0 ], [ 74.396083792233298, 31.6893824813165, 0.0 ], [ 74.396142347091697, 31.689127156592999, 0.0 ], [ 74.396277934279297, 31.6888394616719, 0.0 ], [ 74.396428328804404, 31.688492832378401, 0.0 ], [ 74.396488896345502, 31.6882543312724, 0.0 ], [ 74.396564574295695, 31.687957652123998, 0.0 ], [ 74.396550633904695, 31.687766724254999, 0.0 ], [ 74.396566992572701, 31.687458388993502, 0.0 ], [ 74.396566347758807, 31.687200009273099, 0.0 ], [ 74.396520684681903, 31.686864739316299, 0.0 ], [ 74.396475196073496, 31.686530712222599, 0.0 ], [ 74.396355736428205, 31.686242055926201, 0.0 ], [ 74.396251288266399, 31.6858939913147, 0.0 ], [ 74.396176904440694, 31.685682469870098, 0.0 ], [ 74.395939799981804, 31.685364277139701, 0.0 ], [ 74.395808125744495, 31.685145609682198, 0.0 ], [ 74.395708066274295, 31.684817965077102, 0.0 ], [ 74.395769141932405, 31.684589927583101, 0.0 ], [ 74.395828657266804, 31.684354705405401, 0.0 ], [ 74.395927040400593, 31.6839158758171, 0.0 ], [ 74.3960249298067, 31.6834792513664, 0.0 ], [ 74.396080568163796, 31.683230353198301, 0.0 ], [ 74.396223688072794, 31.682881006153501, 0.0 ], [ 74.396303101806794, 31.682622719962598, 0.0 ], [ 74.396367076879102, 31.682418650300502, 0.0 ], [ 74.396422252085301, 31.682173708250101, 0.0 ], [ 74.396383191830907, 31.681752702325401, 0.0 ], [ 74.396416105219103, 31.6814129573422, 0.0 ], [ 74.396384816905794, 31.681030583594598, 0.0 ], [ 74.396423905938505, 31.680840412055399, 0.0 ], [ 74.396461352809197, 31.680643799571701, 0.0 ], [ 74.396689027876405, 31.680328577302099, 0.0 ], [ 74.396825351608797, 31.6800912201338, 0.0 ], [ 74.396996843329703, 31.679891665967698, 0.0 ], [ 74.397151985375899, 31.679505328907901, 0.0 ], [ 74.397264986989597, 31.6792916895599, 0.0 ], [ 74.397306476312906, 31.679120469434199, 0.0 ], [ 74.397317451639097, 31.6788181479392, 0.0 ], [ 74.397214492754699, 31.678489162444901, 0.0 ], [ 74.397155197754202, 31.6782325876638, 0.0 ], [ 74.397038945990602, 31.6779617883059, 0.0 ], [ 74.397037026837396, 31.677721215161998, 0.0 ], [ 74.396964358918098, 31.677522660142699, 0.0 ], [ 74.396831031726805, 31.6772943852278, 0.0 ], [ 74.396618486853797, 31.676951051949501, 0.0 ], [ 74.396372944056196, 31.676696931418299, 0.0 ], [ 74.396229534565407, 31.676537117394101, 0.0 ], [ 74.396001407139295, 31.676238970552099, 0.0 ], [ 74.395786649034704, 31.675880915372002, 0.0 ], [ 74.395713784163902, 31.675677552577, 0.0 ], [ 74.395696671864002, 31.675485557212799, 0.0 ], [ 74.395665156022204, 31.6751139699338, 0.0 ], [ 74.395634427986494, 31.674746681414302, 0.0 ], [ 74.395580043284397, 31.6745075858565, 0.0 ], [ 74.395543449870402, 31.674230116226902, 0.0 ], [ 74.395475683256194, 31.673816661909498, 0.0 ], [ 74.395398938710102, 31.673596682341, 0.0 ], [ 74.395209116107907, 31.673224427765199, 0.0 ], [ 74.395142321660899, 31.673045953707899, 0.0 ], [ 74.395071997374799, 31.672852118330599, 0.0 ], [ 74.394959775473296, 31.672589267180999, 0.0 ], [ 74.3947546167323, 31.672146843002501, 0.0 ], [ 74.394752290186105, 31.671906007256499, 0.0 ], [ 74.394805889780102, 31.6715663009441, 0.0 ], [ 74.394798133127395, 31.671187627007399, 0.0 ], [ 74.394687199954404, 31.670929122281201, 0.0 ], [ 74.394659666310602, 31.670808197640302, 0.0 ], [ 74.394480492580698, 31.670591741615599, 0.0 ], [ 74.394246867598895, 31.670363193306802, 0.0 ], [ 74.394166200209995, 31.670236084927399, 0.0 ], [ 74.393924751126406, 31.669969401766501, 0.0 ], [ 74.393688829276101, 31.669725604553001, 0.0 ], [ 74.393360859116399, 31.669416182011201, 0.0 ], [ 74.393201447988503, 31.669166469057402, 0.0 ], [ 74.3929560679682, 31.668993239846198, 0.0 ], [ 74.392805858703497, 31.668898611381799, 0.0 ], [ 74.392475264322101, 31.668805036023599, 0.0 ], [ 74.392231816045495, 31.6686401678095, 0.0 ], [ 74.391933708773706, 31.6684619239787, 0.0 ], [ 74.391690379207702, 31.668296865108299, 0.0 ], [ 74.391431843904499, 31.6681798471223, 0.0 ], [ 74.391103278393601, 31.6680973190361, 0.0 ], [ 74.390993581788507, 31.668069824962501, 0.0 ], [ 74.390625096271194, 31.667921404449299, 0.0 ], [ 74.390326645458401, 31.667736003813602, 0.0 ], [ 74.390082910298105, 31.6675618069319, 0.0 ], [ 74.389754107366201, 31.6674754909012, 0.0 ], [ 74.389440660358204, 31.6673380511102, 0.0 ], [ 74.389111940164, 31.667251822313801, 0.0 ], [ 74.3888927906698, 31.6671943313534, 0.0 ], [ 74.388634428935802, 31.667071513639499, 0.0 ], [ 74.388360568285606, 31.6669993493405, 0.0 ], [ 74.388102372926198, 31.666874275227698, 0.0 ], [ 74.387860138734496, 31.666698509928299, 0.0 ], [ 74.387711782073197, 31.666603301401299, 0.0 ], [ 74.387415387110494, 31.6664075603607, 0.0 ], [ 74.387283274003906, 31.666260111115299, 0.0 ], [ 74.387112685202297, 31.666048767736498, 0.0 ], [ 74.386887771053907, 31.6658271711871, 0.0 ], [ 74.386679656241199, 31.665543363135701, 0.0 ], [ 74.386417847405795, 31.665245465405999, 0.0 ], [ 74.386271060061404, 31.665148749615099, 0.0 ], [ 74.386140545050196, 31.665001543186701, 0.0 ], [ 74.385792900422103, 31.664801326220299, 0.0 ], [ 74.385521444559103, 31.664731182697899, 0.0 ], [ 74.385212128137297, 31.664596105426, 0.0 ], [ 74.385103560181193, 31.664568050175401, 0.0 ], [ 74.384811059282995, 31.664381841049199, 0.0 ], [ 74.384573145434402, 31.664209702715699, 0.0 ], [ 74.384389674743801, 31.664052029977299, 0.0 ], [ 74.384206427984296, 31.6638945407005, 0.0 ], [ 74.383969304639805, 31.6637230049128, 0.0 ], [ 74.383803424688395, 31.663515260620802, 0.0 ], [ 74.383674166929296, 31.663376917011099, 0.0 ], [ 74.383455341191095, 31.663152781675599, 0.0 ], [ 74.383273638567601, 31.662994803167699, 0.0 ], [ 74.383145486075406, 31.662853982825101, 0.0 ], [ 74.382909937443699, 31.6626839983679, 0.0 ], [ 74.382604924277899, 31.662544182567999, 0.0 ], [ 74.382334236435895, 31.6624798441695, 0.0 ], [ 74.382099034043193, 31.662482964816999, 0.0 ], [ 74.381937623722393, 31.662439194813, 0.0 ], [ 74.381669140118802, 31.6623644971239, 0.0 ], [ 74.381544428432704, 31.662383956654299, 0.0 ], [ 74.381079589551504, 31.662364667995099, 0.0 ], [ 74.380791674296404, 31.662345497147001, 0.0 ], [ 74.380301208334203, 31.662397363747399, 0.0 ], [ 74.380068561814696, 31.662386151899501, 0.0 ], [ 74.379890223554995, 31.662388197857101, 0.0 ], [ 74.379460101202795, 31.662431296067499, 0.0 ], [ 74.379004623364693, 31.662540997169302, 0.0 ], [ 74.378824998175205, 31.6625451295541, 0.0 ], [ 74.378519481389006, 31.662568308680498, 0.0 ], [ 74.378268337613704, 31.662605178186499, 0.0 ], [ 74.378033911336004, 31.662595500581901, 0.0 ], [ 74.377797704400606, 31.662589914892699, 0.0 ], [ 74.3774724582874, 31.662663490227899, 0.0 ], [ 74.377113868910001, 31.662667474224602, 0.0 ], [ 74.376623437122007, 31.662701456906699, 0.0 ], [ 74.376349989260603, 31.662792029428701, 0.0 ], [ 74.376091974665002, 31.662839120628998, 0.0 ], [ 74.375739956633794, 31.662973268001998, 0.0 ], [ 74.375482808984501, 31.663017014623598, 0.0 ], [ 74.375248162372799, 31.663162497950999, 0.0 ], [ 74.3750579062974, 31.663340612279502, 0.0 ], [ 74.374902275919297, 31.663584008395301, 0.0 ] ] ] ] } },
{ "type": "Feature", "properties": { "Name": "R4", "district": "Lahore", "province": "Punjab", "area_km2": 2.2206259145099998, "volume_MAF": 0.01097457227, "River": "Ravi", "Shape_Leng": 0.08822615098, "Shape_Area": 0.00021110356 }, "geometry": { "type": "MultiPolygon", "coordinates": [ [ [ [ 74.335440065906397, 31.639091053409501, 0.0 ], [ 74.335410595122895, 31.639012640620901, 0.0 ], [ 74.335565630149702, 31.639125335565801, 0.0 ], [ 74.335697182079301, 31.639211534684598, 0.0 ], [ 74.335828813149206, 31.6393431639559, 0.0 ], [ 74.335985620739805, 31.639545495228401, 0.0 ], [ 74.336118170916905, 31.639676600194999, 0.0 ], [ 74.336172584397303, 31.639739481691802, 0.0 ], [ 74.336224105658005, 31.6398786158055, 0.0 ], [ 74.336327585249904, 31.639996101438999, 0.0 ], [ 74.336380319696005, 31.640110380989402, 0.0 ], [ 74.336433952564903, 31.640269078954901, 0.0 ], [ 74.336431860741797, 31.6403449529573, 0.0 ], [ 74.336454961627197, 31.6404943240539, 0.0 ], [ 74.336452655765498, 31.640665410180599, 0.0 ], [ 74.336449669117002, 31.640815599660201, 0.0 ], [ 74.336444938683002, 31.640995673611499, 0.0 ], [ 74.336495271939299, 31.641170427173499, 0.0 ], [ 74.336575680323406, 31.641287188852701, 0.0 ], [ 74.336682678962504, 31.641356728030601, 0.0 ], [ 74.336736275858499, 31.641427448018401, 0.0 ], [ 74.336870404345703, 31.641544616191101, 0.0 ], [ 74.336924276434303, 31.6416395908944, 0.0 ], [ 74.3369246496529, 31.641759791581201, 0.0 ], [ 74.336925023770902, 31.641855833779701, 0.0 ], [ 74.336925753121093, 31.642023974626799, 0.0 ], [ 74.3368994839241, 31.642119804585398, 0.0 ], [ 74.336873239908101, 31.642240037647699, 0.0 ], [ 74.336846734189507, 31.642385951750299, 0.0 ], [ 74.336846734189507, 31.642558214190299, 0.0 ], [ 74.336846457198305, 31.642633443378799, 0.0 ], [ 74.336850235250196, 31.642740320609299, 0.0 ], [ 74.336906432985501, 31.642828606155302, 0.0 ], [ 74.336988505115499, 31.642896976214601, 0.0 ], [ 74.337070624909501, 31.642965385843901, 0.0 ], [ 74.337233136000506, 31.643061911877801, 0.0 ], [ 74.337366651150106, 31.643069795334799, 0.0 ], [ 74.337527201718999, 31.643079273289899, 0.0 ], [ 74.337661273549003, 31.643087188223198, 0.0 ], [ 74.337796495611798, 31.6430883528453, 0.0 ], [ 74.337932395763502, 31.643084769046901, 0.0 ], [ 74.338069143076595, 31.643100562041401, 0.0 ], [ 74.338177968238696, 31.6430958019297, 0.0 ], [ 74.338341715897499, 31.6431103916313, 0.0 ], [ 74.338451004210498, 31.6431273501472, 0.0 ], [ 74.338670553003695, 31.6432047493997, 0.0 ], [ 74.338861908050703, 31.6432671443633, 0.0 ], [ 74.338971894237602, 31.643334458618401, 0.0 ], [ 74.339055374705794, 31.643425173233201, 0.0 ], [ 74.3391399172734, 31.643570061209399, 0.0 ], [ 74.339224086622394, 31.643693342074101, 0.0 ], [ 74.339281273612002, 31.643823490161999, 0.0 ], [ 74.3393375010249, 31.643907274601101, 0.0 ], [ 74.3393945117474, 31.644018075573801, 0.0 ], [ 74.339451733810506, 31.644129290234599, 0.0 ], [ 74.339594297039199, 31.644353050552901, 0.0 ], [ 74.339651362620401, 31.644433924785901, 0.0 ], [ 74.339737104883596, 31.644556812646801, 0.0 ], [ 74.339794696568006, 31.644653107554898, 0.0 ], [ 74.3398523943725, 31.644750478052199, 0.0 ], [ 74.339909270196699, 31.644819043264299, 0.0 ], [ 74.339939305754399, 31.644913097961101, 0.0 ], [ 74.339998766230096, 31.645076987712901, 0.0 ], [ 74.340028178557603, 31.6451467885935, 0.0 ], [ 74.340086356600096, 31.645262036713699, 0.0 ], [ 74.340118537940199, 31.645429693725401, 0.0 ], [ 74.340150762447806, 31.645597587258901, 0.0 ], [ 74.340209364071001, 31.645717393143201, 0.0 ], [ 74.340212493711604, 31.645820363718901, 0.0 ], [ 74.340214840942195, 31.645897710810701, 0.0 ], [ 74.340274888675296, 31.6460505532905, 0.0 ], [ 74.340306679709599, 31.6461805053261, 0.0 ], [ 74.340395296205998, 31.646340118801501, 0.0 ], [ 74.340426866906498, 31.646449237142601, 0.0 ], [ 74.340484250847595, 31.646500878912502, 0.0 ], [ 74.340544824683903, 31.646637153182098, 0.0 ], [ 74.340688576816405, 31.6467642957357, 0.0 ], [ 74.340774970188804, 31.646840706633402, 0.0 ], [ 74.340831345989898, 31.646844601597099, 0.0 ], [ 74.341030253543394, 31.6469054092573, 0.0 ], [ 74.341226228407805, 31.646903231099301, 0.0 ], [ 74.341309957988202, 31.646900349671501, 0.0 ], [ 74.3414210179657, 31.646892692843601, 0.0 ], [ 74.341559140342099, 31.646860124795001, 0.0 ], [ 74.341748745308394, 31.646801454823301, 0.0 ], [ 74.341940851289294, 31.646781018629198, 0.0 ], [ 74.342156913410903, 31.6467029277979, 0.0 ], [ 74.3422636872194, 31.646639307957699, 0.0 ], [ 74.342345896945602, 31.646592284206601, 0.0 ], [ 74.342456153828493, 31.646546056355501, 0.0 ], [ 74.342593438036801, 31.646475630446002, 0.0 ], [ 74.342702585156204, 31.6464041397393, 0.0 ], [ 74.342783563710597, 31.646331607617601, 0.0 ], [ 74.342837532925799, 31.646283268158399, 0.0 ], [ 74.342918509681496, 31.646210924894302, 0.0 ], [ 74.342998573625295, 31.6461146713551, 0.0 ], [ 74.343136142918695, 31.646004063736601, 0.0 ], [ 74.343212571802795, 31.645874258290501, 0.0 ], [ 74.343289242604499, 31.6457462820653, 0.0 ], [ 74.343360373582399, 31.645517216646301, 0.0 ], [ 74.343461533822804, 31.645338576214399, 0.0 ], [ 74.343537163209604, 31.645209931793001, 0.0 ], [ 74.343615558910997, 31.6451322420594, 0.0 ], [ 74.343693856586199, 31.6450546458553, 0.0 ], [ 74.343824129679902, 31.644925499612199, 0.0 ], [ 74.343954100601294, 31.644796524240199, 0.0 ], [ 74.344002943680906, 31.644694631052499, 0.0 ], [ 74.3441540693549, 31.644487283361499, 0.0 ], [ 74.344176383333505, 31.6444105163323, 0.0 ], [ 74.344222601292103, 31.644282562590298, 0.0 ], [ 74.344296408652397, 31.6441552365749, 0.0 ], [ 74.344293382433705, 31.6441057100105, 0.0 ], [ 74.344314249403197, 31.644005283616998, 0.0 ], [ 74.344307052128798, 31.643903871566501, 0.0 ], [ 74.344325181561899, 31.643797571700599, 0.0 ], [ 74.344362370327204, 31.643609482092, 0.0 ], [ 74.344376424932094, 31.6434742231569, 0.0 ], [ 74.344368797781797, 31.643394127736901, 0.0 ], [ 74.344276777351496, 31.643266510341199, 0.0 ], [ 74.344192627787606, 31.643219291437202, 0.0 ], [ 74.343995894794801, 31.6431217131965, 0.0 ], [ 74.343940566703793, 31.643098772390498, 0.0 ], [ 74.343831985258007, 31.643057727332302, 0.0 ], [ 74.343668811366598, 31.6429537908848, 0.0 ], [ 74.343559797346799, 31.6428910092127, 0.0 ], [ 74.343422969994194, 31.6428059882059, 0.0 ], [ 74.343366561817405, 31.642717744928099, 0.0 ], [ 74.343192604155405, 31.642544223437199, 0.0 ], [ 74.343106112756999, 31.6424686875799, 0.0 ], [ 74.343019970295501, 31.6423731373105, 0.0 ], [ 74.342880439580696, 31.642279573643499, 0.0 ], [ 74.342794608284606, 31.6421843219489, 0.0 ], [ 74.342628792185096, 31.6420921504325, 0.0 ], [ 74.342573661045705, 31.642027652853901, 0.0 ], [ 74.342492529606602, 31.641986772371698, 0.0 ], [ 74.342380944425102, 31.641894488439998, 0.0 ], [ 74.342213273923505, 31.641774835440302, 0.0 ], [ 74.342047381381605, 31.641680195284799, 0.0 ], [ 74.341938199188604, 31.641635082593002, 0.0 ], [ 74.341802356593504, 31.641590690258202, 0.0 ], [ 74.341637650257397, 31.6415184333291, 0.0 ], [ 74.341500784233901, 31.6414490758143, 0.0 ], [ 74.341280363098306, 31.6413262203288, 0.0 ], [ 74.341142617537798, 31.641211749222901, 0.0 ], [ 74.341060677608297, 31.641165317225699, 0.0 ], [ 74.340949772314204, 31.6410688541444, 0.0 ], [ 74.340729119153593, 31.6408600351625, 0.0 ], [ 74.340565152060194, 31.6407424901738, 0.0 ], [ 74.340455111014606, 31.640646348150501, 0.0 ], [ 74.340346057424696, 31.640571449912599, 0.0 ], [ 74.340236311356804, 31.640472688164099, 0.0 ], [ 74.340045856531106, 31.640324039223099, 0.0 ], [ 74.339965922089704, 31.640300737788898, 0.0 ], [ 74.339831386209497, 31.640209011436799, 0.0 ], [ 74.339803772526096, 31.640163485056899, 0.0 ], [ 74.339616873619903, 31.640071646289499, 0.0 ], [ 74.339508588050904, 31.6399550087168, 0.0 ], [ 74.339454270798001, 31.639885442559201, 0.0 ], [ 74.339399477803696, 31.639793777361, 0.0 ], [ 74.339344773842299, 31.639702258752301, 0.0 ], [ 74.339236170812697, 31.639541791820299, 0.0 ], [ 74.339208398848598, 31.639474107943801, 0.0 ], [ 74.3391278879417, 31.639384377187302, 0.0 ], [ 74.339073488850502, 31.639296966681702, 0.0 ], [ 74.339044768101601, 31.639185856342198, 0.0 ], [ 74.338963411831998, 31.6390537486316, 0.0 ], [ 74.338908779816407, 31.6389422380939, 0.0 ], [ 74.338829042326495, 31.638876235949599, 0.0 ], [ 74.338722049083302, 31.6387432819769, 0.0 ], [ 74.338615672775106, 31.638633026892698, 0.0 ], [ 74.338509070737103, 31.638526315137401, 0.0 ], [ 74.338429042766194, 31.638440779718302, 0.0 ], [ 74.338349131707105, 31.638354758665201, 0.0 ], [ 74.338269331264698, 31.638268332917299, 0.0 ], [ 74.338189587479505, 31.638181971021201, 0.0 ], [ 74.338109903049698, 31.638095672976998, 0.0 ], [ 74.338056206328901, 31.638009132115801, 0.0 ], [ 74.337976968862094, 31.637945070708501, 0.0 ], [ 74.337870111416606, 31.6377944864265, 0.0 ], [ 74.337817664753501, 31.6377506876441, 0.0 ], [ 74.337764527411096, 31.637639633062701, 0.0 ], [ 74.337737661963601, 31.637550601978798, 0.0 ], [ 74.337658617851005, 31.637394938325802, 0.0 ], [ 74.337632131917402, 31.6373054710707, 0.0 ], [ 74.337553872013601, 31.637172095316, 0.0 ], [ 74.337450383428504, 31.637084069674099, 0.0 ], [ 74.337398369339297, 31.636973256110899, 0.0 ], [ 74.337372415804396, 31.636884148584599, 0.0 ], [ 74.337269674555898, 31.636773740615698, 0.0 ], [ 74.337166615846698, 31.636642695903699, 0.0 ], [ 74.337063539151103, 31.6365347071111, 0.0 ], [ 74.336986325158804, 31.636470520698001, 0.0 ], [ 74.336857818333698, 31.636363695628098, 0.0 ], [ 74.336339280933103, 31.635893881697299, 0.0 ], [ 74.336179993012294, 31.6356748949805, 0.0 ], [ 74.336019376792905, 31.635415024184098, 0.0 ], [ 74.335861130287, 31.6352007211364, 0.0 ], [ 74.3357555148052, 31.6350702268095, 0.0 ], [ 74.335598024629206, 31.6348952538129, 0.0 ], [ 74.335388579719194, 31.634675303922201, 0.0 ], [ 74.3353857378615, 31.634588230662398, 0.0 ], [ 74.3352744980197, 31.634280795622299, 0.0 ], [ 74.335216534915205, 31.6340952663835, 0.0 ], [ 74.335105136792706, 31.633819970415299, 0.0 ], [ 74.334944766987505, 31.6335497151473, 0.0 ], [ 74.334838507591101, 31.633372725870601, 0.0 ], [ 74.334682696449406, 31.633129545592102, 0.0 ], [ 74.334631012411407, 31.6330840389973, 0.0 ], [ 74.334470757719401, 31.6327737755893, 0.0 ], [ 74.334315326091499, 31.632564206572901, 0.0 ], [ 74.334161227258903, 31.632396607117801, 0.0 ], [ 74.334007507040894, 31.6322323648319, 0.0 ], [ 74.333851686905902, 31.631984331811498, 0.0 ], [ 74.333797570201696, 31.631818271995702, 0.0 ], [ 74.333687708121303, 31.6314662602597, 0.0 ], [ 74.333581032338799, 31.631205715871101, 0.0 ], [ 74.333426126814302, 31.6309903057581, 0.0 ], [ 74.333373372583097, 31.6308598474041, 0.0 ], [ 74.333219226985804, 31.630644058676399, 0.0 ], [ 74.333016402884795, 31.630436005917002, 0.0 ], [ 74.332914515092895, 31.630308725767101, 0.0 ], [ 74.3327131928596, 31.630135173699401, 0.0 ], [ 74.332560517653803, 31.629923759274099, 0.0 ], [ 74.332408023211798, 31.629718291166199, 0.0 ], [ 74.332354973103605, 31.629551723233501, 0.0 ], [ 74.3322038977917, 31.629384960147799, 0.0 ], [ 74.332052084136393, 31.6291768048657, 0.0 ], [ 74.331900545673705, 31.628968163050299, 0.0 ], [ 74.3317493309669, 31.628759952909501, 0.0 ], [ 74.331600099265202, 31.628635759232999, 0.0 ], [ 74.3314502353401, 31.628469873885599, 0.0 ], [ 74.331301395742898, 31.628346030944599, 0.0 ], [ 74.331199906350705, 31.628138632891599, 0.0 ], [ 74.331100102288005, 31.628014911359099, 0.0 ], [ 74.330950331892396, 31.6278084063329, 0.0 ], [ 74.330802350248305, 31.6276852666618, 0.0 ], [ 74.3306551869874, 31.627558937095301, 0.0 ], [ 74.330412388920607, 31.627429529149499, 0.0 ], [ 74.330167819189597, 31.627309610849899, 0.0 ], [ 74.3299718560164, 31.6271893391167, 0.0 ], [ 74.329676988102605, 31.627034322076302, 0.0 ], [ 74.329431867986401, 31.626790297334399, 0.0 ], [ 74.329189830746103, 31.626541154550701, 0.0 ], [ 74.328948558828998, 31.626293330173102, 0.0 ], [ 74.328947741345203, 31.626128077049099, 0.0 ], [ 74.328801579929006, 31.6259255776034, 0.0 ], [ 74.328604206618905, 31.625771386140599, 0.0 ], [ 74.328453412794801, 31.625577600226102, 0.0 ], [ 74.328402707219198, 31.625499868224399, 0.0 ], [ 74.328299013588705, 31.625265149667001, 0.0 ], [ 74.328203573036504, 31.6251012527207, 0.0 ], [ 74.328110181140005, 31.6249348043978, 0.0 ], [ 74.327919690341503, 31.624772500150801, 0.0 ], [ 74.327771148419799, 31.624617374292399, 0.0 ], [ 74.327623278291696, 31.624542890641901, 0.0 ], [ 74.327476212157507, 31.6243859751327, 0.0 ], [ 74.327240912638004, 31.624223184352498, 0.0 ], [ 74.327102215594806, 31.6241399143256, 0.0 ], [ 74.326962690276005, 31.624057941121102, 0.0 ], [ 74.325970925118199, 31.623345957749802, 0.0 ], [ 74.325732287315205, 31.623310709721501, 0.0 ], [ 74.325300824973198, 31.623320167891499, 0.0 ], [ 74.325205898833204, 31.6233216580681, 0.0 ], [ 74.3250203983728, 31.6232426049623, 0.0 ], [ 74.324783398235297, 31.6232066131947, 0.0 ], [ 74.324405967161695, 31.623211769008002, 0.0 ], [ 74.324359449728902, 31.62317240838, 0.0 ], [ 74.323933341050903, 31.623139582225999, 0.0 ], [ 74.323602651341304, 31.623144604939601, 0.0 ], [ 74.323555953144805, 31.623105487128601, 0.0 ], [ 74.323172475029807, 31.623074286049501, 0.0 ], [ 74.323031141174297, 31.6229972159488, 0.0 ], [ 74.322787272015006, 31.622925034562702, 0.0 ], [ 74.322644161099205, 31.6228092396547, 0.0 ], [ 74.322355749418406, 31.622618223652101, 0.0 ], [ 74.322211115050905, 31.622503149101099, 0.0 ], [ 74.3220210424372, 31.622467142045, 0.0 ], [ 74.321740641917103, 31.6224313490276, 0.0 ], [ 74.321552177291196, 31.622513128877898, 0.0 ], [ 74.321364442015494, 31.6225158574209, 0.0 ], [ 74.321172092318207, 31.622559485332001, 0.0 ], [ 74.320933316019804, 31.622564204074799, 0.0 ], [ 74.320839335067305, 31.622526199624499, 0.0 ], [ 74.320509298265605, 31.622452731308599, 0.0 ], [ 74.320272031029404, 31.6224570066856, 0.0 ], [ 74.319940657835204, 31.6224234107119, 0.0 ], [ 74.319670652578594, 31.622424496193599, 0.0 ], [ 74.319538156360906, 31.622345910735199, 0.0 ], [ 74.319252412968495, 31.6222729667241, 0.0 ], [ 74.318930353153306, 31.6221197959919, 0.0 ], [ 74.318717442256201, 31.622050289189499, 0.0 ], [ 74.318447198679294, 31.622022769934901, 0.0 ], [ 74.317992255937895, 31.622027039915999, 0.0 ], [ 74.317780400844896, 31.622065130701301, 0.0 ], [ 74.317614540678605, 31.622102655812999, 0.0 ], [ 74.317281001017406, 31.6219917756999, 0.0 ], [ 74.317030072180202, 31.621920672601, 0.0 ], [ 74.316981418857395, 31.621921792257002, 0.0 ], [ 74.316739613642298, 31.621927071277401, 0.0 ], [ 74.316404588301197, 31.6219337550388, 0.0 ], [ 74.3159760226754, 31.622020256329801, 0.0 ], [ 74.315796351620406, 31.622139320273401, 0.0 ], [ 74.315671311681697, 31.622255992020499, 0.0 ], [ 74.315465519818005, 31.6223018817265, 0.0 ], [ 74.315229613256093, 31.6222752626933, 0.0 ], [ 74.314851914184501, 31.622124682008501, 0.0 ], [ 74.314711214351107, 31.622087703684699, 0.0 ], [ 74.314372644781798, 31.622173354217001, 0.0 ], [ 74.314317686312194, 31.622293421803999, 0.0 ], [ 74.314310419790104, 31.622412721370001, 0.0 ], [ 74.314241571291504, 31.6227721381237, 0.0 ], [ 74.314191098640293, 31.622852422401401, 0.0 ], [ 74.314178679902199, 31.6231313426374, 0.0 ], [ 74.314170648057001, 31.623291170151401, 0.0 ], [ 74.314246890781405, 31.623491860161302, 0.0 ], [ 74.314280393225602, 31.623692644599899, 0.0 ], [ 74.314316098109501, 31.623893274355201, 0.0 ], [ 74.314354292316807, 31.624053869890201, 0.0 ], [ 74.314435805967705, 31.624294747904301, 0.0 ], [ 74.314563242599604, 31.624575827412599, 0.0 ], [ 74.314551306797497, 31.624778966276299, 0.0 ], [ 74.314587493717895, 31.624981602418998, 0.0 ], [ 74.314664839011201, 31.625306245986501, 0.0 ], [ 74.314705975800194, 31.625428012392899, 0.0 ], [ 74.314701275943193, 31.625509847101799, 0.0 ], [ 74.314784668277895, 31.625753605644402, 0.0 ], [ 74.314822193389503, 31.625997842626401, 0.0 ], [ 74.314866955345806, 31.626078766322099, 0.0 ], [ 74.314852490649997, 31.626366309257801, 0.0 ], [ 74.3148946814445, 31.626488884154799, 0.0 ], [ 74.314931300039504, 31.626694704796801, 0.0 ], [ 74.314926013824604, 31.6268988239216, 0.0 ], [ 74.315072017859407, 31.6272190590124, 0.0 ], [ 74.315096379594294, 31.6273916029402, 0.0 ], [ 74.315175034300495, 31.627520517158199, 0.0 ], [ 74.315403793050706, 31.627766988955401, 0.0 ], [ 74.315494264848496, 31.627890752756102, 0.0 ], [ 74.315677201341799, 31.6281377947235, 0.0 ], [ 74.315809452044604, 31.628387511274699, 0.0 ], [ 74.315856018940195, 31.628428709217602, 0.0 ], [ 74.315991410974902, 31.6286366639509, 0.0 ], [ 74.315982861120204, 31.628805193305102, 0.0 ], [ 74.316022932212604, 31.629014230822101, 0.0 ], [ 74.316034769089399, 31.6292934514317, 0.0 ], [ 74.316035912127703, 31.6294565228004, 0.0 ], [ 74.315975775361807, 31.6296694885561, 0.0 ], [ 74.315955072968293, 31.629888280120099, 0.0 ], [ 74.316034919276106, 31.630145610331699, 0.0 ], [ 74.316123755207201, 31.6303151406313, 0.0 ], [ 74.316314723545702, 31.6305219568229, 0.0 ], [ 74.316469441111806, 31.630596764229299, 0.0 ], [ 74.316723987022399, 31.630668650637698, 0.0 ], [ 74.316876262029993, 31.630662493879001, 0.0 ], [ 74.317160001732802, 31.630665904108199, 0.0 ], [ 74.317524603077999, 31.6306817168878, 0.0 ], [ 74.317916345063296, 31.630635500727799, 0.0 ], [ 74.318110064427998, 31.630593402563498, 0.0 ], [ 74.318407926184904, 31.630545158432401, 0.0 ], [ 74.318855323614301, 31.6304513681362, 0.0 ], [ 74.319202187630907, 31.6304022435687, 0.0 ], [ 74.319350145892599, 31.630399541106001, 0.0 ], [ 74.319695389330803, 31.630393227865198, 0.0 ], [ 74.319843515765697, 31.630390365323102, 0.0 ], [ 74.320087804009006, 31.6304710318127, 0.0 ], [ 74.320329503104105, 31.630637568269201, 0.0 ], [ 74.3205725071156, 31.630761734066802, 0.0 ], [ 74.320766579913794, 31.630886790193198, 0.0 ], [ 74.321109878118406, 31.631050244673101, 0.0 ], [ 74.321306712734696, 31.631173167607599, 0.0 ], [ 74.321503565337295, 31.631212529134999, 0.0 ], [ 74.321841355194493, 31.631383714187098, 0.0 ], [ 74.322135546818103, 31.631465908624801, 0.0 ], [ 74.322576936776301, 31.631674146644599, 0.0 ], [ 74.322773608615194, 31.6317571468749, 0.0 ], [ 74.323122596830402, 31.631833091923699, 0.0 ], [ 74.3233191040935, 31.631916842188598, 0.0 ], [ 74.323467091133395, 31.631957821596199, 0.0 ], [ 74.323813867915703, 31.631995135367301, 0.0 ], [ 74.324159587095295, 31.631991867231001, 0.0 ], [ 74.324308057071207, 31.632032572345398, 0.0 ], [ 74.324605718279301, 31.632070527332999, 0.0 ], [ 74.324854235134893, 31.632065949783801, 0.0 ], [ 74.325251055591806, 31.632145573059798, 0.0 ], [ 74.325548935335206, 31.632226702700201, 0.0 ], [ 74.325796941375799, 31.632309398060301, 0.0 ], [ 74.326094453296406, 31.6324784391287, 0.0 ], [ 74.326292849135697, 31.6326493966524, 0.0 ], [ 74.3264917153205, 31.632776869257199, 0.0 ], [ 74.326640651145198, 31.632993038398102, 0.0 ], [ 74.326989616877398, 31.633293727623499, 0.0 ], [ 74.327139414252599, 31.633466891184099, 0.0 ], [ 74.327239437749896, 31.633509067589401, 0.0 ], [ 74.327439851667904, 31.633813615805799, 0.0 ], [ 74.327640965258396, 31.6341184482079, 0.0 ], [ 74.327741254055695, 31.634294933864201, 0.0 ], [ 74.3278925209232, 31.6345585476389, 0.0 ], [ 74.327893084798106, 31.6347809499809, 0.0 ], [ 74.327944127619404, 31.635047509035399, 0.0 ], [ 74.327994944710994, 31.6351801824196, 0.0 ], [ 74.328046597272703, 31.635355712096501, 0.0 ], [ 74.328202528923597, 31.635562854741998, 0.0 ], [ 74.328263931035593, 31.635747223855301, 0.0 ], [ 74.328462246835301, 31.635893431136999, 0.0 ], [ 74.328606427944393, 31.635829311273799, 0.0 ], [ 74.328955860424699, 31.635610288584001, 0.0 ], [ 74.329157102618197, 31.635516861614001, 0.0 ], [ 74.329409523430797, 31.635512000778199, 0.0 ], [ 74.329561829914596, 31.635598947233699, 0.0 ], [ 74.329764770028206, 31.6356850905945, 0.0 ], [ 74.329967870221097, 31.635771298706501, 0.0 ], [ 74.330172272632396, 31.635947424634001, 0.0 ], [ 74.330376389958502, 31.6360787526324, 0.0 ], [ 74.330530121867696, 31.636211155320598, 0.0 ], [ 74.330684033641305, 31.636343720786201, 0.0 ], [ 74.330889550312605, 31.636520439366802, 0.0 ], [ 74.331196899017797, 31.636695376390499, 0.0 ], [ 74.331504718068302, 31.6368705814123, 0.0 ], [ 74.331657089303306, 31.636867441879001, 0.0 ], [ 74.331962713108794, 31.636906911324999, 0.0 ], [ 74.332268523073907, 31.636943204365402, 0.0 ], [ 74.332576424862197, 31.637056714995399, 0.0 ], [ 74.332832321554505, 31.637133491917201, 0.0 ], [ 74.333038789708397, 31.637266174294599, 0.0 ], [ 74.333194751036999, 31.637402346940799, 0.0 ], [ 74.333401773173406, 31.637534403390099, 0.0 ], [ 74.333558794802599, 31.6377069428212, 0.0 ], [ 74.333715835317605, 31.637875430806599, 0.0 ], [ 74.333873749973606, 31.638052885932002, 0.0 ], [ 74.333979485964605, 31.638186910997199, 0.0 ], [ 74.334137647034794, 31.638365637764, 0.0 ], [ 74.334243651023698, 31.638499992880401, 0.0 ], [ 74.334504048822893, 31.638674830079399, 0.0 ], [ 74.3347654133931, 31.638855621689601, 0.0 ], [ 74.334972867204101, 31.6389446410824, 0.0 ], [ 74.335181214941201, 31.639039021333801, 0.0 ], [ 74.335440065906397, 31.639091053409501, 0.0 ] ] ] ] } },
{ "type": "Feature", "properties": { "Name": "R5", "district": "Lahore", "province": "Punjab", "area_km2": 3.28480108184, "volume_MAF": 0.01623384049, "River": "Ravi", "Shape_Leng": 0.09908822599, "Shape_Area": 0.00031163104 }, "geometry": { "type": "MultiPolygon", "coordinates": [ [ [ [ 74.145826348307395, 31.443020201721001, 0.0 ], [ 74.146661188063405, 31.443750040232199, 0.0 ], [ 74.146867272206904, 31.443876384187799, 0.0 ], [ 74.147073000218796, 31.444002124698301, 0.0 ], [ 74.147385602763407, 31.444217032989702, 0.0 ], [ 74.147646720020205, 31.444389340395801, 0.0 ], [ 74.147903216560294, 31.444471757865401, 0.0 ], [ 74.148162483911605, 31.4446421362256, 0.0 ], [ 74.148473945216395, 31.444855423938701, 0.0 ], [ 74.148733277318996, 31.445025839171201, 0.0 ], [ 74.148940640298306, 31.445153536606501, 0.0 ], [ 74.149097232950993, 31.445282294342501, 0.0 ], [ 74.149255233042695, 31.4454550379197, 0.0 ], [ 74.149411880553899, 31.445583846917, 0.0 ], [ 74.149567951599707, 31.4457549618221, 0.0 ], [ 74.1497280552056, 31.445886838406899, 0.0 ], [ 74.149994781534005, 31.4461494278539, 0.0 ], [ 74.150100942004897, 31.446322361188098, 0.0 ], [ 74.150363031428796, 31.446580680653899, 0.0 ], [ 74.150469211684793, 31.4467536346726, 0.0 ], [ 74.150679920142196, 31.447012553986202, 0.0 ], [ 74.150939515746103, 31.447140335058499, 0.0 ], [ 74.151145724895301, 31.4472240790281, 0.0 ], [ 74.151401003753406, 31.4472196022029, 0.0 ], [ 74.151708287707393, 31.447257887241701, 0.0 ], [ 74.152167387115298, 31.4473352981855, 0.0 ], [ 74.152574553373, 31.4473273535746, 0.0 ], [ 74.152829049820895, 31.447322455866701, 0.0 ], [ 74.153032604171401, 31.447318535721902, 0.0 ], [ 74.1533406471532, 31.4473575339231, 0.0 ], [ 74.153546829322707, 31.4473984719619, 0.0 ], [ 74.1539073288602, 31.447480553984398, 0.0 ], [ 74.154272413141399, 31.447479953237298, 0.0 ], [ 74.154377162576097, 31.4474800179885, 0.0 ], [ 74.154792608891896, 31.447348521816899, 0.0 ], [ 74.155203805911, 31.447213841145899, 0.0 ], [ 74.155568945950193, 31.447125829893199, 0.0 ], [ 74.155872447355605, 31.447075486744399, 0.0 ], [ 74.156125208111902, 31.447026334297998, 0.0 ], [ 74.156424357698, 31.4469306068621, 0.0 ], [ 74.156673697433206, 31.446922960826001, 0.0 ], [ 74.1569222241814, 31.446871896420902, 0.0 ], [ 74.157220272997293, 31.446819354429699, 0.0 ], [ 74.157617332673794, 31.446763851870301, 0.0 ], [ 74.158075074105497, 31.446669284559899, 0.0 ], [ 74.158435597025203, 31.446621840825301, 0.0 ], [ 74.158640705404295, 31.4465757577651, 0.0 ], [ 74.159099531418306, 31.446481589753599, 0.0 ], [ 74.159560212733695, 31.446474556155898, 0.0 ], [ 74.159816325263293, 31.446470716950099, 0.0 ], [ 74.160021226798193, 31.446467646664601, 0.0 ], [ 74.160174905647395, 31.446465345299501, 0.0 ], [ 74.1604822849296, 31.4464607353747, 0.0 ], [ 74.160840929165602, 31.446455361026199, 0.0 ], [ 74.161043954714799, 31.446408316590599, 0.0 ], [ 74.161248904813107, 31.446405245405799, 0.0 ], [ 74.161504349146497, 31.446357873617, 0.0 ], [ 74.161870222133103, 31.446311771670999, 0.0 ], [ 74.161974291680295, 31.4462674818589, 0.0 ], [ 74.162339128647901, 31.446134151969598, 0.0 ], [ 74.162652555870807, 31.446044678419199, 0.0 ], [ 74.162757335882404, 31.446043850143599, 0.0 ], [ 74.162961571919098, 31.445996967586002, 0.0 ], [ 74.163360553446907, 31.4459870849361, 0.0 ], [ 74.163710541708198, 31.445978827360999, 0.0 ], [ 74.164060252978302, 31.445970574282601, 0.0 ], [ 74.164210043159002, 31.4459670381484, 0.0 ], [ 74.164623564925606, 31.446005297106801, 0.0 ], [ 74.1648727301924, 31.445999261756601, 0.0 ], [ 74.165171990395095, 31.445992204776498, 0.0 ], [ 74.165371680358803, 31.445987593053001, 0.0 ], [ 74.165571283987603, 31.445982984027498, 0.0 ], [ 74.165913376201402, 31.445843118765001, 0.0 ], [ 74.166063052168198, 31.445839745408001, 0.0 ], [ 74.166163154805801, 31.4458375780418, 0.0 ], [ 74.166463361994602, 31.445831076842801, 0.0 ], [ 74.166763406406105, 31.4458245801403, 0.0 ], [ 74.166913370155996, 31.445821331789102, 0.0 ], [ 74.167265061733204, 31.4458142577218, 0.0 ], [ 74.167468333696704, 31.445810822311699, 0.0 ], [ 74.167675563576395, 31.445635344795399, 0.0 ], [ 74.167773742564194, 31.4454163823602, 0.0 ], [ 74.167822743025198, 31.445241928272399, 0.0 ], [ 74.167871701218104, 31.445110745064898, 0.0 ], [ 74.168017568555996, 31.444803567230899, 0.0 ], [ 74.1681179221045, 31.444628376598398, 0.0 ], [ 74.168281278558197, 31.444497923640299, 0.0 ], [ 74.168288090023395, 31.4443256827841, 0.0 ], [ 74.168186589839294, 31.4441538259384, 0.0 ], [ 74.168025740695398, 31.444024768728099, 0.0 ], [ 74.167911454849801, 31.443850746314901, 0.0 ], [ 74.167707495804294, 31.4435937452552, 0.0 ], [ 74.167556061663007, 31.443422703195299, 0.0 ], [ 74.167403443114395, 31.4432950543234, 0.0 ], [ 74.167195105269997, 31.4429937040962, 0.0 ], [ 74.166977076331094, 31.442821316650502, 0.0 ], [ 74.166760014163401, 31.442692592189399, 0.0 ], [ 74.166544681391997, 31.442564127632401, 0.0 ], [ 74.166328014026703, 31.442435639693102, 0.0 ], [ 74.166163718680707, 31.442306560899102, 0.0 ], [ 74.165788383926795, 31.442136532375098, 0.0 ], [ 74.165582860960299, 31.4420530051421, 0.0 ], [ 74.165475079911104, 31.441967290757901, 0.0 ], [ 74.165175802621306, 31.441886103560901, 0.0 ], [ 74.164777306727402, 31.441719988886401, 0.0 ], [ 74.164524825660195, 31.4416808458944, 0.0 ], [ 74.164358020306494, 31.441595145899299, 0.0 ], [ 74.1640845337743, 31.4415540648682, 0.0 ], [ 74.163813123776706, 31.441469855949201, 0.0 ], [ 74.163554228744701, 31.4414301796591, 0.0 ], [ 74.163193953138503, 31.4413488422753, 0.0 ], [ 74.162995326173402, 31.441265842944301, 0.0 ], [ 74.162793718855099, 31.441182586407301, 0.0 ], [ 74.162438054072993, 31.441058354059901, 0.0 ], [ 74.162187349166899, 31.441019257832501, 0.0 ], [ 74.162038311718803, 31.4409785886909, 0.0 ], [ 74.161740019186595, 31.440897194649899, 0.0 ], [ 74.161491630934094, 31.440858284582202, 0.0 ], [ 74.161192675601598, 31.440776743951599, 0.0 ], [ 74.160993366950393, 31.4407368392338, 0.0 ], [ 74.160636177817395, 31.440699026339001, 0.0 ], [ 74.160380187595607, 31.440703028322201, 0.0 ], [ 74.160124224353495, 31.440707027607299, 0.0 ], [ 74.159714732449004, 31.440713428981599, 0.0 ], [ 74.159408808269902, 31.440718360863698, 0.0 ], [ 74.159253482762097, 31.440720675718602, 0.0 ], [ 74.159042350723993, 31.440723353899699, 0.0 ], [ 74.158625598592593, 31.440729174312001, 0.0 ], [ 74.158157850404507, 31.4407357600473, 0.0 ], [ 74.157898229619704, 31.4407394112948, 0.0 ], [ 74.157531912367901, 31.440700848365498, 0.0 ], [ 74.157217414951802, 31.440661646018199, 0.0 ], [ 74.156761384030702, 31.4406258377123, 0.0 ], [ 74.1564626382402, 31.440587844053798, 0.0 ], [ 74.156111887353802, 31.440507189255399, 0.0 ], [ 74.155864152908407, 31.4405117317311, 0.0 ], [ 74.155506184063199, 31.4404738981519, 0.0 ], [ 74.155243156646407, 31.440477329065502, 0.0 ], [ 74.154978752367597, 31.440437287650798, 0.0 ], [ 74.154622259309903, 31.440442915608099, 0.0 ], [ 74.154369485963102, 31.4404470731739, 0.0 ], [ 74.154064757882296, 31.440408620861199, 0.0 ], [ 74.153861124391398, 31.440368495809501, 0.0 ], [ 74.153608149596494, 31.440372644382101, 0.0 ], [ 74.153252579243201, 31.440334989768001, 0.0 ], [ 74.153048297341101, 31.4402947972671, 0.0 ], [ 74.152689878834906, 31.4402569223192, 0.0 ], [ 74.152486335276194, 31.440173381596299, 0.0 ], [ 74.152283427538194, 31.440176654229301, 0.0 ], [ 74.152128197358493, 31.440048782325501, 0.0 ], [ 74.151712035182399, 31.439924683077699, 0.0 ], [ 74.151503933859502, 31.4398409849736, 0.0 ], [ 74.151295955743805, 31.439757335432699, 0.0 ], [ 74.151035706332806, 31.4396311542544, 0.0 ], [ 74.1507262622073, 31.439505900277101, 0.0 ], [ 74.150572172367902, 31.439291379593602, 0.0 ], [ 74.150316012174301, 31.4389913495712, 0.0 ], [ 74.150111184383704, 31.438777134657101, 0.0 ], [ 74.149905019301201, 31.438475690001201, 0.0 ], [ 74.1498021332619, 31.438346603113299, 0.0 ], [ 74.149749923120496, 31.4382603428406, 0.0 ], [ 74.149590652286804, 31.437958396362902, 0.0 ], [ 74.149428110618899, 31.437701117412701, 0.0 ], [ 74.149265881015694, 31.437400349946198, 0.0 ], [ 74.149002719599906, 31.437057504100601, 0.0 ], [ 74.148895959281205, 31.436885941333198, 0.0 ], [ 74.148734123580994, 31.4365856541047, 0.0 ], [ 74.148573464194101, 31.4362852310786, 0.0 ], [ 74.148567050229204, 31.436025354886301, 0.0 ], [ 74.148511466730795, 31.435809294563299, 0.0 ], [ 74.148454946138898, 31.435549864434702, 0.0 ], [ 74.148400306029401, 31.435377183810001, 0.0 ], [ 74.148293849681494, 31.435161957158599, 0.0 ], [ 74.148237329089497, 31.4349025333253, 0.0 ], [ 74.148129938346003, 31.434643935069602, 0.0 ], [ 74.148021768789604, 31.4343418006337, 0.0 ], [ 74.148016247851601, 31.4340813920427, 0.0 ], [ 74.148010825838995, 31.433865311035301, 0.0 ], [ 74.147902755208094, 31.433607568034901, 0.0 ], [ 74.147846574559793, 31.433392353074701, 0.0 ], [ 74.147841716422107, 31.433041964615001, 0.0 ], [ 74.147839168642705, 31.432866844129599, 0.0 ], [ 74.147730419922993, 31.4324757694413, 0.0 ], [ 74.147624879085001, 31.432258905124399, 0.0 ], [ 74.147573023276394, 31.432081548924401, 0.0 ], [ 74.147461083761996, 31.431785076619999, 0.0 ], [ 74.147194781913697, 31.4314951217025, 0.0 ], [ 74.146936081135294, 31.4312821766312, 0.0 ], [ 74.1468824797427, 31.431153028589399, 0.0 ], [ 74.146621477599197, 31.4308995124026, 0.0 ], [ 74.146465193414002, 31.430774458974199, 0.0 ], [ 74.146412094742502, 31.4306896798849, 0.0 ], [ 74.146150865070396, 31.430438401211301, 0.0 ], [ 74.145842286992007, 31.4302709096748, 0.0 ], [ 74.145686275301401, 31.430146636857799, 0.0 ], [ 74.145325770368103, 31.429938361066501, 0.0 ], [ 74.145119713204295, 31.4298132509808, 0.0 ], [ 74.144912727940095, 31.429645173985602, 0.0 ], [ 74.144705820916997, 31.4294771608423, 0.0 ], [ 74.1443966052192, 31.429268047782202, 0.0 ], [ 74.144344994925603, 31.429225535929799, 0.0 ], [ 74.143985017894295, 31.428967452086301, 0.0 ], [ 74.143778933750895, 31.4287916049487, 0.0 ], [ 74.143624221580595, 31.428659592566198, 0.0 ], [ 74.143469378109401, 31.4285274659698, 0.0 ], [ 74.143210138637102, 31.428261694721499, 0.0 ], [ 74.143157518404806, 31.428172203184701, 0.0 ], [ 74.142896729400604, 31.427879071861799, 0.0 ], [ 74.142688022833994, 31.427631556850901, 0.0 ], [ 74.142584693428901, 31.4275497841953, 0.0 ], [ 74.142379074234995, 31.427428179666801, 0.0 ], [ 74.142172776952194, 31.4272649005547, 0.0 ], [ 74.142067156973795, 31.427057489012, 0.0 ], [ 74.142064390659201, 31.426928369748499, 0.0 ], [ 74.142009123722104, 31.426714210592401, 0.0 ], [ 74.141954622108202, 31.426541843831099, 0.0 ], [ 74.141849403227397, 31.426368023765299, 0.0 ], [ 74.141744563860598, 31.426199679671502, 0.0 ], [ 74.141690404888294, 31.4260303220418, 0.0 ], [ 74.141533972315003, 31.425818374318599, 0.0 ], [ 74.141430648305899, 31.425732677920799, 0.0 ], [ 74.141222880631503, 31.425515532116201, 0.0 ], [ 74.141067244857496, 31.425345955051899, 0.0 ], [ 74.140812762798802, 31.425268560295901, 0.0 ], [ 74.140607407106202, 31.425142612941301, 0.0 ], [ 74.140454373070895, 31.425100798962799, 0.0 ], [ 74.140199300157605, 31.425018669276199, 0.0 ], [ 74.139994961598205, 31.424936116908299, 0.0 ], [ 74.139892801311802, 31.4248948434224, 0.0 ], [ 74.139484647598493, 31.424770840402001, 0.0 ], [ 74.1392790706726, 31.4246436447884, 0.0 ], [ 74.139125025799302, 31.424558711015798, 0.0 ], [ 74.138868685741301, 31.4243923742088, 0.0 ], [ 74.138613415876506, 31.424269453972201, 0.0 ], [ 74.138255709633398, 31.4240636989805, 0.0 ], [ 74.137899820020706, 31.423903544113301, 0.0 ], [ 74.137436772588998, 31.423564747914799, 0.0 ], [ 74.137180960433099, 31.4234391620877, 0.0 ], [ 74.137026262651901, 31.423311762328002, 0.0 ], [ 74.136716476784002, 31.4230965860386, 0.0 ], [ 74.136564496754204, 31.4230578720232, 0.0 ], [ 74.136361946946394, 31.4230201382688, 0.0 ], [ 74.136059138018894, 31.423026768070901, 0.0 ], [ 74.135806847607995, 31.423032290807601, 0.0 ], [ 74.135504816594107, 31.423040418880301, 0.0 ], [ 74.135151273312701, 31.423088189967999, 0.0 ], [ 74.134895767825498, 31.423086838286999, 0.0 ], [ 74.1346377136596, 31.422998124663799, 0.0 ], [ 74.134485298357902, 31.422999405298398, 0.0 ], [ 74.134129572421898, 31.423002388349602, 0.0 ], [ 74.133926252794396, 31.4230040952629, 0.0 ], [ 74.133672053122794, 31.423006223058799, 0.0 ], [ 74.133113844828102, 31.4230962856651, 0.0 ], [ 74.132666480673606, 31.423200555761099, 0.0 ], [ 74.132370041644194, 31.423216656323699, 0.0 ], [ 74.132124872964596, 31.423357586383499, 0.0 ], [ 74.131717119449505, 31.423484672279901, 0.0 ], [ 74.131461822605104, 31.423569087143701, 0.0 ], [ 74.1306006426056, 31.424464346052801, 0.0 ], [ 74.130708927275194, 31.4247238409326, 0.0 ], [ 74.130919963985207, 31.424899209630901, 0.0 ], [ 74.131181103724998, 31.425115240276199, 0.0 ], [ 74.1314389717312, 31.425369348216901, 0.0 ], [ 74.131491326663493, 31.425496857693901, 0.0 ], [ 74.131445174355306, 31.425713597904299, 0.0 ], [ 74.131448091756099, 31.425927649141698, 0.0 ], [ 74.131449259076106, 31.426013287982901, 0.0 ], [ 74.1315548781552, 31.426269547101999, 0.0 ], [ 74.131709843934203, 31.426439171830399, 0.0 ], [ 74.131814693193604, 31.426652411879299, 0.0 ], [ 74.131868187566894, 31.426823533079599, 0.0 ], [ 74.1319723587374, 31.4269938556819, 0.0 ], [ 74.132177893395095, 31.427162531625601, 0.0 ], [ 74.132279958353493, 31.427203871661401, 0.0 ], [ 74.132483932687407, 31.427370689605699, 0.0 ], [ 74.132587985147396, 31.427583059110901, 0.0 ], [ 74.132742761169496, 31.427794659695799, 0.0 ], [ 74.133002851400505, 31.428051317214599, 0.0 ], [ 74.133161257985705, 31.428224934033601, 0.0 ], [ 74.133264812221299, 31.428394538077502, 0.0 ], [ 74.133317113194295, 31.428522166265001, 0.0 ], [ 74.133421760106202, 31.428777517968101, 0.0 ], [ 74.133478969578803, 31.428995213258499, 0.0 ], [ 74.133583809845007, 31.429250858140598, 0.0 ], [ 74.133635489386407, 31.429335617444799, 0.0 ], [ 74.133636716961007, 31.429548415027401, 0.0 ], [ 74.133638192748407, 31.429803978071199, 0.0 ], [ 74.133639671233894, 31.430059766844799, 0.0 ], [ 74.133654226761195, 31.430456036916599, 0.0 ], [ 74.133719418616394, 31.430766071896802, 0.0 ], [ 74.133774551554396, 31.4310238760511, 0.0 ], [ 74.133831253809404, 31.431283203656999, 0.0 ], [ 74.133884395648394, 31.431496837609, 0.0 ], [ 74.134035425994199, 31.4316207147243, 0.0 ], [ 74.134137097049503, 31.431789191917701, 0.0 ], [ 74.134289834308404, 31.431957151101699, 0.0 ], [ 74.1343921258959, 31.4321688398202, 0.0 ], [ 74.134493873393595, 31.432337577817002, 0.0 ], [ 74.134597004947906, 31.432592821601499, 0.0 ], [ 74.134649906667903, 31.432806936690799, 0.0 ], [ 74.134754353030999, 31.432978164910399, 0.0 ], [ 74.134814845928503, 31.433241123079402, 0.0 ], [ 74.134872174111607, 31.433416062801101, 0.0 ], [ 74.1349851631348, 31.433721758552402, 0.0 ], [ 74.134992925183397, 31.433940854986499, 0.0 ], [ 74.1350463862818, 31.434155454810401, 0.0 ], [ 74.135149423407199, 31.434325743238499, 0.0 ], [ 74.135201411416105, 31.434453993756801, 0.0 ], [ 74.135253885958207, 31.434625402740199, 0.0 ], [ 74.135357511240201, 31.434839081658399, 0.0 ], [ 74.135358922276495, 31.4349685075906, 0.0 ], [ 74.135515121026103, 31.435225432208, 0.0 ], [ 74.135620594414902, 31.4354404726997, 0.0 ], [ 74.135776961337697, 31.435611787254199, 0.0 ], [ 74.136044131031895, 31.4358293107741, 0.0 ], [ 74.136151895893406, 31.4359595946596, 0.0 ], [ 74.136304789634394, 31.436128955886701, 0.0 ], [ 74.136458699609406, 31.436341881173, 0.0 ], [ 74.136613517899605, 31.436512404323999, 0.0 ], [ 74.136766000650496, 31.4365958551147, 0.0 ], [ 74.136867588968101, 31.436680123388999, 0.0 ], [ 74.137177372138098, 31.436892330117001, 0.0 ], [ 74.137284233180907, 31.437022125670602, 0.0 ], [ 74.137496187199403, 31.437237706654901, 0.0 ], [ 74.137647801205105, 31.437363952584398, 0.0 ], [ 74.1378048965788, 31.437535633163002, 0.0 ], [ 74.137913183946395, 31.4377088686694, 0.0 ], [ 74.138169041068494, 31.4378777406653, 0.0 ], [ 74.138379876330305, 31.4380063823887, 0.0 ], [ 74.138638580706001, 31.4381762175585, 0.0 ], [ 74.138894724711903, 31.438302065088301, 0.0 ], [ 74.139100691044106, 31.438429008891699, 0.0 ], [ 74.139457095069005, 31.438596100229901, 0.0 ], [ 74.139816046873094, 31.438764016246399, 0.0 ], [ 74.140177980829193, 31.438932702082599, 0.0 ], [ 74.140385360895706, 31.439060100043701, 0.0 ], [ 74.140541555148701, 31.439188219260998, 0.0 ], [ 74.140902073571894, 31.4393565219859, 0.0 ], [ 74.1411069193489, 31.439396796325099, 0.0 ], [ 74.141261483131004, 31.4394812867321, 0.0 ], [ 74.141578448286793, 31.440086126673499, 0.0 ], [ 74.141786180887607, 31.4402132323548, 0.0 ], [ 74.141993170648405, 31.440340606034201, 0.0 ], [ 74.142249619524407, 31.440379793093001, 0.0 ], [ 74.142556801854994, 31.440417978307099, 0.0 ], [ 74.142865540912098, 31.440543272753899, 0.0 ], [ 74.143021226148704, 31.440670971987799, 0.0 ], [ 74.143331553408501, 31.440883097776801, 0.0 ], [ 74.143435276716701, 31.440968307641398, 0.0 ], [ 74.143642467925602, 31.441138277709399, 0.0 ], [ 74.143902418761698, 31.441352632917699, 0.0 ], [ 74.144007434395604, 31.441481903267299, 0.0 ], [ 74.1441644614208, 31.441653993936701, 0.0 ], [ 74.144423699993794, 31.441866797814502, 0.0 ], [ 74.144581082251193, 31.442081403933699, 0.0 ], [ 74.144735833991604, 31.4421658781528, 0.0 ], [ 74.144890833944899, 31.4422507201946, 0.0 ], [ 74.145098766195105, 31.442421780240998, 0.0 ], [ 74.145307701189495, 31.442636373769702, 0.0 ], [ 74.145514314134303, 31.442763447974801, 0.0 ], [ 74.145721622255095, 31.4428914331932, 0.0 ], [ 74.145826348307395, 31.443020201721001, 0.0 ] ] ] ] } },
{ "type": "Feature", "properties": { "Name": "R7", "district": "Nankana Sahib", "province": "Punjab", "area_km2": 3.1747341769799999, "volume_MAF": 0.015689878, "River": "Ravi", "Shape_Leng": 0.09240427482000001, "Shape_Area": 0.00030015396 }, "geometry": { "type": "MultiPolygon", "coordinates": [ [ [ [ 73.425594532761494, 31.0945744440554, 0.0 ], [ 73.425382335026796, 31.0946218608103, 0.0 ], [ 73.425323781966995, 31.094848688716102, 0.0 ], [ 73.425315212327206, 31.095255926919499, 0.0 ], [ 73.425145801637498, 31.095712093638301, 0.0 ], [ 73.425088735157004, 31.095894771126801, 0.0 ], [ 73.425029985145699, 31.096168602099301, 0.0 ], [ 73.425026155832498, 31.096351126703201, 0.0 ], [ 73.424911808833002, 31.096718076178298, 0.0 ], [ 73.424910074940001, 31.096809620867401, 0.0 ], [ 73.424854800808504, 31.0971274556676, 0.0 ], [ 73.424795902409002, 31.0974937729193, 0.0 ], [ 73.424738074202807, 31.097769372858298, 0.0 ], [ 73.424735892447501, 31.09790702399, 0.0 ], [ 73.424728778810206, 31.098275800887599, 0.0 ], [ 73.424719627309003, 31.098556455915698, 0.0 ], [ 73.424716569614105, 31.098650173366899, 0.0 ], [ 73.424652426368397, 31.098979142673301, 0.0 ], [ 73.424640102059101, 31.099401606399098, 0.0 ], [ 73.424635371625101, 31.0996348060016, 0.0 ], [ 73.424630586332597, 31.099868446271799, 0.0 ], [ 73.424626286673899, 31.100101951643801, 0.0 ], [ 73.424621978021904, 31.1003358203419, 0.0 ], [ 73.424617666672006, 31.1005700460708, 0.0 ], [ 73.424614210577403, 31.100757688716399, 0.0 ], [ 73.424715601044198, 31.1011324173272, 0.0 ], [ 73.424710500089603, 31.101415013092399, 0.0 ], [ 73.424814741407303, 31.101649655207499, 0.0 ], [ 73.424864851631597, 31.1018852919727, 0.0 ], [ 73.4249607679251, 31.102178203861101, 0.0 ], [ 73.425063342799106, 31.102509934985601, 0.0 ], [ 73.425172051049401, 31.102694838296198, 0.0 ], [ 73.425335289691901, 31.102925841754299, 0.0 ], [ 73.425495742234801, 31.103114688592001, 0.0 ], [ 73.425655477118696, 31.103351849708101, 0.0 ], [ 73.425815138258102, 31.1035899236361, 0.0 ], [ 73.425975830020604, 31.103780335294299, 0.0 ], [ 73.426192127764494, 31.103922320258899, 0.0 ], [ 73.426353977853907, 31.1040650219832, 0.0 ], [ 73.426730257795199, 31.104308034987898, 0.0 ], [ 73.426996495791698, 31.1045554618651, 0.0 ], [ 73.427323250068, 31.1047459032009, 0.0 ], [ 73.427488233395295, 31.1048382267028, 0.0 ], [ 73.427763311727503, 31.104976371562401, 0.0 ], [ 73.427983276007396, 31.105068272382901, 0.0 ], [ 73.428202923726005, 31.105208882284199, 0.0 ], [ 73.428477129715802, 31.1053504121918, 0.0 ], [ 73.428751076700905, 31.105541224947601, 0.0 ], [ 73.429136521633197, 31.1057281148607, 0.0 ], [ 73.429357101948796, 31.105772577342599, 0.0 ], [ 73.429577729029006, 31.1057687354389, 0.0 ], [ 73.429907488839604, 31.105766631025201, 0.0 ], [ 73.430237310703404, 31.1057645589872, 0.0 ], [ 73.430622202552698, 31.105762140710301, 0.0 ], [ 73.430952188093002, 31.105760065075, 0.0 ], [ 73.431172504007904, 31.105757464235602, 0.0 ], [ 73.431448186684506, 31.105851884057198, 0.0 ], [ 73.431944961390897, 31.106041703961498, 0.0 ], [ 73.432276616972302, 31.106184841857001, 0.0 ], [ 73.432609099930104, 31.106324687334499, 0.0 ], [ 73.432887414922305, 31.106510785844101, 0.0 ], [ 73.433054218477494, 31.106656705342701, 0.0 ], [ 73.433332083808693, 31.106851964346699, 0.0 ], [ 73.433610986957504, 31.107095895559201, 0.0 ], [ 73.433778577419403, 31.107242471562898, 0.0 ], [ 73.434057920336798, 31.107433560410499, 0.0 ], [ 73.434450400665497, 31.107771352965599, 0.0 ], [ 73.434730454047298, 31.107970589671002, 0.0 ], [ 73.435011771875807, 31.108213581091899, 0.0 ], [ 73.435237935182599, 31.108456819826401, 0.0 ], [ 73.435407951116105, 31.108649365575801, 0.0 ], [ 73.435691217775499, 31.108943008613, 0.0 ], [ 73.435917394572201, 31.109136385335901, 0.0 ], [ 73.436144714407106, 31.109378963068799, 0.0 ], [ 73.436316555964396, 31.1096224239358, 0.0 ], [ 73.436601194089903, 31.109914181094599, 0.0 ], [ 73.436772607569793, 31.110109377146099, 0.0 ], [ 73.4369445300661, 31.110270761386602, 0.0 ], [ 73.4372317996079, 31.110498637901902, 0.0 ], [ 73.437517855064996, 31.110706437052499, 0.0 ], [ 73.437632346855395, 31.1108052140894, 0.0 ], [ 73.438026422581402, 31.1108931911679, 0.0 ], [ 73.438253493304103, 31.110991868380101, 0.0 ], [ 73.438421938122005, 31.110990565262501, 0.0 ], [ 73.438927339125499, 31.110986655010201, 0.0 ], [ 73.439208004046193, 31.110983358095599, 0.0 ], [ 73.439430900115994, 31.1109298421385, 0.0 ], [ 73.439709770889294, 31.1108755113958, 0.0 ], [ 73.440102206251893, 31.1108696586079, 0.0 ], [ 73.440491707126597, 31.110764890287498, 0.0 ], [ 73.440882081243103, 31.110708342715899, 0.0 ], [ 73.441162560903507, 31.110705478375198, 0.0 ], [ 73.441554385626404, 31.1106986561181, 0.0 ], [ 73.441724361989799, 31.110746678116801, 0.0 ], [ 73.442069701655399, 31.110947411293999, 0.0 ], [ 73.442415067401498, 31.111147265833701, 0.0 ], [ 73.442645857720194, 31.111296222342801, 0.0 ], [ 73.442820581604593, 31.111445747223499, 0.0 ], [ 73.443049797210406, 31.111544677145201, 0.0 ], [ 73.443281220651798, 31.111694032054, 0.0 ], [ 73.4435671825794, 31.111792721856698, 0.0 ], [ 73.443909070647095, 31.111889229904101, 0.0 ], [ 73.444141304377794, 31.1120391801641, 0.0 ], [ 73.444545229478805, 31.112238133582999, 0.0 ], [ 73.444773099698907, 31.1122862679969, 0.0 ], [ 73.445001043663297, 31.1123344185986, 0.0 ], [ 73.445344398525194, 31.112432231562298, 0.0 ], [ 73.445741727998396, 31.112478229187001, 0.0 ], [ 73.446085500145799, 31.1125761338815, 0.0 ], [ 73.446311137349099, 31.112573202091699, 0.0 ], [ 73.446647015247606, 31.1125636881637, 0.0 ], [ 73.446815582373304, 31.1125602698406, 0.0 ], [ 73.447096482916393, 31.112554583427301, 0.0 ], [ 73.447492925657997, 31.112552694851001, 0.0 ], [ 73.447822323041805, 31.112395138125201, 0.0 ], [ 73.448101052621595, 31.112340387399001, 0.0 ], [ 73.4484390610139, 31.1123358566145, 0.0 ], [ 73.448783614672195, 31.112433800879302, 0.0 ], [ 73.449019079666897, 31.112584802446701, 0.0 ], [ 73.449257890139606, 31.1127869016942, 0.0 ], [ 73.449500469670994, 31.1130408378644, 0.0 ], [ 73.449740228928505, 31.113243953345801, 0.0 ], [ 73.449983723969794, 31.113498724086899, 0.0 ], [ 73.450224324093298, 31.113702722702602, 0.0 ], [ 73.450577286412695, 31.1139034333968, 0.0 ], [ 73.450925637008595, 31.113958188619598, 0.0 ], [ 73.451212875973496, 31.1139603730728, 0.0 ], [ 73.451667699105101, 31.113956379183598, 0.0 ], [ 73.451835194238896, 31.113950356423899, 0.0 ], [ 73.4522210528594, 31.113883328153101, 0.0 ], [ 73.452332631745605, 31.1138794053103, 0.0 ], [ 73.452717975953902, 31.113720193831899, 0.0 ], [ 73.453109305150306, 31.113615935427099, 0.0 ], [ 73.453386998711096, 31.1135127741952, 0.0 ], [ 73.453608558388297, 31.113411116629798, 0.0 ], [ 73.453772693654997, 31.1133092396298, 0.0 ], [ 73.453989319651399, 31.1131555445928, 0.0 ], [ 73.454311266152004, 31.1128985732107, 0.0 ], [ 73.454579233544806, 31.112692446798999, 0.0 ], [ 73.454784371601505, 31.1124803398958, 0.0 ], [ 73.454943173888395, 31.1123736146507, 0.0 ], [ 73.455103853959798, 31.1122692905953, 0.0 ], [ 73.455320808208796, 31.112164355000999, 0.0 ], [ 73.455693508848398, 31.111904423950101, 0.0 ], [ 73.456023580723794, 31.111799390329701, 0.0 ], [ 73.456305250187199, 31.111795998986199, 0.0 ], [ 73.456361582820904, 31.1117953190987, 0.0 ], [ 73.456755905860405, 31.111790568879702, 0.0 ], [ 73.456981233696993, 31.111787852927101, 0.0 ], [ 73.457214945913094, 31.111886093968099, 0.0 ], [ 73.457444880077205, 31.1119341312552, 0.0 ], [ 73.457905093745097, 31.112030469330801, 0.0 ], [ 73.458195351734204, 31.1121278838948, 0.0 ], [ 73.458596157087001, 31.112175286260499, 0.0 ], [ 73.458825600221303, 31.112222552828602, 0.0 ], [ 73.459115806949001, 31.111710089449101, 0.0 ], [ 73.459237871030993, 31.111202700943899, 0.0 ], [ 73.4593015951925, 31.1107422012916, 0.0 ], [ 73.459264829108605, 31.1104332032298, 0.0 ], [ 73.4591304047444, 31.11018470526, 0.0 ], [ 73.458947979965401, 31.1099898527495, 0.0 ], [ 73.458705678324506, 31.109746472821499, 0.0 ], [ 73.458525310294903, 31.109599698067701, 0.0 ], [ 73.458291574696503, 31.1095016989443, 0.0 ], [ 73.458058008170596, 31.109403770867399, 0.0 ], [ 73.457824614314603, 31.109305920132201, 0.0 ], [ 73.457420041701596, 31.1091611085984, 0.0 ], [ 73.457246012993195, 31.109065281337699, 0.0 ], [ 73.457006323882794, 31.1088697786174, 0.0 ], [ 73.456586845006896, 31.108665102812299, 0.0 ], [ 73.456228064073997, 31.108463796766799, 0.0 ], [ 73.455888399130302, 31.1084169034174, 0.0 ], [ 73.455491288192405, 31.108323108624599, 0.0 ], [ 73.455250900308798, 31.1081722932168, 0.0 ], [ 73.455023526514594, 31.108032958554201, 0.0 ], [ 73.454960079344204, 31.1078895193859, 0.0 ], [ 73.454772635448805, 31.107644005366598, 0.0 ], [ 73.454694326082304, 31.1074408377245, 0.0 ], [ 73.454567283353498, 31.107290844297101, 0.0 ], [ 73.454433601829294, 31.107043402131399, 0.0 ], [ 73.454312196051106, 31.106853023748101, 0.0 ], [ 73.454246692131207, 31.1066169031476, 0.0 ], [ 73.454060674560495, 31.106419197987599, 0.0 ], [ 73.453986244869398, 31.1062206897331, 0.0 ], [ 73.453747962298706, 31.106026197850799, 0.0 ], [ 73.453514149358597, 31.1058810472726, 0.0 ], [ 73.453226227808202, 31.105737389568901, 0.0 ], [ 73.453053798094302, 31.105642376194702, 0.0 ], [ 73.452716855398606, 31.105550057189401, 0.0 ], [ 73.452489819749402, 31.105456032170199, 0.0 ], [ 73.452204353348293, 31.105314222573401, 0.0 ], [ 73.451973968623804, 31.105171665639901, 0.0 ], [ 73.451743602785101, 31.1050290826261, 0.0 ], [ 73.451572041816306, 31.104934526107598, 0.0 ], [ 73.451345693249195, 31.1048407717843, 0.0 ], [ 73.451116167377293, 31.1046987553433, 0.0 ], [ 73.450941698900394, 31.1045561246655, 0.0 ], [ 73.450712566032195, 31.1044143690279, 0.0 ], [ 73.450541657071895, 31.1043201812315, 0.0 ], [ 73.450361292639599, 31.104081636958, 0.0 ], [ 73.450293827298395, 31.103890036396098, 0.0 ], [ 73.450120193392294, 31.103748147659001, 0.0 ], [ 73.449826713132396, 31.103462763995399, 0.0 ], [ 73.449646333411593, 31.103314179805601, 0.0 ], [ 73.449468237968901, 31.103167978819201, 0.0 ], [ 73.449122650989594, 31.1029752945743, 0.0 ], [ 73.448953868925997, 31.102793071243301, 0.0 ], [ 73.448683782730399, 31.1027094891517, 0.0 ], [ 73.448404449705706, 31.102661568776501, 0.0 ], [ 73.448125873910001, 31.1026142167727, 0.0 ], [ 73.447849276622904, 31.102524006677601, 0.0 ], [ 73.447735855025797, 31.102431346829199, 0.0 ], [ 73.447564357009497, 31.1022909293829, 0.0 ], [ 73.447167057214003, 31.102100034788801, 0.0 ], [ 73.446940260784501, 31.1019589518442, 0.0 ], [ 73.446817598653297, 31.101722717029801, 0.0 ], [ 73.446640919642803, 31.1014874858589, 0.0 ], [ 73.446521387152401, 31.101299228077, 0.0 ], [ 73.446458912149097, 31.1011577988934, 0.0 ], [ 73.446331418859899, 31.100828123619099, 0.0 ], [ 73.446263700809197, 31.100592808811101, 0.0 ], [ 73.446196099670303, 31.1003579022954, 0.0 ], [ 73.446182565772901, 31.1001226594332, 0.0 ], [ 73.446169053459101, 31.099887829359901, 0.0 ], [ 73.446101711324999, 31.099654144123502, 0.0 ], [ 73.446090465302802, 31.0994664142437, 0.0 ], [ 73.446074819797204, 31.099186436404999, 0.0 ], [ 73.4460134068933, 31.0990475091353, 0.0 ], [ 73.445947296830397, 31.098816049721002, 0.0 ], [ 73.445777771027394, 31.098678118000802, 0.0 ], [ 73.445394400831006, 31.0985878683355, 0.0 ], [ 73.445016880724495, 31.0985910312511, 0.0 ], [ 73.444745920388002, 31.098547861994302, 0.0 ], [ 73.444316692861193, 31.098509237011701, 0.0 ], [ 73.444209712208504, 31.098511151668401, 0.0 ], [ 73.443739221987599, 31.098707097754399, 0.0 ], [ 73.443318673817799, 31.098811437098199, 0.0 ], [ 73.443100104386403, 31.0988542142507, 0.0 ], [ 73.442935240668902, 31.0988519713414, 0.0 ], [ 73.442825410964005, 31.098850476668201, 0.0 ], [ 73.442442622629002, 31.098890511787701, 0.0 ], [ 73.442282373332901, 31.098937463593099, 0.0 ], [ 73.442122792233107, 31.098941515038899, 0.0 ], [ 73.441698787069399, 31.098998860309202, 0.0 ], [ 73.441432311651894, 31.099005646593401, 0.0 ], [ 73.441058920333006, 31.099015150628802, 0.0 ], [ 73.440680660983801, 31.0989297024439, 0.0 ], [ 73.440462527723497, 31.098839974385399, 0.0 ], [ 73.440243082352396, 31.0987041668639, 0.0 ], [ 73.439968382634802, 31.098565993226, 0.0 ], [ 73.439750215200306, 31.098475411710901, 0.0 ], [ 73.439532054960395, 31.098384644036202, 0.0 ], [ 73.439369254287698, 31.098339700416901, 0.0 ], [ 73.439097498051098, 31.0982493185513, 0.0 ], [ 73.438881051019706, 31.0982045565951, 0.0 ], [ 73.4385573139689, 31.098160822564001, 0.0 ], [ 73.438287759272697, 31.098117457254901, 0.0 ], [ 73.438071960652493, 31.098073603614001, 0.0 ], [ 73.437856328406895, 31.098029883072702, 0.0 ], [ 73.437535004237105, 31.0980343778843, 0.0 ], [ 73.437212540626305, 31.097992934426401, 0.0 ], [ 73.436999342845496, 31.098042172308499, 0.0 ], [ 73.4368416961874, 31.098182973765301, 0.0 ], [ 73.436683885852702, 31.098323920012898, 0.0 ], [ 73.436472243899004, 31.0984657988576, 0.0 ], [ 73.436366816375497, 31.098559946184601, 0.0 ], [ 73.436209463795805, 31.098747638292899, 0.0 ], [ 73.436050996955998, 31.098889170898602, 0.0 ], [ 73.435838570793507, 31.099031649591002, 0.0 ], [ 73.435571307569802, 31.099128484092301, 0.0 ], [ 73.435358397572003, 31.099270732558299, 0.0 ], [ 73.4350906972779, 31.099368412422301, 0.0 ], [ 73.434875868126895, 31.099417754625701, 0.0 ], [ 73.434714229378201, 31.099419714248501, 0.0 ], [ 73.434283178026305, 31.099424948302801, 0.0 ], [ 73.434068276929494, 31.099473839945802, 0.0 ], [ 73.433800564944207, 31.0996166459915, 0.0 ], [ 73.433585902167707, 31.099712829383598, 0.0 ], [ 73.433371556851895, 31.099855907024601, 0.0 ], [ 73.433156562225605, 31.099952256791301, 0.0 ], [ 73.432941418311898, 31.100048672208501, 0.0 ], [ 73.432726126909301, 31.100145147880301, 0.0 ], [ 73.432456039814397, 31.100148485264398, 0.0 ], [ 73.432239960605699, 31.1001511535529, 0.0 ], [ 73.431861812772496, 31.100155821933701, 0.0 ], [ 73.431591698698, 31.100159155720501, 0.0 ], [ 73.431321466812307, 31.100115560184999, 0.0 ], [ 73.431105407388699, 31.100118224876201, 0.0 ], [ 73.430835529835903, 31.1001209678085, 0.0 ], [ 73.430565704443794, 31.1000768083981, 0.0 ], [ 73.430349662107304, 31.099892457271199, 0.0 ], [ 73.430080180256198, 31.099895198404699, 0.0 ], [ 73.429863960753295, 31.099851831296998, 0.0 ], [ 73.429648268253104, 31.099807690772401, 0.0 ], [ 73.429379280129794, 31.0996703939736, 0.0 ], [ 73.429218216947206, 31.099578288107601, 0.0 ], [ 73.429005151366695, 31.099437971385299, 0.0 ], [ 73.428845234819804, 31.0993448762651, 0.0 ], [ 73.428633271808096, 31.099157936889402, 0.0 ], [ 73.428476158448007, 31.0989237390394, 0.0 ], [ 73.428423962695803, 31.098738583019301, 0.0 ], [ 73.428264216120695, 31.098463950750801, 0.0 ], [ 73.428158046656606, 31.0982351812087, 0.0 ], [ 73.428104922803996, 31.098143864947499, 0.0 ], [ 73.427945525165896, 31.097916067572498, 0.0 ], [ 73.427786123031197, 31.097734375740899, 0.0 ], [ 73.427626653447405, 31.097598641064501, 0.0 ], [ 73.427467322359107, 31.097463028695898, 0.0 ], [ 73.427308425643403, 31.0972818602697, 0.0 ], [ 73.427097550811396, 31.097055071034699, 0.0 ], [ 73.426992697954702, 31.0969187248193, 0.0 ], [ 73.426782251199995, 31.096692581297599, 0.0 ], [ 73.426622825682898, 31.0965135082918, 0.0 ], [ 73.426518258810603, 31.0963777987964, 0.0 ], [ 73.426361967430907, 31.096151691247599, 0.0 ], [ 73.426257666758005, 31.0960163396824, 0.0 ], [ 73.426154194360706, 31.0958356973596, 0.0 ], [ 73.425996500937799, 31.095701633623499, 0.0 ], [ 73.425893639180202, 31.0955210992194, 0.0 ], [ 73.425845284432398, 31.095294580680399, 0.0 ], [ 73.425956052130203, 31.095066554877601, 0.0 ], [ 73.426171651100901, 31.094882908819201, 0.0 ], [ 73.426226490859904, 31.0947024814344, 0.0 ], [ 73.426016711402198, 31.094570008599099, 0.0 ], [ 73.425805609041703, 31.0945722272265, 0.0 ], [ 73.425594532761494, 31.0945744440554, 0.0 ] ] ] ] } },
{ "type": "Feature", "properties": { "Name": "R10", "district": "Sahiwal", "province": "Punjab", "area_km2": 2.454256871, "volume_MAF": 0.01212920161, "River": "Ravi", "Shape_Leng": 0.0630614205, "Shape_Area": 0.00023085211 }, "geometry": { "type": "MultiPolygon", "coordinates": [ [ [ [ 72.516617277965096, 30.608745172251901, 0.0 ], [ 72.516748582581101, 30.608773142066902, 0.0 ], [ 72.516875177447602, 30.6089255726571, 0.0 ], [ 72.517001881132003, 30.609115388064801, 0.0 ], [ 72.517082237355496, 30.609279921731101, 0.0 ], [ 72.517204181827594, 30.609598046113, 0.0 ], [ 72.517324853759106, 30.609885733839601, 0.0 ], [ 72.517407329684602, 30.610084291556898, 0.0 ], [ 72.517447514091501, 30.610243667611201, 0.0 ], [ 72.517530643824202, 30.610404080583901, 0.0 ], [ 72.517528594269294, 30.610636105671801, 0.0 ], [ 72.517524568004504, 30.610838157255198, 0.0 ], [ 72.517519468848505, 30.6110822125741, 0.0 ], [ 72.517514670965298, 30.611325678837002, 0.0 ], [ 72.517468030325404, 30.6114887268233, 0.0 ], [ 72.517464785571505, 30.6116516273208, 0.0 ], [ 72.517461536320894, 30.611814790420301, 0.0 ], [ 72.5174574713852, 30.612056788989701, 0.0 ], [ 72.517408748814802, 30.612303841748901, 0.0 ], [ 72.517361386918495, 30.612545843016299, 0.0 ], [ 72.517315552970402, 30.612744126440401, 0.0 ], [ 72.517313008788406, 30.612905621297401, 0.0 ], [ 72.517310604900601, 30.613066866143001, 0.0 ], [ 72.517263384197904, 30.613308706431699, 0.0 ], [ 72.517258488288604, 30.613480176568899, 0.0 ], [ 72.517208512063206, 30.613695256630798, 0.0 ], [ 72.517205332959804, 30.613822255292899, 0.0 ], [ 72.517155613041197, 30.614074658119002, 0.0 ], [ 72.517108308701594, 30.614241112737201, 0.0 ], [ 72.517060932416101, 30.6144078263602, 0.0 ], [ 72.517057821661197, 30.614573324999, 0.0 ], [ 72.517054702812302, 30.614739068253499, 0.0 ], [ 72.517050800654005, 30.614946588614199, 0.0 ], [ 72.517046892200398, 30.6151544911868, 0.0 ], [ 72.517042462139997, 30.615403359677401, 0.0 ], [ 72.517037475399206, 30.615655044844502, 0.0 ], [ 72.517034977082602, 30.615781107312301, 0.0 ], [ 72.517120551172596, 30.615986246268299, 0.0 ], [ 72.517162131327396, 30.616191038086001, 0.0 ], [ 72.517249070588207, 30.6163530644424, 0.0 ], [ 72.517423693748498, 30.6164814039936, 0.0 ], [ 72.517553718629202, 30.616573221177202, 0.0 ], [ 72.517773696399004, 30.616621442825402, 0.0 ], [ 72.517950575958395, 30.6166641219517, 0.0 ], [ 72.518083875270705, 30.6166637730147, 0.0 ], [ 72.518305554557699, 30.616705084272301, 0.0 ], [ 72.518572388804699, 30.6167035005661, 0.0 ], [ 72.518794757871802, 30.616702181260699, 0.0 ], [ 72.519017165609696, 30.616700662305799, 0.0 ], [ 72.519195653156899, 30.616656103596402, 0.0 ], [ 72.519375111971897, 30.616564557108699, 0.0 ], [ 72.5195548981401, 30.616429525702099, 0.0 ], [ 72.519734206768305, 30.616296024042299, 0.0 ], [ 72.519868337054206, 30.6161670099996, 0.0 ], [ 72.520002169664494, 30.616039917807999, 0.0 ], [ 72.520180394609596, 30.615910294924198, 0.0 ], [ 72.520315392741196, 30.6157296481048, 0.0 ], [ 72.520493008845307, 30.615600976703799, 0.0 ], [ 72.520625949328206, 30.615475619304402, 0.0 ], [ 72.520802938604803, 30.6153495388502, 0.0 ], [ 72.521023750945403, 30.615224938680001, 0.0 ], [ 72.521200401177595, 30.615098554254899, 0.0 ], [ 72.521421164954901, 30.614885369064599, 0.0 ], [ 72.521597145192203, 30.614761690699499, 0.0 ], [ 72.521772361905093, 30.614690953624699, 0.0 ], [ 72.521947909568397, 30.614571326705398, 0.0 ], [ 72.522035820097102, 30.6144859990297, 0.0 ], [ 72.522211683422498, 30.614399682099702, 0.0 ], [ 72.522518827082294, 30.614231461212999, 0.0 ], [ 72.522650040866694, 30.614104833970899, 0.0 ], [ 72.522825002172198, 30.6139778002353, 0.0 ], [ 72.522955855328505, 30.6138514922526, 0.0 ], [ 72.523086256125893, 30.6136830105625, 0.0 ], [ 72.523347400362297, 30.613478014598702, 0.0 ], [ 72.523478059265102, 30.613394545821699, 0.0 ], [ 72.523695619657204, 30.613265333928101, 0.0 ], [ 72.523824962851805, 30.613095782044802, 0.0 ], [ 72.523997816146306, 30.612930197071002, 0.0 ], [ 72.524171616426997, 30.612849953262799, 0.0 ], [ 72.524214405270598, 30.612772809417699, 0.0 ], [ 72.5245168526707, 30.612561871633101, 0.0 ], [ 72.524733012818302, 30.612437761593501, 0.0 ], [ 72.524862016968498, 30.612317661630801, 0.0 ], [ 72.524990002186897, 30.612154024588602, 0.0 ], [ 72.525074363091406, 30.611991787790799, 0.0 ], [ 72.525160671927594, 30.6119508380608, 0.0 ], [ 72.525373601710399, 30.611705663085999, 0.0 ], [ 72.525587704209201, 30.611542515274898, 0.0 ], [ 72.525672169435197, 30.611421238099702, 0.0 ], [ 72.525798391982306, 30.611220235125799, 0.0 ], [ 72.525882704323394, 30.6110999409096, 0.0 ], [ 72.526049991713805, 30.6108517379174, 0.0 ], [ 72.526260308966101, 30.610638864791799, 0.0 ], [ 72.526386702384499, 30.6104816138355, 0.0 ], [ 72.5265101703081, 30.610238663783399, 0.0 ], [ 72.526636415338402, 30.610116841619, 0.0 ], [ 72.526676274190805, 30.6099953746868, 0.0 ], [ 72.526758056738998, 30.6098335911474, 0.0 ], [ 72.526922356581593, 30.609551070025901, 0.0 ], [ 72.526917779032303, 30.6093902478617, 0.0 ], [ 72.526999054362904, 30.609229199068398, 0.0 ], [ 72.527038368226201, 30.609074194618401, 0.0 ], [ 72.527120684072401, 30.608920033732598, 0.0 ], [ 72.527160745272198, 30.6088036983321, 0.0 ], [ 72.527282885796595, 30.608533724551801, 0.0 ], [ 72.527363082840097, 30.608337683137599, 0.0 ], [ 72.527444121648998, 30.608180404302299, 0.0 ], [ 72.527483320399, 30.608062050823001, 0.0 ], [ 72.5275626963614, 30.6078647602505, 0.0 ], [ 72.527599206138504, 30.607667839299399, 0.0 ], [ 72.527677402190406, 30.607433644147399, 0.0 ], [ 72.527758986887804, 30.6072822387844, 0.0 ], [ 72.527839427647507, 30.607092705763801, 0.0 ], [ 72.527835176552202, 30.6069397283858, 0.0 ], [ 72.527873771857102, 30.606788020850601, 0.0 ], [ 72.527953708996506, 30.6065297418542, 0.0 ], [ 72.527947966825295, 30.6063721968195, 0.0 ], [ 72.527899006833806, 30.606212209226101, 0.0 ], [ 72.527807497218305, 30.606051644268, 0.0 ], [ 72.527670764294399, 30.605811876017299, 0.0 ], [ 72.527493679689599, 30.6055446991286, 0.0 ], [ 72.527447720735793, 30.6053949449208, 0.0 ], [ 72.527317146369299, 30.605210918449199, 0.0 ], [ 72.527231001209799, 30.6051013018836, 0.0 ], [ 72.5271443335442, 30.6049920198659, 0.0 ], [ 72.527014859947897, 30.6048787043887, 0.0 ], [ 72.526926471879193, 30.6047269410955, 0.0 ], [ 72.526708868319702, 30.604461260678701, 0.0 ], [ 72.526576402678899, 30.6041986055812, 0.0 ], [ 72.526489826744196, 30.604086636389201, 0.0 ], [ 72.526401390112099, 30.603932438631201, 0.0 ], [ 72.526356617364101, 30.6038190745907, 0.0 ], [ 72.526310737550503, 30.6036338987855, 0.0 ], [ 72.526265679717397, 30.6034858074241, 0.0 ], [ 72.526219293585598, 30.603298467849999, 0.0 ], [ 72.526127903579905, 30.6030621655866, 0.0 ], [ 72.525953855086399, 30.602794955422901, 0.0 ], [ 72.525782704208495, 30.602540435592701, 0.0 ], [ 72.525695368346604, 30.6023214650636, 0.0 ], [ 72.525650824925705, 30.6021742280582, 0.0 ], [ 72.525607304033898, 30.602065309366601, 0.0 ], [ 72.525604702295297, 30.601920163284898, 0.0 ], [ 72.525519048165606, 30.601774703339899, 0.0 ], [ 72.525471966857793, 30.601547622724599, 0.0 ], [ 72.5254667408975, 30.6013231789216, 0.0 ], [ 72.525380537282004, 30.6011407532432, 0.0 ], [ 72.525334776178994, 30.600888098606902, 0.0 ], [ 72.525249238961194, 30.600708653281799, 0.0 ], [ 72.525162556007203, 30.600457392594599, 0.0 ], [ 72.525117952331698, 30.6002755595695, 0.0 ], [ 72.525073650828404, 30.600095194237898, 0.0 ], [ 72.525068001287295, 30.599771880767701, 0.0 ], [ 72.525062603556407, 30.599482412383502, 0.0 ], [ 72.525060571987893, 30.599374144801001, 0.0 ], [ 72.525097426205306, 30.599157765218798, 0.0 ], [ 72.5250940357612, 30.598978140928502, 0.0 ], [ 72.525090655209596, 30.5987988493874, 0.0 ], [ 72.525085220606499, 30.598512585287601, 0.0 ], [ 72.525122590135496, 30.5983339241713, 0.0 ], [ 72.525159096315306, 30.598087011706301, 0.0 ], [ 72.525197519849698, 30.5979468109966, 0.0 ], [ 72.525274828270796, 30.597701681887099, 0.0 ], [ 72.525270865857806, 30.597457687722201, 0.0 ], [ 72.525229175086395, 30.597388412945001, 0.0 ], [ 72.525103034377594, 30.597143730798599, 0.0 ], [ 72.524938050150894, 30.597002366366201, 0.0 ], [ 72.524774532718496, 30.596931417950699, 0.0 ], [ 72.524488340564503, 30.596789140706299, 0.0 ], [ 72.524325277289805, 30.596718066385701, 0.0 ], [ 72.524080872134604, 30.5965790069157, 0.0 ], [ 72.523918467163597, 30.596509692568301, 0.0 ], [ 72.523675461353506, 30.596439748695499, 0.0 ], [ 72.523433160611901, 30.596407770602202, 0.0 ], [ 72.523352172165104, 30.596374955240002, 0.0 ], [ 72.523069157315803, 30.596268816352801, 0.0 ], [ 72.5227869347693, 30.596236120600501, 0.0 ], [ 72.522625608984697, 30.596202565096299, 0.0 ], [ 72.522544856160295, 30.596168434026101, 0.0 ], [ 72.522262571560503, 30.596101691739801, 0.0 ], [ 72.521980295054604, 30.5960708458929, 0.0 ], [ 72.521738444873407, 30.5960037150994, 0.0 ], [ 72.521577313342405, 30.596005373449302, 0.0 ], [ 72.521254829047194, 30.596008936563202, 0.0 ], [ 72.521094156170406, 30.595974630125099, 0.0 ], [ 72.520772989381996, 30.595940356062599, 0.0 ], [ 72.520531417091306, 30.595942560301001, 0.0 ], [ 72.520289753969095, 30.595944940806401, 0.0 ], [ 72.520048381327797, 30.5959122702351, 0.0 ], [ 72.519927516941394, 30.595913555366302, 0.0 ], [ 72.519645486849797, 30.5959161768901, 0.0 ], [ 72.5194040719404, 30.595917892796599, 0.0 ], [ 72.519122772098299, 30.5959193757786, 0.0 ], [ 72.518882048767594, 30.595920062860699, 0.0 ], [ 72.518641716641994, 30.595920380321299, 0.0 ], [ 72.518321322371193, 30.595920998155599, 0.0 ], [ 72.518201189133606, 30.595921262556299, 0.0 ], [ 72.518042097264996, 30.595886359867698, 0.0 ], [ 72.517761470115801, 30.595853597565501, 0.0 ], [ 72.517519240420697, 30.5958565716235, 0.0 ], [ 72.5174788599615, 30.59585706715, 0.0 ], [ 72.517317310245701, 30.595859051054401, 0.0 ], [ 72.517115314420295, 30.595861532283902, 0.0 ], [ 72.516833217778796, 30.595864199673098, 0.0 ], [ 72.516713601651503, 30.595864108841599, 0.0 ], [ 72.516594020597594, 30.595864018010001, 0.0 ], [ 72.516356459283202, 30.595794723447799, 0.0 ], [ 72.516038281841304, 30.5957604583785, 0.0 ], [ 72.515879499339505, 30.595726264355701, 0.0 ], [ 72.515642570248502, 30.595623455658, 0.0 ], [ 72.515401073500797, 30.595625799291302, 0.0 ], [ 72.515160146923293, 30.5955938517749, 0.0 ], [ 72.515000080189594, 30.595560959970399, 0.0 ], [ 72.514718605878997, 30.595563472676201, 0.0 ], [ 72.514517533657298, 30.595565268622298, 0.0 ], [ 72.514316422764793, 30.595567063669101, 0.0 ], [ 72.514112466417302, 30.5956382441098, 0.0 ], [ 72.513865202317305, 30.5957792811889, 0.0 ], [ 72.513702442114095, 30.595849386939701, 0.0 ], [ 72.513376642917805, 30.595989718051101, 0.0 ], [ 72.513212072379304, 30.59609476696, 0.0 ], [ 72.513045783236393, 30.5962347941005, 0.0 ], [ 72.512879275558205, 30.5963750011055, 0.0 ], [ 72.512789021396301, 30.5965514813659, 0.0 ], [ 72.512742605586794, 30.596657656225901, 0.0 ], [ 72.512654350617794, 30.5968332173791, 0.0 ], [ 72.512647576924195, 30.597075841876599, 0.0 ], [ 72.512563629707799, 30.597248848055902, 0.0 ], [ 72.512561488421994, 30.597386597213799, 0.0 ], [ 72.512515462018996, 30.597527236792601, 0.0 ], [ 72.512464304084403, 30.597671830690501, 0.0 ], [ 72.512364358828194, 30.597823209073901, 0.0 ], [ 72.512297476247596, 30.598014652254399, 0.0 ], [ 72.512241810011602, 30.598198089670198, 0.0 ], [ 72.512155517363297, 30.598339767066602, 0.0 ], [ 72.512112727620305, 30.598410359350702, 0.0 ], [ 72.511903278213794, 30.5986223781203, 0.0 ], [ 72.511776988217505, 30.598763874753001, 0.0 ], [ 72.511692129987907, 30.598870233074798, 0.0 ], [ 72.511440185815999, 30.599015095870001, 0.0 ], [ 72.511312431723397, 30.599123375143702, 0.0 ], [ 72.511222180259495, 30.599303086668201, 0.0 ], [ 72.511087260368797, 30.5995553393075, 0.0 ], [ 72.511040320254594, 30.5996641536778, 0.0 ], [ 72.510980551311405, 30.5999914340575, 0.0 ], [ 72.510931403361596, 30.600137147611299, 0.0 ], [ 72.510882288686702, 30.600282987070301, 0.0 ], [ 72.510833102066002, 30.600429045064399, 0.0 ], [ 72.510783839902302, 30.600575325191102, 0.0 ], [ 72.510688239270905, 30.600761409311598, 0.0 ], [ 72.510640207379694, 30.600976512755899, 0.0 ], [ 72.510635599253504, 30.601120002286301, 0.0 ], [ 72.510546596948004, 30.601370398724999, 0.0 ], [ 72.5104559335945, 30.601622582116502, 0.0 ], [ 72.510443052604799, 30.6018443081683, 0.0 ], [ 72.510429165273806, 30.602032509292901, 0.0 ], [ 72.510415241969895, 30.6022211690718, 0.0 ], [ 72.510559466246406, 30.602557720562402, 0.0 ], [ 72.510454562128402, 30.602826609760299, 0.0 ], [ 72.510440201753994, 30.603052853106799, 0.0 ], [ 72.510429872140904, 30.603240062279099, 0.0 ], [ 72.510508873985401, 30.603350205847399, 0.0 ], [ 72.510583862155599, 30.6035355759062, 0.0 ], [ 72.510703847005004, 30.603682186983399, 0.0 ], [ 72.510823971249394, 30.603864344663801, 0.0 ], [ 72.510947948189298, 30.604006937570102, 0.0 ], [ 72.511071976390696, 30.6041496177107, 0.0 ], [ 72.511197036114396, 30.604255746705402, 0.0 ], [ 72.5114063020592, 30.6043608432784, 0.0 ], [ 72.511523274179794, 30.604477377429099, 0.0 ], [ 72.511675168774104, 30.6046031763955, 0.0 ], [ 72.511915018863107, 30.604759796927102, 0.0 ], [ 72.512238594935198, 30.604988992747799, 0.0 ], [ 72.512397013211597, 30.6051448947211, 0.0 ], [ 72.512598393900802, 30.6052999540297, 0.0 ], [ 72.512677661944593, 30.605450210958502, 0.0 ], [ 72.5127993618012, 30.605635921860401, 0.0 ], [ 72.512881721714194, 30.605746153562201, 0.0 ], [ 72.513003134686997, 30.605933093837301, 0.0 ], [ 72.513204729414795, 30.606127270956801, 0.0 ], [ 72.513242931715993, 30.6062057233156, 0.0 ], [ 72.513401483991302, 30.606438988568499, 0.0 ], [ 72.513563332282004, 30.606631710584999, 0.0 ], [ 72.513730539632803, 30.606779584310399, 0.0 ], [ 72.513857791004298, 30.6068150742563, 0.0 ], [ 72.513982667266404, 30.6069273240368, 0.0 ], [ 72.514233037624606, 30.6071152499688, 0.0 ], [ 72.514441313415901, 30.6072310322863, 0.0 ], [ 72.514689449858295, 30.607389063854299, 0.0 ], [ 72.514938083625694, 30.607547409285601, 0.0 ], [ 72.515105690275405, 30.6076616870373, 0.0 ], [ 72.515232134055793, 30.607773470968901, 0.0 ], [ 72.515312055906705, 30.6079311553985, 0.0 ], [ 72.515436653378899, 30.6080480267951, 0.0 ], [ 72.515560623124301, 30.608203471912802, 0.0 ], [ 72.5157698126268, 30.6083597848762, 0.0 ], [ 72.515895793256306, 30.608511696557599, 0.0 ], [ 72.516064782163994, 30.6085897676037, 0.0 ], [ 72.516188547763306, 30.608711791216301, 0.0 ], [ 72.516359152752699, 30.608749647278401, 0.0 ], [ 72.516531245220804, 30.608746662428601, 0.0 ], [ 72.516617277965096, 30.608745172251901, 0.0 ] ] ] ] } },
{ "type": "Feature", "properties": { "Name": "R11", "district": "Khanewal", "province": "Punjab", "area_km2": 2.5359437746500002, "volume_MAF": 0.01253290708, "River": "Ravi", "Shape_Leng": 0.06278627582, "Shape_Area": 0.00023845627 }, "geometry": { "type": "MultiPolygon", "coordinates": [ [ [ [ 72.3489637987404, 30.568643129676701, 0.0 ], [ 72.349011755088497, 30.568880876251502, 0.0 ], [ 72.348997633034401, 30.569124498996501, 0.0 ], [ 72.348990788294302, 30.569234084985101, 0.0 ], [ 72.348978360562995, 30.569451748799199, 0.0 ], [ 72.348942185333698, 30.569585897970899, 0.0 ], [ 72.348932346750502, 30.569750762587699, 0.0 ], [ 72.348924834713401, 30.569887336331501, 0.0 ], [ 72.348916523179099, 30.570050378921898, 0.0 ], [ 72.348909760277294, 30.5701862655837, 0.0 ], [ 72.348932860263304, 30.5703225641351, 0.0 ], [ 72.348928806119503, 30.570404421327101, 0.0 ], [ 72.348979215818204, 30.570596082143499, 0.0 ], [ 72.349033787579302, 30.570705981995498, 0.0 ], [ 72.349083749415598, 30.5709000700822, 0.0 ], [ 72.349105432070104, 30.571041394944501, 0.0 ], [ 72.349158323897598, 30.571156157430799, 0.0 ], [ 72.349209348732501, 30.571300332244601, 0.0 ], [ 72.349323445720501, 30.571440050917701, 0.0 ], [ 72.349467606145097, 30.571606421898899, 0.0 ], [ 72.349700697828993, 30.571804190011399, 0.0 ], [ 72.349816272403103, 30.571918992967198, 0.0 ], [ 72.349933634829398, 30.572005087764602, 0.0 ], [ 72.350078762025305, 30.572149223008299, 0.0 ], [ 72.350225743623199, 30.572264662684098, 0.0 ], [ 72.350373825991298, 30.572429334845999, 0.0 ], [ 72.350488100145796, 30.572552922379501, 0.0 ], [ 72.350574747126899, 30.572695169046899, 0.0 ], [ 72.350629273921896, 30.5728423853678, 0.0 ], [ 72.350680349118903, 30.573026237371, 0.0 ], [ 72.350734199623702, 30.573229098344299, 0.0 ], [ 72.350759636048394, 30.573374209352298, 0.0 ], [ 72.350815020796603, 30.5735486409571, 0.0 ], [ 72.350842899780005, 30.573661559833202, 0.0 ], [ 72.350899512102799, 30.573781821673801, 0.0 ], [ 72.350923121105197, 30.5739872304264, 0.0 ], [ 72.350951060343206, 30.574075297437101, 0.0 ], [ 72.351007576438604, 30.5743022701337, 0.0 ], [ 72.351093622672593, 30.574483774906401, 0.0 ], [ 72.351239258884704, 30.5747821097066, 0.0 ], [ 72.351357049388398, 30.574992852338301, 0.0 ], [ 72.351477563938502, 30.575142756732902, 0.0 ], [ 72.351564993329802, 30.575327624070699, 0.0 ], [ 72.351652091770703, 30.575489272711799, 0.0 ], [ 72.351835057941599, 30.5757005990035, 0.0 ], [ 72.352054174160898, 30.575894610647801, 0.0 ], [ 72.352234581760598, 30.576152702585201, 0.0 ], [ 72.352418990444093, 30.576342807574601, 0.0 ], [ 72.352542752446098, 30.576494720155299, 0.0 ], [ 72.352732404177203, 30.5766353327544, 0.0 ], [ 72.352858286780602, 30.576724273906201, 0.0 ], [ 72.352921626931604, 30.576753044117801, 0.0 ], [ 72.353143009442405, 30.5768707159108, 0.0 ], [ 72.353332225002205, 30.5769658866664, 0.0 ], [ 72.353457974506, 30.577006300400502, 0.0 ], [ 72.3535532729653, 30.577036807202902, 0.0 ], [ 72.353680043199503, 30.5770992138577, 0.0 ], [ 72.353838748359607, 30.577162925428699, 0.0 ], [ 72.354061182177901, 30.577287278285301, 0.0 ], [ 72.354316114796902, 30.577411864965701, 0.0 ], [ 72.354443555026094, 30.577506226331302, 0.0 ], [ 72.3545072459127, 30.577569467556899, 0.0 ], [ 72.354571011443099, 30.577632795117399, 0.0 ], [ 72.354666213674903, 30.577854855717099, 0.0 ], [ 72.354762181229702, 30.577981652031699, 0.0 ], [ 72.354890768094506, 30.578105107364902, 0.0 ], [ 72.355083738323899, 30.5782991387943, 0.0 ], [ 72.355212774849704, 30.578428887583101, 0.0 ], [ 72.355406847647899, 30.578558401649001, 0.0 ], [ 72.355503883597393, 30.578630974240099, 0.0 ], [ 72.355601169558398, 30.578661903723901, 0.0 ], [ 72.355730975004604, 30.578688101874398, 0.0 ], [ 72.355861061938498, 30.5787331669022, 0.0 ], [ 72.356055830811997, 30.578787882554799, 0.0 ], [ 72.356185789142899, 30.578833324398399, 0.0 ], [ 72.3562835049798, 30.5788765952787, 0.0 ], [ 72.356544572773899, 30.578969158000302, 0.0 ], [ 72.356772941218296, 30.5790100726568, 0.0 ], [ 72.357065535646001, 30.579025669599002, 0.0 ], [ 72.357162836895398, 30.579020205318301, 0.0 ], [ 72.357421444144407, 30.578995860670499, 0.0 ], [ 72.357518061909104, 30.5789837054337, 0.0 ], [ 72.357839234093404, 30.578870211890798, 0.0 ], [ 72.358001051807193, 30.578842608099901, 0.0 ], [ 72.358196137242004, 30.5788473691109, 0.0 ], [ 72.358358393824901, 30.578847835859001, 0.0 ], [ 72.358650430672895, 30.578847818771902, 0.0 ], [ 72.358844913561995, 30.5788460363156, 0.0 ], [ 72.358909866197493, 30.5788464041383, 0.0 ], [ 72.359134455690693, 30.578779053010901, 0.0 ], [ 72.359263286271698, 30.578748173889199, 0.0 ], [ 72.359460271974001, 30.578737835282901, 0.0 ], [ 72.3596879290548, 30.5787151570789, 0.0 ], [ 72.359811538171996, 30.578630100998399, 0.0 ], [ 72.359934960230305, 30.578571395953201, 0.0 ], [ 72.360061804208996, 30.578507351633, 0.0 ], [ 72.360158794293, 30.578506884884899, 0.0 ], [ 72.3603191119375, 30.578474422056999, 0.0 ], [ 72.360445507154495, 30.578409705943201, 0.0 ], [ 72.360573978006798, 30.578405632014402, 0.0 ], [ 72.360766574118102, 30.578399397913898, 0.0 ], [ 72.360894917266606, 30.578395243046099, 0.0 ], [ 72.361021523824306, 30.578358701792698, 0.0 ], [ 72.361149714987405, 30.5783544228184, 0.0 ], [ 72.361213796179797, 30.578352284230601, 0.0 ], [ 72.3614059687105, 30.578345869366402, 0.0 ], [ 72.361701783610499, 30.578364550983299, 0.0 ], [ 72.3618642749164, 30.578367411726699, 0.0 ], [ 72.361958915071895, 30.5783590822059, 0.0 ], [ 72.362116496079494, 30.5783452110627, 0.0 ], [ 72.362372991720207, 30.578287619378202, 0.0 ], [ 72.362561013879798, 30.578192614097901, 0.0 ], [ 72.362718328687905, 30.578128881842499, 0.0 ], [ 72.362873466237502, 30.5780336670202, 0.0 ], [ 72.363115506175703, 30.5777837598127, 0.0 ], [ 72.363300085730401, 30.5776835015924, 0.0 ], [ 72.363509195193302, 30.5775132329494, 0.0 ], [ 72.363727289782702, 30.577394216669799, 0.0 ], [ 72.364074322871801, 30.577252254188199, 0.0 ], [ 72.364413781870596, 30.577093595792899, 0.0 ], [ 72.364569049821895, 30.577005975745202, 0.0 ], [ 72.364688990604506, 30.576911339186999, 0.0 ], [ 72.364875443447005, 30.576848332684399, 0.0 ], [ 72.365093700813702, 30.576785453885599, 0.0 ], [ 72.365253173994901, 30.576784681368, 0.0 ], [ 72.3654445488269, 30.5767837505697, 0.0 ], [ 72.365604154208398, 30.5767832307615, 0.0 ], [ 72.365734767245797, 30.576814099990798, 0.0 ], [ 72.365870314863201, 30.5769055493517, 0.0 ], [ 72.366003355170704, 30.5769663264348, 0.0 ], [ 72.366203148556494, 30.5770575833408, 0.0 ], [ 72.366371526824494, 30.577149653233999, 0.0 ], [ 72.366473514441196, 30.5772116569924, 0.0 ], [ 72.366639772107902, 30.577273607690898, 0.0 ], [ 72.366738955638397, 30.5773044697256, 0.0 ], [ 72.366969137116001, 30.577365341237599, 0.0 ], [ 72.367130123856199, 30.5773914827308, 0.0 ], [ 72.367287605038996, 30.577385748653501, 0.0 ], [ 72.367476482453796, 30.577378870638402, 0.0 ], [ 72.367699218444201, 30.577375134854702, 0.0 ], [ 72.367890209265795, 30.577320748353898, 0.0 ], [ 72.368047051930006, 30.5772631054081, 0.0 ], [ 72.368170753677404, 30.577203957896401, 0.0 ], [ 72.368294377183801, 30.577144849954902, 0.0 ], [ 72.368408788934502, 30.577045759953901, 0.0 ], [ 72.368492775721094, 30.576949753728201, 0.0 ], [ 72.368571712814301, 30.576795187248099, 0.0 ], [ 72.368619115180095, 30.5766419607579, 0.0 ], [ 72.368663455354195, 30.576484707103599, 0.0 ], [ 72.3686731914147, 30.576298551037301, 0.0 ], [ 72.368677727595099, 30.5761308958242, 0.0 ], [ 72.3686874393739, 30.5759460500702, 0.0 ], [ 72.368724893439193, 30.575730779352099, 0.0 ], [ 72.368710391871204, 30.575608646921602, 0.0 ], [ 72.368692307404103, 30.575456346733102, 0.0 ], [ 72.3687091589006, 30.5753343572948, 0.0 ], [ 72.368722362746894, 30.575182349386001, 0.0 ], [ 72.368830374022593, 30.5750311139948, 0.0 ], [ 72.368995964392298, 30.574873515900101, 0.0 ], [ 72.369087965936998, 30.574845120705799, 0.0 ], [ 72.369245885089597, 30.574845866243798, 0.0 ], [ 72.369335995360004, 30.5748150716583, 0.0 ], [ 72.369522439209305, 30.574812054432801, 0.0 ], [ 72.3696810292561, 30.574838938766, 0.0 ], [ 72.369743384649595, 30.574838143765401, 0.0 ], [ 72.369930791672701, 30.574836358611101, 0.0 ], [ 72.370118205890506, 30.574834610328999, 0.0 ], [ 72.370243876253895, 30.5748342982643, 0.0 ], [ 72.370334566587005, 30.574804584663902, 0.0 ], [ 72.370521363869898, 30.5747769790744, 0.0 ], [ 72.370644565594304, 30.574748600067899, 0.0 ], [ 72.370769468836002, 30.574747441741099, 0.0 ], [ 72.370947337649596, 30.574684448728402, 0.0 ], [ 72.371192073755296, 30.5746514669917, 0.0 ], [ 72.371374824988294, 30.574594494040699, 0.0 ], [ 72.371459321690395, 30.574533296074801, 0.0 ], [ 72.3715026222483, 30.574411265267699, 0.0 ], [ 72.371509945427704, 30.574259517262998, 0.0 ], [ 72.371491304280298, 30.574139024296599, 0.0 ], [ 72.371508695369997, 30.574048911328202, 0.0 ], [ 72.371538837947099, 30.573839333318599, 0.0 ], [ 72.371579918978099, 30.573692003683, 0.0 ], [ 72.371594308130895, 30.5735747132025, 0.0 ], [ 72.371577610418498, 30.573457724894102, 0.0 ], [ 72.371553075114406, 30.573283142203302, 0.0 ], [ 72.371563919139604, 30.573138247931901, 0.0 ], [ 72.371539853281703, 30.572964989043001, 0.0 ], [ 72.371531846617501, 30.572907347895899, 0.0 ], [ 72.371512019264301, 30.5727636434274, 0.0 ], [ 72.371483909155103, 30.572562617970501, 0.0 ], [ 72.371451040733007, 30.5723576327986, 0.0 ], [ 72.371454307070707, 30.572183124751501, 0.0 ], [ 72.3714150696498, 30.571924241410699, 0.0 ], [ 72.371390836517904, 30.571778642970099, 0.0 ], [ 72.371373913975006, 30.571664687175598, 0.0 ], [ 72.371361244325996, 30.571579375687701, 0.0 ], [ 72.3713443811383, 30.571465833581399, 0.0 ], [ 72.371384293050795, 30.571324092333001, 0.0 ], [ 72.371446136729901, 30.571126305334801, 0.0 ], [ 72.371481620380493, 30.5709573847755, 0.0 ], [ 72.371495103915905, 30.570845082834399, 0.0 ], [ 72.371538861329398, 30.5707329319793, 0.0 ], [ 72.371548037112305, 30.5705931890245, 0.0 ], [ 72.371535389946402, 30.570509565564102, 0.0 ], [ 72.371532976165994, 30.570287967216, 0.0 ], [ 72.371510433759596, 30.570123917384901, 0.0 ], [ 72.371481836217797, 30.569931188173801, 0.0 ], [ 72.371460998925997, 30.569793570317099, 0.0 ], [ 72.371410751105302, 30.569656819406799, 0.0 ], [ 72.371327426219807, 30.5694939350971, 0.0 ], [ 72.371302584246905, 30.569329976996901, 0.0 ], [ 72.371256807855403, 30.569221543939101, 0.0 ], [ 72.371208770568401, 30.568920835827999, 0.0 ], [ 72.371195055907194, 30.5688385910282, 0.0 ], [ 72.371167606799602, 30.568650560774799, 0.0 ], [ 72.371148313643801, 30.568516856767602, 0.0 ], [ 72.371132912753794, 30.5684101270258, 0.0 ], [ 72.371084262129003, 30.5682772279118, 0.0 ], [ 72.370969174088103, 30.568091981959501, 0.0 ], [ 72.370919732959393, 30.567959058563801, 0.0 ], [ 72.370815627439299, 30.567853374733499, 0.0 ], [ 72.370686313023, 30.5677745779345, 0.0 ], [ 72.370586472987398, 30.567695654331001, 0.0 ], [ 72.370398422948895, 30.567617133623902, 0.0 ], [ 72.370243862764099, 30.5675649990255, 0.0 ], [ 72.370151968238801, 30.567539023007601, 0.0 ], [ 72.369997660763502, 30.567486971146899, 0.0 ], [ 72.369692477625804, 30.567385107636699, 0.0 ], [ 72.369503389769704, 30.567281788124099, 0.0 ], [ 72.369322305879805, 30.567231434183402, 0.0 ], [ 72.369199179698498, 30.567180324812199, 0.0 ], [ 72.3690110334325, 30.567077454061302, 0.0 ], [ 72.3688918489797, 30.567052750584001, 0.0 ], [ 72.368704191945, 30.566950111858201, 0.0 ], [ 72.368516303784503, 30.5668472204229, 0.0 ], [ 72.368388499329896, 30.566768851701202, 0.0 ], [ 72.368198586795401, 30.566664344184201, 0.0 ], [ 72.368070085366199, 30.566585363923501, 0.0 ], [ 72.367852659872398, 30.566482027323701, 0.0 ], [ 72.367730379953102, 30.566431076233201, 0.0 ], [ 72.367608223240893, 30.566380176404099, 0.0 ], [ 72.367511580295201, 30.5663030280624, 0.0 ], [ 72.3673580507335, 30.5662269598064, 0.0 ], [ 72.367204068812796, 30.566150435594199, 0.0 ], [ 72.367078809439505, 30.566073608310401, 0.0 ], [ 72.366928531826304, 30.565976583152899, 0.0 ], [ 72.366777915168697, 30.5659025590559, 0.0 ], [ 72.366621165134703, 30.5657771234156, 0.0 ], [ 72.366529380326696, 30.565726888185399, 0.0 ], [ 72.366344118186603, 30.565625078634501, 0.0 ], [ 72.366245949990599, 30.565523322143601, 0.0 ], [ 72.366127515572401, 30.565498061985998, 0.0 ], [ 72.366032407769495, 30.565421903797901, 0.0 ], [ 72.365908620586396, 30.565345929071398, 0.0 ], [ 72.365722238790298, 30.5652198378253, 0.0 ], [ 72.365511999779002, 30.565120641704301, 0.0 ], [ 72.365391068842797, 30.565046775888, 0.0 ], [ 72.365270287194093, 30.564973001802599, 0.0 ], [ 72.365121297409999, 30.564899655794498, 0.0 ], [ 72.364972484792403, 30.564826397920001, 0.0 ], [ 72.364880520119996, 30.5647525662779, 0.0 ], [ 72.364760357204801, 30.5646791573173, 0.0 ], [ 72.364698158293393, 30.5646291918837, 0.0 ], [ 72.364605281708506, 30.564554533764699, 0.0 ], [ 72.364484379550504, 30.564480463802401, 0.0 ], [ 72.364328778850094, 30.5643326692174, 0.0 ], [ 72.364238888014299, 30.564283352195002, 0.0 ], [ 72.364084176743404, 30.564136063028901, 0.0 ], [ 72.363964587595703, 30.5640629553412, 0.0 ], [ 72.363873532137902, 30.563989829667001, 0.0 ], [ 72.363814834287197, 30.563965560562199, 0.0 ], [ 72.363665229366902, 30.563868278198498, 0.0 ], [ 72.363517881744897, 30.5637956309636, 0.0 ], [ 72.363372654724301, 30.563747508241001, 0.0 ], [ 72.363257699783006, 30.5637236941932, 0.0 ], [ 72.363117908264897, 30.563725807600001, 0.0 ], [ 72.363006105447496, 30.563727527103801, 0.0 ], [ 72.362921663603998, 30.563728277138399, 0.0 ], [ 72.362666364960802, 30.563728884180701, 0.0 ], [ 72.362553860672193, 30.563730020923799, 0.0 ], [ 72.362414909120801, 30.563755895318401, 0.0 ], [ 72.362249002189699, 30.563806133246501, 0.0 ], [ 72.362111604666893, 30.5638566949306, 0.0 ], [ 72.3619732466681, 30.563906577626501, 0.0 ], [ 72.361775562192506, 30.5639536211627, 0.0 ], [ 72.361663384357797, 30.564001017233199, 0.0 ], [ 72.361579634992196, 30.564025905970801, 0.0 ], [ 72.361499064730097, 30.5641000586708, 0.0 ], [ 72.361362200505198, 30.564198160316899, 0.0 ], [ 72.361279751559294, 30.5642476374186, 0.0 ], [ 72.3610888623612, 30.564373065864299, 0.0 ], [ 72.360952255342298, 30.564450004664, 0.0 ], [ 72.360869361232105, 30.5644996337512, 0.0 ], [ 72.360758687963099, 30.564550601928801, 0.0 ], [ 72.360676112212801, 30.564600990942999, 0.0 ], [ 72.360538730877806, 30.5647011097685, 0.0 ], [ 72.360455692876002, 30.5647513234149, 0.0 ], [ 72.360290573751101, 30.5648768013234, 0.0 ], [ 72.360209623075704, 30.564977083825401, 0.0 ], [ 72.360157117057398, 30.5650773816159, 0.0 ], [ 72.360049543751501, 30.565228345411899, 0.0 ], [ 72.359914300104904, 30.565405403036898, 0.0 ], [ 72.359832933942798, 30.565507341190902, 0.0 ], [ 72.359696190227098, 30.565660710673299, 0.0 ], [ 72.359556813296393, 30.565763466311001, 0.0 ], [ 72.359444892667696, 30.565840706383501, 0.0 ], [ 72.359303971600994, 30.565918209957498, 0.0 ], [ 72.359220545991406, 30.565995533667, 0.0 ], [ 72.359108118145201, 30.566073122676499, 0.0 ], [ 72.358937516753002, 30.566150537217599, 0.0 ], [ 72.358738476999207, 30.5662303970153, 0.0 ], [ 72.358625414231497, 30.566308397015, 0.0 ], [ 72.358511632905604, 30.566361663859801, 0.0 ], [ 72.358396656380606, 30.566388261309299, 0.0 ], [ 72.358224733884398, 30.566441806044601, 0.0 ], [ 72.358109575696403, 30.566469043811399, 0.0 ], [ 72.357966069078898, 30.566521735090099, 0.0 ], [ 72.357763504881902, 30.566547634665699, 0.0 ], [ 72.357533273941499, 30.566626996238899, 0.0 ], [ 72.357360217400199, 30.5666801146956, 0.0 ], [ 72.357331717884506, 30.5667063002556, 0.0 ], [ 72.357128852414704, 30.566733590183102, 0.0 ], [ 72.3569840165991, 30.566760464623801, 0.0 ], [ 72.356780867842801, 30.566787025201101, 0.0 ], [ 72.356722740162397, 30.566787569291002, 0.0 ], [ 72.356577767649895, 30.566814605609601, 0.0 ], [ 72.356432375154, 30.566815547199798, 0.0 ], [ 72.356200037102099, 30.566844997298901, 0.0 ], [ 72.356141859059605, 30.566845963170699, 0.0 ], [ 72.356025464303798, 30.566847892216501, 0.0 ], [ 72.355850845640106, 30.566847913800199, 0.0 ], [ 72.355647301182003, 30.566848079275498, 0.0 ], [ 72.355501882605793, 30.5668755211884, 0.0 ], [ 72.355356348916402, 30.566876612965402, 0.0 ], [ 72.355181830077498, 30.5669026321508, 0.0 ], [ 72.355007261775796, 30.5669286576315, 0.0 ], [ 72.354745428658603, 30.566929131574199, 0.0 ], [ 72.354599893170601, 30.5669551075922, 0.0 ], [ 72.354425218748901, 30.566981143864702, 0.0 ], [ 72.354308852771396, 30.566981351608099, 0.0 ], [ 72.354076297083495, 30.566981096200699, 0.0 ], [ 72.3539890601471, 30.566981106093198, 0.0 ], [ 72.353843450015304, 30.566982366043401, 0.0 ], [ 72.353581322819807, 30.566984633234298, 0.0 ], [ 72.353464732011801, 30.566985929157301, 0.0 ], [ 72.353233008196796, 30.566983419149601, 0.0 ], [ 72.353059250184302, 30.566981767094902, 0.0 ], [ 72.352825761000105, 30.566961235572599, 0.0 ], [ 72.352707537922598, 30.566967186386599, 0.0 ], [ 72.352560244259905, 30.566972761283999, 0.0 ], [ 72.352413629585399, 30.5669761832044, 0.0 ], [ 72.352268865715601, 30.566974794651099, 0.0 ], [ 72.352124731371305, 30.5669720418263, 0.0 ], [ 72.351950554274694, 30.566971924914501, 0.0 ], [ 72.351774455326904, 30.567000315612098, 0.0 ], [ 72.351716363619303, 30.567000326403999, 0.0 ], [ 72.351481278138493, 30.567078571019302, 0.0 ], [ 72.351304562255805, 30.5671317272474, 0.0 ], [ 72.351155737047705, 30.567186949218399, 0.0 ], [ 72.351036057967704, 30.5672417467093, 0.0 ], [ 72.350857442716901, 30.567297626084599, 0.0 ], [ 72.350617175342407, 30.5674076059763, 0.0 ], [ 72.350467208894699, 30.567487651034298, 0.0 ], [ 72.350376245167595, 30.567566360599098, 0.0 ], [ 72.3502853704735, 30.567644730220199, 0.0 ], [ 72.350193810495995, 30.567748431944601, 0.0 ], [ 72.350073518977794, 30.567826946356501, 0.0 ], [ 72.349953350666695, 30.567880822941699, 0.0 ], [ 72.349832194000598, 30.567936211287201, 0.0 ], [ 72.349679945972795, 30.567994351558099, 0.0 ], [ 72.349588180949894, 30.568049181424598, 0.0 ], [ 72.349406482822999, 30.5681312616484, 0.0 ], [ 72.349281790022602, 30.568240076918102, 0.0 ], [ 72.349186372852898, 30.5683489128721, 0.0 ], [ 72.349122054239402, 30.568455046363301, 0.0 ], [ 72.349088641727505, 30.568534517653902, 0.0 ], [ 72.3489637987404, 30.568643129676701, 0.0 ] ] ] ] } },
{ "type": "Feature", "properties": { "Name": "R12", "district": "Khanewal", "province": "Punjab", "area_km2": 5.6507826889299997, "volume_MAF": 0.02792677624, "River": "Ravi", "Shape_Leng": 0.0986818214, "Shape_Area": 0.00053125685 }, "geometry": { "type": "MultiPolygon", "coordinates": [ [ [ [ 72.301702474589604, 30.558523732284499, 0.0 ], [ 72.3016472301356, 30.558383440743199, 0.0 ], [ 72.301482282781194, 30.558290496709098, 0.0 ], [ 72.301262477681206, 30.558197810780399, 0.0 ], [ 72.300993179291794, 30.558104838867301, 0.0 ], [ 72.300772224858306, 30.5580122779443, 0.0 ], [ 72.300606984324901, 30.557966249742702, 0.0 ], [ 72.300334092244597, 30.557826842234999, 0.0 ], [ 72.300170485779304, 30.557733810966699, 0.0 ], [ 72.299843422136306, 30.557594571632301, 0.0 ], [ 72.299625382405495, 30.557501745409301, 0.0 ], [ 72.299352904912695, 30.557409132325599, 0.0 ], [ 72.299135018965998, 30.5573631382982, 0.0 ], [ 72.298916989127804, 30.557270314773199, 0.0 ], [ 72.298644605164398, 30.5571776567235, 0.0 ], [ 72.298319718780107, 30.557131823674801, 0.0 ], [ 72.298101260864499, 30.557085803566999, 0.0 ], [ 72.297882808344994, 30.557040201644, 0.0 ], [ 72.29766542422, 30.556947100228601, 0.0 ], [ 72.297393391891603, 30.556901269877802, 0.0 ], [ 72.297066959572604, 30.556761915430101, 0.0 ], [ 72.296849336227893, 30.556669002872201, 0.0 ], [ 72.296577052089305, 30.556529454170999, 0.0 ], [ 72.2963579799369, 30.556389977415598, 0.0 ], [ 72.296248252754694, 30.556296855315701, 0.0 ], [ 72.295974750034802, 30.556157622276501, 0.0 ], [ 72.295864857377296, 30.5560177219403, 0.0 ], [ 72.295698786769705, 30.555831628826599, 0.0 ], [ 72.295588469632193, 30.555691831912601, 0.0 ], [ 72.295481499771398, 30.555504282796399, 0.0 ], [ 72.295427621387702, 30.555316777747102, 0.0 ], [ 72.295318452684498, 30.555082903653201, 0.0 ], [ 72.2952626155773, 30.5548960146394, 0.0 ], [ 72.295261015683394, 30.554708972741, 0.0 ], [ 72.295204088597899, 30.554475610361202, 0.0 ], [ 72.295203146108307, 30.554288849950499, 0.0 ], [ 72.295203385327994, 30.554101154244901, 0.0 ], [ 72.295201590281195, 30.553867014850901, 0.0 ], [ 72.295200215217804, 30.553679708551801, 0.0 ], [ 72.295144718054402, 30.553445967557401, 0.0 ], [ 72.295143849309198, 30.553165031041399, 0.0 ], [ 72.295141424736997, 30.5529314753074, 0.0 ], [ 72.295140782621104, 30.552744040405202, 0.0 ], [ 72.295086861969097, 30.552556429235899, 0.0 ], [ 72.295086965391206, 30.5523687191411, 0.0 ], [ 72.2950325483135, 30.5521812662525, 0.0 ], [ 72.294978041303594, 30.5519469137191, 0.0 ], [ 72.294869131605196, 30.551759679365802, 0.0 ], [ 72.294760195826399, 30.551525501300901, 0.0 ], [ 72.294596714366904, 30.551291729729599, 0.0 ], [ 72.2944871958275, 30.551057810669501, 0.0 ], [ 72.294378037916104, 30.550917581181501, 0.0 ], [ 72.294050922112405, 30.550590573296301, 0.0 ], [ 72.293941542068595, 30.550403314661299, 0.0 ], [ 72.293777595659506, 30.550122597579801, 0.0 ], [ 72.293612599741707, 30.549842511822501, 0.0 ], [ 72.293448472568997, 30.549561881975301, 0.0 ], [ 72.293338838916299, 30.5493279440295, 0.0 ], [ 72.293173564208701, 30.549142171973699, 0.0 ], [ 72.293063517767195, 30.548814516576702, 0.0 ], [ 72.292844531949598, 30.548628484616899, 0.0 ], [ 72.292626581251795, 30.5483476038589, 0.0 ], [ 72.292462595272596, 30.548160752616699, 0.0 ], [ 72.292297192861199, 30.5480221877738, 0.0 ], [ 72.291968879160507, 30.5477429671643, 0.0 ], [ 72.2918048068464, 30.547556309276299, 0.0 ], [ 72.291586132194297, 30.547417840660799, 0.0 ], [ 72.291257705179007, 30.547185799385201, 0.0 ], [ 72.290874718993194, 30.546813063672001, 0.0 ], [ 72.290603960104704, 30.5466242752901, 0.0 ], [ 72.290385359197003, 30.5464852131221, 0.0 ], [ 72.290220189710098, 30.546346784976201, 0.0 ], [ 72.289782706406797, 30.546068800035101, 0.0 ], [ 72.289564870822204, 30.545881812095999, 0.0 ], [ 72.289401413644399, 30.545694572346701, 0.0 ], [ 72.289346947103994, 30.545647815694199, 0.0 ], [ 72.289128880393505, 30.545413820191701, 0.0 ], [ 72.288855876797399, 30.5451337128506, 0.0 ], [ 72.288474262976905, 30.544853885198702, 0.0 ], [ 72.288201818759006, 30.544667226411399, 0.0 ], [ 72.287820488224995, 30.544434016916401, 0.0 ], [ 72.287493466850094, 30.544247808689502, 0.0 ], [ 72.287275876780399, 30.5441073453777, 0.0 ], [ 72.287002810231598, 30.543968651931799, 0.0 ], [ 72.286675036124095, 30.543783816070299, 0.0 ], [ 72.286293686704298, 30.543597783211201, 0.0 ], [ 72.286075848421703, 30.5435048238886, 0.0 ], [ 72.285586111809707, 30.543365761720601, 0.0 ], [ 72.285042029166405, 30.5432268092699, 0.0 ], [ 72.284552773691601, 30.542991991787101, 0.0 ], [ 72.284171469237904, 30.542852827995699, 0.0 ], [ 72.283898950376297, 30.542713344945, 0.0 ], [ 72.283572238368194, 30.5426209899668, 0.0 ], [ 72.283191549950104, 30.54262264382, 0.0 ], [ 72.282811077369402, 30.5426711451573, 0.0 ], [ 72.282431132690704, 30.5427180906674, 0.0 ], [ 72.282268350004401, 30.542765137800899, 0.0 ], [ 72.281724832135396, 30.5429091417436, 0.0 ], [ 72.281344329877001, 30.5430053152431, 0.0 ], [ 72.280747464224106, 30.543193904874801, 0.0 ], [ 72.280367686819403, 30.543335147898802, 0.0 ], [ 72.280096160809293, 30.543382489110598, 0.0 ], [ 72.279770004582105, 30.543479380269201, 0.0 ], [ 72.279444366364501, 30.543621658412899, 0.0 ], [ 72.2790644117932, 30.543763666759801, 0.0 ], [ 72.278956467067403, 30.543903756852998, 0.0 ], [ 72.278739226833906, 30.543951488370599, 0.0 ], [ 72.278522503710604, 30.544092255653101, 0.0 ], [ 72.278143100423804, 30.544327422972199, 0.0 ], [ 72.277763115275604, 30.544469548231099, 0.0 ], [ 72.277329100657496, 30.544658290747599, 0.0 ], [ 72.276840950449596, 30.544894145148699, 0.0 ], [ 72.276678514901604, 30.545035333314001, 0.0 ], [ 72.276461483310896, 30.545129745041798, 0.0 ], [ 72.276190315230906, 30.545270863959299, 0.0 ], [ 72.275864979185499, 30.545458901407201, 0.0 ], [ 72.275430683079605, 30.545600309007099, 0.0 ], [ 72.275213633502503, 30.545694412267402, 0.0 ], [ 72.274996783574693, 30.545835319844201, 0.0 ], [ 72.2747257665809, 30.546023157642701, 0.0 ], [ 72.274454530152497, 30.546163965394701, 0.0 ], [ 72.274237276429204, 30.546303853140401, 0.0 ], [ 72.273912186798, 30.546493404147299, 0.0 ], [ 72.273532397702098, 30.5466820594295, 0.0 ], [ 72.273423943959898, 30.546821250200601, 0.0 ], [ 72.273042788793703, 30.5470503048277, 0.0 ], [ 72.272770420118803, 30.547234190105801, 0.0 ], [ 72.272444762116194, 30.547422679013501, 0.0 ], [ 72.272122748166296, 30.547714829176101, 0.0 ], [ 72.271906430637301, 30.5479040096624, 0.0 ], [ 72.2716350763977, 30.548045019761901, 0.0 ], [ 72.271309889639696, 30.5482804370926, 0.0 ], [ 72.271038531802802, 30.548421638747701, 0.0 ], [ 72.270821523594506, 30.5485626047804, 0.0 ], [ 72.270439577024902, 30.5487006866874, 0.0 ], [ 72.270115525211395, 30.5487990644253, 0.0 ], [ 72.270007089455603, 30.548846488374799, 0.0 ], [ 72.2696272221187, 30.5489421132879, 0.0 ], [ 72.269247842214199, 30.5490849634004, 0.0 ], [ 72.268871398596204, 30.5491856703824, 0.0 ], [ 72.268762504186299, 30.549278725033201, 0.0 ], [ 72.268380982996007, 30.549371633094399, 0.0 ], [ 72.268107526141506, 30.5494168510069, 0.0 ], [ 72.267891068318207, 30.549465410800099, 0.0 ], [ 72.267729809982796, 30.549514907686898, 0.0 ], [ 72.267512369200503, 30.549515645130999, 0.0 ], [ 72.267132376857802, 30.5496106836862, 0.0 ], [ 72.266969299193903, 30.549611238567898, 0.0 ], [ 72.266752394407504, 30.549705725838599, 0.0 ], [ 72.266753461902795, 30.5498932173981, 0.0 ], [ 72.266699383869494, 30.550173214122601, 0.0 ], [ 72.266699973824799, 30.550360172384099, 0.0 ], [ 72.266592941011496, 30.550595280347999, 0.0 ], [ 72.266485203129704, 30.550783037207498, 0.0 ], [ 72.266377915808206, 30.551111069420401, 0.0 ], [ 72.266215462273806, 30.551298676093101, 0.0 ], [ 72.266107523843203, 30.551532873043701, 0.0 ], [ 72.265999418138705, 30.551720307945899, 0.0 ], [ 72.265835219919495, 30.5519531307324, 0.0 ], [ 72.265725926210607, 30.552139711278699, 0.0 ], [ 72.265618458125402, 30.552374428037499, 0.0 ], [ 72.265511265232803, 30.5527026823829, 0.0 ], [ 72.265457869784896, 30.552936971064401, 0.0 ], [ 72.265350449363794, 30.553171713903499, 0.0 ], [ 72.265351160727604, 30.553405633863001, 0.0 ], [ 72.265351870292605, 30.5536395781041, 0.0 ], [ 72.265352869439397, 30.5539671156899, 0.0 ], [ 72.265407514045606, 30.5541539210666, 0.0 ], [ 72.265462164946996, 30.554340749825801, 0.0 ], [ 72.265571053960997, 30.5545740411591, 0.0 ], [ 72.2656818828127, 30.5547149316488, 0.0 ], [ 72.265791666652106, 30.5549954994428, 0.0 ], [ 72.266010173131093, 30.555275604985201, 0.0 ], [ 72.266174165405502, 30.555415679789899, 0.0 ], [ 72.266283272055404, 30.555555671856801, 0.0 ], [ 72.266501747058001, 30.555789082800001, 0.0 ], [ 72.266608360787302, 30.556021364194599, 0.0 ], [ 72.266774549206204, 30.556302725190701, 0.0 ], [ 72.2669395208422, 30.556536734182998, 0.0 ], [ 72.266995519827404, 30.5567242590174, 0.0 ], [ 72.267051206747894, 30.556958393914801, 0.0 ], [ 72.267105952977403, 30.557192188868498, 0.0 ], [ 72.267160923138107, 30.557519588858, 0.0 ], [ 72.267161842245301, 30.557800591923801, 0.0 ], [ 72.267162916935106, 30.558128453265599, 0.0 ], [ 72.267167040326697, 30.5584571078093, 0.0 ], [ 72.267169487382006, 30.5586447990183, 0.0 ], [ 72.267171402038599, 30.559019541119, 0.0 ], [ 72.267118577660298, 30.559394364158599, 0.0 ], [ 72.267065532048704, 30.5597223747878, 0.0 ], [ 72.267066504215805, 30.559956542960201, 0.0 ], [ 72.267067086976596, 30.5600970494393, 0.0 ], [ 72.267067863990803, 30.560284392610701, 0.0 ], [ 72.267177651427502, 30.560518208248801, 0.0 ], [ 72.267396012216196, 30.560704810378802, 0.0 ], [ 72.267722950853596, 30.560844216087698, 0.0 ], [ 72.267831930699103, 30.560890690353101, 0.0 ], [ 72.267995303340598, 30.560936971264301, 0.0 ], [ 72.268267177388395, 30.560936026976101, 0.0 ], [ 72.268539091905595, 30.560935105171001, 0.0 ], [ 72.268702219032306, 30.5609345556853, 0.0 ], [ 72.268973776518607, 30.560886792691399, 0.0 ], [ 72.269245062409794, 30.560792192106, 0.0 ], [ 72.269461992377103, 30.560697766888499, 0.0 ], [ 72.269788452575099, 30.560696739862699, 0.0 ], [ 72.270060370689606, 30.560695708340301, 0.0 ], [ 72.270277839350896, 30.5606949879834, 0.0 ], [ 72.270495555325695, 30.560694174096898, 0.0 ], [ 72.270767818779902, 30.560693370102999, 0.0 ], [ 72.271094343729004, 30.560692218071399, 0.0 ], [ 72.271420938825301, 30.560691104710799, 0.0 ], [ 72.271747726376503, 30.560736830740201, 0.0 ], [ 72.272019845039907, 30.560735900841198, 0.0 ], [ 72.272291663329696, 30.5607818202249, 0.0 ], [ 72.272564055386894, 30.560874557414898, 0.0 ], [ 72.272727646563695, 30.560920824836298, 0.0 ], [ 72.273000079090394, 30.560966707347699, 0.0 ], [ 72.273326961070396, 30.5610592475863, 0.0 ], [ 72.273544570025905, 30.5610584948537, 0.0 ], [ 72.273708010116593, 30.561104729899402, 0.0 ], [ 72.274034395670895, 30.561103603948201, 0.0 ], [ 72.274306375838606, 30.5611026659553, 0.0 ], [ 72.274578186933795, 30.561101760338001, 0.0 ], [ 72.274795505408306, 30.561101051672299, 0.0 ], [ 72.275121709299498, 30.561146869432498, 0.0 ], [ 72.275665673232297, 30.561192010902602, 0.0 ], [ 72.275992153215299, 30.5611909712864, 0.0 ], [ 72.276427880142606, 30.561236448203601, 0.0 ], [ 72.2767545552786, 30.561281916127601, 0.0 ], [ 72.277026786357197, 30.5613744185946, 0.0 ], [ 72.277298806994395, 30.561420158113801, 0.0 ], [ 72.2776799495701, 30.5615124987029, 0.0 ], [ 72.278006500599602, 30.5615582049472, 0.0 ], [ 72.278333433840899, 30.561697545005799, 0.0 ], [ 72.278442410089198, 30.561743993190799, 0.0 ], [ 72.278823900702506, 30.561929948708201, 0.0 ], [ 72.279205393114495, 30.562162671669999, 0.0 ], [ 72.279369120088901, 30.562302515348801, 0.0 ], [ 72.279587395441993, 30.562488985278499, 0.0 ], [ 72.279805865048701, 30.562722253229499, 0.0 ], [ 72.280079081784294, 30.563048923868799, 0.0 ], [ 72.280133847798893, 30.563142338248401, 0.0 ], [ 72.280188817959598, 30.563282552447902, 0.0 ], [ 72.280352895669594, 30.5635159678877, 0.0 ], [ 72.280462205566394, 30.563655968947799, 0.0 ], [ 72.280626068338407, 30.563842577373102, 0.0 ], [ 72.280898705910602, 30.563935238120798, 0.0 ], [ 72.281062729661301, 30.563982180033602, 0.0 ], [ 72.281389219536905, 30.5640278889759, 0.0 ], [ 72.2816608282847, 30.564026763924101, 0.0 ], [ 72.2820419510753, 30.564025628080302, 0.0 ], [ 72.2823136362654, 30.564024717966401, 0.0 ], [ 72.282584592105295, 30.563976574559302, 0.0 ], [ 72.282747015962102, 30.5639289671482, 0.0 ], [ 72.283236792144294, 30.563880704131201, 0.0 ], [ 72.283454034176401, 30.5638798650638, 0.0 ], [ 72.283617315087099, 30.563879365040702, 0.0 ], [ 72.283943471314203, 30.563878045735301, 0.0 ], [ 72.284214530576193, 30.5638767866844, 0.0 ], [ 72.284485360510999, 30.5638287431021, 0.0 ], [ 72.2847026394153, 30.5638280299397, 0.0 ], [ 72.285028496168195, 30.5637333151404, 0.0 ], [ 72.285191428141999, 30.563685955942201, 0.0 ], [ 72.285408567651402, 30.563638283779799, 0.0 ], [ 72.285680037903504, 30.563543748844999, 0.0 ], [ 72.286060997017401, 30.563402402398999, 0.0 ], [ 72.286333053627601, 30.563354626814601, 0.0 ], [ 72.286441099976898, 30.5633540620404, 0.0 ], [ 72.286712482994702, 30.5633530988665, 0.0 ], [ 72.287093353075804, 30.563398513730501, 0.0 ], [ 72.287474742965102, 30.5633974480339, 0.0 ], [ 72.287583581617099, 30.5633970838084, 0.0 ], [ 72.287910538240794, 30.563536368108899, 0.0 ], [ 72.288127271256599, 30.563535427418099, 0.0 ], [ 72.288399761340003, 30.5636280710787, 0.0 ], [ 72.288617850533498, 30.563674208098298, 0.0 ], [ 72.289053426374593, 30.563766345440499, 0.0 ], [ 72.289326056752202, 30.5638590673422, 0.0 ], [ 72.289816262810305, 30.563997944249799, 0.0 ], [ 72.290034477908904, 30.564044107349702, 0.0 ], [ 72.290254277612902, 30.564090560930701, 0.0 ], [ 72.290579822300998, 30.564136017163499, 0.0 ], [ 72.2910691317351, 30.564274564919302, 0.0 ], [ 72.291286622879397, 30.5642737888044, 0.0 ], [ 72.291776154445998, 30.564365643759501, 0.0 ], [ 72.292047845931407, 30.564364628424901, 0.0 ], [ 72.292320859420201, 30.564457472634299, 0.0 ], [ 72.292648560682593, 30.5645034711583, 0.0 ], [ 72.293028010734204, 30.564595184919899, 0.0 ], [ 72.293352674985996, 30.5646871882632, 0.0 ], [ 72.293570518664595, 30.5647331481163, 0.0 ], [ 72.293793775362502, 30.5647806188305, 0.0 ], [ 72.294118972912301, 30.564872740884301, 0.0 ], [ 72.294389890980796, 30.5649183050358, 0.0 ], [ 72.294606669862006, 30.565010891139799, 0.0 ], [ 72.294986054263106, 30.565196273789098, 0.0 ], [ 72.295149943115504, 30.565242628444601, 0.0 ], [ 72.2953673227438, 30.5653353629367, 0.0 ], [ 72.295639277730501, 30.565474628351499, 0.0 ], [ 72.2958551986586, 30.565613764263801, 0.0 ], [ 72.296180739749403, 30.565752696929501, 0.0 ], [ 72.296398586125903, 30.565892257321899, 0.0 ], [ 72.296670759647895, 30.565984866808201, 0.0 ], [ 72.296942932270596, 30.5660774735966, 0.0 ], [ 72.297215031148795, 30.5661233192358, 0.0 ], [ 72.297487128228497, 30.5661691639758, 0.0 ], [ 72.297650351582504, 30.566168612691399, 0.0 ], [ 72.297867984819703, 30.566167876146601, 0.0 ], [ 72.298301404086601, 30.566119289373798, 0.0 ], [ 72.298573494870894, 30.566071673868699, 0.0 ], [ 72.2987894760535, 30.566070406723998, 0.0 ], [ 72.2988982940211, 30.5660700415992, 0.0 ], [ 72.299224148975298, 30.5659753043169, 0.0 ], [ 72.299496571609595, 30.565974338444999, 0.0 ], [ 72.299713919761601, 30.565880063414198, 0.0 ], [ 72.2999312598199, 30.565785791980801, 0.0 ], [ 72.3002558332402, 30.5655505707023, 0.0 ], [ 72.300471698410206, 30.565362508073299, 0.0 ], [ 72.300579761846606, 30.565268431792699, 0.0 ], [ 72.3006873180653, 30.565080791845102, 0.0 ], [ 72.300903721029997, 30.564846149730101, 0.0 ], [ 72.301068023570494, 30.564611702767898, 0.0 ], [ 72.301122597130203, 30.564471232261599, 0.0 ], [ 72.301230998711702, 30.5642370443042, 0.0 ], [ 72.301337484737203, 30.563955504343099, 0.0 ], [ 72.3013923047112, 30.563768377009101, 0.0 ], [ 72.301446979894294, 30.5636279038048, 0.0 ], [ 72.301554391322199, 30.5632998518068, 0.0 ], [ 72.301553123278097, 30.563018935975201, 0.0 ], [ 72.301661107574105, 30.5626909217487, 0.0 ], [ 72.301660415995499, 30.5624569559238, 0.0 ], [ 72.301660431283906, 30.562129337399, 0.0 ], [ 72.301659665061507, 30.561848449446401, 0.0 ], [ 72.301657863719498, 30.561473917787101, 0.0 ], [ 72.3016580840534, 30.561239815265299, 0.0 ], [ 72.301658495043597, 30.561052526053299, 0.0 ], [ 72.301659060717199, 30.5608183866593, 0.0 ], [ 72.301653107205198, 30.560396949059999, 0.0 ], [ 72.301652480377697, 30.559975569916698, 0.0 ], [ 72.301704307407903, 30.559694468824699, 0.0 ], [ 72.301703176060798, 30.559273043815899, 0.0 ], [ 72.301702319006907, 30.558804801900099, 0.0 ], [ 72.301702474589604, 30.558523732284499, 0.0 ] ] ] ] } },
{ "type": "Feature", "properties": { "Name": "R13", "district": "Khanewal", "province": "Punjab", "area_km2": 4.4307312265599998, "volume_MAF": 0.0218971506, "River": "Ravi", "Shape_Leng": 0.10144704968, "Shape_Area": 0.00041682174 }, "geometry": { "type": "MultiPolygon", "coordinates": [ [ [ [ 71.907202149859401, 30.626508613681601, 0.0 ], [ 71.907203584277994, 30.626364609738999, 0.0 ], [ 71.907456837862796, 30.6266529944402, 0.0 ], [ 71.9077118469243, 30.626797554163801, 0.0 ], [ 71.907965847845702, 30.627135769400301, 0.0 ], [ 71.908118693922603, 30.62732881877, 0.0 ], [ 71.908271557086707, 30.6275703838662, 0.0 ], [ 71.908373917922006, 30.6276676950081, 0.0 ], [ 71.908424449029198, 30.6278618487454, 0.0 ], [ 71.908629272323097, 30.628154283993101, 0.0 ], [ 71.9088345623652, 30.628448894700799, 0.0 ], [ 71.9089372874259, 30.628645133965801, 0.0 ], [ 71.909195227377893, 30.628892348603099, 0.0 ], [ 71.909453814841797, 30.629088221844, 0.0 ], [ 71.909661005151307, 30.629284747992799, 0.0 ], [ 71.909920326461901, 30.629431689121201, 0.0 ], [ 71.910336110922898, 30.629725202656001, 0.0 ], [ 71.910492092935797, 30.6298185307007, 0.0 ], [ 71.910856288686801, 30.629964328790798, 0.0 ], [ 71.9111682104446, 30.630010395663302, 0.0 ], [ 71.9114283393465, 30.6300586200094, 0.0 ], [ 71.9117409589782, 30.630155817836801, 0.0 ], [ 71.911949366070402, 30.630204488246601, 0.0 ], [ 71.912262715951599, 30.630306478561199, 0.0 ], [ 71.912366773807605, 30.630306549607599, 0.0 ], [ 71.912733147716693, 30.6305001385706, 0.0 ], [ 71.913047282706003, 30.630645103888501, 0.0 ], [ 71.913467391107204, 30.630888107000601, 0.0 ], [ 71.913677065344402, 30.630940130083001, 0.0 ], [ 71.913836156313593, 30.631089501179598, 0.0 ], [ 71.913942089256096, 30.631187342921599, 0.0 ], [ 71.914152503635194, 30.6312850326782, 0.0 ], [ 71.9144707512243, 30.631533795947998, 0.0 ], [ 71.914629208171405, 30.6316307590523, 0.0 ], [ 71.914946912570002, 30.6317849001531, 0.0 ], [ 71.915213843943803, 30.631989127196501, 0.0 ], [ 71.915532543891899, 30.632143831272899, 0.0 ], [ 71.915744946672007, 30.6322452918868, 0.0 ], [ 71.916062520668802, 30.632347043881001, 0.0 ], [ 71.916274350580906, 30.632400236082098, 0.0 ], [ 71.916592965992706, 30.632504823638701, 0.0 ], [ 71.916752179269693, 30.632556114673001, 0.0 ], [ 71.917121692712001, 30.632607671906602, 0.0 ], [ 71.917280995021898, 30.632658491696098, 0.0 ], [ 71.917492860906904, 30.632709014709299, 0.0 ], [ 71.918023772978799, 30.632860590044199, 0.0 ], [ 71.918501630445903, 30.632964630813099, 0.0 ], [ 71.918819172966494, 30.633014636716201, 0.0 ], [ 71.919085532371497, 30.633113231190698, 0.0 ], [ 71.919298026882501, 30.6331632766639, 0.0 ], [ 71.919561173009797, 30.633162591380501, 0.0 ], [ 71.919827491945199, 30.633216097445001, 0.0 ], [ 71.920248344085806, 30.633213994830001, 0.0 ], [ 71.920618551804793, 30.633218456366698, 0.0 ], [ 71.920880417297496, 30.6332135991283, 0.0 ], [ 71.921090939595203, 30.6332129309321, 0.0 ], [ 71.921406711350699, 30.633211928188, 0.0 ], [ 71.921722474112897, 30.633210925443901, 0.0 ], [ 71.921930375786204, 30.633159450048701, 0.0 ], [ 71.922393038308101, 30.632954743666499, 0.0 ], [ 71.922545265651493, 30.632852801016, 0.0 ], [ 71.922747108592304, 30.632700150991202, 0.0 ], [ 71.922840744205004, 30.6324969455776, 0.0 ], [ 71.922933791661194, 30.632293035994799, 0.0 ], [ 71.922916447336206, 30.631989399691101, 0.0 ], [ 71.922902024908595, 30.6317369716839, 0.0 ], [ 71.922884760623305, 30.631434775194698, 0.0 ], [ 71.9228818908866, 30.631384484206599, 0.0 ], [ 71.922757829410301, 30.6310340588748, 0.0 ], [ 71.922697348204096, 30.630884266895499, 0.0 ], [ 71.9225792168574, 30.6306347140209, 0.0 ], [ 71.922462218656506, 30.6304310400605, 0.0 ], [ 71.922349824085202, 30.630238246098301, 0.0 ], [ 71.922124955802104, 30.629895431728901, 0.0 ], [ 71.922008302041505, 30.629648875395301, 0.0 ], [ 71.921892675306793, 30.6294048101839, 0.0 ], [ 71.921722594622096, 30.629111176139901, 0.0 ], [ 71.921666290766794, 30.629014157277599, 0.0 ], [ 71.921550880768606, 30.628727421033702, 0.0 ], [ 71.921488579334607, 30.6285298588659, 0.0 ], [ 71.9214276601584, 30.628335804054199, 0.0 ], [ 71.921311150289398, 30.628046456179, 0.0 ], [ 71.921303590588295, 30.627899690418399, 0.0 ], [ 71.921237966159296, 30.627609034929101, 0.0 ], [ 71.921230470309993, 30.627462822251498, 0.0 ], [ 71.921214545115205, 30.6271260549236, 0.0 ], [ 71.921201495952303, 30.626882070651099, 0.0 ], [ 71.921184708307706, 30.626587192844699, 0.0 ], [ 71.921215921977307, 30.626243267812601, 0.0 ], [ 71.921249302113694, 30.625905759443299, 0.0 ], [ 71.921294272712501, 30.625807197344301, 0.0 ], [ 71.921385350653495, 30.625570981415699, 0.0 ], [ 71.921468289729802, 30.625233143894501, 0.0 ], [ 71.9216105678735, 30.625041712405199, 0.0 ], [ 71.921696273264402, 30.624754770216501, 0.0 ], [ 71.921788330566997, 30.6245242433992, 0.0 ], [ 71.921928489907899, 30.6242890104295, 0.0 ], [ 71.922069608825396, 30.624056725437601, 0.0 ], [ 71.922156552582905, 30.6238603719586, 0.0 ], [ 71.922291584888796, 30.623534380307401, 0.0 ], [ 71.922531455662195, 30.6233424919625, 0.0 ], [ 71.922575018822101, 30.623204051226001, 0.0 ], [ 71.922762317027406, 30.622926762360201, 0.0 ], [ 71.922903961149004, 30.622784110998001, 0.0 ], [ 71.923096851338698, 30.622643746611701, 0.0 ], [ 71.923329628259793, 30.622402936046701, 0.0 ], [ 71.923475516282096, 30.622269509030701, 0.0 ], [ 71.923575580248894, 30.6222269836884, 0.0 ], [ 71.923721326178295, 30.622093667289001, 0.0 ], [ 71.924065768320602, 30.621956936163699, 0.0 ], [ 71.924256812202202, 30.621816740850001, 0.0 ], [ 71.9247913197636, 30.621582289391199, 0.0 ], [ 71.925033200521895, 30.621445013276801, 0.0 ], [ 71.9252775661068, 30.621353079181301, 0.0 ], [ 71.925521743733597, 30.621261209837002, 0.0 ], [ 71.925856788859804, 30.621074240783599, 0.0 ], [ 71.926198133736904, 30.620979571849801, 0.0 ], [ 71.926344841041598, 30.620933771176599, 0.0 ], [ 71.92643808455, 30.620842176125599, 0.0 ], [ 71.926727723805499, 30.620704952171899, 0.0 ], [ 71.927020901893201, 30.620614101759401, 0.0 ], [ 71.927315392991005, 30.620525031105299, 0.0 ], [ 71.927648069303004, 30.6203397833544, 0.0 ], [ 71.9277414962731, 30.620291150716099, 0.0 ], [ 71.9280805020136, 30.620155622883701, 0.0 ], [ 71.928316860035096, 30.6200174060785, 0.0 ], [ 71.928596377420902, 30.619831375017998, 0.0 ], [ 71.928877777087806, 30.619606990570201, 0.0 ], [ 71.929065565423599, 30.619471725339899, 0.0 ], [ 71.929203000718005, 30.619336219091299, 0.0 ], [ 71.929336430432002, 30.6191559535844, 0.0 ], [ 71.929370428402606, 30.6189758913244, 0.0 ], [ 71.929394870177205, 30.618704758318, 0.0 ], [ 71.9293562550872, 30.618297903225699, 0.0 ], [ 71.929337815387996, 30.618075519769501, 0.0 ], [ 71.929264233757493, 30.617807078434002, 0.0 ], [ 71.9291501259776, 30.617629060332899, 0.0 ], [ 71.928983999611901, 30.617407728184201, 0.0 ], [ 71.928825580436197, 30.617275283227801, 0.0 ], [ 71.928667339326296, 30.6171429893575, 0.0 ], [ 71.928509273584197, 30.6170108447747, 0.0 ], [ 71.928234359827897, 30.616698547100299, 0.0 ], [ 71.927924291572893, 30.6164804669001, 0.0 ], [ 71.927767035220498, 30.616308315975999, 0.0 ], [ 71.927564621210394, 30.6162210682477, 0.0 ], [ 71.927358994821802, 30.616090243869699, 0.0 ], [ 71.926999070850499, 30.615952143976301, 0.0 ], [ 71.926653304906196, 30.615867665260598, 0.0 ], [ 71.926357160854394, 30.615783873626899, 0.0 ], [ 71.926111157603899, 30.6157417637714, 0.0 ], [ 71.9258175235599, 30.6157414615992, 0.0 ], [ 71.925520579111506, 30.615697250028099, 0.0 ], [ 71.925223781252598, 30.615653061839399, 0.0 ], [ 71.924874536730599, 30.615604860875699, 0.0 ], [ 71.924536951019505, 30.615609539148998, 0.0 ], [ 71.924441622882597, 30.615571494229101, 0.0 ], [ 71.924247005994602, 30.615531753187899, 0.0 ], [ 71.924047143360994, 30.615486337424599, 0.0 ], [ 71.923847950722404, 30.615401013346101, 0.0 ], [ 71.923547862244106, 30.6153524526536, 0.0 ], [ 71.923158472885305, 30.615272318562699, 0.0 ], [ 71.922900491564505, 30.6151345343313, 0.0 ], [ 71.922851507291298, 30.615134427312, 0.0 ], [ 71.922602390587898, 30.615047158, 0.0 ], [ 71.922303154666906, 30.6149173561511, 0.0 ], [ 71.922004646297495, 30.6147882395857, 0.0 ], [ 71.921803799805602, 30.6147401510372, 0.0 ], [ 71.921402049265197, 30.6145220078844, 0.0 ], [ 71.921058742067402, 30.614356850088601, 0.0 ], [ 71.920909498674504, 30.614271615042998, 0.0 ], [ 71.920563048346096, 30.614101642276999, 0.0 ], [ 71.920060752701701, 30.6138365796945, 0.0 ], [ 71.919667284018004, 30.6136271635628, 0.0 ], [ 71.919519649512296, 30.613543377325101, 0.0 ], [ 71.919323476797004, 30.613459765555799, 0.0 ], [ 71.919124403768294, 30.613330963753, 0.0 ], [ 71.918825182236404, 30.6131571490832, 0.0 ], [ 71.918524421964506, 30.6129399070511, 0.0 ], [ 71.918327518999803, 30.612853769985499, 0.0 ], [ 71.918130498223903, 30.612727274943801, 0.0 ], [ 71.917981626251105, 30.612600562266199, 0.0 ], [ 71.917735409861294, 30.612432107555801, 0.0 ], [ 71.917388803050898, 30.6121367719945, 0.0 ], [ 71.9172386702285, 30.611967491706402, 0.0 ], [ 71.916990201936301, 30.611714541193201, 0.0 ], [ 71.916838088806799, 30.611462049334101, 0.0 ], [ 71.916786091804696, 30.611335987765699, 0.0 ], [ 71.916636782761401, 30.611127728162199, 0.0 ], [ 71.916436655727097, 30.610914552864401, 0.0 ], [ 71.916092933042506, 30.6106609440474, 0.0 ], [ 71.915512185938695, 30.6103294152704, 0.0 ], [ 71.915079194749097, 30.610123627003802, 0.0 ], [ 71.9147892317377, 30.609957032091401, 0.0 ], [ 71.914550395184605, 30.609876050839102, 0.0 ], [ 71.914406618770499, 30.609794782703101, 0.0 ], [ 71.9140716410934, 30.6096716646157, 0.0 ], [ 71.9137379215679, 30.609550947718098, 0.0 ], [ 71.913547410984293, 30.609510576252099, 0.0 ], [ 71.9134035419399, 30.609428320660498, 0.0 ], [ 71.913022048628704, 30.609305582087, 0.0 ], [ 71.912878538413807, 30.60922354593, 0.0 ], [ 71.912734399572898, 30.6090999224235, 0.0 ], [ 71.912493865099904, 30.6088526727127, 0.0 ], [ 71.912254419705803, 30.608647197410299, 0.0 ], [ 71.912158721947506, 30.608564895953201, 0.0 ], [ 71.912063106926894, 30.608482664643301, 0.0 ], [ 71.911919514873802, 30.6083190527821, 0.0 ], [ 71.911681694554602, 30.608116773670201, 0.0 ], [ 71.911491765832395, 30.607955173592401, 0.0 ], [ 71.9113018865729, 30.607831880137201, 0.0 ], [ 71.911112518128306, 30.6077101982671, 0.0 ], [ 71.910969919826002, 30.607547036066901, 0.0 ], [ 71.910828362938702, 30.607427830030399, 0.0 ], [ 71.910592029198796, 30.607264550019, 0.0 ], [ 71.9103561442207, 30.6070995747856, 0.0 ], [ 71.910215024403897, 30.606978510749698, 0.0 ], [ 71.910027023828107, 30.606859146432502, 0.0 ], [ 71.909839150056797, 30.606739858557699, 0.0 ], [ 71.909604442291297, 30.606580638086001, 0.0 ], [ 71.909463821598095, 30.606460730578299, 0.0 ], [ 71.9093234032525, 30.606338796898001, 0.0 ], [ 71.909089977920203, 30.606096715591001, 0.0 ], [ 71.908809786042895, 30.605937764916, 0.0 ], [ 71.908623495078302, 30.605738644223099, 0.0 ], [ 71.908438119623597, 30.605537526135901, 0.0 ], [ 71.908253579639094, 30.6052971346551, 0.0 ], [ 71.907928868622406, 30.604982436690101, 0.0 ], [ 71.9077442288132, 30.604823653288999, 0.0 ], [ 71.907513856679202, 30.604625518253101, 0.0 ], [ 71.907283024092393, 30.604506891380002, 0.0 ], [ 71.907097832099296, 30.604467579315401, 0.0 ], [ 71.906774800117006, 30.6043103202651, 0.0 ], [ 71.906589662982597, 30.604271301379502, 0.0 ], [ 71.906264797282603, 30.6042719947568, 0.0 ], [ 71.906079171816401, 30.604272316714098, 0.0 ], [ 71.905754580409607, 30.604272601799199, 0.0 ], [ 71.905430468341507, 30.604272404847698, 0.0 ], [ 71.905106519050705, 30.6042335082698, 0.0 ], [ 71.9047375029335, 30.604155028931501, 0.0 ], [ 71.904320725621105, 30.604116540645901, 0.0 ], [ 71.904088332710401, 30.604040026326199, 0.0 ], [ 71.903718684369807, 30.6039624220282, 0.0 ], [ 71.903490598312501, 30.603883200749198, 0.0 ], [ 71.903356449140901, 30.603726116167401, 0.0 ], [ 71.9031787943659, 30.603490920069898, 0.0 ], [ 71.903090944991206, 30.603373090895499, 0.0 ], [ 71.902827463416799, 30.6030593597017, 0.0 ], [ 71.902645400165198, 30.602981676263401, 0.0 ], [ 71.902368996232298, 30.602904854375598, 0.0 ], [ 71.902092905263402, 30.602866863414999, 0.0 ], [ 71.901863176144701, 30.6028284812494, 0.0 ], [ 71.901588274979005, 30.602789861662799, 0.0 ], [ 71.901450193071994, 30.602789969581501, 0.0 ], [ 71.901081533086298, 30.6027904147459, 0.0 ], [ 71.900943299193997, 30.602790509174699, 0.0 ], [ 71.900616497253594, 30.602869066754099, 0.0 ], [ 71.900471431211699, 30.602948238570399, 0.0 ], [ 71.900277919590394, 30.603105148683699, 0.0 ], [ 71.899990314601396, 30.603301450002, 0.0 ], [ 71.899941397777397, 30.603379449102398, 0.0 ], [ 71.899842493036701, 30.603535970708499, 0.0 ], [ 71.899703995642895, 30.603651594745401, 0.0 ], [ 71.899561489970793, 30.6039229687701, 0.0 ], [ 71.899417157775602, 30.604118137841901, 0.0 ], [ 71.899369791382796, 30.604195777213398, 0.0 ], [ 71.899225767655096, 30.604390992150599, 0.0 ], [ 71.899120433661196, 30.604551014817599, 0.0 ], [ 71.899058536921999, 30.604751326212799, 0.0 ], [ 71.898850181091106, 30.6051105882831, 0.0 ], [ 71.898839781330906, 30.605270858263601, 0.0 ], [ 71.898686273352894, 30.605471976350699, 0.0 ], [ 71.898625060098496, 30.6056739380019, 0.0 ], [ 71.898516127917006, 30.6060718052697, 0.0 ], [ 71.898507897321707, 30.606271370227599, 0.0 ], [ 71.898498746719795, 30.6064717580653, 0.0 ], [ 71.898491383070905, 30.606710485800299, 0.0 ], [ 71.898487985432197, 30.6068688582113, 0.0 ], [ 71.898483149777604, 30.606950045408301, 0.0 ], [ 71.898611601744093, 30.607192561987201, 0.0 ], [ 71.898697397067295, 30.6073545451762, 0.0 ], [ 71.898785681713903, 30.607475940162502, 0.0 ], [ 71.898919451371597, 30.607637830721401, 0.0 ], [ 71.899139720521802, 30.607805606443598, 0.0 ], [ 71.899359663217894, 30.608053432619901, 0.0 ], [ 71.899492597405498, 30.608178306184001, 0.0 ], [ 71.899761350805804, 30.608466251116599, 0.0 ], [ 71.899898673684902, 30.608588578700001, 0.0 ], [ 71.8999902300651, 30.608670204766199, 0.0 ], [ 71.900127230087705, 30.608793134895301, 0.0 ], [ 71.9004036448124, 30.6089980310343, 0.0 ], [ 71.900495547431603, 30.6090799277965, 0.0 ], [ 71.900633390118898, 30.609202988327301, 0.0 ], [ 71.9010089290189, 30.609325802443902, 0.0 ], [ 71.901287729645006, 30.609490791167101, 0.0 ], [ 71.901616726830497, 30.6096533598147, 0.0 ], [ 71.901803936902198, 30.609775805209299, 0.0 ], [ 71.902034502390407, 30.6100230522221, 0.0 ], [ 71.902269973680404, 30.610224950920799, 0.0 ], [ 71.902360786321296, 30.610310626634099, 0.0 ], [ 71.902637459151507, 30.610522618424199, 0.0 ], [ 71.902916885705807, 30.610732512095801, 0.0 ], [ 71.902962623426404, 30.6108153558441, 0.0 ], [ 71.903197564116297, 30.610981298748001, 0.0 ], [ 71.903338052609101, 30.611066171366801, 0.0 ], [ 71.903526696200103, 30.611190528720002, 0.0 ], [ 71.9036709843285, 30.6113089028836, 0.0 ], [ 71.903859733140195, 30.611393771905099, 0.0 ], [ 71.904331725229, 30.611607697237499, 0.0 ], [ 71.904473393632301, 30.611692375602701, 0.0 ], [ 71.904805538444904, 30.611860875279199, 0.0 ], [ 71.905042286772201, 30.612029279627599, 0.0 ], [ 71.905280197922906, 30.612155482389699, 0.0 ], [ 71.905517844672801, 30.612323373225099, 0.0 ], [ 71.905849288014295, 30.612540645834201, 0.0 ], [ 71.9059912100264, 30.612669908989201, 0.0 ], [ 71.906276399436393, 30.612885559221201, 0.0 ], [ 71.906418284576205, 30.6130579907338, 0.0 ], [ 71.906561543880201, 30.613185521794399, 0.0 ], [ 71.906657346859106, 30.6133509152126, 0.0 ], [ 71.906753306320098, 30.613435202372699, 0.0 ], [ 71.906896442416993, 30.613605446733999, 0.0 ], [ 71.907183559073999, 30.613947205299301, 0.0 ], [ 71.907326403790506, 30.6141643915735, 0.0 ], [ 71.907469644208803, 30.614381710048001, 0.0 ], [ 71.907564633301305, 30.6145994763848, 0.0 ], [ 71.907660435380805, 30.614772237049099, 0.0 ], [ 71.907658661917793, 30.615029851446501, 0.0 ], [ 71.907657291351001, 30.615202559950198, 0.0 ], [ 71.907704386148595, 30.615419428763701, 0.0 ], [ 71.907703378008506, 30.615550165008202, 0.0 ], [ 71.907700717813995, 30.615815884995101, 0.0 ], [ 71.907697687997896, 30.615961636320499, 0.0 ], [ 71.907695702294902, 30.616224188895298, 0.0 ], [ 71.907695694200996, 30.616430366568199, 0.0 ], [ 71.907692954865993, 30.616740461802902, 0.0 ], [ 71.907740168374104, 30.616961159929598, 0.0 ], [ 71.907738882343594, 30.617137410862899, 0.0 ], [ 71.907737581024605, 30.617313980156101, 0.0 ], [ 71.907784990584901, 30.617536325840799, 0.0 ], [ 71.907783612823593, 30.617714155983499, 0.0 ], [ 71.907782233263504, 30.617892262218199, 0.0 ], [ 71.907731340628899, 30.6181140764036, 0.0 ], [ 71.907681062231305, 30.618246625681302, 0.0 ], [ 71.907480626729594, 30.618476344008101, 0.0 ], [ 71.907331500248603, 30.618649483287101, 0.0 ], [ 71.907182562625195, 30.6187779523407, 0.0 ], [ 71.907032877665202, 30.618953033255899, 0.0 ], [ 71.906981065024198, 30.619134893260799, 0.0 ], [ 71.906829306227607, 30.619321123071401, 0.0 ], [ 71.906775664365497, 30.619555250774301, 0.0 ], [ 71.906673765781704, 30.619738094637398, 0.0 ], [ 71.906621489090497, 30.619920964580899, 0.0 ], [ 71.906519275744003, 30.620104446063401, 0.0 ], [ 71.9064667751217, 30.620287948230299, 0.0 ], [ 71.906412894939194, 30.620563253191602, 0.0 ], [ 71.906311091683605, 30.620700644419198, 0.0 ], [ 71.906258508323603, 30.6208837652736, 0.0 ], [ 71.906205170432301, 30.621113058221098, 0.0 ], [ 71.906153089793307, 30.621250887418601, 0.0 ], [ 71.906048780127193, 30.6215268983477, 0.0 ], [ 71.905944384126101, 30.6218026044067, 0.0 ], [ 71.905891328622005, 30.621986994204502, 0.0 ], [ 71.9058373423196, 30.622218639778499, 0.0 ], [ 71.905782484574004, 30.622497176903298, 0.0 ], [ 71.905775648827202, 30.622915826604199, 0.0 ], [ 71.905771079371803, 30.623195767570699, 0.0 ], [ 71.905765732902296, 30.623523219720902, 0.0 ], [ 71.905761905387706, 30.623757679273499, 0.0 ], [ 71.905758070678502, 30.623992610070999, 0.0 ], [ 71.905857222732706, 30.624133208280998, 0.0 ], [ 71.905904170940801, 30.624368964656099, 0.0 ], [ 71.9060024659411, 30.624602446645699, 0.0 ], [ 71.906052471844106, 30.624735682106099, 0.0 ], [ 71.906150327975297, 30.624974337895399, 0.0 ], [ 71.906198192592598, 30.6251658818001, 0.0 ], [ 71.906295662015197, 30.625453627083299, 0.0 ], [ 71.906395540721704, 30.6255973720212, 0.0 ], [ 71.906441895377199, 30.6259330853437, 0.0 ], [ 71.906489847228698, 30.626172340081499, 0.0 ], [ 71.9066414162684, 30.626316218119001, 0.0 ], [ 71.9069467181166, 30.626460395630801, 0.0 ], [ 71.907202149859401, 30.626508613681601, 0.0 ] ] ] ] } },
{ "type": "Feature", "properties": { "Name": "S4", "district": "Kasur", "province": "Punjab", "area_km2": 3.8747446050700001, "volume_MAF": 0.01914940487, "River": "Sutlej", "Shape_Leng": 0.08451833005000001, "Shape_Area": 0.00036542241 }, "geometry": { "type": "MultiPolygon", "coordinates": [ [ [ [ 74.315744780897006, 30.865206478696098, 0.0 ], [ 74.315749111132604, 30.865112004015799, 0.0 ], [ 74.316048956794006, 30.8652990000489, 0.0 ], [ 74.316332754053406, 30.865607706730302, 0.0 ], [ 74.316515094296193, 30.865874061638699, 0.0 ], [ 74.316607178578494, 30.866071293755201, 0.0 ], [ 74.316909702420901, 30.866303864731599, 0.0 ], [ 74.316959850416794, 30.866350660055001, 0.0 ], [ 74.317154699330004, 30.8665955319583, 0.0 ], [ 74.317250876426797, 30.8667434470525, 0.0 ], [ 74.317497320345097, 30.867035607107699, 0.0 ], [ 74.317646969332202, 30.867181483438699, 0.0 ], [ 74.3178957496892, 30.8674718295613, 0.0 ], [ 74.318043610824006, 30.8676686210101, 0.0 ], [ 74.318293754553196, 30.867915778090701, 0.0 ], [ 74.318388794007703, 30.868117484334501, 0.0 ], [ 74.318484049299499, 30.868319651930399, 0.0 ], [ 74.318580212007205, 30.8685202933769, 0.0 ], [ 74.318727883385193, 30.868768737387398, 0.0 ], [ 74.318770826012894, 30.869018619413801, 0.0 ], [ 74.318966129982996, 30.869418754771701, 0.0 ], [ 74.319011367680503, 30.8696198323894, 0.0 ], [ 74.319054850800796, 30.869871846708399, 0.0 ], [ 74.319202312636705, 30.8701743687521, 0.0 ], [ 74.319249762666502, 30.870326177910801, 0.0 ], [ 74.319295243181003, 30.8705299121258, 0.0 ], [ 74.319341329838593, 30.870732335129201, 0.0 ], [ 74.319436881007306, 30.8709924460446, 0.0 ], [ 74.319582331059806, 30.8713105452455, 0.0 ], [ 74.319726378169904, 30.8716822908052, 0.0 ], [ 74.319824261280701, 30.871895196306301, 0.0 ], [ 74.319975659449199, 30.872108841050199, 0.0 ], [ 74.320124871365707, 30.8723786727376, 0.0 ], [ 74.320224315699605, 30.872590762553699, 0.0 ], [ 74.320590869473094, 30.873036978274001, 0.0 ], [ 74.320959295635006, 30.873482017680999, 0.0 ], [ 74.321306617406506, 30.874033989177299, 0.0 ], [ 74.321355331883098, 30.8741055158569, 0.0 ], [ 74.321567335364307, 30.874452443725399, 0.0 ], [ 74.321679041954297, 30.8746685634035, 0.0 ], [ 74.321844484835097, 30.874839261023101, 0.0 ], [ 74.321949596696598, 30.875137332322101, 0.0 ], [ 74.321992956609705, 30.875383962400001, 0.0 ], [ 74.322141040776401, 30.87574930029, 0.0 ], [ 74.322139393218507, 30.8758059638742, 0.0 ], [ 74.322180782716998, 30.876212664283099, 0.0 ], [ 74.3222237847, 30.876470053849999, 0.0 ], [ 74.322326456700694, 30.876700762330401, 0.0 ], [ 74.322437530167903, 30.8770270822341, 0.0 ], [ 74.322548412979003, 30.877307284903299, 0.0 ], [ 74.322602589038297, 30.877407658236901, 0.0 ], [ 74.322757900157001, 30.8777569908925, 0.0 ], [ 74.322910383807198, 30.878082805377201, 0.0 ], [ 74.323070698753796, 30.878361388367399, 0.0 ], [ 74.323237066137693, 30.8785511192388, 0.0 ], [ 74.323459474775007, 30.878735205965, 0.0 ], [ 74.323623511116196, 30.878895627930898, 0.0 ], [ 74.3238424105988, 30.879011772675199, 0.0 ], [ 74.324116191209299, 30.8791848229213, 0.0 ], [ 74.324336015195001, 30.879249335788199, 0.0 ], [ 74.324611417283194, 30.8792638085779, 0.0 ], [ 74.324888882416005, 30.879259178868001, 0.0 ], [ 74.325112775834, 30.879130242167001, 0.0 ], [ 74.325390826425604, 30.879010462362999, 0.0 ], [ 74.325558230727793, 30.878834774405401, 0.0 ], [ 74.325891035642798, 30.878658209608702, 0.0 ], [ 74.3260571035526, 30.878491058915301, 0.0 ], [ 74.326276984195502, 30.8783961498625, 0.0 ], [ 74.326606595617903, 30.878200739772399, 0.0 ], [ 74.326771230008305, 30.877991704054001, 0.0 ], [ 74.326881512072205, 30.877761257276202, 0.0 ], [ 74.3269929497649, 30.877382292858599, 0.0 ], [ 74.327158154325403, 30.876895925106901, 0.0 ], [ 74.327320826395095, 30.876513938067799, 0.0 ], [ 74.327374368432402, 30.876240414663499, 0.0 ], [ 74.327481938141005, 30.8759767694124, 0.0 ], [ 74.327535077282107, 30.875769142032301, 0.0 ], [ 74.327642143370298, 30.8755109053041, 0.0 ], [ 74.327749013406304, 30.875252265679599, 0.0 ], [ 74.327910779858698, 30.875024415244599, 0.0 ], [ 74.328071137073394, 30.874699069306601, 0.0 ], [ 74.328230969983295, 30.874374076802301, 0.0 ], [ 74.3282287261748, 30.874106429568101, 0.0 ], [ 74.328226487762294, 30.8738393462089, 0.0 ], [ 74.328224253846301, 30.873572999394501, 0.0 ], [ 74.3282233644168, 30.8734666635557, 0.0 ], [ 74.328167827683203, 30.873253263427401, 0.0 ], [ 74.328111614659306, 30.8729339330546, 0.0 ], [ 74.328110342118606, 30.8727779762227, 0.0 ], [ 74.328053901566406, 30.872411344208199, 0.0 ], [ 74.328052664099204, 30.872256612252901, 0.0 ], [ 74.328051014742599, 30.872050654913799, 0.0 ], [ 74.328047255576493, 30.871592542961501, 0.0 ], [ 74.328044866977095, 30.871282062816999, 0.0 ], [ 74.328043681670593, 30.871126953146401, 0.0 ], [ 74.328040633868198, 30.8707090507821, 0.0 ], [ 74.328037353141397, 30.870233831026599, 0.0 ], [ 74.327982087103706, 30.8699307379133, 0.0 ], [ 74.3279796688267, 30.869633076705199, 0.0 ], [ 74.327923900967306, 30.8692316400282, 0.0 ], [ 74.327922455756806, 30.869029602834001, 0.0 ], [ 74.327921003351705, 30.868828027891201, 0.0 ], [ 74.327866308383506, 30.868528568938402, 0.0 ], [ 74.327969228597098, 30.868286555080498, 0.0 ], [ 74.328124808613097, 30.8680910442664, 0.0 ], [ 74.328594257419098, 30.867884012237401, 0.0 ], [ 74.328907013747795, 30.867775313879701, 0.0 ], [ 74.329322960985905, 30.867608765732001, 0.0 ], [ 74.329583196907095, 30.867551176745501, 0.0 ], [ 74.329790417793603, 30.867450478756702, 0.0 ], [ 74.330154175574805, 30.867352692772599, 0.0 ], [ 74.3303620682549, 30.867303855088899, 0.0 ], [ 74.330619549552594, 30.867149928926199, 0.0 ], [ 74.330980559905001, 30.866993170798299, 0.0 ], [ 74.331342222265803, 30.866886949173399, 0.0 ], [ 74.331752525358795, 30.866679920741799, 0.0 ], [ 74.332163941812496, 30.866527753652999, 0.0 ], [ 74.332368443149207, 30.8664254620655, 0.0 ], [ 74.332778578068996, 30.866233399252099, 0.0 ], [ 74.332983963439204, 30.866140746598202, 0.0 ], [ 74.333084469872503, 30.866042792441, 0.0 ], [ 74.333389982162004, 30.865891619102999, 0.0 ], [ 74.333690862043696, 30.865680140825901, 0.0 ], [ 74.333989112307705, 30.865421553362101, 0.0 ], [ 74.334034555949998, 30.8652732578546, 0.0 ], [ 74.334132983150695, 30.865171246855599, 0.0 ], [ 74.334176280111294, 30.864974973416299, 0.0 ], [ 74.334267363448106, 30.864683900641602, 0.0 ], [ 74.334358213860497, 30.864393895361999, 0.0 ], [ 74.334499614265795, 30.8640630383786, 0.0 ], [ 74.334493141845101, 30.8638782232015, 0.0 ], [ 74.334536116848398, 30.863646584822099, 0.0 ], [ 74.334577381341106, 30.863369393982399, 0.0 ], [ 74.334613435161899, 30.8630331509592, 0.0 ], [ 74.334648017691904, 30.862693066931602, 0.0 ], [ 74.334681669423603, 30.862273013388901, 0.0 ], [ 74.334815190868397, 30.861848533383199, 0.0 ], [ 74.334950203389198, 30.861472577197699, 0.0 ], [ 74.335128092887302, 30.860956351054799, 0.0 ], [ 74.335218830884401, 30.860765272099702, 0.0 ], [ 74.335354505306199, 30.860440178871201, 0.0 ], [ 74.335397626898995, 30.860260479037901, 0.0 ], [ 74.335443461746394, 30.860167973872901, 0.0 ], [ 74.335481967119193, 30.859936025227501, 0.0 ], [ 74.335568364988106, 30.859658840683, 0.0 ], [ 74.335800542960698, 30.8592915926329, 0.0 ], [ 74.336077007148205, 30.858834627316199, 0.0 ], [ 74.336214401073804, 30.8586061383626, 0.0 ], [ 74.336304202876704, 30.858424055325901, 0.0 ], [ 74.3366198019623, 30.8578350452512, 0.0 ], [ 74.337128212996703, 30.857202624901301, 0.0 ], [ 74.337594220097202, 30.856751376574799, 0.0 ], [ 74.3376378174314, 30.856661796904501, 0.0 ], [ 74.337777050470507, 30.856527005616801, 0.0 ], [ 74.337913128688001, 30.8563480045568, 0.0 ], [ 74.338138309035799, 30.856035729365502, 0.0 ], [ 74.338135316991298, 30.855991494411999, 0.0 ], [ 74.338270612798595, 30.855813587826798, 0.0 ], [ 74.338492722860906, 30.855539351260099, 0.0 ], [ 74.338809010827205, 30.8551054670437, 0.0 ], [ 74.339071581388495, 30.8546298021237, 0.0 ], [ 74.339056007828603, 30.854374179724701, 0.0 ], [ 74.339050227885807, 30.854288268388899, 0.0 ], [ 74.339032933023503, 30.854030998431899, 0.0 ], [ 74.339009461617394, 30.853688408892999, 0.0 ], [ 74.338837228855098, 30.8533821771458, 0.0 ], [ 74.3388227848437, 30.853208096276699, 0.0 ], [ 74.338709838088604, 30.852994089106001, 0.0 ], [ 74.338642245043602, 30.8527373812252, 0.0 ], [ 74.338526892602104, 30.852443957622601, 0.0 ], [ 74.338420269879606, 30.852277432857299, 0.0 ], [ 74.338311133552097, 30.852069303655501, 0.0 ], [ 74.338202237343395, 30.851861609725599, 0.0 ], [ 74.338048051276601, 30.8516962217033, 0.0 ], [ 74.337894135006394, 30.851531132256, 0.0 ], [ 74.3377431514253, 30.851408040248899, 0.0 ], [ 74.337637347985293, 30.851242747554799, 0.0 ], [ 74.337394183894503, 30.851163046937099, 0.0 ], [ 74.337148695955605, 30.8510418462043, 0.0 ], [ 74.337003528290296, 30.8510024172278, 0.0 ], [ 74.336763304083306, 30.850964411878198, 0.0 ], [ 74.336525510743797, 30.8509679309253, 0.0 ], [ 74.336144274638599, 30.850972515669099, 0.0 ], [ 74.335860003436494, 30.851016696663301, 0.0 ], [ 74.335671349053598, 30.8510603425608, 0.0 ], [ 74.335480462553306, 30.8510623903171, 0.0 ], [ 74.335243111680299, 30.851105132396, 0.0 ], [ 74.335005544070697, 30.8511475893898, 0.0 ], [ 74.334674797703798, 30.851233510617998, 0.0 ], [ 74.334342355215597, 30.851278720436699, 0.0 ], [ 74.333915973143704, 30.851366796440601, 0.0 ], [ 74.333443151880005, 30.851497527289101, 0.0 ], [ 74.333159402284707, 30.851584391906201, 0.0 ], [ 74.332827290746906, 30.851671245731399, 0.0 ], [ 74.332542785721003, 30.851757725438699, 0.0 ], [ 74.332256661915494, 30.851802356993201, 0.0 ], [ 74.332018346969207, 30.851846555074498, 0.0 ], [ 74.331636093730793, 30.851892133615099, 0.0 ], [ 74.3313004973202, 30.851895313617899, 0.0 ], [ 74.331012853660297, 30.851898037664299, 0.0 ], [ 74.330533381910101, 30.8519018885614, 0.0 ], [ 74.330245556587201, 30.851902985734199, 0.0 ], [ 74.329957813102595, 30.851903931820999, 0.0 ], [ 74.329621508925499, 30.851863178143201, 0.0 ], [ 74.329285611242, 30.851822482022001, 0.0 ], [ 74.329044994031307, 30.851739678743201, 0.0 ], [ 74.3288524896507, 30.851656836793602, 0.0 ], [ 74.328756320647798, 30.851615449993101, 0.0 ], [ 74.328419858189903, 30.851449922575899, 0.0 ], [ 74.328132300864993, 30.851326169567098, 0.0 ], [ 74.327892948101095, 30.851247362875501, 0.0 ], [ 74.327797138826995, 30.851208793651001, 0.0 ], [ 74.327461694401705, 30.8510535976455, 0.0 ], [ 74.327222375811999, 30.850978132834602, 0.0 ], [ 74.326935269946802, 30.850904065570202, 0.0 ], [ 74.326696555701503, 30.8507833990347, 0.0 ], [ 74.326553570690805, 30.8507850456933, 0.0 ], [ 74.326314875331306, 30.850748508936601, 0.0 ], [ 74.326028724546106, 30.850752493832601, 0.0 ], [ 74.325793093176699, 30.850744426014501, 0.0 ], [ 74.325558037373597, 30.850776360040999, 0.0 ], [ 74.325180567629204, 30.8508506674244, 0.0 ], [ 74.325037877596003, 30.8509328267886, 0.0 ], [ 74.324700895330096, 30.8510285928953, 0.0 ], [ 74.324507463748503, 30.8511191950948, 0.0 ], [ 74.324265416615702, 30.851211904405901, 0.0 ], [ 74.324119487224607, 30.851300919301998, 0.0 ], [ 74.323876551561696, 30.8513940036304, 0.0 ], [ 74.323724253171804, 30.851497565959999, 0.0 ], [ 74.323573006089404, 30.8516375490337, 0.0 ], [ 74.323381845295998, 30.851758241649598, 0.0 ], [ 74.323239759607304, 30.851875876570499, 0.0 ], [ 74.323051118714204, 30.851950687574199, 0.0 ], [ 74.322806954577302, 30.852163048985599, 0.0 ], [ 74.322560267842206, 30.852340057148002, 0.0 ], [ 74.322315743976404, 30.852471163913201, 0.0 ], [ 74.322167506025707, 30.8526009306884, 0.0 ], [ 74.321970342257501, 30.852692100360201, 0.0 ], [ 74.321773284609407, 30.852863038998098, 0.0 ], [ 74.3216248416132, 30.852992241898502, 0.0 ], [ 74.321522171411104, 30.853206229284101, 0.0 ], [ 74.321517379823305, 30.8533768441661, 0.0 ], [ 74.321512897602204, 30.853547156875798, 0.0 ], [ 74.321459950016703, 30.853799041692501, 0.0 ], [ 74.321457002938402, 30.853966829106, 0.0 ], [ 74.321449615907099, 30.854387302631899, 0.0 ], [ 74.321445170558206, 30.8546402900174, 0.0 ], [ 74.321393640304294, 30.854768899365201, 0.0 ], [ 74.3213915718636, 30.854976738086101, 0.0 ], [ 74.321335946996399, 30.855236301314299, 0.0 ], [ 74.321275444206407, 30.855507151034299, 0.0 ], [ 74.321218629536205, 30.8556884966269, 0.0 ], [ 74.321110654233294, 30.855916163600099, 0.0 ], [ 74.320857099375701, 30.856100476056199, 0.0 ], [ 74.320658870810306, 30.856311341895001, 0.0 ], [ 74.320454995401704, 30.856451693690801, 0.0 ], [ 74.320248413033895, 30.856679132236199, 0.0 ], [ 74.319945687743399, 30.856819896820799, 0.0 ], [ 74.319684643331698, 30.8569741539341, 0.0 ], [ 74.319477450324101, 30.8571181003201, 0.0 ], [ 74.319026844113594, 30.8574212455941, 0.0 ], [ 74.318877999120403, 30.857505935650501, 0.0 ], [ 74.318775541158303, 30.8575955449984, 0.0 ], [ 74.318421015817293, 30.8578601696112, 0.0 ], [ 74.318031002328993, 30.858100143806698, 0.0 ], [ 74.317624588803795, 30.8583270832283, 0.0 ], [ 74.317573257300097, 30.858371748057799, 0.0 ], [ 74.317457174609004, 30.8585664818577, 0.0 ], [ 74.317237534984301, 30.858810330332499, 0.0 ], [ 74.317076454714694, 30.859038505422699, 0.0 ], [ 74.316969617054198, 30.859175810315399, 0.0 ], [ 74.316739503025701, 30.859602630357099, 0.0 ], [ 74.316628701153704, 30.859829742448699, 0.0 ], [ 74.316574722945205, 30.859961734146701, 0.0 ], [ 74.316408096556501, 30.860324215790001, 0.0 ], [ 74.316288545180299, 30.8606502146358, 0.0 ], [ 74.316125882103805, 30.8609645861468, 0.0 ], [ 74.316013594551805, 30.8612786437944, 0.0 ], [ 74.315846666890195, 30.861558671995201, 0.0 ], [ 74.315832634768398, 30.861793117158701, 0.0 ], [ 74.315818565774194, 30.862028172062502, 0.0 ], [ 74.315753123907598, 30.8622654617817, 0.0 ], [ 74.315738911921301, 30.862501758649302, 0.0 ], [ 74.315717703209501, 30.8627935589756, 0.0 ], [ 74.315702749282494, 30.8629901031108, 0.0 ], [ 74.315687923958606, 30.863229300292002, 0.0 ], [ 74.3156710283953, 30.863557977318901, 0.0 ], [ 74.315657031347001, 30.8638821298564, 0.0 ], [ 74.315649014790296, 30.864067758920001, 0.0 ], [ 74.315634971876506, 30.864350566025799, 0.0 ], [ 74.315613764963402, 30.864733525232101, 0.0 ], [ 74.315655297454001, 30.864923585255301, 0.0 ], [ 74.3156953235804, 30.865160049396799, 0.0 ], [ 74.315744780897006, 30.865206478696098, 0.0 ] ] ] ] } },
{ "type": "Feature", "properties": { "Name": "S5", "district": "Kasur", "province": "Punjab", "area_km2": 6.7603752744000003, "volume_MAF": 0.03341050222, "River": "Sutlej", "Shape_Leng": 0.112133047, "Shape_Area": 0.000636883 }, "geometry": { "type": "MultiPolygon", "coordinates": [ [ [ [ 74.228836618615105, 30.756186479322601, 0.0 ], [ 74.228862353614801, 30.756133754768999, 0.0 ], [ 74.229010212051705, 30.756565316935902, 0.0 ], [ 74.229037445321893, 30.756950802337698, 0.0 ], [ 74.229124329724101, 30.757360044230701, 0.0 ], [ 74.229202669667501, 30.757640612024701, 0.0 ], [ 74.229194170174907, 30.757951125444201, 0.0 ], [ 74.2293356218415, 30.7582533534096, 0.0 ], [ 74.229450690097295, 30.758608787065899, 0.0 ], [ 74.229627541777703, 30.7589866920822, 0.0 ], [ 74.229777841873997, 30.759418042009099, 0.0 ], [ 74.229945670656207, 30.759667363757899, 0.0 ], [ 74.230025320012501, 30.7599475556352, 0.0 ], [ 74.230193162284607, 30.760196907061601, 0.0 ], [ 74.230299320956902, 30.760423852778601, 0.0 ], [ 74.230538047792706, 30.760824584387102, 0.0 ], [ 74.230679408627907, 30.7611275300115, 0.0 ], [ 74.230917961894505, 30.7615286276441, 0.0 ], [ 74.231059436044205, 30.7618316434157, 0.0 ], [ 74.231201106246104, 30.762134544074001, 0.0 ], [ 74.231404650704107, 30.7624598729249, 0.0 ], [ 74.231484359415703, 30.762740694327601, 0.0 ], [ 74.231590480316498, 30.762968186832399, 0.0 ], [ 74.231793545435806, 30.7632947891233, 0.0 ], [ 74.231935193154698, 30.763597975766, 0.0 ], [ 74.232262078732006, 30.763969170940499, 0.0 ], [ 74.232492969774796, 30.7642396240594, 0.0 ], [ 74.232714650860501, 30.7643809947871, 0.0 ], [ 74.2330941746565, 30.764645566339901, 0.0 ], [ 74.233598357078606, 30.764952255842001, 0.0 ], [ 74.233943391874107, 30.765138302191001, 0.0 ], [ 74.234128922911495, 30.765204880800599, 0.0 ], [ 74.234437833739094, 30.765316635954001, 0.0 ], [ 74.234807569313901, 30.765453998403402, 0.0 ], [ 74.235266300899099, 30.765557211796001, 0.0 ], [ 74.235451546851394, 30.765624836317201, 0.0 ], [ 74.235821878676802, 30.7657603731428, 0.0 ], [ 74.236007059878006, 30.765828143354199, 0.0 ], [ 74.236377432172802, 30.765963690971599, 0.0 ], [ 74.236784242298995, 30.766168662653701, 0.0 ], [ 74.2372167757337, 30.766322784868699, 0.0 ], [ 74.237499159258803, 30.766488375238399, 0.0 ], [ 74.237719648742797, 30.766634106778699, 0.0 ], [ 74.238001827222604, 30.7668045930576, 0.0 ], [ 74.238407685866093, 30.767021479857501, 0.0 ], [ 74.238566739063799, 30.767145893868001, 0.0 ], [ 74.238849405875399, 30.767313472638701, 0.0 ], [ 74.239044182842804, 30.767509891768199, 0.0 ], [ 74.239398152402899, 30.767826972936501, 0.0 ], [ 74.239557316217201, 30.7679480063954, 0.0 ], [ 74.239901932828005, 30.768134855839001, 0.0 ], [ 74.240157794446702, 30.768346845830301, 0.0 ], [ 74.240440347943803, 30.76851132194, 0.0 ], [ 74.240758745719603, 30.768752964377899, 0.0 ], [ 74.241164600765799, 30.7689612878332, 0.0 ], [ 74.241323653963505, 30.769081559566398, 0.0 ], [ 74.241641895257303, 30.769322994260801, 0.0 ], [ 74.242021950552598, 30.7695872213732, 0.0 ], [ 74.242330749864294, 30.7696997301585, 0.0 ], [ 74.242551675519493, 30.7698431000791, 0.0 ], [ 74.242798722882796, 30.769933111423999, 0.0 ], [ 74.243045781038006, 30.770023019346901, 0.0 ], [ 74.243478013199805, 30.770180186666298, 0.0 ], [ 74.243786736968403, 30.7702924391448, 0.0 ], [ 74.244219258711894, 30.770450715328298, 0.0 ], [ 74.244529030190606, 30.7705664895519, 0.0 ], [ 74.244812478513197, 30.7707345620504, 0.0 ], [ 74.245282019049995, 30.770972214196401, 0.0 ], [ 74.245823598880094, 30.7713631072216, 0.0 ], [ 74.246080292371602, 30.7715819482484, 0.0 ], [ 74.246301190147804, 30.771724667959099, 0.0 ], [ 74.246619576232504, 30.771965696159999, 0.0 ], [ 74.246938920994495, 30.772209130946699, 0.0 ], [ 74.247227603371201, 30.772389550237602, 0.0 ], [ 74.247543049572101, 30.772517309726101, 0.0 ], [ 74.247955125228899, 30.772739946791098, 0.0 ], [ 74.248140664360207, 30.772806958874099, 0.0 ], [ 74.248513150961202, 30.772944318625399, 0.0 ], [ 74.248925274282001, 30.772947273797701, 0.0 ], [ 74.249367336933105, 30.772906956290999, 0.0 ], [ 74.249667575598195, 30.772891981679699, 0.0 ], [ 74.250080568563405, 30.772790310624401, 0.0 ], [ 74.250643101697804, 30.772680099607001, 0.0 ], [ 74.2510036372082, 30.772684669062301, 0.0 ], [ 74.251362554838096, 30.772687185365399, 0.0 ], [ 74.251747155307001, 30.772635609245999, 0.0 ], [ 74.252285606395702, 30.772582816343999, 0.0 ], [ 74.252495461396506, 30.772594580375699, 0.0 ], [ 74.253052504169801, 30.7724773744313, 0.0 ], [ 74.253588064837402, 30.772420542673999, 0.0 ], [ 74.253947193808003, 30.772424160646601, 0.0 ], [ 74.254186308251604, 30.772387738103699, 0.0 ], [ 74.254698927213795, 30.772388657210801, 0.0 ], [ 74.254936503816694, 30.772350022335701, 0.0 ], [ 74.255173601080898, 30.772310697680599, 0.0 ], [ 74.255645818899495, 30.772229829742901, 0.0 ], [ 74.255994814309304, 30.772104555081199, 0.0 ], [ 74.256317749164893, 30.772032557156798, 0.0 ], [ 74.256644606863205, 30.7719650648359, 0.0 ], [ 74.256921322860805, 30.771687920761, 0.0 ], [ 74.257082519142998, 30.771492550241099, 0.0 ], [ 74.257284454713897, 30.7711790780521, 0.0 ], [ 74.257573720750699, 30.770717292369199, 0.0 ], [ 74.257879480353793, 30.7703914769851, 0.0 ], [ 74.258097250287904, 30.7700957960841, 0.0 ], [ 74.258281634689794, 30.769727161279501, 0.0 ], [ 74.258308635035505, 30.7696748719978, 0.0 ], [ 74.258449568692697, 30.769223236063599, 0.0 ], [ 74.258509521097594, 30.768808384199598, 0.0 ], [ 74.258543696234696, 30.768446568054699, 0.0 ], [ 74.258499203175703, 30.768243715175299, 0.0 ], [ 74.258418507907905, 30.767964537733299, 0.0 ], [ 74.258425117924901, 30.7676545702023, 0.0 ], [ 74.258221610339106, 30.7673308466413, 0.0 ], [ 74.2581899748875, 30.766942890801801, 0.0 ], [ 74.258095103606195, 30.766531701876598, 0.0 ], [ 74.258012419037996, 30.766251066633501, 0.0 ], [ 74.258042123645197, 30.765886102861401, 0.0 ], [ 74.257974619633003, 30.765423452030699, 0.0 ], [ 74.257916809413302, 30.765089310723202, 0.0 ], [ 74.257992406424506, 30.764928876166799, 0.0 ], [ 74.257970131116707, 30.764670214059201, 0.0 ], [ 74.257975459599805, 30.764359794169199, 0.0 ], [ 74.257955611562295, 30.7641031015769, 0.0 ], [ 74.257962875386497, 30.763794098119199, 0.0 ], [ 74.257942442789599, 30.7635369117991, 0.0 ], [ 74.257947722709304, 30.7632267347261, 0.0 ], [ 74.257866333164799, 30.762947575270498, 0.0 ], [ 74.257846108311298, 30.762690645257099, 0.0 ], [ 74.257535563415601, 30.762141215244899, 0.0 ], [ 74.257239866326799, 30.761723055674501, 0.0 ], [ 74.257027835865998, 30.7613949272342, 0.0 ], [ 74.256828855467305, 30.761074062617901, 0.0 ], [ 74.256535357220997, 30.7607796560563, 0.0 ], [ 74.2560698447476, 30.7602352478585, 0.0 ], [ 74.255547716354101, 30.759671139111799, 0.0 ], [ 74.255063855912297, 30.759183674187302, 0.0 ], [ 74.254568851971001, 30.758567432641001, 0.0 ], [ 74.254195200748001, 30.757995236291201, 0.0 ], [ 74.253774790174504, 30.757531055713699, 0.0 ], [ 74.253634631732993, 30.7572310616642, 0.0 ], [ 74.253273418133801, 30.756788416252402, 0.0 ], [ 74.253032261329807, 30.756389345691801, 0.0 ], [ 74.252925910202606, 30.756163849682, 0.0 ], [ 74.252907924661002, 30.755908304624601, 0.0 ], [ 74.252883985607497, 30.755650824226201, 0.0 ], [ 74.2527749742857, 30.755424660919399, 0.0 ], [ 74.252683470965493, 30.7550183130448, 0.0 ], [ 74.252628336228796, 30.7546873760216, 0.0 ], [ 74.252563421364897, 30.7542286228527, 0.0 ], [ 74.252533051259405, 30.753844739143499, 0.0 ], [ 74.252512022412006, 30.753588966557601, 0.0 ], [ 74.252478065810095, 30.753204874205601, 0.0 ], [ 74.252389714613699, 30.7527996612754, 0.0 ], [ 74.252392261493796, 30.752364323754598, 0.0 ], [ 74.252371348658897, 30.752108719341901, 0.0 ], [ 74.252278939721407, 30.751703149380901, 0.0 ], [ 74.252207446316703, 30.751553110987299, 0.0 ], [ 74.252186575749903, 30.751297759284199, 0.0 ], [ 74.252044511644996, 30.7509976788998, 0.0 ], [ 74.251964545727304, 30.750720186787198, 0.0 ], [ 74.251818841166696, 30.750420495809301, 0.0 ], [ 74.251701175668799, 30.7500682340618, 0.0 ], [ 74.251461545913699, 30.749671222049301, 0.0 ], [ 74.251222066345306, 30.7492745697656, 0.0 ], [ 74.251048507082999, 30.748899504808399, 0.0 ], [ 74.250917212359496, 30.748727212690799, 0.0 ], [ 74.2505305722282, 30.748338260402399, 0.0 ], [ 74.250336683791005, 30.748143934894799, 0.0 ], [ 74.249958440629598, 30.7478827879604, 0.0 ], [ 74.249590335525596, 30.747749127120599, 0.0 ], [ 74.249161258185595, 30.747593031792999, 0.0 ], [ 74.248733319387199, 30.747436565045501, 0.0 ], [ 74.248488532020204, 30.747347220098199, 0.0 ], [ 74.248181847014706, 30.747235815680401, 0.0 ], [ 74.247752685138394, 30.747079751829101, 0.0 ], [ 74.247323197707502, 30.7469239550765, 0.0 ], [ 74.246990799285996, 30.746865140314, 0.0 ], [ 74.246806782706898, 30.7467983773433, 0.0 ], [ 74.246254814807898, 30.746598143289798, 0.0 ], [ 74.245886915648697, 30.746464674005601, 0.0 ], [ 74.245642076121001, 30.746375445970099, 0.0 ], [ 74.245301742081793, 30.7461884130649, 0.0 ], [ 74.245118544785001, 30.7461210979104, 0.0 ], [ 74.244778235027596, 30.7459336549143, 0.0 ], [ 74.244558759978901, 30.745791999101499, 0.0 ], [ 74.244304015318093, 30.745575707652801, 0.0 ], [ 74.243986772271796, 30.7453386571534, 0.0 ], [ 74.243768251403694, 30.745196298070798, 0.0 ], [ 74.243427427234096, 30.745009186924499, 0.0 ], [ 74.243085901593105, 30.744822986791501, 0.0 ], [ 74.242718682321396, 30.7446890237795, 0.0 ], [ 74.242291054688494, 30.744531042573598, 0.0 ], [ 74.242107771956199, 30.7444632480805, 0.0 ], [ 74.241801224546904, 30.744352430919999, 0.0 ], [ 74.241259365027801, 30.7442792962526, 0.0 ], [ 74.2409365677685, 30.744347835384399, 0.0 ], [ 74.240736298641295, 30.744460772246899, 0.0 ], [ 74.240545495778093, 30.744700699677601, 0.0 ], [ 74.240319231747193, 30.744865944707598, 0.0 ], [ 74.239979752064002, 30.745114505629999, 0.0 ], [ 74.239814812803402, 30.745301917149799, 0.0 ], [ 74.239649652309694, 30.7454900769056, 0.0 ], [ 74.239361969979001, 30.745634097036, 0.0 ], [ 74.238996426144197, 30.7459363897526, 0.0 ], [ 74.238857326204695, 30.746071547963599, 0.0 ], [ 74.238630875114794, 30.7462356832302, 0.0 ], [ 74.238378519952803, 30.7464542014004, 0.0 ], [ 74.237986694330502, 30.7468070971698, 0.0 ], [ 74.237760073268802, 30.746972459111799, 0.0 ], [ 74.237603882613101, 30.7472874997184, 0.0 ], [ 74.237464455320406, 30.747422728975799, 0.0 ], [ 74.237220785810706, 30.747768180157401, 0.0 ], [ 74.236915676417397, 30.748091765222899, 0.0 ], [ 74.236688801746894, 30.7482574230417, 0.0 ], [ 74.236549217972097, 30.748392887022199, 0.0 ], [ 74.236085997870603, 30.748596917114099, 0.0 ], [ 74.235972438677194, 30.7486798238149, 0.0 ], [ 74.235561318100395, 30.748778674596199, 0.0 ], [ 74.235088821491999, 30.7488552024057, 0.0 ], [ 74.234940100605201, 30.7488631560099, 0.0 ], [ 74.234370497000896, 30.748842091189601, 0.0 ], [ 74.2339754841813, 30.748760209716, 0.0 ], [ 74.233457519648894, 30.7486335132261, 0.0 ], [ 74.232939307802894, 30.748506748387801, 0.0 ], [ 74.232754811885101, 30.7484394692062, 0.0 ], [ 74.232473638847395, 30.748274709810101, 0.0 ], [ 74.2322539722431, 30.748132381304401, 0.0 ], [ 74.231999035127401, 30.747914951314002, 0.0 ], [ 74.231743042207697, 30.747696999716801, 0.0 ], [ 74.231548643854893, 30.7475015113857, 0.0 ], [ 74.231354206831199, 30.747305970893901, 0.0 ], [ 74.231026987605404, 30.746937352277001, 0.0 ], [ 74.230956029297403, 30.7467868849068, 0.0 ], [ 74.230787784129006, 30.7465385712981, 0.0 ], [ 74.230563712645306, 30.746149029953799, 0.0 ], [ 74.230392044657194, 30.745776903981, 0.0 ], [ 74.230306080261499, 30.745495135592101, 0.0 ], [ 74.230159228165903, 30.745191064915801, 0.0 ], [ 74.230104344340106, 30.744859598192001, 0.0 ], [ 74.230151476009894, 30.7446295803909, 0.0 ], [ 74.230258471051599, 30.744421033004301, 0.0 ], [ 74.2303033957851, 30.7441897138842, 0.0 ], [ 74.230312673191307, 30.743883203347199, 0.0 ], [ 74.230294618401999, 30.7436283282848, 0.0 ], [ 74.230101146350904, 30.743433382244898, 0.0 ], [ 74.229907641024894, 30.743238381346298, 0.0 ], [ 74.229837047841599, 30.743088362737801, 0.0 ], [ 74.229669602170503, 30.742840761392099, 0.0 ], [ 74.229500630349904, 30.7425917319229, 0.0 ], [ 74.229394381745394, 30.742366392395098, 0.0 ], [ 74.2290413726613, 30.742050145797599, 0.0 ], [ 74.228847959965407, 30.741855296884498, 0.0 ], [ 74.228629083865201, 30.7417135799178, 0.0 ], [ 74.228436475163306, 30.741519415388801, 0.0 ], [ 74.228130130101505, 30.7414078850659, 0.0 ], [ 74.227867558640995, 30.741498343373902, 0.0 ], [ 74.227578692802496, 30.741641290613099, 0.0 ], [ 74.227235400893093, 30.741767529348099, 0.0 ], [ 74.226858599344993, 30.741940219865299, 0.0 ], [ 74.226541472311197, 30.7421341199937, 0.0 ], [ 74.226164397369104, 30.7423069157316, 0.0 ], [ 74.225919439130806, 30.742530865806899, 0.0 ], [ 74.225670901590902, 30.742752061258699, 0.0 ], [ 74.225422515136998, 30.742973122711501, 0.0 ], [ 74.225016851646402, 30.743196788601001, 0.0 ], [ 74.224847199039104, 30.743382555260801, 0.0 ], [ 74.2245905226346, 30.743598984305699, 0.0 ], [ 74.224422074219405, 30.743785738421099, 0.0 ], [ 74.224226832302506, 30.7440249284078, 0.0 ], [ 74.224138417254196, 30.744054749027502, 0.0 ], [ 74.223926453343196, 30.744474676665, 0.0 ], [ 74.223819827922796, 30.744684459720101, 0.0 ], [ 74.223688672594207, 30.744947702974201, 0.0 ], [ 74.223530327162905, 30.745263267885498, 0.0 ], [ 74.223396543116095, 30.745525636099298, 0.0 ], [ 74.223343922883799, 30.745630979985801, 0.0 ], [ 74.223271743296394, 30.745915959853701, 0.0 ], [ 74.223300491924206, 30.7462999811593, 0.0 ], [ 74.223288455397906, 30.746482118155299, 0.0 ], [ 74.223398874158804, 30.746708792277001, 0.0 ], [ 74.2234601107955, 30.747166896135401, 0.0 ], [ 74.223503380776407, 30.7473695079964, 0.0 ], [ 74.223642919585103, 30.747795288421901, 0.0 ], [ 74.2238158763017, 30.7481705116599, 0.0 ], [ 74.223893753094302, 30.748448545164301, 0.0 ], [ 74.223963720349403, 30.748598835368, 0.0 ], [ 74.223989912204701, 30.7489826498295, 0.0 ], [ 74.224032644391102, 30.749185704157, 0.0 ], [ 74.224069888014995, 30.749388075898999, 0.0 ], [ 74.224090340396998, 30.749771739274401, 0.0 ], [ 74.224137942412099, 30.750102866953799, 0.0 ], [ 74.224111888153203, 30.750465591413999, 0.0 ], [ 74.224120670932294, 30.7509032347965, 0.0 ], [ 74.224087483250798, 30.7512652002289, 0.0 ], [ 74.224078350635395, 30.7515742963168, 0.0 ], [ 74.224034788374894, 30.7518081722095, 0.0 ], [ 74.224143939091604, 30.752162595027801, 0.0 ], [ 74.224105829420495, 30.752525163005899, 0.0 ], [ 74.224192228188798, 30.752932724066, 0.0 ], [ 74.224300449006606, 30.753158581603302, 0.0 ], [ 74.224469799441707, 30.7534068943128, 0.0 ], [ 74.224701027730305, 30.753677556973699, 0.0 ], [ 74.224807837511804, 30.753903496349299, 0.0 ], [ 74.224938860639995, 30.7540769198141, 0.0 ], [ 74.225131061949, 30.7542729252553, 0.0 ], [ 74.2255768019279, 30.7546876745965, 0.0 ], [ 74.225804182916804, 30.7549593786724, 0.0 ], [ 74.226006214715099, 30.7552838486707, 0.0 ], [ 74.2262334320273, 30.755555855818201, 0.0 ], [ 74.226426231385503, 30.7557522128944, 0.0 ], [ 74.226707560005906, 30.755917805062701, 0.0 ], [ 74.226980427804605, 30.755954682662502, 0.0 ], [ 74.227490677053098, 30.7559530369032, 0.0 ], [ 74.227826316631294, 30.756011890336499, 0.0 ], [ 74.228010289143597, 30.7560797037154, 0.0 ], [ 74.228471741177898, 30.756182231824599, 0.0 ], [ 74.228810575148003, 30.756239358559601, 0.0 ], [ 74.228836618615105, 30.756186479322601, 0.0 ] ] ] ] } },
{ "type": "Feature", "properties": { "Name": "S6", "district": "Okara", "province": "Punjab", "area_km2": 3.5846191264499998, "volume_MAF": 0.01771557353, "River": "Sutlej", "Shape_Leng": 0.07594403128, "Shape_Area": 0.00033735995 }, "geometry": { "type": "MultiPolygon", "coordinates": [ [ [ [ 74.097887167358905, 30.645992277421701, 0.0 ], [ 74.0979432050149, 30.646321504833601, 0.0 ], [ 74.097787926271806, 30.646513386883299, 0.0 ], [ 74.097519576667196, 30.6468134528786, 0.0 ], [ 74.097368976197302, 30.647003161266898, 0.0 ], [ 74.097117263151205, 30.647263577052499, 0.0 ], [ 74.096889714888505, 30.6474491521567, 0.0 ], [ 74.096683217056906, 30.647592952852602, 0.0 ], [ 74.096495107663102, 30.647727607443201, 0.0 ], [ 74.096190622399405, 30.647972405602101, 0.0 ], [ 74.095858096274199, 30.648156977962199, 0.0 ], [ 74.095740946987206, 30.648267513634899, 0.0 ], [ 74.095529099088694, 30.648445841102699, 0.0 ], [ 74.095389045867805, 30.648599553226902, 0.0 ], [ 74.095157930893805, 30.648925572757001, 0.0 ], [ 74.094971431286595, 30.6491661998603, 0.0 ], [ 74.094810129783696, 30.649469227322999, 0.0 ], [ 74.094716611082802, 30.649643297400299, 0.0 ], [ 74.094649618784999, 30.6499861360514, 0.0 ], [ 74.094654691860597, 30.6501975028125, 0.0 ], [ 74.094659771231505, 30.650409121383898, 0.0 ], [ 74.094664855998403, 30.6506209935641, 0.0 ], [ 74.094651661145306, 30.6510893541904, 0.0 ], [ 74.094708661075899, 30.651427073001098, 0.0 ], [ 74.094812583134299, 30.6516773777089, 0.0 ], [ 74.094898590697497, 30.651968383933799, 0.0 ], [ 74.094970604809603, 30.652297151792201, 0.0 ], [ 74.095048926766594, 30.652485396983501, 0.0 ], [ 74.095107256794506, 30.6528247129901, 0.0 ], [ 74.095185710951895, 30.653013502271399, 0.0 ], [ 74.0953146503509, 30.6532205190118, 0.0 ], [ 74.095376548888694, 30.653558521108899, 0.0 ], [ 74.095430641311097, 30.653683487303201, 0.0 ], [ 74.095542873105202, 30.654040432719899, 0.0 ], [ 74.095678372159199, 30.6543535307908, 0.0 ], [ 74.095708762949101, 30.6545238929634, 0.0 ], [ 74.095841386870603, 30.654840366190001, 0.0 ], [ 74.095949578909995, 30.655092099920498, 0.0 ], [ 74.095961510215602, 30.655414674147899, 0.0 ], [ 74.096015690771594, 30.655540805863598, 0.0 ], [ 74.096074206059797, 30.655774457825, 0.0 ], [ 74.096068945025905, 30.656248868190701, 0.0 ], [ 74.096059263824003, 30.656616429204899, 0.0 ], [ 74.096022225245605, 30.656921279593401, 0.0 ], [ 74.096003820619899, 30.657073714680202, 0.0 ], [ 74.095962763870503, 30.657270607752402, 0.0 ], [ 74.095898063045198, 30.657513091056298, 0.0 ], [ 74.095881912120603, 30.657776342404301, 0.0 ], [ 74.0958660103082, 30.6580396908791, 0.0 ], [ 74.095869976318397, 30.658148588886299, 0.0 ], [ 74.095928182239902, 30.658385440635598, 0.0 ], [ 74.095990448600404, 30.658731714697002, 0.0 ], [ 74.0960487903195, 30.658969163596101, 0.0 ], [ 74.096107193192495, 30.659206857110799, 0.0 ], [ 74.096111224853203, 30.659316313597099, 0.0 ], [ 74.096146525042201, 30.6595996818799, 0.0 ], [ 74.096135470575604, 30.659974191955399, 0.0 ], [ 74.096198112852704, 30.6603228761998, 0.0 ], [ 74.096256767535905, 30.660561969959002, 0.0 ], [ 74.096292253884499, 30.660846893169701, 0.0 ], [ 74.096351023680896, 30.6610865256227, 0.0 ], [ 74.096464602659395, 30.661455978810402, 0.0 ], [ 74.096571091382799, 30.661603267976499, 0.0 ], [ 74.096629591382595, 30.661727952682899, 0.0 ], [ 74.096711339756595, 30.661923319605599, 0.0 ], [ 74.096850047591701, 30.662246045818399, 0.0 ], [ 74.097038991556204, 30.662472048146601, 0.0 ], [ 74.097173869178803, 30.662683995869799, 0.0 ], [ 74.097357553908097, 30.6629181982163, 0.0 ], [ 74.097460763703296, 30.6630717952272, 0.0 ], [ 74.097640769306096, 30.663312660650799, 0.0 ], [ 74.097794297968505, 30.663487059880001, 0.0 ], [ 74.098024429983496, 30.663630838992098, 0.0 ], [ 74.098155414440896, 30.663732150318499, 0.0 ], [ 74.098493964225099, 30.663903568295101, 0.0 ], [ 74.098729287127, 30.6640389270549, 0.0 ], [ 74.098964574955204, 30.6641742687275, 0.0 ], [ 74.099171826418697, 30.6642444401289, 0.0 ], [ 74.099378996943202, 30.664314583651201, 0.0 ], [ 74.099685136959593, 30.664428179716801, 0.0 ], [ 74.099866196567703, 30.664550361609901, 0.0 ], [ 74.100121071630198, 30.664645669062502, 0.0 ], [ 74.100324997400804, 30.6647219243774, 0.0 ], [ 74.100630926975796, 30.664836320839601, 0.0 ], [ 74.100761335867006, 30.664939259938901, 0.0 ], [ 74.100943176986107, 30.665060475960299, 0.0 ], [ 74.101249479779696, 30.665174455136999, 0.0 ], [ 74.101429179613007, 30.665300724448901, 0.0 ], [ 74.101761186829407, 30.665486613416501, 0.0 ], [ 74.102042715998607, 30.665652798238099, 0.0 ], [ 74.102296626987794, 30.665752137351301, 0.0 ], [ 74.102556204605193, 30.665964067987399, 0.0 ], [ 74.102812140867698, 30.666059057979201, 0.0 ], [ 74.103096947166406, 30.666218714622101, 0.0 ], [ 74.103279201973606, 30.6663410476013, 0.0 ], [ 74.103564045144694, 30.666501080160799, 0.0 ], [ 74.103774934365802, 30.666689552880602, 0.0 ], [ 74.103934661155705, 30.6668593322924, 0.0 ], [ 74.104197648102996, 30.667064953284999, 0.0 ], [ 74.104460351763905, 30.667272092333199, 0.0 ], [ 74.104592286804603, 30.667373916273299, 0.0 ], [ 74.104781264044206, 30.6676094792941, 0.0 ], [ 74.104993087660901, 30.667797547319001, 0.0 ], [ 74.105257512624206, 30.6680003939031, 0.0 ], [ 74.105417592847701, 30.668171892818599, 0.0 ], [ 74.105705452344793, 30.668324714613998, 0.0 ], [ 74.105840312880204, 30.6684153869606, 0.0 ], [ 74.106129393656701, 30.6685619746555, 0.0 ], [ 74.106381373801398, 30.668677569014701, 0.0 ], [ 74.106688351086603, 30.668797238202, 0.0 ], [ 74.106998750292107, 30.6689007303845, 0.0 ], [ 74.107234746786204, 30.669035503685599, 0.0 ], [ 74.107594515174796, 30.6691671950101, 0.0 ], [ 74.107899576904003, 30.669299706516298, 0.0 ], [ 74.108207853709501, 30.6694145553375, 0.0 ], [ 74.108415095280506, 30.669479847017399, 0.0 ], [ 74.108518556885898, 30.6695132217578, 0.0 ], [ 74.108777031035203, 30.6695971383973, 0.0 ], [ 74.109337601848907, 30.669668219912499, 0.0 ], [ 74.109669010116804, 30.669720546066401, 0.0 ], [ 74.109895983712804, 30.669750226391901, 0.0 ], [ 74.110371881557199, 30.669759969646901, 0.0 ], [ 74.110598943286703, 30.669786704692701, 0.0 ], [ 74.110774658223903, 30.669794679880599, 0.0 ], [ 74.111023442178194, 30.669772450438298, 0.0 ], [ 74.111344170996702, 30.669737590917101, 0.0 ], [ 74.111613385749195, 30.6696903702145, 0.0 ], [ 74.112006834647701, 30.669637666345299, 0.0 ], [ 74.112392383901494, 30.669470217076899, 0.0 ], [ 74.112589454139993, 30.669425634085801, 0.0 ], [ 74.112850866374501, 30.6692353852049, 0.0 ], [ 74.1131845526251, 30.6690358283408, 0.0 ], [ 74.113423782181897, 30.668903225103801, 0.0 ], [ 74.113662768022394, 30.668770758563699, 0.0 ], [ 74.113799268921198, 30.668601007030901, 0.0 ], [ 74.114008004266097, 30.668402737096699, 0.0 ], [ 74.114144060000399, 30.668230857767899, 0.0 ], [ 74.114309805053495, 30.6681256092095, 0.0 ], [ 74.114517625787897, 30.667924200641401, 0.0 ], [ 74.114559551282298, 30.667822989139701, 0.0 ], [ 74.114789330763102, 30.667594314925701, 0.0 ], [ 74.114954259231794, 30.667486777592799, 0.0 ], [ 74.115181650113101, 30.667232569827299, 0.0 ], [ 74.1153668187238, 30.667075605754601, 0.0 ], [ 74.115572586305902, 30.666871531596001, 0.0 ], [ 74.115728038618201, 30.666657084656801, 0.0 ], [ 74.115832459800203, 30.666423251931601, 0.0 ], [ 74.1159458562163, 30.666302757166498, 0.0 ], [ 74.116029190095105, 30.666116057010498, 0.0 ], [ 74.116195588955307, 30.6657432718346, 0.0 ], [ 74.116299965171294, 30.6655150292952, 0.0 ], [ 74.116404513157804, 30.665289061141301, 0.0 ], [ 74.116508814730096, 30.665062271007098, 0.0 ], [ 74.116613024571507, 30.664835701206702, 0.0 ], [ 74.116767472341095, 30.664626868735098, 0.0 ], [ 74.116850066977094, 30.6644421839597, 0.0 ], [ 74.1170241487455, 30.664183547033101, 0.0 ], [ 74.117188900047793, 30.663816198258999, 0.0 ], [ 74.117271569327499, 30.6636351386508, 0.0 ], [ 74.117354247600503, 30.663454562877799, 0.0 ], [ 74.1174369177796, 30.6632745132083, 0.0 ], [ 74.117560356924997, 30.663002901762599, 0.0 ], [ 74.117592141664105, 30.66280210923, 0.0 ], [ 74.117594334211205, 30.662538958606099, 0.0 ], [ 74.117576021316395, 30.662321367636999, 0.0 ], [ 74.117528084753403, 30.662040553428799, 0.0 ], [ 74.117480202149693, 30.661760059379301, 0.0 ], [ 74.1174118608687, 30.661524910046602, 0.0 ], [ 74.117293400370201, 30.6612711438482, 0.0 ], [ 74.117154714118797, 30.6610634697034, 0.0 ], [ 74.117106704710693, 30.660781846105401, 0.0 ], [ 74.1170181151939, 30.660591902994, 0.0 ], [ 74.116900131335996, 30.660340021774601, 0.0 ], [ 74.116882540596805, 30.660124844585901, 0.0 ], [ 74.116764152043999, 30.659870752833001, 0.0 ], [ 74.116645694243502, 30.659614812074, 0.0 ], [ 74.116526650984198, 30.659355146323001, 0.0 ], [ 74.116437502988404, 30.659160691312898, 0.0 ], [ 74.116298444417694, 30.65894701869, 0.0 ], [ 74.116159589093797, 30.6587336491386, 0.0 ], [ 74.116000533198104, 30.658565675565502, 0.0 ], [ 74.115883106020604, 30.658311882387501, 0.0 ], [ 74.115676645960505, 30.658139273708599, 0.0 ], [ 74.115590188736306, 30.657959133207498, 0.0 ], [ 74.115383815910405, 30.657787678358702, 0.0 ], [ 74.115198122994997, 30.657573204439899, 0.0 ], [ 74.115011134156603, 30.657348168882901, 0.0 ], [ 74.114981621105002, 30.6572821910203, 0.0 ], [ 74.114695334522096, 30.657019086261901, 0.0 ], [ 74.114509200039606, 30.656799362100902, 0.0 ], [ 74.114352040814097, 30.656640411425901, 0.0 ], [ 74.114244500783101, 30.6564988005792, 0.0 ], [ 74.114017174652901, 30.656367434809301, 0.0 ], [ 74.1137896191956, 30.656234479038002, 0.0 ], [ 74.113640198636304, 30.656166357191701, 0.0 ], [ 74.113441241620095, 30.6560781121152, 0.0 ], [ 74.113263444752207, 30.655948447862599, 0.0 ], [ 74.112867219646503, 30.655807441360398, 0.0 ], [ 74.112619475308605, 30.655720323134499, 0.0 ], [ 74.112421202676401, 30.655650595998299, 0.0 ], [ 74.112123671869995, 30.655545971569399, 0.0 ], [ 74.111826030447006, 30.6554406276829, 0.0 ], [ 74.111499636798797, 30.6552731748172, 0.0 ], [ 74.111123552909703, 30.655087859617101, 0.0 ], [ 74.110719629607303, 30.654835016123201, 0.0 ], [ 74.110521677133804, 30.654760365198701, 0.0 ], [ 74.110224849597202, 30.654648431979599, 0.0 ], [ 74.109829253117596, 30.654499426907101, 0.0 ], [ 74.109582097835599, 30.6544063857461, 0.0 ], [ 74.109285395304795, 30.6542956414307, 0.0 ], [ 74.109009161343707, 30.654144316107399, 0.0 ], [ 74.108802899134602, 30.653970364740601, 0.0 ], [ 74.108495975808694, 30.653765107074101, 0.0 ], [ 74.108259671746495, 30.653534312258699, 0.0 ], [ 74.108132679379693, 30.653435374243202, 0.0 ], [ 74.107956242286804, 30.6533182429426, 0.0 ], [ 74.107801012107103, 30.6531579891499, 0.0 ], [ 74.107542107182596, 30.652851442639999, 0.0 ], [ 74.107387833881504, 30.652689943286301, 0.0 ], [ 74.107332437442096, 30.6525650418433, 0.0 ], [ 74.107178362891204, 30.652403767319999, 0.0 ], [ 74.107095463384994, 30.652216746105999, 0.0 ], [ 74.106858816681097, 30.6518692948321, 0.0 ], [ 74.106696669815506, 30.651607876302499, 0.0 ], [ 74.106535311655406, 30.651345395673498, 0.0 ], [ 74.1063796003384, 30.651189169045001, 0.0 ], [ 74.106201579539302, 30.651077605447199, 0.0 ], [ 74.105995730118906, 30.650904610059701, 0.0 ], [ 74.105818893727005, 30.650790879995199, 0.0 ], [ 74.105547275086707, 30.650635139899901, 0.0 ], [ 74.105373551248405, 30.650516998660599, 0.0 ], [ 74.105199883168197, 30.650399046278999, 0.0 ], [ 74.104953110097995, 30.650309446823499, 0.0 ], [ 74.104700577769506, 30.650115331757199, 0.0 ], [ 74.104497495562995, 30.649939218420201, 0.0 ], [ 74.104244840027405, 30.649745666329501, 0.0 ], [ 74.104086452328005, 30.649482531893401, 0.0 ], [ 74.1039122833253, 30.6493664851752, 0.0 ], [ 74.103906981821794, 30.6492621197511, 0.0 ], [ 74.103753220235006, 30.6491048112381, 0.0 ], [ 74.1035928045644, 30.6488449206566, 0.0 ], [ 74.103487961600194, 30.6487061327819, 0.0 ], [ 74.103356019364895, 30.648506391556801, 0.0 ], [ 74.103225211174603, 30.648305788781201, 0.0 ], [ 74.103164175985995, 30.648081669633399, 0.0 ], [ 74.102960010995801, 30.647908372973099, 0.0 ], [ 74.102777448620401, 30.647584991154499, 0.0 ], [ 74.102673963632597, 30.647445905604101, 0.0 ], [ 74.102593241384994, 30.647263666984699, 0.0 ], [ 74.102462998868404, 30.647064093932801, 0.0 ], [ 74.102279102798406, 30.646743581850899, 0.0 ], [ 74.102171780403395, 30.646501521228299, 0.0 ], [ 74.102160412972793, 30.646296751893701, 0.0 ], [ 74.102128370128199, 30.646133793839599, 0.0 ], [ 74.102043003781702, 30.645850228605202, 0.0 ], [ 74.102004628810604, 30.645586016781301, 0.0 ], [ 74.101981405617394, 30.645283510925399, 0.0 ], [ 74.101850210718695, 30.645086310284999, 0.0 ], [ 74.101671289698302, 30.644870855205902, 0.0 ], [ 74.101492485589802, 30.644655540420899, 0.0 ], [ 74.101321525368206, 30.644541070214199, 0.0 ], [ 74.101074869209896, 30.644349082943801, 0.0 ], [ 74.100875753913002, 30.644175642392, 0.0 ], [ 74.100704491519096, 30.6440617027854, 0.0 ], [ 74.100485515594102, 30.643929667919899, 0.0 ], [ 74.100294383578998, 30.6438570719463, 0.0 ], [ 74.100077292633003, 30.6438277423565, 0.0 ], [ 74.099784690111406, 30.643824003874698, 0.0 ], [ 74.099148830754004, 30.643798884910701, 0.0 ], [ 74.098881706925297, 30.643854964834802, 0.0 ], [ 74.098716164219596, 30.643945569732299, 0.0 ], [ 74.0985321386473, 30.644077044320198, 0.0 ], [ 74.098360236835504, 30.644308018100599, 0.0 ], [ 74.098234742739194, 30.6445577202626, 0.0 ], [ 74.098068873579706, 30.644648681291599, 0.0 ], [ 74.097933367331095, 30.644902174096099, 0.0 ], [ 74.097822172455295, 30.645113039934898, 0.0 ], [ 74.097741214585398, 30.6452788083703, 0.0 ], [ 74.097728231972397, 30.6455256803659, 0.0 ], [ 74.097735475112103, 30.6457313454253, 0.0 ], [ 74.097861494412498, 30.645931491345301, 0.0 ], [ 74.097887167358905, 30.645992277421701, 0.0 ] ] ] ] } },
{ "type": "Feature", "properties": { "Name": "S7", "district": "Okara", "province": "Punjab", "area_km2": 1.87141323653, "volume_MAF": 0.00924872563, "River": "Sutlej", "Shape_Leng": 0.05637011349, "Shape_Area": 0.00017586236 }, "geometry": { "type": "MultiPolygon", "coordinates": [ [ [ [ 73.956552780386602, 30.506377515609898, 0.0 ], [ 73.956646133612296, 30.506362180370399, 0.0 ], [ 73.956708167048305, 30.506533994948001, 0.0 ], [ 73.956728441364504, 30.506665891317901, 0.0 ], [ 73.956762224397195, 30.5068277153268, 0.0 ], [ 73.956758878019897, 30.506950857696001, 0.0 ], [ 73.956742022926093, 30.507044084117201, 0.0 ], [ 73.956731943324598, 30.507239342221901, 0.0 ], [ 73.956745088714896, 30.507269204210399, 0.0 ], [ 73.956694856182693, 30.507374726162698, 0.0 ], [ 73.956701610990606, 30.5074767668394, 0.0 ], [ 73.956648279394599, 30.507632304587201, 0.0 ], [ 73.956639504709401, 30.507754788652601, 0.0 ], [ 73.956642562404397, 30.507907237229301, 0.0 ], [ 73.956610149938498, 30.5080719741424, 0.0 ], [ 73.956589299156903, 30.508165056672102, 0.0 ], [ 73.956558769871407, 30.508330362856, 0.0 ], [ 73.956571915261705, 30.5083604361852, 0.0 ], [ 73.956580634188995, 30.508463032642901, 0.0 ], [ 73.956589348619602, 30.508565594027001, 0.0 ], [ 73.956592659024096, 30.5087404959772, 0.0 ], [ 73.956601413024799, 30.508842962932398, 0.0 ], [ 73.9566107084175, 30.5089453939149, 0.0 ], [ 73.956664007637897, 30.509065840116499, 0.0 ], [ 73.956717400387802, 30.509186360961799, 0.0 ], [ 73.956768447705798, 30.509255669013999, 0.0 ], [ 73.956892536161703, 30.509352070041999, 0.0 ], [ 73.957003298463505, 30.5094183401843, 0.0 ], [ 73.957114095838904, 30.509484630111601, 0.0 ], [ 73.957190801714205, 30.509562986242901, 0.0 ], [ 73.957276213926207, 30.509620357593501, 0.0 ], [ 73.9573619912629, 30.509677730742698, 0.0 ], [ 73.957487622955497, 30.5097742073139, 0.0 ], [ 73.957576458886507, 30.509831320559002, 0.0 ], [ 73.957646434235599, 30.509930434841699, 0.0 ], [ 73.957774858323106, 30.5100265121139, 0.0 ], [ 73.957854142554694, 30.5101045157109, 0.0 ], [ 73.958021315731202, 30.5102395678019, 0.0 ], [ 73.958099396669894, 30.510317658633099, 0.0 ], [ 73.958214463127007, 30.510435137971299, 0.0 ], [ 73.958347073558599, 30.510582006254701, 0.0 ], [ 73.958438666811105, 30.510690218079201, 0.0 ], [ 73.958481437668297, 30.510780361624398, 0.0 ], [ 73.958568903931805, 30.510837485661501, 0.0 ], [ 73.958664563019198, 30.510996707032501, 0.0 ], [ 73.9587805099127, 30.511113885097799, 0.0 ], [ 73.958884247610001, 30.5112527044488, 0.0 ], [ 73.9589755368916, 30.511413391714701, 0.0 ], [ 73.959029171559095, 30.511534790298398, 0.0 ], [ 73.959121322391198, 30.511695470369698, 0.0 ], [ 73.959197281829205, 30.511774254578299, 0.0 ], [ 73.959319660673899, 30.511941613914399, 0.0 ], [ 73.959383982884603, 30.512042094267301, 0.0 ], [ 73.959435177691404, 30.512112076810901, 0.0 ], [ 73.959489056974505, 30.512233845015999, 0.0 ], [ 73.959540308438505, 30.512303912095899, 0.0 ], [ 73.959580764440801, 30.5123953335778, 0.0 ], [ 73.959647352043703, 30.512494948782901, 0.0 ], [ 73.959732745369905, 30.512621944747, 0.0 ], [ 73.959777794209899, 30.512710634987901, 0.0 ], [ 73.959862978893398, 30.512837306296699, 0.0 ], [ 73.959933096335405, 30.512934335950899, 0.0 ], [ 73.960056739626907, 30.513099599866699, 0.0 ], [ 73.960133960813707, 30.5131775279206, 0.0 ], [ 73.960258496232697, 30.5132746771847, 0.0 ], [ 73.9602986671498, 30.513366390946299, 0.0 ], [ 73.960407269280097, 30.513489342659099, 0.0 ], [ 73.960491388267002, 30.513603768798902, 0.0 ], [ 73.960553859672899, 30.513652565113802, 0.0 ], [ 73.960623306220697, 30.5137496289423, 0.0 ], [ 73.960765616739906, 30.513874230011801, 0.0 ], [ 73.960810587338798, 30.513961877039002, 0.0 ], [ 73.960967635048306, 30.5141154353791, 0.0 ], [ 73.961021800315905, 30.514182933095899, 0.0 ], [ 73.961075931409098, 30.514250387645301, 0.0 ], [ 73.961218773427703, 30.5143732988887, 0.0 ], [ 73.9613131725649, 30.514477404408801, 0.0 ], [ 73.961352793996298, 30.514514963694701, 0.0 ], [ 73.961496665738593, 30.514635736350201, 0.0 ], [ 73.961536054245599, 30.514673432333101, 0.0 ], [ 73.961752155937305, 30.514877670168399, 0.0 ], [ 73.961910950130303, 30.515020478912, 0.0 ], [ 73.962008468116395, 30.5151135641397, 0.0 ], [ 73.9621540395773, 30.515226707846399, 0.0 ], [ 73.962290943372395, 30.515358711235599, 0.0 ], [ 73.962391482181204, 30.5154480903572, 0.0 ], [ 73.962538137325197, 30.5155615569204, 0.0 ], [ 73.962601427114194, 30.515609584314898, 0.0 ], [ 73.962679297611501, 30.515686712871599, 0.0 ], [ 73.962781623373303, 30.5157729065944, 0.0 ], [ 73.962943226148994, 30.5158566433694, 0.0 ], [ 73.963047016007096, 30.515939079724799, 0.0 ], [ 73.963135899602193, 30.515993093006902, 0.0 ], [ 73.9632147611524, 30.516066789750599, 0.0 ], [ 73.963308448026496, 30.516167934702501, 0.0 ], [ 73.963387981370303, 30.516238737427798, 0.0 ], [ 73.963417406288301, 30.516294687849602, 0.0 ], [ 73.963534614930595, 30.516405770310101, 0.0 ], [ 73.963625766615905, 30.5165126817149, 0.0 ], [ 73.963653767907104, 30.516572620630001, 0.0 ], [ 73.963720259282596, 30.516671223198401, 0.0 ], [ 73.9637996217552, 30.5168039496426, 0.0 ], [ 73.963892372435097, 30.5169695876764, 0.0 ], [ 73.963919677651106, 30.517032570796601, 0.0 ], [ 73.963985482843796, 30.517134627661001, 0.0 ], [ 73.964025130355495, 30.517168529404199, 0.0 ], [ 73.964103761679297, 30.517238652242, 0.0 ], [ 73.964244704329701, 30.5173581928264, 0.0 ], [ 73.964393242654097, 30.5174710847228, 0.0 ], [ 73.9644212754216, 30.517530891437598, 0.0 ], [ 73.964541283653404, 30.517589336578698, 0.0 ], [ 73.9646401767029, 30.517694241596001, 0.0 ], [ 73.964806062949506, 30.517803529009701, 0.0 ], [ 73.964991046299801, 30.5179134360563, 0.0 ], [ 73.965065056007603, 30.517941207121101, 0.0 ], [ 73.965104341092498, 30.5179755081632, 0.0 ], [ 73.965227642641693, 30.518021777383201, 0.0 ], [ 73.9654256059071, 30.518083506848399, 0.0 ], [ 73.965574218875105, 30.518117424779401, 0.0 ], [ 73.965771344871698, 30.518159019323299, 0.0 ], [ 73.965942825800795, 30.5182122340074, 0.0 ], [ 73.965991787590994, 30.518228302194402, 0.0 ], [ 73.966187334378006, 30.518291148617699, 0.0 ], [ 73.966334601960298, 30.518356814415501, 0.0 ], [ 73.966516888243902, 30.518405357121601, 0.0 ], [ 73.966639539583099, 30.5184520760026, 0.0 ], [ 73.966772926129707, 30.518480385761201, 0.0 ], [ 73.966892483801104, 30.5184794306812, 0.0 ], [ 73.967061038336297, 30.518494734444499, 0.0 ], [ 73.9672155949238, 30.518479508922301, 0.0 ], [ 73.967356028557901, 30.518433120092499, 0.0 ], [ 73.967485542623805, 30.518405055848699, 0.0 ], [ 73.967589874772997, 30.518364421780699, 0.0 ], [ 73.967728835317502, 30.518310302378602, 0.0 ], [ 73.967867813848599, 30.518257170432101, 0.0 ], [ 73.967996380928298, 30.518226027809, 0.0 ], [ 73.968114874701797, 30.518218093989901, 0.0 ], [ 73.968257866007804, 30.5182191533913, 0.0 ], [ 73.968352194997905, 30.518203772286299, 0.0 ], [ 73.968470953172002, 30.518197170363202, 0.0 ], [ 73.968709996569103, 30.518189077364099, 0.0 ], [ 73.968855498782304, 30.5181983403812, 0.0 ], [ 73.968976213881206, 30.518197236913, 0.0 ], [ 73.969156822029802, 30.5181935802696, 0.0 ], [ 73.9692617369396, 30.5181567566291, 0.0 ], [ 73.9694261509961, 30.518116697227899, 0.0 ], [ 73.969671404211994, 30.518074740257099, 0.0 ], [ 73.969891907185797, 30.5180243062767, 0.0 ], [ 73.970019237697699, 30.5179925323296, 0.0 ], [ 73.970144679633293, 30.517957076557899, 0.0 ], [ 73.970248429921199, 30.517918796015699, 0.0 ], [ 73.970352748580495, 30.517881788014201, 0.0 ], [ 73.970467256558706, 30.517823261934002, 0.0 ], [ 73.970536777750198, 30.5177985998256, 0.0 ], [ 73.970626680277107, 30.5177309096538, 0.0 ], [ 73.970800960795799, 30.517670262972299, 0.0 ], [ 73.970882174972502, 30.517626777154099, 0.0 ], [ 73.970988126800606, 30.517592770190198, 0.0 ], [ 73.971282095392397, 30.517436290852199, 0.0 ], [ 73.9714494691178, 30.517401536551699, 0.0 ], [ 73.971611215785103, 30.517312268046801, 0.0 ], [ 73.971864572791802, 30.517203744157499, 0.0 ], [ 73.971884793148703, 30.517160563209501, 0.0 ], [ 73.972053337791394, 30.517045323183201, 0.0 ], [ 73.9721972940699, 30.516921232928599, 0.0 ], [ 73.972241892349501, 30.516887075778001, 0.0 ], [ 73.972355488415104, 30.516827736710798, 0.0 ], [ 73.972444600437996, 30.516759481764701, 0.0 ], [ 73.972578189331998, 30.5166571613989, 0.0 ], [ 73.972815879249495, 30.516518211646201, 0.0 ], [ 73.972941132327406, 30.516439597409502, 0.0 ], [ 73.973094241905798, 30.516373504433702, 0.0 ], [ 73.973188809216296, 30.516311133751898, 0.0 ], [ 73.973344580787895, 30.516247256705601, 0.0 ], [ 73.973481705816098, 30.516148571399501, 0.0 ], [ 73.9736290507402, 30.5160764628585, 0.0 ], [ 73.973791664353897, 30.516035691194201, 0.0 ], [ 73.973931145605903, 30.515987146689501, 0.0 ], [ 73.974129818436396, 30.515935346639001, 0.0 ], [ 73.974290098309396, 30.515844573568199, 0.0 ], [ 73.974488463571802, 30.515792583760799, 0.0 ], [ 73.974671300240303, 30.5157093721898, 0.0 ], [ 73.974741220730806, 30.515685291942699, 0.0 ], [ 73.9748463928468, 30.5156493748188, 0.0 ], [ 73.974950551426801, 30.515612687875301, 0.0 ], [ 73.975052697324202, 30.515574624968998, 0.0 ], [ 73.975242271713498, 30.515545025582501, 0.0 ], [ 73.975369274872193, 30.515516285048601, 0.0 ], [ 73.975520182010797, 30.5154962166771, 0.0 ], [ 73.975681354910606, 30.5154550457138, 0.0 ], [ 73.975876710142103, 30.5154014551131, 0.0 ], [ 73.975946006503094, 30.5153770457142, 0.0 ], [ 73.976107072383499, 30.5152871458851, 0.0 ], [ 73.976198644951594, 30.515221545737798, 0.0 ], [ 73.976255872410704, 30.515168223134999, 0.0 ], [ 73.976348719317997, 30.5150542817298, 0.0 ], [ 73.976383520383195, 30.514993076569301, 0.0 ], [ 73.976441633674497, 30.514890992725199, 0.0 ], [ 73.9765203810109, 30.514746462679199, 0.0 ], [ 73.976543877597905, 30.514580323722999, 0.0 ], [ 73.976559749732701, 30.5144862654288, 0.0 ], [ 73.976541276758596, 30.514404485578599, 0.0 ], [ 73.976528039637401, 30.514249779703601, 0.0 ], [ 73.976484755267293, 30.514158807882701, 0.0 ], [ 73.976402809042398, 30.514028909806399, 0.0 ], [ 73.976358770141204, 30.513937714953599, 0.0 ], [ 73.976239793431802, 30.513818954980799, 0.0 ], [ 73.976162898698902, 30.513740824579401, 0.0 ], [ 73.976048782825103, 30.513624258053099, 0.0 ], [ 73.975872324148497, 30.513459897056599, 0.0 ], [ 73.975746645691203, 30.5133638674486, 0.0 ], [ 73.975669607066806, 30.513285701074299, 0.0 ], [ 73.975547980055296, 30.513241031748301, 0.0 ], [ 73.975422281812897, 30.513144988650399, 0.0 ], [ 73.975285986858907, 30.513069962708599, 0.0 ], [ 73.9751347361792, 30.512964452447601, 0.0 ], [ 73.974962946782597, 30.512851621705, 0.0 ], [ 73.974769611428499, 30.512780681383401, 0.0 ], [ 73.974619663866505, 30.5126757080176, 0.0 ], [ 73.974483627917195, 30.512600772907401, 0.0 ], [ 73.974347577578698, 30.512525832401298, 0.0 ], [ 73.974260371219202, 30.512468843262599, 0.0 ], [ 73.974134796183904, 30.512372811855801, 0.0 ], [ 73.974023158841803, 30.512306842986401, 0.0 ], [ 73.973874331835006, 30.512202265322301, 0.0 ], [ 73.973739135852497, 30.512127722316599, 0.0 ], [ 73.973573333242797, 30.5119918608357, 0.0 ], [ 73.973493539994905, 30.511912581100798, 0.0 ], [ 73.973380937680204, 30.511846256099901, 0.0 ], [ 73.973279181189298, 30.5117588177153, 0.0 ], [ 73.973113225694902, 30.511623055159902, 0.0 ], [ 73.972934996253102, 30.511507735993298, 0.0 ], [ 73.972845968766507, 30.511450099342699, 0.0 ], [ 73.972769047953193, 30.511371941062301, 0.0 ], [ 73.972632810555794, 30.511296930409099, 0.0 ], [ 73.972493307720001, 30.511170877833798, 0.0 ], [ 73.972343183890899, 30.511065835220201, 0.0 ], [ 73.972242003865503, 30.510978785342701, 0.0 ], [ 73.9721758938025, 30.510879699838299, 0.0 ], [ 73.972064099978297, 30.510813665318398, 0.0 ], [ 73.971973486087606, 30.510705558714601, 0.0 ], [ 73.971820080632298, 30.5105494148237, 0.0 ], [ 73.971550954013395, 30.510275954371799, 0.0 ], [ 73.971417773411602, 30.510077457808499, 0.0 ], [ 73.971312849508493, 30.509939087219198, 0.0 ], [ 73.971218946796995, 30.509779826277999, 0.0 ], [ 73.971148531679404, 30.5096293858875, 0.0 ], [ 73.9711062887243, 30.509539122732399, 0.0 ], [ 73.971049576576803, 30.509418761067, 0.0 ], [ 73.970992340124397, 30.509298360730799, 0.0 ], [ 73.970872923646496, 30.509130029227499, 0.0 ], [ 73.970841317872598, 30.509018766902599, 0.0 ], [ 73.970747579737093, 30.508859326097099, 0.0 ], [ 73.970692548422406, 30.5087389941094, 0.0 ], [ 73.970625960819504, 30.508639767411399, 0.0 ], [ 73.970506289833494, 30.508471435908099, 0.0 ], [ 73.970425198863893, 30.508342208725999, 0.0 ], [ 73.970396846837005, 30.508282109731599, 0.0 ], [ 73.970309555941299, 30.508225034258, 0.0 ], [ 73.970267044088899, 30.5081349077998, 0.0 ], [ 73.970189964095596, 30.5080568079754, 0.0 ], [ 73.970074457869998, 30.507939655091, 0.0 ], [ 73.970011561984094, 30.5078915818311, 0.0 ], [ 73.9699241712635, 30.5078344488008, 0.0 ], [ 73.969798403773396, 30.507738367032101, 0.0 ], [ 73.969638053753201, 30.5076541760994, 0.0 ], [ 73.969463123024795, 30.507540114185002, 0.0 ], [ 73.969400028388606, 30.507492115568699, 0.0 ], [ 73.969249349677796, 30.507387158390699, 0.0 ], [ 73.969147698407596, 30.5073001660699, 0.0 ], [ 73.969035640182696, 30.507234246663199, 0.0 ], [ 73.968846171013993, 30.5070905736711, 0.0 ], [ 73.968694535424504, 30.506986471748299, 0.0 ], [ 73.968518903224805, 30.506873244404701, 0.0 ], [ 73.968392622221799, 30.506777733705501, 0.0 ], [ 73.968304635250803, 30.506721420856898, 0.0 ], [ 73.968181922757594, 30.506677214681801, 0.0 ], [ 73.968081214876193, 30.5065896791704, 0.0 ], [ 73.967994335869903, 30.506532331202202, 0.0 ], [ 73.967872609933096, 30.506487053035102, 0.0 ], [ 73.967698606405605, 30.506372392172199, 0.0 ], [ 73.967611564622104, 30.506315037009401, 0.0 ], [ 73.967437451377407, 30.506200273623801, 0.0 ], [ 73.967315443053295, 30.506155020637699, 0.0 ], [ 73.967154876296505, 30.506070801826102, 0.0 ], [ 73.967004550119995, 30.505965973251101, 0.0 ], [ 73.966892596216397, 30.505900538579098, 0.0 ], [ 73.966780683681705, 30.505835131785901, 0.0 ], [ 73.966595429635404, 30.5057432426566, 0.0 ], [ 73.966483615126805, 30.505677989647602, 0.0 ], [ 73.966336989660405, 30.505625003391199, 0.0 ], [ 73.966200872772106, 30.505551067427898, 0.0 ], [ 73.966050814593501, 30.505447336925101, 0.0 ], [ 73.9658416601645, 30.5053444589797, 0.0 ], [ 73.965730044406101, 30.505278115092999, 0.0 ], [ 73.965681211219007, 30.505259830976499, 0.0 ], [ 73.965590465127903, 30.505152227993001, 0.0 ], [ 73.9654648136503, 30.505055871031701, 0.0 ], [ 73.965338907664503, 30.5049579258676, 0.0 ], [ 73.9651289654295, 30.504852920126201, 0.0 ], [ 73.965027315957897, 30.504764310824299, 0.0 ], [ 73.964880142804404, 30.5047083397181, 0.0 ], [ 73.964754201745095, 30.504611947683301, 0.0 ], [ 73.964593305836402, 30.504527513933699, 0.0 ], [ 73.964506002350205, 30.504470731639, 0.0 ], [ 73.964429212837999, 30.504393127341, 0.0 ], [ 73.964258197757701, 30.504330698203201, 0.0 ], [ 73.964097704745299, 30.504247334646799, 0.0 ], [ 73.963961620232595, 30.504172799734999, 0.0 ], [ 73.963849979293201, 30.5041071681114, 0.0 ], [ 73.963727883734904, 30.504062529362301, 0.0 ], [ 73.963591865772102, 30.503987990853101, 0.0 ], [ 73.963430707261395, 30.503903028302101, 0.0 ], [ 73.9633321883299, 30.5038656551759, 0.0 ], [ 73.963135279069903, 30.5037912578603, 0.0 ], [ 73.962948609490795, 30.503695650933601, 0.0 ], [ 73.9628018500254, 30.5036418543881, 0.0 ], [ 73.962655557308196, 30.503588751219901, 0.0 ], [ 73.962509073035307, 30.503535390845698, 0.0 ], [ 73.962435515686494, 30.503508147682901, 0.0 ], [ 73.962302648948096, 30.503484038657501, 0.0 ], [ 73.962155331903105, 30.5034292654483, 0.0 ], [ 73.962057418215394, 30.503393323143399, 0.0 ], [ 73.961925327591899, 30.5033703868339, 0.0 ], [ 73.961804411044795, 30.503327358770701, 0.0 ], [ 73.961672803357303, 30.5033049791415, 0.0 ], [ 73.961517122617195, 30.5032740145842, 0.0 ], [ 73.961348248822702, 30.503213912891798, 0.0 ], [ 73.961179965882806, 30.503154382268999, 0.0 ], [ 73.960926151121001, 30.503086568890101, 0.0 ], [ 73.960782380102799, 30.503082770153799, 0.0 ], [ 73.960603346667199, 30.503090614040701, 0.0 ], [ 73.960424205312904, 30.5030984390418, 0.0 ], [ 73.960364473241896, 30.503101049773701, 0.0 ], [ 73.960294212807796, 30.503124623702501, 0.0 ], [ 73.960118437615805, 30.503183524799901, 0.0 ], [ 73.960012841919195, 30.503218786318001, 0.0 ], [ 73.959838327576804, 30.503279051686899, 0.0 ], [ 73.959768720050405, 30.503303336979499, 0.0 ], [ 73.959628311597399, 30.5033508265794, 0.0 ], [ 73.959592901691096, 30.503362432330398, 0.0 ], [ 73.959395623709099, 30.503415206346698, 0.0 ], [ 73.959350822182699, 30.503448774441399, 0.0 ], [ 73.959178434737098, 30.503510734133101, 0.0 ], [ 73.959099124425094, 30.503556604054101, 0.0 ], [ 73.958929523978398, 30.503668888908098, 0.0 ], [ 73.958838792276495, 30.503734992675799, 0.0 ], [ 73.958725552342401, 30.503842020093199, 0.0 ], [ 73.958584073696102, 30.503937536188399, 0.0 ], [ 73.958424921572899, 30.504126457669901, 0.0 ], [ 73.958284201055093, 30.5042230916224, 0.0 ], [ 73.958237257343598, 30.5042553287205, 0.0 ], [ 73.958171125696893, 30.5043308492893, 0.0 ], [ 73.958106716252004, 30.504407369004898, 0.0 ], [ 73.958042338283306, 30.504483850949001, 0.0 ], [ 73.957923653853598, 30.504615365107, 0.0 ], [ 73.957819025827504, 30.504651676133999, 0.0 ], [ 73.957759176844604, 30.504654508998399, 0.0 ], [ 73.957604507841793, 30.504672245427901, 0.0 ], [ 73.957434902898498, 30.5046594435785, 0.0 ], [ 73.957326315157403, 30.504644405115201, 0.0 ], [ 73.957211388994395, 30.504652499013702, 0.0 ], [ 73.957014703665706, 30.5046294403964, 0.0 ], [ 73.956882111220494, 30.5046056299459, 0.0 ], [ 73.956739226933806, 30.504602984140401, 0.0 ], [ 73.956571715612299, 30.504591256081699, 0.0 ], [ 73.956463322124605, 30.504576310248599, 0.0 ], [ 73.9564042150825, 30.504579528022902, 0.0 ], [ 73.956192472404695, 30.5046014813733, 0.0 ], [ 73.956039861050797, 30.504620214251499, 0.0 ], [ 73.9559119351877, 30.504648014994, 0.0 ], [ 73.955724261065797, 30.504728392801201, 0.0 ], [ 73.955593848577294, 30.504804899926199, 0.0 ], [ 73.955572704616699, 30.504846998090599, 0.0 ], [ 73.955450365342102, 30.504976594894, 0.0 ], [ 73.955394671227197, 30.505105770814701, 0.0 ], [ 73.955339050856594, 30.505234774065599, 0.0 ], [ 73.955317921285101, 30.505351382860098, 0.0 ], [ 73.955347107882801, 30.505486294656802, 0.0 ], [ 73.955383113140201, 30.5055988358177, 0.0 ], [ 73.955401597805604, 30.505730122447201, 0.0 ], [ 73.955429498372695, 30.505840146405699, 0.0 ], [ 73.955516423244404, 30.5059470497166, 0.0 ], [ 73.955566444435902, 30.5060154305677, 0.0 ], [ 73.955664615329795, 30.5061016188947, 0.0 ], [ 73.955749833288195, 30.5061580684402, 0.0 ], [ 73.955846790996603, 30.506193804800301, 0.0 ], [ 73.955970928016001, 30.5062393122945, 0.0 ], [ 73.956095984142394, 30.506285058109, 0.0 ], [ 73.956248331095694, 30.5063405561718, 0.0 ], [ 73.956370398774894, 30.5063353769761, 0.0 ], [ 73.956444440858306, 30.506362546394399, 0.0 ], [ 73.956552780386602, 30.506377515609898, 0.0 ] ] ] ] } },
{ "type": "Feature", "properties": { "Name": "S18", "district": "Bahawalpur", "province": "Punjab", "area_km2": 2.9489999233900002, "volume_MAF": 0.01457427502, "River": "Sutlej", "Shape_Leng": 0.07527547151, "Shape_Area": 0.00027409047 }, "geometry": { "type": "MultiPolygon", "coordinates": [ [ [ [ 71.378036487593903, 29.3965521465644, 0.0 ], [ 71.378255378982601, 29.397569354442201, 0.0 ], [ 71.378408957107794, 29.397570922859899, 0.0 ], [ 71.378707012218896, 29.3977150059428, 0.0 ], [ 71.379009833736902, 29.3977886694116, 0.0 ], [ 71.379543407802103, 29.3978647322716, 0.0 ], [ 71.379769690718703, 29.397937676282801, 0.0 ], [ 71.380300199894407, 29.3980832225627, 0.0 ], [ 71.380690592896599, 29.3980777996508, 0.0 ], [ 71.381154211397799, 29.398142791856401, 0.0 ], [ 71.381383641941596, 29.398211172707502, 0.0 ], [ 71.381773785831598, 29.398205501582702, 0.0 ], [ 71.382313977108396, 29.398207739095898, 0.0 ], [ 71.382621870802794, 29.398210436162699, 0.0 ], [ 71.382922317211197, 29.3983544553939, 0.0 ], [ 71.383450519625896, 29.3985713898578, 0.0 ], [ 71.383825680810602, 29.398786077815299, 0.0 ], [ 71.384122802425495, 29.399003238908399, 0.0 ], [ 71.384501473664201, 29.399149421009, 0.0 ], [ 71.384722081858598, 29.399366461593001, 0.0 ], [ 71.385024473500707, 29.399511124738702, 0.0 ], [ 71.385408200727994, 29.399584477042001, 0.0 ], [ 71.385633867608902, 29.3997285538297, 0.0 ], [ 71.386168432727104, 29.3999410636292, 0.0 ], [ 71.386475083558295, 29.4000146614475, 0.0 ], [ 71.387008219653694, 29.400233071698899, 0.0 ], [ 71.387389869447006, 29.400378975009701, 0.0 ], [ 71.387774763994202, 29.400453064757201, 0.0 ], [ 71.388079348183496, 29.400598706365301, 0.0 ], [ 71.388614362063194, 29.400817831577701, 0.0 ], [ 71.388997303283006, 29.400964368011199, 0.0 ], [ 71.389380284072899, 29.401111807364099, 0.0 ], [ 71.389688271296706, 29.401187058136301, 0.0 ], [ 71.389998838675496, 29.401190267816698, 0.0 ], [ 71.390309425839405, 29.401193475698399, 0.0 ], [ 71.391009243182097, 29.401197025322499, 0.0 ], [ 71.391708396825095, 29.401203369140202, 0.0 ], [ 71.392019525380903, 29.401204532862899, 0.0 ], [ 71.392407938076005, 29.4012083127135, 0.0 ], [ 71.392563545071596, 29.401208640966001, 0.0 ], [ 71.392950679830093, 29.401281772935501, 0.0 ], [ 71.3933379413929, 29.4013549246901, 0.0 ], [ 71.393493578965504, 29.401355249345301, 0.0 ], [ 71.394034746006795, 29.401502482753401, 0.0 ], [ 71.394422230601506, 29.401577203824999, 0.0 ], [ 71.394577941918598, 29.4015775770436, 0.0 ], [ 71.395200469726007, 29.401580410807401, 0.0 ], [ 71.395433994883007, 29.401580966588401, 0.0 ], [ 71.395825537218798, 29.4014385697342, 0.0 ], [ 71.3961401155739, 29.401224329639099, 0.0 ], [ 71.396609945692504, 29.401007693750099, 0.0 ], [ 71.396844970019401, 29.400865331969602, 0.0 ], [ 71.397158712004995, 29.40064672027, 0.0 ], [ 71.397548954820493, 29.400438510129199, 0.0 ], [ 71.398095569954606, 29.400081814724, 0.0 ], [ 71.3984855447721, 29.399798986034501, 0.0 ], [ 71.398873096816004, 29.399731715846102, 0.0 ], [ 71.399184312605996, 29.399517686192301, 0.0 ], [ 71.3996496560069, 29.399304929978602, 0.0 ], [ 71.399959070454798, 29.399236098567101, 0.0 ], [ 71.400346450728193, 29.399029923592099, 0.0 ], [ 71.400810126785998, 29.3988891922825, 0.0 ], [ 71.401504996058804, 29.398678748225699, 0.0 ], [ 71.401967236798598, 29.3985337010695, 0.0 ], [ 71.402275280679703, 29.398322372979202, 0.0 ], [ 71.402582686042194, 29.398039724154, 0.0 ], [ 71.402813052780203, 29.397898201440899, 0.0 ], [ 71.403042765711106, 29.397616177644501, 0.0 ], [ 71.403118156777595, 29.397263107406602, 0.0 ], [ 71.403270329262298, 29.396981034147501, 0.0 ], [ 71.403268610657904, 29.3966284288589, 0.0 ], [ 71.403267003569397, 29.396277035856599, 0.0 ], [ 71.403265677069399, 29.395996331365701, 0.0 ], [ 71.403187740921595, 29.395646556243602, 0.0 ], [ 71.4031102058714, 29.395367029864602, 0.0 ], [ 71.403109383891007, 29.395158031917699, 0.0 ], [ 71.403108010626198, 29.394810280270299, 0.0 ], [ 71.403258878194706, 29.394463517877099, 0.0 ], [ 71.403334030041506, 29.3942557780817, 0.0 ], [ 71.403408753810993, 29.393979143023099, 0.0 ], [ 71.403483339984206, 29.3937028434115, 0.0 ], [ 71.403481580910295, 29.393357998372998, 0.0 ], [ 71.403555676053699, 29.393014386304898, 0.0 ], [ 71.403553505989606, 29.392602501304498, 0.0 ], [ 71.4037790712472, 29.392329632606501, 0.0 ], [ 71.403929090755, 29.392125056626099, 0.0 ], [ 71.404153861011906, 29.391852141163401, 0.0 ], [ 71.404303314846203, 29.391647688390201, 0.0 ], [ 71.404377147387507, 29.391443229321599, 0.0 ], [ 71.404525490558996, 29.391105293774299, 0.0 ], [ 71.404598340141305, 29.390832907113001, 0.0 ], [ 71.404745876621007, 29.390493884285402, 0.0 ], [ 71.404968178238903, 29.390156141193, 0.0 ], [ 71.405190439387297, 29.389886091869698, 0.0 ], [ 71.405488354204195, 29.389684629342199, 0.0 ], [ 71.405560159673698, 29.389414645669401, 0.0 ], [ 71.405706860683196, 29.389146079328199, 0.0 ], [ 71.405777705676698, 29.388810648392699, 0.0 ], [ 71.405773397024703, 29.388474951258001, 0.0 ], [ 71.405770699957898, 29.3882096098856, 0.0 ], [ 71.405693018318203, 29.387942823302701, 0.0 ], [ 71.405616976142596, 29.3878096453989, 0.0 ], [ 71.405389403598207, 29.387410753803302, 0.0 ], [ 71.405162474968293, 29.38707882213, 0.0 ], [ 71.405010869955703, 29.3868126129118, 0.0 ], [ 71.404636367974007, 29.386544944093899, 0.0 ], [ 71.404410560798794, 29.3862772042297, 0.0 ], [ 71.4042607598263, 29.386079174414402, 0.0 ], [ 71.404111030799498, 29.385881177874101, 0.0 ], [ 71.404033245737807, 29.385483033615198, 0.0 ], [ 71.404031102653306, 29.385219775072599, 0.0 ], [ 71.404176848582793, 29.384893015400401, 0.0 ], [ 71.404248853701702, 29.384631226350098, 0.0 ], [ 71.4042461854132, 29.384304041298499, 0.0 ], [ 71.404170261948096, 29.384042290919101, 0.0 ], [ 71.404020237943698, 29.383715346885801, 0.0 ], [ 71.403797998379005, 29.383519467349601, 0.0 ], [ 71.403502645730597, 29.383324343243899, 0.0 ], [ 71.403281559996103, 29.383067040012001, 0.0 ], [ 71.402987093179902, 29.3829374324166, 0.0 ], [ 71.402618773137903, 29.382677736088699, 0.0 ], [ 71.402250998085194, 29.382482504963701, 0.0 ], [ 71.401956746206906, 29.3822852233844, 0.0 ], [ 71.401589573699894, 29.382282761940001, 0.0 ], [ 71.401222510010896, 29.3822812249986, 0.0 ], [ 71.400708509690006, 29.382276288619899, 0.0 ], [ 71.400414539299604, 29.382272928752698, 0.0 ], [ 71.400120809028195, 29.3822709493449, 0.0 ], [ 71.399606960692694, 29.382267495948199, 0.0 ], [ 71.399311886834099, 29.382459278173201, 0.0 ], [ 71.398943475061401, 29.382585864945799, 0.0 ], [ 71.398647725811898, 29.382777788364301, 0.0 ], [ 71.398278042397806, 29.382970064317099, 0.0 ], [ 71.397982251779496, 29.383097956905299, 0.0 ], [ 71.397611690627102, 29.383291015268199, 0.0 ], [ 71.397092661297293, 29.383546196100099, 0.0 ], [ 71.396944310931204, 29.3836102062461, 0.0 ], [ 71.396720173797107, 29.3838038860405, 0.0 ], [ 71.396347878751698, 29.383998078448599, 0.0 ], [ 71.395826206314396, 29.384256531913501, 0.0 ], [ 71.395601524190994, 29.384448834845902, 0.0 ], [ 71.395374588366593, 29.384709885552802, 0.0 ], [ 71.395067975306901, 29.385232606599601, 0.0 ], [ 71.394915711091201, 29.385428728053402, 0.0 ], [ 71.394761854176295, 29.385690914604101, 0.0 ], [ 71.394531871448706, 29.386019696851601, 0.0 ], [ 71.394377229425601, 29.386283587617498, 0.0 ], [ 71.393992417616104, 29.386813651628799, 0.0 ], [ 71.393761697444504, 29.3871412737508, 0.0 ], [ 71.393679161264302, 29.387472869977, 0.0 ], [ 71.393521755624604, 29.387804780066599, 0.0 ], [ 71.393365689974601, 29.388070645743799, 0.0 ], [ 71.393282534161699, 29.388404081982902, 0.0 ], [ 71.392890506192003, 29.389072665870899, 0.0 ], [ 71.392808089621695, 29.3893419507705, 0.0 ], [ 71.392421215666602, 29.389745315593899, 0.0 ], [ 71.392342146372997, 29.3898802903432, 0.0 ], [ 71.392183805438293, 29.3901505770875, 0.0 ], [ 71.391945783671005, 29.390556870103499, 0.0 ], [ 71.391709269167507, 29.390895927105401, 0.0 ], [ 71.391401515767399, 29.391097647738299, 0.0 ], [ 71.391091089582204, 29.3913682546413, 0.0 ], [ 71.390782429665506, 29.391570805348501, 0.0 ], [ 71.390397851679595, 29.391772997226099, 0.0 ], [ 71.390166400359107, 29.3919081257595, 0.0 ], [ 71.389856679242399, 29.392111325777101, 0.0 ], [ 71.389395399877898, 29.392313430420501, 0.0 ], [ 71.389165683349702, 29.392380459590601, 0.0 ], [ 71.388856688885099, 29.392517400257901, 0.0 ], [ 71.388399037385696, 29.392584136248999, 0.0 ], [ 71.388090465602502, 29.392719269278899, 0.0 ], [ 71.387708644938101, 29.3927853784425, 0.0 ], [ 71.387172086922305, 29.392919167885299, 0.0 ], [ 71.386713563979896, 29.392985736602501, 0.0 ], [ 71.386176264922796, 29.393119787747999, 0.0 ], [ 71.385565916633794, 29.3931844454059, 0.0 ], [ 71.385182496075402, 29.393251727285399, 0.0 ], [ 71.384802964185496, 29.3932490670908, 0.0 ], [ 71.384344371995198, 29.3933141141551, 0.0 ], [ 71.384037309274404, 29.393380565960399, 0.0 ], [ 71.383726410045796, 29.393516100987299, 0.0 ], [ 71.383335132110702, 29.3937208739192, 0.0 ], [ 71.383019386435606, 29.393926536280699, 0.0 ], [ 71.382782964562196, 29.394064146043501, 0.0 ], [ 71.382542198963407, 29.394271501828399, 0.0 ], [ 71.3821486790184, 29.394478171430499, 0.0 ], [ 71.381754643761795, 29.394685109030601, 0.0 ], [ 71.381597692279698, 29.394754094226101, 0.0 ], [ 71.381201942016006, 29.394962930295002, 0.0 ], [ 71.380810307949403, 29.395101799108801, 0.0 ], [ 71.380333091698901, 29.395379849700401, 0.0 ], [ 71.379942458577702, 29.395516251673701, 0.0 ], [ 71.379632870560599, 29.3955829777723, 0.0 ], [ 71.3793184630767, 29.395719786239201, 0.0 ], [ 71.378926651843599, 29.395857060554899, 0.0 ], [ 71.378606460819597, 29.3960647868604, 0.0 ], [ 71.3783673661611, 29.3962031052891, 0.0 ], [ 71.378036487593903, 29.3965521465644, 0.0 ] ] ] ] } },
{ "type": "Feature", "properties": { "Name": "S17", "district": "Bahawalpur", "province": "Punjab", "area_km2": 2.5835755711, "volume_MAF": 0.01276830854, "River": "Sutlej", "Shape_Leng": 0.07446284573, "Shape_Area": 0.00024032044 }, "geometry": { "type": "MultiPolygon", "coordinates": [ [ [ [ 71.706987687132099, 29.4778953211122, 0.0 ], [ 71.707046117884104, 29.477922582261399, 0.0 ], [ 71.707097906243504, 29.478109877768699, 0.0 ], [ 71.7070934635925, 29.478216650678, 0.0 ], [ 71.707120640205503, 29.47829663728, 0.0 ], [ 71.707147347372299, 29.478402975816699, 0.0 ], [ 71.707204348202097, 29.478509382701901, 0.0 ], [ 71.707288134439906, 29.478722324176001, 0.0 ], [ 71.707313140988703, 29.478882147193399, 0.0 ], [ 71.707372885650202, 29.478986868749001, 0.0 ], [ 71.707461640642194, 29.479118569066799, 0.0 ], [ 71.707541164093499, 29.479335383920901, 0.0 ], [ 71.707654874373006, 29.479419413874901, 0.0 ], [ 71.707708456879899, 29.479503165039102, 0.0 ], [ 71.707852622700401, 29.479613590095099, 0.0 ], [ 71.708090882787999, 29.479747923627801, 0.0 ], [ 71.708211409029303, 29.479800932367201, 0.0 ], [ 71.708303521190601, 29.479800103192201, 0.0 ], [ 71.708394761009501, 29.479826079210198, 0.0 ], [ 71.708516695589097, 29.479851755754002, 0.0 ], [ 71.708792046415894, 29.479875952912899, 0.0 ], [ 71.708884080336105, 29.479875067080702, 0.0 ], [ 71.709129384813295, 29.4798727045617, 0.0 ], [ 71.709343883013801, 29.4798706397183, 0.0 ], [ 71.709587294418199, 29.4798698303285, 0.0 ], [ 71.709707457333394, 29.479870914011499, 0.0 ], [ 71.709857019086201, 29.479872936586801, 0.0 ], [ 71.709976162170193, 29.479875112046798, 0.0 ], [ 71.710127870604794, 29.479822963059299, 0.0 ], [ 71.7102499086064, 29.4797961479739, 0.0 ], [ 71.710463538061902, 29.479742593346, 0.0 ], [ 71.710614140330406, 29.479717570609498, 0.0 ], [ 71.710763503333098, 29.479719945719001, 0.0 ], [ 71.710853147754605, 29.4797213711444, 0.0 ], [ 71.711032988781497, 29.4797236743082, 0.0 ], [ 71.711213238100498, 29.479725570079001, 0.0 ], [ 71.711517599257803, 29.479698096689798, 0.0 ], [ 71.711639368362199, 29.479697420399699, 0.0 ], [ 71.711791538149001, 29.4796965750369, 0.0 ], [ 71.711913238904899, 29.479695897847499, 0.0 ], [ 71.712126142607502, 29.479694714339601, 0.0 ], [ 71.712278162207497, 29.479693868976899, 0.0 ], [ 71.712459667879401, 29.479719979893201, 0.0 ], [ 71.712519552835104, 29.4797468336495, 0.0 ], [ 71.712639307458105, 29.4798005987187, 0.0 ], [ 71.7128784326936, 29.4798569547347, 0.0 ], [ 71.712938254696795, 29.479858050109002, 0.0 ], [ 71.713116217939202, 29.479915692155501, 0.0 ], [ 71.713235438364805, 29.479918758843699, 0.0 ], [ 71.713382876818301, 29.4799772912191, 0.0 ], [ 71.713563768253394, 29.480004884218101, 0.0 ], [ 71.713713544044893, 29.4800599092375, 0.0 ], [ 71.713865676060195, 29.480058902896101, 0.0 ], [ 71.714017757713407, 29.480057895655399, 0.0 ], [ 71.714199106903294, 29.480084699949, 0.0 ], [ 71.714442108216801, 29.480083370751, 0.0 ], [ 71.7146231471406, 29.480084879813401, 0.0 ], [ 71.714804190560997, 29.480086377184598, 0.0 ], [ 71.714955085109096, 29.4800876263429, 0.0 ], [ 71.715136904644496, 29.4800356707097, 0.0 ], [ 71.715288952123501, 29.480008317829601, 0.0 ], [ 71.715409513438402, 29.480009713577498, 0.0 ], [ 71.715560622025095, 29.4800104015588, 0.0 ], [ 71.715651576758901, 29.480036041230399, 0.0 ], [ 71.715833238013602, 29.480113369436499, 0.0 ], [ 71.715954167151196, 29.4801910870491, 0.0 ], [ 71.716133976701698, 29.480299681085501, 0.0 ], [ 71.716222810834097, 29.480383500598101, 0.0 ], [ 71.7163117331, 29.480467403747799, 0.0 ], [ 71.716520393801204, 29.4806088734009, 0.0 ], [ 71.716639347128293, 29.480721073718701, 0.0 ], [ 71.716788647178404, 29.4808341598686, 0.0 ], [ 71.716938536284502, 29.4809200100505, 0.0 ], [ 71.717149467773794, 29.4810311806445, 0.0 ], [ 71.717330252189498, 29.481091133948699, 0.0 ], [ 71.717390335895303, 29.481121022916899, 0.0 ], [ 71.717540526274306, 29.481209726647599, 0.0 ], [ 71.717783257791197, 29.481291646792101, 0.0 ], [ 71.717935936594202, 29.481312707115801, 0.0 ], [ 71.718056607626394, 29.481397772189499, 0.0 ], [ 71.718177657273102, 29.4814553027201, 0.0 ], [ 71.718268592221804, 29.481509699113399, 0.0 ], [ 71.718540788226804, 29.481759038848601, 0.0 ], [ 71.718631930019598, 29.481835448846901, 0.0 ], [ 71.718753271945999, 29.481964018624598, 0.0 ], [ 71.718874551819198, 29.482069723139301, 0.0 ], [ 71.718995873061104, 29.482172989591799, 0.0 ], [ 71.719117113364106, 29.4822797741922, 0.0 ], [ 71.7192385533166, 29.4823682171196, 0.0 ], [ 71.719360173133595, 29.4824567913479, 0.0 ], [ 71.719512315940705, 29.482570450366001, 0.0 ], [ 71.7196644137817, 29.482648247118998, 0.0 ], [ 71.719816399207502, 29.482725126563398, 0.0 ], [ 71.719907630033205, 29.482749532365101, 0.0 ], [ 71.720120419521805, 29.482825963047802, 0.0 ], [ 71.7202725029737, 29.482906356143499, 0.0 ], [ 71.7204556022443, 29.482936425875401, 0.0 ], [ 71.720699883292994, 29.483022498189801, 0.0 ], [ 71.720822125440804, 29.4830794135841, 0.0 ], [ 71.720974968819803, 29.483081791391601, 0.0 ], [ 71.721097228054703, 29.483110677615699, 0.0 ], [ 71.721371729921401, 29.4831919187721, 0.0 ], [ 71.721675817684897, 29.483240909340601, 0.0 ], [ 71.721950571361802, 29.483296751843699, 0.0 ], [ 71.722072807214303, 29.483324811590801, 0.0 ], [ 71.722225247697097, 29.4833516752396, 0.0 ], [ 71.722377886030699, 29.483379284426501, 0.0 ], [ 71.7225610302674, 29.483406882821399, 0.0 ], [ 71.722652707156797, 29.483434524383799, 0.0 ], [ 71.722805635971397, 29.483490062916101, 0.0 ], [ 71.722927518390307, 29.483516443629, 0.0 ], [ 71.723050423338407, 29.483573291574199, 0.0 ], [ 71.723143128152898, 29.483657906986899, 0.0 ], [ 71.723328403782901, 29.483772416763699, 0.0 ], [ 71.723421124785105, 29.483829723363101, 0.0 ], [ 71.723606499340505, 29.483916830797199, 0.0 ], [ 71.723730190296095, 29.483974953081699, 0.0 ], [ 71.723853526918802, 29.483978049447501, 0.0 ], [ 71.724069706851495, 29.483984090193601, 0.0 ], [ 71.724227125081796, 29.483996192370501, 0.0 ], [ 71.724320417153606, 29.484000241118299, 0.0 ], [ 71.724474537569904, 29.483948958177901, 0.0 ], [ 71.724652579952604, 29.483881404703101, 0.0 ], [ 71.724712043126402, 29.483877311888499, 0.0 ], [ 71.724918704634504, 29.483806712409901, 0.0 ], [ 71.725066316657305, 29.4837686396111, 0.0 ], [ 71.725244197161999, 29.483730786246799, 0.0 ], [ 71.725400155792599, 29.4837118177463, 0.0 ], [ 71.725587203087002, 29.483666956864599, 0.0 ], [ 71.725742340636501, 29.4836188530277, 0.0 ], [ 71.725861202232693, 29.4835859549279, 0.0 ], [ 71.725986242171402, 29.483565211165601, 0.0 ], [ 71.726209630170302, 29.483583709320801, 0.0 ], [ 71.726423485355596, 29.483557171226501, 0.0 ], [ 71.726606045032995, 29.4835293210214, 0.0 ], [ 71.726873983647494, 29.483464387271699, 0.0 ], [ 71.727058464276794, 29.483466951238899, 0.0 ], [ 71.727178202711997, 29.483409987281199, 0.0 ], [ 71.727297817040693, 29.483326308062701, 0.0 ], [ 71.727358859423902, 29.483246525606699, 0.0 ], [ 71.727510563361903, 29.483085679160801, 0.0 ], [ 71.727569799906405, 29.483003249100701, 0.0 ], [ 71.727658804010701, 29.482919919718601, 0.0 ], [ 71.727776950645804, 29.482728486430599, 0.0 ], [ 71.727872664591899, 29.482548488022399, 0.0 ], [ 71.727987448661906, 29.4824061199465, 0.0 ], [ 71.728161100554402, 29.4822352820327, 0.0 ], [ 71.728247782609103, 29.482150005618301, 0.0 ], [ 71.728333097694403, 29.482036721617501, 0.0 ], [ 71.728543744098502, 29.481796306754202, 0.0 ], [ 71.728765414392399, 29.4815161490511, 0.0 ], [ 71.728887044101796, 29.481384050333698, 0.0 ], [ 71.728975351231597, 29.481301655347199, 0.0 ], [ 71.729121204180302, 29.481163185832401, 0.0 ], [ 71.729325707315596, 29.4809967545966, 0.0 ], [ 71.729501549057304, 29.480885361870001, 0.0 ], [ 71.729621576174793, 29.4808316066934, 0.0 ], [ 71.729837093307296, 29.480782710553701, 0.0 ], [ 71.729992020415494, 29.480733467275702, 0.0 ], [ 71.730210238211995, 29.4806338988354, 0.0 ], [ 71.730510191792007, 29.48047327722, 0.0 ], [ 71.730745073126698, 29.4803090079544, 0.0 ], [ 71.730830462855593, 29.480225519392299, 0.0 ], [ 71.731090459557095, 29.480058008070699, 0.0 ], [ 71.731177101142407, 29.480002343633299, 0.0 ], [ 71.731377979110505, 29.479836788337099, 0.0 ], [ 71.731577890307406, 29.479644855026098, 0.0 ], [ 71.731691240858098, 29.4795348535507, 0.0 ], [ 71.731807510608206, 29.479374659113301, 0.0 ], [ 71.731926355117295, 29.479268926719701, 0.0 ], [ 71.732015465341505, 29.479189652380601, 0.0 ], [ 71.732220272447606, 29.4789765724109, 0.0 ], [ 71.732307912280405, 29.4788703822624, 0.0 ], [ 71.732452113174503, 29.4787097831301, 0.0 ], [ 71.732567714728305, 29.478602503902501, 0.0 ], [ 71.732653835606101, 29.478521839211599, 0.0 ], [ 71.732769447052405, 29.4783888456687, 0.0 ], [ 71.733109765803107, 29.478065245314902, 0.0 ], [ 71.733587235662498, 29.477726279144498, 0.0 ], [ 71.7339683800367, 29.477514720827699, 0.0 ], [ 71.734342208426298, 29.477248365020099, 0.0 ], [ 71.734701022634198, 29.4771192367634, 0.0 ], [ 71.734766513064201, 29.4770177042037, 0.0 ], [ 71.734858788002697, 29.4769409353759, 0.0 ], [ 71.735033814958598, 29.476731459888999, 0.0 ], [ 71.735055895113504, 29.476624547584802, 0.0 ], [ 71.735071029804303, 29.4764629636949, 0.0 ], [ 71.735070030657397, 29.4763327679429, 0.0 ], [ 71.735085323628795, 29.476145911304801, 0.0 ], [ 71.735075574078607, 29.475986948039299, 0.0 ], [ 71.735070939872102, 29.4758816626087, 0.0 ], [ 71.735038164079995, 29.475673279798102, 0.0 ], [ 71.734937973308902, 29.4754364892027, 0.0 ], [ 71.734808720945793, 29.475200102402901, 0.0 ], [ 71.734772631152097, 29.475094683872602, 0.0 ], [ 71.734639279679101, 29.4748834043457, 0.0 ], [ 71.734575227264997, 29.474778632427999, 0.0 ], [ 71.734512128132295, 29.474674197756102, 0.0 ], [ 71.734508789848803, 29.474570068853701, 0.0 ], [ 71.734444250002198, 29.474413739702399, 0.0 ], [ 71.734378825222706, 29.474231510076201, 0.0 ], [ 71.734344622206606, 29.474101443826601, 0.0 ], [ 71.734312451658397, 29.474049222893399, 0.0 ], [ 71.734278327782604, 29.473945063414, 0.0 ], [ 71.734271661108295, 29.473789088595598, 0.0 ], [ 71.734264816368196, 29.473633139857601, 0.0 ], [ 71.734261561721794, 29.473503865011399, 0.0 ], [ 71.7342561487023, 29.473374306878799, 0.0 ], [ 71.734304716589506, 29.473166973577001, 0.0 ], [ 71.734355949167806, 29.473011755987802, 0.0 ], [ 71.734412124420103, 29.472934477244401, 0.0 ], [ 71.734755892070794, 29.472600642605599, 0.0 ], [ 71.734929471118306, 29.472498243099501, 0.0 ], [ 71.735216103940104, 29.472318902095701, 0.0 ], [ 71.735384199820999, 29.472190543658702, 0.0 ], [ 71.7353814020302, 29.472113472658702, 0.0 ], [ 71.735378534092106, 29.471985265307801, 0.0 ], [ 71.735318678814096, 29.4719082248847, 0.0 ], [ 71.735192128913695, 29.471779220734501, 0.0 ], [ 71.735098100297094, 29.471727224631799, 0.0 ], [ 71.734919386120893, 29.4716242666466, 0.0 ], [ 71.734766967221802, 29.471521174662499, 0.0 ], [ 71.734647682944299, 29.471469565268301, 0.0 ], [ 71.734528422049095, 29.471417967565198, 0.0 ], [ 71.734289658341098, 29.471365889624199, 0.0 ], [ 71.733940539724202, 29.471339246309199, 0.0 ], [ 71.733613735085797, 29.471286857202799, 0.0 ], [ 71.733348882944696, 29.471234755879301, 0.0 ], [ 71.733142141396698, 29.471208523554601, 0.0 ], [ 71.7330537308451, 29.471208195302001, 0.0 ], [ 71.732844869595098, 29.471130708815199, 0.0 ], [ 71.732635260109205, 29.471027698669399, 0.0 ], [ 71.732456580107197, 29.470975903115502, 0.0 ], [ 71.732365501266898, 29.470924546430801, 0.0 ], [ 71.732273665197596, 29.4708220911666, 0.0 ], [ 71.732210289073606, 29.470719793283902, 0.0 ], [ 71.732029232163399, 29.470566189977699, 0.0 ], [ 71.731967079117496, 29.470464080053301, 0.0 ], [ 71.731905739957995, 29.470387482096701, 0.0 ], [ 71.731843657059201, 29.470285480090901, 0.0 ], [ 71.731690891021898, 29.470106964664801, 0.0 ], [ 71.731631192225805, 29.470081341181, 0.0 ], [ 71.731540537865598, 29.470004813371499, 0.0 ], [ 71.731362301229296, 29.4699533928348, 0.0 ], [ 71.731184483677097, 29.4699019399226, 0.0 ], [ 71.731007033947506, 29.469850475319198, 0.0 ], [ 71.730652556270499, 29.469773106643601, 0.0 ], [ 71.730476608408793, 29.4697724573331, 0.0 ], [ 71.730329898406097, 29.4697719114446, 0.0 ], [ 71.730065809789295, 29.469770922190399, 0.0 ], [ 71.729891088602898, 29.4698209910459, 0.0 ], [ 71.729745007226398, 29.469845812334398, 0.0 ], [ 71.729628241050506, 29.469870752333399, 0.0 ], [ 71.729424575184098, 29.469946134406701, 0.0 ], [ 71.729310217392694, 29.470072622253799, 0.0 ], [ 71.729254436942796, 29.470174069377801, 0.0 ], [ 71.729169167722901, 29.470351797897202, 0.0 ], [ 71.729112556299498, 29.4704788801962, 0.0 ], [ 71.729028089274905, 29.470656849733899, 0.0 ], [ 71.728972609198607, 29.470809595086799, 0.0 ], [ 71.728916147961897, 29.470911417228201, 0.0 ], [ 71.728802040182103, 29.471064183265501, 0.0 ], [ 71.728626676879699, 29.4711145587899, 0.0 ], [ 71.728538619761494, 29.4711397640889, 0.0 ], [ 71.728390978960604, 29.471164617752901, 0.0 ], [ 71.728216232593098, 29.471215260375999, 0.0 ], [ 71.727980452835695, 29.471265379593699, 0.0 ], [ 71.727717121448094, 29.471341124093701, 0.0 ], [ 71.7274829586717, 29.471417094323499, 0.0 ], [ 71.727218536406397, 29.471441717761099, 0.0 ], [ 71.727101472555006, 29.4714669113689, 0.0 ], [ 71.726925404184101, 29.471491877448202, 0.0 ], [ 71.726751507675999, 29.471542695439101, 0.0 ], [ 71.726544219340298, 29.471541907633, 0.0 ], [ 71.726367973802994, 29.4715413032886, 0.0 ], [ 71.726220172922694, 29.4715406746624, 0.0 ], [ 71.725954164253295, 29.4715395801875, 0.0 ], [ 71.725806400245204, 29.471538973145101, 0.0 ], [ 71.725658652424897, 29.471538364304099, 0.0 ], [ 71.725481358278103, 29.471537702403101, 0.0 ], [ 71.725333729168298, 29.471536975750901, 0.0 ], [ 71.7252165151301, 29.471536637605801, 0.0 ], [ 71.725068876127807, 29.471510566259699, 0.0 ], [ 71.724862377396803, 29.4714842565932, 0.0 ], [ 71.724715101720605, 29.471483724194599, 0.0 ], [ 71.724478302131999, 29.471482591948099, 0.0 ], [ 71.724303641200194, 29.471482326648101, 0.0 ], [ 71.724096101953606, 29.4714814543057, 0.0 ], [ 71.723978729634695, 29.471557751888799, 0.0 ], [ 71.723831694976795, 29.471608446672501, 0.0 ], [ 71.723743815025102, 29.4716850203475, 0.0 ], [ 71.7235384305542, 29.471838153308202, 0.0 ], [ 71.723391740336595, 29.4719659568635, 0.0 ], [ 71.723304374797095, 29.472094238858102, 0.0 ], [ 71.723216836587795, 29.472248182108, 0.0 ], [ 71.723128866703902, 29.472350807344, 0.0 ], [ 71.723040948081305, 29.472453553988402, 0.0 ], [ 71.722952867580801, 29.4725306088006, 0.0 ], [ 71.722747281661796, 29.4727106521749, 0.0 ], [ 71.722659088745999, 29.472787887750901, 0.0 ], [ 71.722600632812998, 29.4728911290225, 0.0 ], [ 71.722482811732405, 29.473019950610301, 0.0 ], [ 71.722305633598197, 29.4731744847148, 0.0 ], [ 71.722157836315105, 29.473251714894801, 0.0 ], [ 71.721920989961703, 29.473406166261601, 0.0 ], [ 71.721832066796495, 29.473431733087999, 0.0 ], [ 71.7216840608708, 29.4735091260454, 0.0 ], [ 71.721476343558507, 29.473611977011199, 0.0 ], [ 71.721149709791305, 29.473714116613198, 0.0 ], [ 71.721060402615507, 29.4737133836658, 0.0 ], [ 71.720793089929202, 29.473790043675599, 0.0 ], [ 71.720585359127099, 29.4738675778265, 0.0 ], [ 71.720407500205994, 29.473893940553001, 0.0 ], [ 71.720289158417998, 29.473947318913702, 0.0 ], [ 71.720140644375306, 29.473973603399099, 0.0 ], [ 71.719992156412999, 29.473973990107599, 0.0 ], [ 71.719784133331103, 29.473974528801499, 0.0 ], [ 71.719635414243001, 29.4739477892591, 0.0 ], [ 71.719456679382304, 29.473917724923101, 0.0 ], [ 71.719308357794503, 29.47383813762, 0.0 ], [ 71.719130365773793, 29.473784409423001, 0.0 ], [ 71.719071221859494, 29.473731983444299, 0.0 ], [ 71.718923349932695, 29.473678872182202, 0.0 ], [ 71.718804625932805, 29.4736522954171, 0.0 ], [ 71.718597531850705, 29.4735479974422, 0.0 ], [ 71.718449491750704, 29.473495761220502, 0.0 ], [ 71.718330739871803, 29.473495601141099, 0.0 ], [ 71.718064296829894, 29.473417060648899, 0.0 ], [ 71.7179166812099, 29.473338718906799, 0.0 ], [ 71.717768795793305, 29.473286436819599, 0.0 ], [ 71.717621110026201, 29.473259187361599, 0.0 ], [ 71.717502859969002, 29.4732327949576, 0.0 ], [ 71.717414100480397, 29.4732067371013, 0.0 ], [ 71.7172072528125, 29.4731541249629, 0.0 ], [ 71.7170893148201, 29.473101895935802, 0.0 ], [ 71.716941113741498, 29.473101379724898, 0.0 ], [ 71.716733929727098, 29.473074802060498, 0.0 ], [ 71.716615682367902, 29.473048538259501, 0.0 ], [ 71.716467647663904, 29.4730480247466, 0.0 ], [ 71.716317679417401, 29.473176693449702, 0.0 ], [ 71.716287690624497, 29.473202456328401, 0.0 ], [ 71.716137300596003, 29.4733572296525, 0.0 ], [ 71.716016464088597, 29.473486630403698, 0.0 ], [ 71.715896943289394, 29.473589371652199, 0.0 ], [ 71.715836971998698, 29.473640815571201, 0.0 ], [ 71.715627867032495, 29.473769233363502, 0.0 ], [ 71.715568649373694, 29.4737688682387, 0.0 ], [ 71.715419832259499, 29.4737942722879, 0.0 ], [ 71.715093284827304, 29.473793036619401, 0.0 ], [ 71.714974011341596, 29.473818603445899, 0.0 ], [ 71.714736250377698, 29.473843479593, 0.0 ], [ 71.714586872086599, 29.4738692163913, 0.0 ], [ 71.714378394847103, 29.473868857561801, 0.0 ], [ 71.714140277751696, 29.473868308076, 0.0 ], [ 71.714021389175798, 29.473867906978398, 0.0 ], [ 71.713962481783099, 29.473841718720401, 0.0 ], [ 71.713844073445301, 29.473815381175001, 0.0 ], [ 71.713637882282498, 29.473762287, 0.0 ], [ 71.713548914151104, 29.4737362480295, 0.0 ], [ 71.713459946019697, 29.4737102072603, 0.0 ], [ 71.713252976044103, 29.473657705738599, 0.0 ], [ 71.713105622126804, 29.4736052617735, 0.0 ], [ 71.713016842853094, 29.473579120280199, 0.0 ], [ 71.712898149430103, 29.473552992276801, 0.0 ], [ 71.7127794658997, 29.473526883159199, 0.0 ], [ 71.712693435853495, 29.473448205070699, 0.0 ], [ 71.7124881044425, 29.473369449640401, 0.0 ], [ 71.712399981673897, 29.473343104900401, 0.0 ], [ 71.712193447869396, 29.473316226862401, 0.0 ], [ 71.7120469294223, 29.473263700159698, 0.0 ], [ 71.711927460783699, 29.473263567059998, 0.0 ], [ 71.711748475012101, 29.473237642303399, 0.0 ], [ 71.711568580925302, 29.473237660289801, 0.0 ], [ 71.711420186492504, 29.4732371179986, 0.0 ], [ 71.711272006098298, 29.473236492070502, 0.0 ], [ 71.711093685825006, 29.473261560672501, 0.0 ], [ 71.710826453178399, 29.473286251559301, 0.0 ], [ 71.710648062757997, 29.4733113318525, 0.0 ], [ 71.710529344153898, 29.473310885788798, 0.0 ], [ 71.710321651123394, 29.473310089888798, 0.0 ], [ 71.710084091607598, 29.473309239130099, 0.0 ], [ 71.709965514197194, 29.473308747200999, 0.0 ], [ 71.7098765838373, 29.473308379378199, 0.0 ], [ 71.709758010024203, 29.4733078892477, 0.0 ], [ 71.709519832674204, 29.473307221051499, 0.0 ], [ 71.709400749844804, 29.4733068658193, 0.0 ], [ 71.709252582940394, 29.473306235394499, 0.0 ], [ 71.709073507236596, 29.473331498250101, 0.0 ], [ 71.708925335835701, 29.473330865127402, 0.0 ], [ 71.708837639345603, 29.473330153763602, 0.0 ], [ 71.708747600121697, 29.473330089911801, 0.0 ], [ 71.708629244843806, 29.4733295350301, 0.0 ], [ 71.708451837382398, 29.4733030140229, 0.0 ], [ 71.708304196581494, 29.4732765901426, 0.0 ], [ 71.708066157727004, 29.473275838309299, 0.0 ], [ 71.707948294378397, 29.473249508857801, 0.0 ], [ 71.707799541116003, 29.473249036713799, 0.0 ], [ 71.707592161049405, 29.473273811237402, 0.0 ], [ 71.707411741758506, 29.473350687983899, 0.0 ], [ 71.707259119612701, 29.473453835726001, 0.0 ], [ 71.707195667046406, 29.4735316639552, 0.0 ], [ 71.707069523639703, 29.4736872358773, 0.0 ], [ 71.707004973900496, 29.473816874948898, 0.0 ], [ 71.706942402669796, 29.473894623138399, 0.0 ], [ 71.706849169053996, 29.473998258312999, 0.0 ], [ 71.706783315297798, 29.474154190863299, 0.0 ], [ 71.706718571305103, 29.474284175274502, 0.0 ], [ 71.706653776950304, 29.474414255913199, 0.0 ], [ 71.706590114842001, 29.4745183038767, 0.0 ], [ 71.706524047047196, 29.474674701376401, 0.0 ], [ 71.706517750893596, 29.474831399249801, 0.0 ], [ 71.706512897252495, 29.4749619376433, 0.0 ], [ 71.7064800243337, 29.475091800646101, 0.0 ], [ 71.706477854269593, 29.475195711013299, 0.0 ], [ 71.706475141015005, 29.4753256360693, 0.0 ], [ 71.706473513242102, 29.4754036117873, 0.0 ], [ 71.706470800886805, 29.475533606091101, 0.0 ], [ 71.706468744137297, 29.4756375839074, 0.0 ], [ 71.706465572228396, 29.475819425925799, 0.0 ], [ 71.706488809810807, 29.476028746729401, 0.0 ], [ 71.706541074810801, 29.4761613238861, 0.0 ], [ 71.706593599714907, 29.476293951404799, 0.0 ], [ 71.706669860425805, 29.476481490628299, 0.0 ], [ 71.706720941917993, 29.476589411971801, 0.0 ], [ 71.706769317350194, 29.476776513225602, 0.0 ], [ 71.706795344629498, 29.476856305574099, 0.0 ], [ 71.706877287257001, 29.4770162230203, 0.0 ], [ 71.7069296430886, 29.477176030749298, 0.0 ], [ 71.706984386620206, 29.4772828603158, 0.0 ], [ 71.706979727232707, 29.477389190758601, 0.0 ], [ 71.706971564086501, 29.477575442153, 0.0 ], [ 71.706965757163999, 29.477708593976502, 0.0 ], [ 71.706961276741595, 29.477815095290499, 0.0 ], [ 71.706987687132099, 29.4778953211122, 0.0 ] ] ] ] } },
{ "type": "Feature", "properties": { "Name": "S16", "district": "Bahawalpur", "province": "Punjab", "area_km2": 3.1565686348700002, "volume_MAF": 0.01560010193, "River": "Sutlej", "Shape_Leng": 0.08040580848, "Shape_Area": 0.00029382548 }, "geometry": { "type": "MultiPolygon", "coordinates": [ [ [ [ 72.082097058332593, 29.540342811371701, 0.0 ], [ 72.081982524274096, 29.540189199072401, 0.0 ], [ 72.081875168604199, 29.5400065791404, 0.0 ], [ 72.081609186914505, 29.539826033944301, 0.0 ], [ 72.081290147922104, 29.539600897663298, 0.0 ], [ 72.081130969718501, 29.539510365610901, 0.0 ], [ 72.080918605609199, 29.5394188874718, 0.0 ], [ 72.080653454893095, 29.539327841906399, 0.0 ], [ 72.080282478253807, 29.539190739361199, 0.0 ], [ 72.080176521929005, 29.5391432569558, 0.0 ], [ 72.0800178851173, 29.539003885421, 0.0 ], [ 72.079753907117194, 29.538862935575999, 0.0 ], [ 72.0794899830763, 29.538774470165698, 0.0 ], [ 72.079121066783799, 29.538637167071698, 0.0 ], [ 72.078911013032894, 29.538457035563798, 0.0 ], [ 72.078700872946996, 29.538322402556901, 0.0 ], [ 72.078596487737798, 29.5381873072985, 0.0 ], [ 72.078387094089194, 29.538007977086501, 0.0 ], [ 72.078124703392405, 29.537917587127001, 0.0 ], [ 72.077862846892899, 29.5378263347176, 0.0 ], [ 72.077548068888305, 29.537780042115301, 0.0 ], [ 72.077391126399405, 29.5377343439649, 0.0 ], [ 72.076865779332294, 29.537732447294701, 0.0 ], [ 72.076552521181995, 29.5376411517178, 0.0 ], [ 72.076449460674198, 29.5375507113962, 0.0 ], [ 72.076193480344898, 29.537236635762198, 0.0 ], [ 72.076040659448907, 29.5370133520846, 0.0 ], [ 72.075833262295205, 29.536923674388099, 0.0 ], [ 72.075521851352406, 29.536833323099401, 0.0 ], [ 72.075313355227195, 29.536788813852802, 0.0 ], [ 72.075103975068401, 29.536788579129698, 0.0 ], [ 72.074736451825899, 29.536789312976499, 0.0 ], [ 72.074475598969798, 29.536788033241201, 0.0 ], [ 72.074162676266596, 29.5367864980985, 0.0 ], [ 72.074110531775702, 29.536786239992999, 0.0 ], [ 72.073848705853194, 29.536829218593599, 0.0 ], [ 72.073423511785705, 29.536963937935401, 0.0 ], [ 72.073210216878095, 29.537053353029901, 0.0 ], [ 72.072889894553001, 29.5371876056236, 0.0 ], [ 72.072623131352501, 29.5373208617684, 0.0 ], [ 72.072254185382405, 29.5374082380998, 0.0 ], [ 72.072093265192095, 29.5374974247664, 0.0 ], [ 72.071772895202997, 29.537631155753299, 0.0 ], [ 72.071292578089995, 29.537809592938402, 0.0 ], [ 72.071128941047803, 29.537944091046999, 0.0 ], [ 72.071072323329105, 29.538033980983499, 0.0 ], [ 72.070899529389806, 29.5383497275579, 0.0 ], [ 72.070727859603096, 29.538621508076201, 0.0 ], [ 72.070662229778094, 29.538937221375701, 0.0 ], [ 72.070540249333106, 29.539256458219, 0.0 ], [ 72.070475599769196, 29.539441362428999, 0.0 ], [ 72.070411981727702, 29.539625700066001, 0.0 ], [ 72.070344246589698, 29.539901730780301, 0.0 ], [ 72.070333820749298, 29.5401307827095, 0.0 ], [ 72.070321279703407, 29.540406268434602, 0.0 ], [ 72.070252257635602, 29.540729402040299, 0.0 ], [ 72.070245328359206, 29.540868412047601, 0.0 ], [ 72.070238393687006, 29.541007599221398, 0.0 ], [ 72.070226811318307, 29.541240014614999, 0.0 ], [ 72.070271167680303, 29.541426310076201, 0.0 ], [ 72.070257283047198, 29.541706413819998, 0.0 ], [ 72.070301767112895, 29.541893557341801, 0.0 ], [ 72.070388549891703, 29.542271584666, 0.0 ], [ 72.070480656656997, 29.5425563486966, 0.0 ], [ 72.070473245344004, 29.542698649323299, 0.0 ], [ 72.070676355429498, 29.542981538267401, 0.0 ], [ 72.070720709992798, 29.543216619251599, 0.0 ], [ 72.070820106662694, 29.543406558765799, 0.0 ], [ 72.070865036792, 29.5435974353734, 0.0 ], [ 72.070860454746295, 29.5436929739516, 0.0 ], [ 72.070902273221407, 29.5439783423267, 0.0 ], [ 72.070948940841006, 29.5442128468455, 0.0 ], [ 72.070941846089397, 29.544446962857101, 0.0 ], [ 72.070989427420201, 29.544591314837401, 0.0 ], [ 72.070971849271501, 29.544886632412201, 0.0 ], [ 72.070965923638497, 29.545075490941201, 0.0 ], [ 72.071002842607101, 29.545462602317301, 0.0 ], [ 72.071051325058605, 29.545607471407699, 0.0 ], [ 72.071092869240601, 29.5458992249693, 0.0 ], [ 72.071090529204596, 29.545948174168899, 0.0 ], [ 72.071134524039095, 29.546191805007801, 0.0 ], [ 72.071120526091505, 29.546486719686399, 0.0 ], [ 72.071115848717497, 29.546585225128101, 0.0 ], [ 72.071153017697696, 29.546978667731398, 0.0 ], [ 72.071142721359493, 29.547223685324902, 0.0 ], [ 72.071131960071995, 29.547515608858301, 0.0 ], [ 72.071061416351299, 29.547862509747102, 0.0 ], [ 72.070935079590299, 29.5481192266211, 0.0 ], [ 72.070866571934801, 29.548417386952899, 0.0 ], [ 72.070742827919204, 29.548715578761001, 0.0 ], [ 72.070680239601401, 29.5489117892477, 0.0 ], [ 72.070617575740599, 29.549062386120301, 0.0 ], [ 72.070438378628396, 29.549268963991601, 0.0 ], [ 72.070315559115798, 29.5494739599553, 0.0 ], [ 72.070141527709396, 29.549670345809901, 0.0 ], [ 72.0700772045994, 29.549916030700299, 0.0 ], [ 72.069956825846901, 29.550116310619298, 0.0 ], [ 72.069835358914801, 29.550318617610198, 0.0 ], [ 72.0697157436867, 29.550471333285401, 0.0 ], [ 72.069645291696901, 29.550728850556101, 0.0 ], [ 72.069458724640498, 29.5510404593498, 0.0 ], [ 72.069444404735506, 29.5512986187363, 0.0 ], [ 72.069317252289395, 29.5516043189842, 0.0 ], [ 72.069135690859497, 29.5518601868982, 0.0 ], [ 72.068953710345497, 29.5521166438681, 0.0 ], [ 72.068779384860804, 29.552219166581299, 0.0 ], [ 72.068666699808404, 29.552218913871901, 0.0 ], [ 72.068266688556903, 29.552321024695601, 0.0 ], [ 72.06780644701, 29.552475664920099, 0.0 ], [ 72.067452431584499, 29.552687518214402, 0.0 ], [ 72.067156158030301, 29.5528501120431, 0.0 ], [ 72.066867149199695, 29.5530463558047, 0.0 ], [ 72.066689378412093, 29.553245941447098, 0.0 ], [ 72.066438124020195, 29.553659908378101, 0.0 ], [ 72.066366825768498, 29.553871036818901, 0.0 ], [ 72.066179663360899, 29.554132699064802, 0.0 ], [ 72.066110041445299, 29.554341292316799, 0.0 ], [ 72.066043536579997, 29.554497911949099, 0.0 ], [ 72.066021451029201, 29.554816682943599, 0.0 ], [ 72.066002889921506, 29.555083350816101, 0.0 ], [ 72.066047409960007, 29.5552933443124, 0.0 ], [ 72.066251899605604, 29.555666153770002, 0.0 ], [ 72.066292028254594, 29.555932943050902, 0.0 ], [ 72.066394387291197, 29.556144465394802, 0.0 ], [ 72.066507059753107, 29.5561957006711, 0.0 ], [ 72.066722619153595, 29.556411485801501, 0.0 ], [ 72.066834117100896, 29.556465411849299, 0.0 ], [ 72.067107993938805, 29.556681437998002, 0.0 ], [ 72.067334276855405, 29.556736633888601, 0.0 ], [ 72.067614699858595, 29.556846610183001, 0.0 ], [ 72.068064678342296, 29.5570119460446, 0.0 ], [ 72.068176489253602, 29.557066933292401, 0.0 ], [ 72.068521649954207, 29.5570686042328, 0.0 ], [ 72.068967898949396, 29.5572461942565, 0.0 ], [ 72.069137481409697, 29.5573023038583, 0.0 ], [ 72.069709970938405, 29.557362269753, 0.0 ], [ 72.069938193692707, 29.557417099619499, 0.0 ], [ 72.070165404709698, 29.557522520847701, 0.0 ], [ 72.070568215550693, 29.557574840706401, 0.0 ], [ 72.070740120959897, 29.557626638058899, 0.0 ], [ 72.071140367833806, 29.557782380852199, 0.0 ], [ 72.071368799230797, 29.557886373057698, 0.0 ], [ 72.071534001992603, 29.5582400503381, 0.0 ], [ 72.071717495166297, 29.558357738319, 0.0 ], [ 72.071809547972293, 29.5584163992974, 0.0 ], [ 72.071928974342796, 29.558534471288901, 0.0 ], [ 72.072075845323994, 29.558659506730901, 0.0 ], [ 72.072194743792494, 29.558752901325398, 0.0 ], [ 72.0722574697065, 29.558781979105099, 0.0 ], [ 72.072514177587294, 29.558810805974002, 0.0 ], [ 72.072576050044702, 29.558841222844201, 0.0 ], [ 72.072774796619598, 29.558780977260401, 0.0 ], [ 72.073014091826906, 29.558655220561999, 0.0 ], [ 72.073119379056195, 29.558563086817099, 0.0 ], [ 72.073322996359295, 29.558441705320501, 0.0 ], [ 72.073459302105206, 29.558350900773501, 0.0 ], [ 72.073633784971307, 29.558197872134102, 0.0 ], [ 72.073740901421502, 29.558075845823701, 0.0 ], [ 72.073884274939402, 29.557894573076101, 0.0 ], [ 72.073988324701503, 29.557777055067099, 0.0 ], [ 72.074124020707103, 29.5576599372563, 0.0 ], [ 72.0742574432265, 29.557572418832098, 0.0 ], [ 72.074390690378095, 29.557485017319699, 0.0 ], [ 72.074613251000798, 29.557486301551599, 0.0 ], [ 72.074868138653798, 29.5574607464164, 0.0 ], [ 72.075087962639401, 29.557493053661599, 0.0 ], [ 72.075274819277496, 29.5575537677922, 0.0 ], [ 72.075401479794493, 29.557555757991899, 0.0 ], [ 72.075525269675495, 29.557615552116101, 0.0 ], [ 72.075682322781006, 29.5576469753277, 0.0 ], [ 72.075937527894695, 29.5576742472687, 0.0 ], [ 72.076066281134004, 29.557672466611098, 0.0 ], [ 72.076287178010901, 29.557730829014599, 0.0 ], [ 72.076573930442606, 29.5577592565845, 0.0 ], [ 72.076734121282797, 29.557758558710599, 0.0 ], [ 72.076860746726098, 29.557787693147599, 0.0 ], [ 72.077081226317603, 29.557822046350399, 0.0 ], [ 72.077241430647604, 29.5578214752809, 0.0 ], [ 72.077433887364094, 29.5578201892504, 0.0 ], [ 72.077755709758307, 29.557788674307901, 0.0 ], [ 72.078077257859206, 29.5577571863451, 0.0 ], [ 72.078366213629906, 29.5577007421955, 0.0 ], [ 72.078621673251703, 29.557674982014898, 0.0 ], [ 72.078813759447499, 29.557673570978601, 0.0 ], [ 72.079071372945606, 29.5576136941168, 0.0 ], [ 72.079264016720998, 29.557583314118698, 0.0 ], [ 72.079456202741596, 29.557554346955602, 0.0 ], [ 72.079742831066895, 29.557556532308201, 0.0 ], [ 72.0799339585854, 29.557557989209901, 0.0 ], [ 72.079997674653001, 29.5575584739445, 0.0 ], [ 72.080125053728295, 29.557559783357402, 0.0 ], [ 72.080379720148002, 29.557563272726899, 0.0 ], [ 72.080570794606601, 29.5575658906534, 0.0 ], [ 72.080857529951103, 29.557569818892102, 0.0 ], [ 72.081016893414997, 29.5575720033453, 0.0 ], [ 72.081080649052794, 29.557572874788399, 0.0 ], [ 72.081208692727003, 29.557570561732099, 0.0 ], [ 72.0813684375034, 29.557568807154802, 0.0 ], [ 72.081592219405493, 29.5575647736954, 0.0 ], [ 72.081815990515594, 29.557558687083802, 0.0 ], [ 72.082007507440593, 29.5575556878448, 0.0 ], [ 72.082198869682102, 29.557554179681699, 0.0 ], [ 72.082326415132002, 29.557553176038301, 0.0 ], [ 72.082581418797503, 29.557552256931199, 0.0 ], [ 72.082804605348301, 29.5574953019666, 0.0 ], [ 72.082868360986097, 29.557498591686699, 0.0 ], [ 72.083027837764604, 29.557447240397899, 0.0 ], [ 72.083187354113093, 29.557424171888101, 0.0 ], [ 72.083346574584795, 29.557421113293799, 0.0 ], [ 72.083473780990204, 29.5573894292788, 0.0 ], [ 72.083632819798893, 29.557386380577, 0.0 ], [ 72.083855342649997, 29.557382115991899, 0.0 ], [ 72.084014440813903, 29.557381320091899, 0.0 ], [ 72.084173950867196, 29.5573850252987, 0.0 ], [ 72.084301749026594, 29.557388777270301, 0.0 ], [ 72.084429818781203, 29.557420831805999, 0.0 ], [ 72.084557855260897, 29.557452001408802, 0.0 ], [ 72.084782486122904, 29.5575421008873, 0.0 ], [ 72.085007113387604, 29.5576301553075, 0.0 ], [ 72.085134138130002, 29.557680075775, 0.0 ], [ 72.085229274711295, 29.557703671287499, 0.0 ], [ 72.085356197830293, 29.557753554882702, 0.0 ], [ 72.085514661972098, 29.557802048126099, 0.0 ], [ 72.085739681341295, 29.557863570747301, 0.0 ], [ 72.085870762026104, 29.557931816699998, 0.0 ], [ 72.086067120001601, 29.558004487317302, 0.0 ], [ 72.086229747105193, 29.558015175759799, 0.0 ], [ 72.0864571262954, 29.558080883825799, 0.0 ], [ 72.086715961972104, 29.558143243715801, 0.0 ], [ 72.086845213435893, 29.5581734393528, 0.0 ], [ 72.087006163303798, 29.5582022428393, 0.0 ], [ 72.087168838970797, 29.558289645251001, 0.0 ], [ 72.087395288262002, 29.558375347044699, 0.0 ], [ 72.087555625691607, 29.5584016630064, 0.0 ], [ 72.087780913058694, 29.5584568157295, 0.0 ], [ 72.087879682901104, 29.558516964186602, 0.0 ], [ 72.088040854901607, 29.558518682791, 0.0 ], [ 72.0882369071076, 29.558554083704099, 0.0 ], [ 72.088367333985303, 29.558558871694601, 0.0 ], [ 72.088626542880704, 29.5585639798438, 0.0 ], [ 72.088916327826297, 29.558565023956799, 0.0 ], [ 72.089206137053594, 29.558566068969, 0.0 ], [ 72.089461650634703, 29.558535867936001, 0.0 ], [ 72.089586350629602, 29.558474548561598, 0.0 ], [ 72.089807105413598, 29.558413194113701, 0.0 ], [ 72.089899134837296, 29.558351605841999, 0.0 ], [ 72.090022952597195, 29.5582897999344, 0.0 ], [ 72.0901475140965, 29.558256312778699, 0.0 ], [ 72.090265835200199, 29.558105503666098, 0.0 ], [ 72.0903561738984, 29.558015800788599, 0.0 ], [ 72.090414224237094, 29.557925864087402, 0.0 ], [ 72.090504088992603, 29.557836044298099, 0.0 ], [ 72.090557878343503, 29.557686610248901, 0.0 ], [ 72.090578794775595, 29.557536042154702, 0.0 ], [ 72.090569863608394, 29.557415585161198, 0.0 ], [ 72.090531181968501, 29.5573250351223, 0.0 ], [ 72.090522320948395, 29.557205072755899, 0.0 ], [ 72.090479368428205, 29.557055126992601, 0.0 ], [ 72.090439553642597, 29.5569367906004, 0.0 ], [ 72.090397941112101, 29.556789433985202, 0.0 ], [ 72.090297151392505, 29.556701077392901, 0.0 ], [ 72.090195751033093, 29.556585364323201, 0.0 ], [ 72.090065965372006, 29.556500955754501, 0.0 ], [ 72.089937556573005, 29.5564448614413, 0.0 ], [ 72.089808003836396, 29.5563605895696, 0.0 ], [ 72.089711264663194, 29.556304456585501, 0.0 ], [ 72.089577545367504, 29.556212873225501, 0.0 ], [ 72.089478215247496, 29.5561520277939, 0.0 ], [ 72.089316352567707, 29.556091557379499, 0.0 ], [ 72.089216811106994, 29.556003871681401, 0.0 ], [ 72.089027164771906, 29.5559234659952, 0.0 ], [ 72.0888394241002, 29.5558205232986, 0.0 ], [ 72.0887121718293, 29.5557651943083, 0.0 ], [ 72.088581966184805, 29.555677993344801, 0.0 ], [ 72.088454002550193, 29.555621025789801, 0.0 ], [ 72.088230386123499, 29.5554825050136, 0.0 ], [ 72.088102391911903, 29.555424943006798, 0.0 ], [ 72.087972228535605, 29.5553107138184, 0.0 ], [ 72.087843435726001, 29.555225006628799, 0.0 ], [ 72.087553028449605, 29.5549973621386, 0.0 ], [ 72.087424884950494, 29.554912111804601, 0.0 ], [ 72.087200101203806, 29.554767353330799, 0.0 ], [ 72.087038523608996, 29.554649757979998, 0.0 ], [ 72.086911015031404, 29.5545904746707, 0.0 ], [ 72.086781678131999, 29.554474519683399, 0.0 ], [ 72.086716406237201, 29.5543890553107, 0.0 ], [ 72.086619471911106, 29.554276015026101, 0.0 ], [ 72.086488139416105, 29.554050974073199, 0.0 ], [ 72.086358378936097, 29.553855119718001, 0.0 ], [ 72.086261489576103, 29.553715608788401, 0.0 ], [ 72.086164689249102, 29.553550248645099, 0.0 ], [ 72.086100633237706, 29.553441147391101, 0.0 ], [ 72.086068220771807, 29.553360026743899, 0.0 ], [ 72.085941720334205, 29.5532226391135, 0.0 ], [ 72.085784588987593, 29.553084401623899, 0.0 ], [ 72.085691090071805, 29.553028890970602, 0.0 ], [ 72.085565300997899, 29.552891747955901, 0.0 ], [ 72.085379151226903, 29.552756328941499, 0.0 ], [ 72.085285964375799, 29.552649806943101, 0.0 ], [ 72.085193628283406, 29.5525966282319, 0.0 ], [ 72.085100307433294, 29.552463739010399, 0.0 ], [ 72.084976006737307, 29.5522780595848, 0.0 ], [ 72.084973617238703, 29.552092307314201, 0.0 ], [ 72.0849721882159, 29.5520115221141, 0.0 ], [ 72.084969640436597, 29.5518764700231, 0.0 ], [ 72.084968623303396, 29.551822545773899, 0.0 ], [ 72.084904785827206, 29.5516605508938, 0.0 ], [ 72.084871494723799, 29.551499325833301, 0.0 ], [ 72.084839727071795, 29.551418767262401, 0.0 ], [ 72.084745614818303, 29.551231110227601, 0.0 ], [ 72.084682998621503, 29.551097795626799, 0.0 ], [ 72.084651125748906, 29.550991496660298, 0.0 ], [ 72.084557880441906, 29.550805879287999, 0.0 ], [ 72.084466471550499, 29.5507263810177, 0.0 ], [ 72.084403438068307, 29.550540269018299, 0.0 ], [ 72.084372730717007, 29.550487670369801, 0.0 ], [ 72.084280475563602, 29.550328982296701, 0.0 ], [ 72.084189093651801, 29.550222892872299, 0.0 ], [ 72.084128517117406, 29.550169752831899, 0.0 ], [ 72.084068016126096, 29.55011668114, 0.0 ], [ 72.083977043405895, 29.549985797406698, 0.0 ], [ 72.083707372697205, 29.549753962975, 0.0 ], [ 72.083587118950405, 29.549547636014701, 0.0 ], [ 72.083466858908494, 29.549363698575899, 0.0 ], [ 72.083406349823207, 29.549181003100799, 0.0 ], [ 72.083376041771004, 29.5490517939052, 0.0 ], [ 72.083375131657107, 29.548847535385502, 0.0 ], [ 72.083345134770198, 29.548720221061402, 0.0 ], [ 72.083315153171796, 29.548568193367501, 0.0 ], [ 72.083314570411204, 29.548416433671498, 0.0 ], [ 72.083314350077302, 29.548316558562401, 0.0 ], [ 72.083314237661995, 29.548217616050199, 0.0 ], [ 72.083313802390094, 29.5479696190027, 0.0 ], [ 72.083285218338204, 29.5478273372619, 0.0 ], [ 72.083197618975007, 29.547779290981602, 0.0 ], [ 72.082993025008093, 29.547097641742798, 0.0 ], [ 72.082985680245002, 29.546898286326901, 0.0 ], [ 72.082977246402805, 29.5466297910321, 0.0 ], [ 72.082892203812193, 29.54630498109, 0.0 ], [ 72.082811023809796, 29.546191151200698, 0.0 ], [ 72.082653398735403, 29.546051135751402, 0.0 ], [ 72.082496051551601, 29.545911373011499, 0.0 ], [ 72.082415769072597, 29.545735649080999, 0.0 ], [ 72.082335132260596, 29.545525168152, 0.0 ], [ 72.082332931619504, 29.545384602317601, 0.0 ], [ 72.082332383932496, 29.5453495062748, 0.0 ], [ 72.0823296410002, 29.545174297655802, 0.0 ], [ 72.082287372864002, 29.544930192874201, 0.0 ], [ 72.082207912365305, 29.544756899811102, 0.0 ], [ 72.082050351142897, 29.544543112075001, 0.0 ], [ 72.081970528217397, 29.544364987853999, 0.0 ], [ 72.081966403027096, 29.5441170888326, 0.0 ], [ 72.0820030288168, 29.5439810717691, 0.0 ], [ 72.081999513366895, 29.543739331305101, 0.0 ], [ 72.081998141900797, 29.543605065221598, 0.0 ], [ 72.081994559901105, 29.543363912015, 0.0 ], [ 72.081992284616305, 29.543225190690102, 0.0 ], [ 72.081987654906399, 29.542916984931001, 0.0 ], [ 72.082098436993306, 29.542683235842699, 0.0 ], [ 72.082097072721794, 29.5425831421983, 0.0 ], [ 72.082131335093095, 29.542316429359801, 0.0 ], [ 72.082129631777093, 29.542152825592499, 0.0 ], [ 72.082203280856803, 29.542020674714401, 0.0 ], [ 72.082276813923897, 29.541888736076402, 0.0 ], [ 72.082272873094695, 29.5416857599899, 0.0 ], [ 72.082194687834701, 29.541486436949601, 0.0 ], [ 72.082194024134907, 29.541452581071798, 0.0 ], [ 72.082114567233504, 29.541216098943799, 0.0 ], [ 72.082074663415, 29.541081454245798, 0.0 ], [ 72.081995160648205, 29.540813208063099, 0.0 ], [ 72.0819927756461, 29.5406796587393, 0.0 ], [ 72.081990396039998, 29.5405464556545, 0.0 ], [ 72.082062311226807, 29.5404443277436, 0.0 ], [ 72.082097058332593, 29.540342811371701, 0.0 ] ] ] ] } },
{ "type": "Feature", "properties": { "Name": "S15", "district": "Bahawalpur", "province": "Punjab", "area_km2": 1.3521268282000001, "volume_MAF": 0.00668235631, "River": "Sutlej", "Shape_Leng": 0.05454939593, "Shape_Area": 0.00012591663 }, "geometry": { "type": "MultiPolygon", "coordinates": [ [ [ [ 72.129880840028804, 29.585967945864098, 0.0 ], [ 72.130103245068796, 29.585845039117299, 0.0 ], [ 72.130013330850602, 29.586049231087198, 0.0 ], [ 72.129983871758299, 29.5862474713438, 0.0 ], [ 72.129946847569002, 29.586398013357702, 0.0 ], [ 72.129965275577007, 29.586712854314801, 0.0 ], [ 72.129988512260098, 29.586857215288301, 0.0 ], [ 72.129990113952701, 29.587030763758801, 0.0 ], [ 72.1299925735984, 29.5872047061324, 0.0 ], [ 72.130028605835506, 29.58739924388, 0.0 ], [ 72.130131811134206, 29.587634909423599, 0.0 ], [ 72.130167887438105, 29.587829609049301, 0.0 ], [ 72.130250222170005, 29.587967104598199, 0.0 ], [ 72.130305422557299, 29.588177939860099, 0.0 ], [ 72.130320951151006, 29.588274679033201, 0.0 ], [ 72.130311194406104, 29.5883995031346, 0.0 ], [ 72.130317922234397, 29.588621623089502, 0.0 ], [ 72.130368536079104, 29.5887395071226, 0.0 ], [ 72.130348229387295, 29.588943235941699, 0.0 ], [ 72.130368235705603, 29.589215749407298, 0.0 ], [ 72.1304056241203, 29.589586189151401, 0.0 ], [ 72.130421962103895, 29.589858384257099, 0.0 ], [ 72.130416386307203, 29.590032010968599, 0.0 ], [ 72.130447251039897, 29.590226990283401, 0.0 ], [ 72.130507996646799, 29.590569964732101, 0.0 ], [ 72.130493720808602, 29.590647830732799, 0.0 ], [ 72.130514755951296, 29.590922016038199, 0.0 ], [ 72.130538816413306, 29.591068906804701, 0.0 ], [ 72.130507938190902, 29.591272223734201, 0.0 ], [ 72.130488913033005, 29.591573473237201, 0.0 ], [ 72.130462099746197, 29.5917780950831, 0.0 ], [ 72.130466281593698, 29.592003225968099, 0.0 ], [ 72.130387009952599, 29.592265535726, 0.0 ], [ 72.130329072029099, 29.592499184090101, 0.0 ], [ 72.130213968699806, 29.592741555878099, 0.0 ], [ 72.130124818905301, 29.592955575639301, 0.0 ], [ 72.130028766814206, 29.5931204348602, 0.0 ], [ 72.1298810972349, 29.5933433219368, 0.0 ], [ 72.129759026857599, 29.593537601579101, 0.0 ], [ 72.129668763702497, 29.593703362820001, 0.0 ], [ 72.129604103346793, 29.593840184776798, 0.0 ], [ 72.129514852828294, 29.5940061105936, 0.0 ], [ 72.129483691319393, 29.5941637968218, 0.0 ], [ 72.129418950024601, 29.594300804038902, 0.0 ], [ 72.129320164893699, 29.594417127748301, 0.0 ], [ 72.129251103255896, 29.5945543076352, 0.0 ], [ 72.1291817610295, 29.5947417659198, 0.0 ], [ 72.129052082387801, 29.5949883168574, 0.0 ], [ 72.128976588798594, 29.595126399663702, 0.0 ], [ 72.128916216410303, 29.595314455097999, 0.0 ], [ 72.128788524371004, 29.595460969048499, 0.0 ], [ 72.128719930380598, 29.595599139988401, 0.0 ], [ 72.128621835928996, 29.5957670892798, 0.0 ], [ 72.128549293015496, 29.595905824094501, 0.0 ], [ 72.128430486278006, 29.5961542132464, 0.0 ], [ 72.128331187634302, 29.596322937753399, 0.0 ], [ 72.128254381034907, 29.596411433740698, 0.0 ], [ 72.128119042959497, 29.596637793099699, 0.0 ], [ 72.128018381842907, 29.596755678931501, 0.0 ], [ 72.127911404787497, 29.596874387642899, 0.0 ], [ 72.127683399669195, 29.597010690690901, 0.0 ], [ 72.127519895726707, 29.597189620704501, 0.0 ], [ 72.127494774064601, 29.5972191085751, 0.0 ], [ 72.127284037728202, 29.597405236762299, 0.0 ], [ 72.127112676408998, 29.597481971415899, 0.0 ], [ 72.126941200875805, 29.5975587546329, 0.0 ], [ 72.126741831969994, 29.5976656201723, 0.0 ], [ 72.126567476807693, 29.597742915103499, 0.0 ], [ 72.126367887567994, 29.5978499308297, 0.0 ], [ 72.126233079193298, 29.597947536949299, 0.0 ], [ 72.126074909129798, 29.598126761940499, 0.0 ], [ 72.125915459331097, 29.598306416807802, 0.0 ], [ 72.1257883968171, 29.5984551961504, 0.0 ], [ 72.125635220688906, 29.598634005654901, 0.0 ], [ 72.125450419001695, 29.598843929903499, 0.0 ], [ 72.125328273081394, 29.599044770999502, 0.0 ], [ 72.125258651165893, 29.5991857694078, 0.0 ], [ 72.125224556967794, 29.599400505029301, 0.0 ], [ 72.125169168622307, 29.599644596321099, 0.0 ], [ 72.125152255072607, 29.599725740350699, 0.0 ], [ 72.125218395712494, 29.599952088018501, 0.0 ], [ 72.125257727562101, 29.600155658556801, 0.0 ], [ 72.125367908901893, 29.600270724114701, 0.0 ], [ 72.125454838270201, 29.600415255959302, 0.0 ], [ 72.125535645953306, 29.600561426368799, 0.0 ], [ 72.125661794756098, 29.600833252752501, 0.0 ], [ 72.125707384987905, 29.600958831385, 0.0 ], [ 72.125887871727997, 29.601170200844098, 0.0 ], [ 72.126040608087607, 29.601412644577898, 0.0 ], [ 72.126238451743205, 29.6016191424096, 0.0 ], [ 72.126367126741599, 29.6017831715562, 0.0 ], [ 72.126585709662805, 29.602015334240299, 0.0 ], [ 72.126796821915804, 29.602195770618401, 0.0 ], [ 72.126975480334195, 29.6023543957388, 0.0 ], [ 72.127113793366902, 29.602439221592899, 0.0 ], [ 72.127217531064304, 29.602502838735099, 0.0 ], [ 72.127294842183304, 29.6025970310282, 0.0 ], [ 72.127433732580798, 29.602681650937502, 0.0 ], [ 72.127581278053597, 29.6028178964288, 0.0 ], [ 72.127755101716602, 29.602923576661802, 0.0 ], [ 72.127995096596507, 29.6030728893024, 0.0 ], [ 72.128156119309494, 29.6031838980185, 0.0 ], [ 72.128407953764096, 29.603308937957198, 0.0 ], [ 72.1284668287812, 29.603300370115999, 0.0 ], [ 72.128679935730503, 29.603295083001701, 0.0 ], [ 72.128904606162706, 29.603284714717901, 0.0 ], [ 72.129095989988002, 29.603252456036, 0.0 ], [ 72.129319147760498, 29.6032425401112, 0.0 ], [ 72.129694832350694, 29.603236329393201, 0.0 ], [ 72.129844047864594, 29.603186057290799, 0.0 ], [ 72.130108444948903, 29.6031196693373, 0.0 ], [ 72.130402293031494, 29.6030767410988, 0.0 ], [ 72.130605306889393, 29.603020091004499, 0.0 ], [ 72.130808586047493, 29.602907683842599, 0.0 ], [ 72.131046918080898, 29.6028161391536, 0.0 ], [ 72.131277175101602, 29.602672804306501, 0.0 ], [ 72.131358578135902, 29.6025797622463, 0.0 ], [ 72.131529547350794, 29.602445470082401, 0.0 ], [ 72.131673509924596, 29.602342172153602, 0.0 ], [ 72.131865901889896, 29.602179697035499, 0.0 ], [ 72.131970355447606, 29.602057855085999, 0.0 ], [ 72.132136025856894, 29.601926302257102, 0.0 ], [ 72.132266261178998, 29.601774345609599, 0.0 ], [ 72.132457514602706, 29.601612816578299, 0.0 ], [ 72.132587371310194, 29.6014612619277, 0.0 ], [ 72.132804574671496, 29.6011956435642, 0.0 ], [ 72.132954700299294, 29.601016415874899, 0.0 ], [ 72.1330630011566, 29.6009481762174, 0.0 ], [ 72.133163166746797, 29.600828727363901, 0.0 ], [ 72.133240685609195, 29.600738210599999, 0.0 ], [ 72.133372597267595, 29.600586392448101, 0.0 ], [ 72.133524776047594, 29.600406770855798, 0.0 ], [ 72.133673557188999, 29.600228574689002, 0.0 ], [ 72.133825492252697, 29.600049300235099, 0.0 ], [ 72.133973856108597, 29.599838292303399, 0.0 ], [ 72.134140870105099, 29.599600677029699, 0.0 ], [ 72.1341979518741, 29.599464506182098, 0.0 ], [ 72.134266330027202, 29.599249813728001, 0.0 ], [ 72.134356329680898, 29.599006443692499, 0.0 ], [ 72.134435271270803, 29.598788227694602, 0.0 ], [ 72.134485619815607, 29.5985477822544, 0.0 ], [ 72.134596577270301, 29.598298444317798, 0.0 ], [ 72.134721450834306, 29.598098397323199, 0.0 ], [ 72.134853247379496, 29.597769125844501, 0.0 ], [ 72.134959190214502, 29.5975222727348, 0.0 ], [ 72.135038104824702, 29.5973054452901, 0.0 ], [ 72.135111518282002, 29.597217755994699, 0.0 ], [ 72.135198443153698, 29.5969995687751, 0.0 ], [ 72.135402570372406, 29.5965855272004, 0.0 ], [ 72.135658581278605, 29.596114185321401, 0.0 ], [ 72.135993844940103, 29.595658115729499, 0.0 ], [ 72.136089474349802, 29.595542435035401, 0.0 ], [ 72.136232452165999, 29.595369002577499, 0.0 ], [ 72.136400253968603, 29.595166656915801, 0.0 ], [ 72.136559331447998, 29.595042413776401, 0.0 ], [ 72.136662626678898, 29.5949265190437, 0.0 ], [ 72.136908368226699, 29.594765252614401, 0.0 ], [ 72.137120186447504, 29.594583851263799, 0.0 ], [ 72.137253553209007, 29.594489236289299, 0.0 ], [ 72.137325328101397, 29.594402976915902, 0.0 ], [ 72.137452279099506, 29.594308533711899, 0.0 ], [ 72.137616388285707, 29.594234607641098, 0.0 ], [ 72.137805452759494, 29.594132021975302, 0.0 ], [ 72.138074070362094, 29.593992615367, 0.0 ], [ 72.138244770679705, 29.593967959553801, 0.0 ], [ 72.138484540729095, 29.593984294839402, 0.0 ], [ 72.138691665388095, 29.593980182239601, 0.0 ], [ 72.138896504869905, 29.5939759644193, 0.0 ], [ 72.138978353068595, 29.5939392127245, 0.0 ], [ 72.139246845665497, 29.593927023313501, 0.0 ], [ 72.139481155930596, 29.5938944336812, 0.0 ], [ 72.139656286308707, 29.5938700260809, 0.0 ], [ 72.139840049278902, 29.593894582968701, 0.0 ], [ 72.140103501175702, 29.593882379168502, 0.0 ], [ 72.140216462319898, 29.5938660070107, 0.0 ], [ 72.140409633098201, 29.593812895748599, 0.0 ], [ 72.140504552043495, 29.593698727714202, 0.0 ], [ 72.140566696995506, 29.593564270974401, 0.0 ], [ 72.140554611905898, 29.593340471985201, 0.0 ], [ 72.140529430888606, 29.593194298877801, 0.0 ], [ 72.140370499099305, 29.592966719138801, 0.0 ], [ 72.140210024073397, 29.592739087239099, 0.0 ], [ 72.140125281856299, 29.5926009630641, 0.0 ], [ 72.139982527071993, 29.592470722346, 0.0 ], [ 72.139806286930707, 29.592320073312798, 0.0 ], [ 72.139673228636596, 29.592238601929999, 0.0 ], [ 72.139455307616402, 29.592019043244299, 0.0 ], [ 72.139279839093405, 29.591868539901299, 0.0 ], [ 72.139103161881494, 29.591717734385998, 0.0 ], [ 72.139021319078694, 29.591580444781801, 0.0 ], [ 72.138914485914796, 29.5914712517969, 0.0 ], [ 72.138806872139497, 29.5913619158198, 0.0 ], [ 72.138600298764899, 29.5910188082714, 0.0 ], [ 72.138493497077306, 29.590909814036799, 0.0 ], [ 72.138361060214805, 29.590655948013602, 0.0 ], [ 72.138270077602002, 29.590470783000299, 0.0 ], [ 72.138236462742597, 29.5902780996547, 0.0 ], [ 72.138235846707005, 29.590105880382101, 0.0 ], [ 72.138177495994697, 29.589941271172801, 0.0 ], [ 72.138180012297795, 29.589643665722601, 0.0 ], [ 72.138153253869604, 29.5894992166156, 0.0 ], [ 72.138126617749293, 29.5893547261397, 0.0 ], [ 72.138049086296306, 29.5890937329895, 0.0 ], [ 72.138046352357307, 29.5889215406966, 0.0 ], [ 72.138070929030206, 29.5887231772329, 0.0 ], [ 72.138055163015395, 29.588628101805501, 0.0 ], [ 72.137954234800105, 29.588395947215201, 0.0 ], [ 72.137927128334397, 29.588251838951201, 0.0 ], [ 72.137771775846801, 29.588198920144102, 0.0 ], [ 72.137541758945105, 29.588228039292598, 0.0 ], [ 72.137345393775007, 29.5882778878143, 0.0 ], [ 72.1372882778318, 29.588285414240499, 0.0 ], [ 72.137002531741501, 29.5883230760492, 0.0 ], [ 72.136830947390393, 29.588345688602701, 0.0 ], [ 72.136511097209393, 29.588362866553101, 0.0 ], [ 72.136421656034699, 29.588350529653301, 0.0 ], [ 72.136146202685197, 29.588437398766999, 0.0 ], [ 72.135918812703096, 29.588468497323301, 0.0 ], [ 72.135691261742394, 29.5884995922824, 0.0 ], [ 72.135520006543103, 29.588522712952901, 0.0 ], [ 72.135288132541305, 29.588552207118699, 0.0 ], [ 72.135049012701799, 29.588579020405501, 0.0 ], [ 72.134928034101605, 29.5885919751396, 0.0 ], [ 72.134613275882003, 29.588529903931999, 0.0 ], [ 72.134339077086807, 29.588491072105299, 0.0 ], [ 72.134081647050394, 29.588376297028599, 0.0 ], [ 72.133882336600607, 29.5882540566794, 0.0 ], [ 72.133795133838404, 29.588070377346099, 0.0 ], [ 72.133741447010195, 29.587907350044201, 0.0 ], [ 72.133719783241503, 29.587764364134198, 0.0 ], [ 72.133643925426895, 29.587503263065202, 0.0 ], [ 72.133653585944302, 29.587380139581899, 0.0 ], [ 72.133620138358793, 29.5871880219098, 0.0 ], [ 72.133587277131198, 29.586996453723401, 0.0 ], [ 72.133536709151898, 29.586879840432299, 0.0 ], [ 72.133453139650697, 29.586743136286799, 0.0 ], [ 72.133236611680303, 29.586480901172699, 0.0 ], [ 72.133159329339605, 29.586347226843099, 0.0 ], [ 72.133013610389895, 29.586171987647202, 0.0 ], [ 72.132859809232897, 29.585992822910502, 0.0 ], [ 72.132758618415593, 29.585931000815101, 0.0 ], [ 72.132549341678796, 29.585760167397801, 0.0 ], [ 72.132382540821695, 29.585657972937199, 0.0 ], [ 72.132084974941705, 29.585475344911298, 0.0 ], [ 72.131820933089699, 29.585313236716601, 0.0 ], [ 72.131622894281193, 29.5851916465773, 0.0 ], [ 72.131415836171996, 29.585192748246801, 0.0 ], [ 72.131191571334, 29.585268954998298, 0.0 ], [ 72.131050284243301, 29.585310664655498, 0.0 ], [ 72.130858684580701, 29.585407300406601, 0.0 ], [ 72.130750614849006, 29.585469463345099, 0.0 ], [ 72.130583109822695, 29.585538525882299, 0.0 ], [ 72.130466583765894, 29.585552897048601, 0.0 ], [ 72.130196073989694, 29.5856868816443, 0.0 ], [ 72.130062911374296, 29.5857771097259, 0.0 ], [ 72.129932673354205, 29.585913212225002, 0.0 ], [ 72.129880840028804, 29.585967945864098, 0.0 ] ] ] ] } },
{ "type": "Feature", "properties": { "Name": "S14", "district": "Bahawalpur", "province": "Punjab", "area_km2": 1.8050243637500001, "volume_MAF": 0.00892062468, "River": "Sutlej", "Shape_Leng": 0.06612972227, "Shape_Area": 0.00016811605 }, "geometry": { "type": "MultiPolygon", "coordinates": [ [ [ [ 72.146787143911595, 29.599084360055201, 0.0 ], [ 72.146807602588893, 29.599103443669001, 0.0 ], [ 72.146907993908798, 29.599242349354999, 0.0 ], [ 72.147171968311696, 29.599795525942799, 0.0 ], [ 72.147460599427205, 29.6004348980521, 0.0 ], [ 72.147851482559901, 29.601018099405799, 0.0 ], [ 72.148002214330802, 29.6014847342332, 0.0 ], [ 72.148084299950497, 29.6017400256817, 0.0 ], [ 72.148107686820396, 29.601914602976599, 0.0 ], [ 72.148156773616293, 29.602063280695901, 0.0 ], [ 72.148204444879298, 29.602212509699601, 0.0 ], [ 72.148229265268398, 29.602433072928001, 0.0 ], [ 72.148249167265305, 29.602609937198899, 0.0 ], [ 72.148294706235802, 29.602806564071699, 0.0 ], [ 72.148307135765805, 29.6029406206132, 0.0 ], [ 72.1483203540012, 29.6030746555709, 0.0 ], [ 72.148327318351093, 29.603321746101798, 0.0 ], [ 72.148303906300299, 29.603504913720801, 0.0 ], [ 72.148304518738598, 29.603708641640502, 0.0 ], [ 72.148276415824, 29.603894128611199, 0.0 ], [ 72.148255475110105, 29.604124128425799, 0.0 ], [ 72.148277801679299, 29.604256409705599, 0.0 ], [ 72.148276664036899, 29.604415096879301, 0.0 ], [ 72.148252021713503, 29.604600319449201, 0.0 ], [ 72.148312813185797, 29.604795092819302, 0.0 ], [ 72.148350879689403, 29.6050161731579, 0.0 ], [ 72.148408339173599, 29.6052129025535, 0.0 ], [ 72.148426465009393, 29.605348055368498, 0.0 ], [ 72.148437115680395, 29.605438900385, 0.0 ], [ 72.148449064073105, 29.6055773168397, 0.0 ], [ 72.148515834238395, 29.605707094406899, 0.0 ], [ 72.148565905791997, 29.605957229142899, 0.0 ], [ 72.148574142682605, 29.6060500490706, 0.0 ], [ 72.148620416399098, 29.606205974426199, 0.0 ], [ 72.148697240085596, 29.606380394339801, 0.0 ], [ 72.148767993348301, 29.606509461442599, 0.0 ], [ 72.148875080120902, 29.6067028588499, 0.0 ], [ 72.1489495763619, 29.6068302352272, 0.0 ], [ 72.1490343329681, 29.607050580819699, 0.0 ], [ 72.149104017836194, 29.607181162380801, 0.0 ], [ 72.149198229015099, 29.607284213895401, 0.0 ], [ 72.149289172956998, 29.607439253418899, 0.0 ], [ 72.149343350815101, 29.607480275994, 0.0 ], [ 72.149427223387704, 29.607590354811101, 0.0 ], [ 72.149545379915395, 29.6077168102826, 0.0 ], [ 72.149636039671606, 29.607823123638301, 0.0 ], [ 72.149795644153699, 29.607961350336101, 0.0 ], [ 72.149928879614194, 29.608078310765499, 0.0 ], [ 72.150158310158005, 29.608247338344, 0.0 ], [ 72.150302806929105, 29.6083559989303, 0.0 ], [ 72.150445407030006, 29.608465673951699, 0.0 ], [ 72.150610111567502, 29.6085485033108, 0.0 ], [ 72.150867753843798, 29.6086847829764, 0.0 ], [ 72.151018418165506, 29.608829188016699, 0.0 ], [ 72.151227042893794, 29.609013136247299, 0.0 ], [ 72.151435527327806, 29.609145793443599, 0.0 ], [ 72.151667682817404, 29.6093628133432, 0.0 ], [ 72.151824333026596, 29.609503400761401, 0.0 ], [ 72.151926764908396, 29.6096540120231, 0.0 ], [ 72.152070635751301, 29.609753860152601, 0.0 ], [ 72.152145758819799, 29.609883624230001, 0.0 ], [ 72.152278409720907, 29.6100004587542, 0.0 ], [ 72.152360941404396, 29.610123287259999, 0.0 ], [ 72.152494210139807, 29.6102393789442, 0.0 ], [ 72.152750836182193, 29.610427528807499, 0.0 ], [ 72.152968625901394, 29.610605781631602, 0.0 ], [ 72.153153824189701, 29.610768167716799, 0.0 ], [ 72.1532487818059, 29.610874254443299, 0.0 ], [ 72.153415406395894, 29.611060461770901, 0.0 ], [ 72.153506383612793, 29.611116378917799, 0.0 ], [ 72.1536453351641, 29.611281171588899, 0.0 ], [ 72.153804053814099, 29.611421671772799, 0.0 ], [ 72.153928412066605, 29.611548555321601, 0.0 ], [ 72.154023358890996, 29.6116559136895, 0.0 ], [ 72.154141996555893, 29.6117341933784, 0.0 ], [ 72.154266860227494, 29.611861273878699, 0.0 ], [ 72.154451315675701, 29.612027735691498, 0.0 ], [ 72.154553407613705, 29.6121839524275, 0.0 ], [ 72.154649761877096, 29.612290849443198, 0.0 ], [ 72.154777979120496, 29.612414766128602, 0.0 ], [ 72.154886089321593, 29.6125635868401, 0.0 ], [ 72.154987039120599, 29.612664488075701, 0.0 ], [ 72.155080207985307, 29.612718186595099, 0.0 ], [ 72.155235429171796, 29.612807645756298, 0.0 ], [ 72.155389367025705, 29.612898861293399, 0.0 ], [ 72.155526099949597, 29.6128978711399, 0.0 ], [ 72.155664029871204, 29.6128948503172, 0.0 ], [ 72.156040630870507, 29.6129888033906, 0.0 ], [ 72.156445857290507, 29.613102882392202, 0.0 ], [ 72.156819726149493, 29.613198545076798, 0.0 ], [ 72.157028654848602, 29.613335879647199, 0.0 ], [ 72.157252182242502, 29.613535468886798, 0.0 ], [ 72.157630467672007, 29.613616184839099, 0.0 ], [ 72.157880945948904, 29.613691771957701, 0.0 ], [ 72.157970605659003, 29.613745198881901, 0.0 ], [ 72.158141296083997, 29.6138094842204, 0.0 ], [ 72.158341823316604, 29.613936185206899, 0.0 ], [ 72.158588094564905, 29.614076653914498, 0.0 ], [ 72.158649488583094, 29.614111776037699, 0.0 ], [ 72.158894882093193, 29.614252149417201, 0.0 ], [ 72.159111427150705, 29.6144191840981, 0.0 ], [ 72.159228849831607, 29.6145357704095, 0.0 ], [ 72.159383696900093, 29.614758393984701, 0.0 ], [ 72.159449354604106, 29.614882725257601, 0.0 ], [ 72.159590755908695, 29.6149742042961, 0.0 ], [ 72.159675635722095, 29.615029121396901, 0.0 ], [ 72.159852822849501, 29.615136513039701, 0.0 ], [ 72.160030731233306, 29.615243630389301, 0.0 ], [ 72.160136889905601, 29.6152279848836, 0.0 ], [ 72.160255408860095, 29.615299348785999, 0.0 ], [ 72.160479571175301, 29.6153551076521, 0.0 ], [ 72.160627171506803, 29.615444404036101, 0.0 ], [ 72.160780936690898, 29.615577285163599, 0.0 ], [ 72.160911440910397, 29.615735987625801, 0.0 ], [ 72.161077828978705, 29.615956388976201, 0.0 ], [ 72.161149452785097, 29.6160796248748, 0.0 ], [ 72.161255946005198, 29.616265120838701, 0.0 ], [ 72.161326569765393, 29.616389122060401, 0.0 ], [ 72.161422612863404, 29.6165800121579, 0.0 ], [ 72.161486599626897, 29.616707643043402, 0.0 ], [ 72.1615882607896, 29.6168495857398, 0.0 ], [ 72.161637212687296, 29.6169998300782, 0.0 ], [ 72.161743257145602, 29.617187363006501, 0.0 ], [ 72.161754601193906, 29.6172766342094, 0.0 ], [ 72.161865578433805, 29.6175098949657, 0.0 ], [ 72.161906437332306, 29.6176176319482, 0.0 ], [ 72.161923620678607, 29.617752189411998, 0.0 ], [ 72.1619180376874, 29.617913186044699, 0.0 ], [ 72.161977856992607, 29.618155629778499, 0.0 ], [ 72.161998311173207, 29.618289109854601, 0.0 ], [ 72.162027037317998, 29.618466451665501, 0.0 ], [ 72.162085584082504, 29.618662154934601, 0.0 ], [ 72.162174014419307, 29.6188762493395, 0.0 ], [ 72.1621725161488, 29.6190365615881, 0.0 ], [ 72.162216292447994, 29.619144185256001, 0.0 ], [ 72.1622258441474, 29.619396536820801, 0.0 ], [ 72.1622455698772, 29.619532053861199, 0.0 ], [ 72.162212097110597, 29.619676597397099, 0.0 ], [ 72.162208497124496, 29.619839611209201, 0.0 ], [ 72.162174643045404, 29.619984875101999, 0.0 ], [ 72.162163690202206, 29.620103490283899, 0.0 ], [ 72.162183238765493, 29.620240147664699, 0.0 ], [ 72.162233917361405, 29.6203944614353, 0.0 ], [ 72.162277247596904, 29.620503882847999, 0.0 ], [ 72.162361263161799, 29.620725171829299, 0.0 ], [ 72.162432346475697, 29.620855131958798, 0.0 ], [ 72.162480080691196, 29.6210127813148, 0.0 ], [ 72.162580871310197, 29.6211618880108, 0.0 ], [ 72.162681786035606, 29.621311177269099, 0.0 ], [ 72.162777145648803, 29.621413715270801, 0.0 ], [ 72.162837286911298, 29.6214505299181, 0.0 ], [ 72.163081467235997, 29.621431442706999, 0.0 ], [ 72.163235637114994, 29.621356846641199, 0.0 ], [ 72.163392059795797, 29.621280155155102, 0.0 ], [ 72.163594599711104, 29.621148447642799, 0.0 ], [ 72.163671206660894, 29.621111395574498, 0.0 ], [ 72.163920399806699, 29.620975874037399, 0.0 ], [ 72.164077431328494, 29.6209499133079, 0.0 ], [ 72.164279394778305, 29.620869918611898, 0.0 ], [ 72.164483816075304, 29.620787472364, 0.0 ], [ 72.164605268618303, 29.620696201968201, 0.0 ], [ 72.164696613657796, 29.620587021573801, 0.0 ], [ 72.1647867590018, 29.620478986915799, 0.0 ], [ 72.164966606323901, 29.620263442803701, 0.0 ], [ 72.165078713112194, 29.620129085888699, 0.0 ], [ 72.165212944122104, 29.6199682142617, 0.0 ], [ 72.165302253995904, 29.619861178750501, 0.0 ], [ 72.165346854973393, 29.619807724846702, 0.0 ], [ 72.165476780928799, 29.619599663993402, 0.0 ], [ 72.165492740297793, 29.619527457426301, 0.0 ], [ 72.165577090410494, 29.619374023192702, 0.0 ], [ 72.165624017034801, 29.6191589089565, 0.0 ], [ 72.165706196184104, 29.618957261168699, 0.0 ], [ 72.165793496072993, 29.618802192867001, 0.0 ], [ 72.165846369014801, 29.618633772330799, 0.0 ], [ 72.165854282149397, 29.618518853362399, 0.0 ], [ 72.165950021276501, 29.618299481735701, 0.0 ], [ 72.166014267944107, 29.618064517663399, 0.0 ], [ 72.166071852434101, 29.6179431739384, 0.0 ], [ 72.166101226990094, 29.6178034138965, 0.0 ], [ 72.166161799027904, 29.617680006227399, 0.0 ], [ 72.166191012605196, 29.617540745309199, 0.0 ], [ 72.166250255444993, 29.617311132203, 0.0 ], [ 72.166287817428895, 29.6170587293769, 0.0 ], [ 72.166319699294704, 29.616918363191999, 0.0 ], [ 72.166386481151207, 29.616840255273601, 0.0 ], [ 72.1664549879074, 29.6166054917501, 0.0 ], [ 72.166483535087096, 29.616468212937701, 0.0 ], [ 72.166513037346903, 29.616330461981299, 0.0 ], [ 72.166508493971904, 29.616130975264401, 0.0 ], [ 72.166507711561707, 29.6159770760813, 0.0 ], [ 72.166457673283006, 29.6158304137426, 0.0 ], [ 72.1664218703731, 29.6157697760544, 0.0 ], [ 72.166397537416501, 29.6156428502374, 0.0 ], [ 72.166321798312396, 29.615524273726301, 0.0 ], [ 72.166260589554597, 29.615337721958301, 0.0 ], [ 72.166156137795596, 29.6151550192887, 0.0 ], [ 72.166108747121001, 29.615008098844701, 0.0 ], [ 72.165972336154397, 29.614764241376701, 0.0 ], [ 72.165892206560201, 29.6146025351789, 0.0 ], [ 72.165786919330898, 29.614467522658099, 0.0 ], [ 72.165710022799402, 29.614304641945701, 0.0 ], [ 72.165656535620698, 29.614116518162898, 0.0 ], [ 72.165609513668201, 29.613971257867298, 0.0 ], [ 72.165506854257998, 29.613790741449598, 0.0 ], [ 72.1654603548116, 29.613645901137499, 0.0 ], [ 72.165432176353903, 29.613477962637901, 0.0 ], [ 72.165403712811198, 29.6133103901624, 0.0 ], [ 72.165384445735597, 29.6131227106446, 0.0 ], [ 72.165323486989394, 29.6129393649598, 0.0 ], [ 72.165226542770796, 29.6128027903166, 0.0 ], [ 72.165180657561294, 29.612659200961399, 0.0 ], [ 72.165078152834596, 29.6124810569553, 0.0 ], [ 72.165009930264105, 29.612362465155702, 0.0 ], [ 72.164960221137306, 29.612177435939898, 0.0 ], [ 72.164886137685201, 29.612017632707602, 0.0 ], [ 72.164812181936696, 29.611858103768501, 0.0 ], [ 72.164744480973098, 29.6117402790907, 0.0 ], [ 72.1646707509544, 29.611581215101101, 0.0 ], [ 72.164485996931305, 29.611352977058299, 0.0 ], [ 72.164326771063699, 29.611184984599401, 0.0 ], [ 72.164255300142003, 29.611068435160199, 0.0 ], [ 72.164190476109596, 29.610993019812, 0.0 ], [ 72.164082745422405, 29.6108184254301, 0.0 ], [ 72.164000719157897, 29.6106198371358, 0.0 ], [ 72.163918843080197, 29.610421586087401, 0.0 ], [ 72.163829794909205, 29.6103288354075, 0.0 ], [ 72.163755073837606, 29.610171828167399, 0.0 ], [ 72.163630994374998, 29.610021323025698, 0.0 ], [ 72.1635597006198, 29.609864581984901, 0.0 ], [ 72.163437755248296, 29.609714389807301, 0.0 ], [ 72.163288293320093, 29.6095472022416, 0.0 ], [ 72.163161220014302, 29.609356914689901, 0.0 ], [ 72.163044905298193, 29.609247808939301, 0.0 ], [ 72.162887457390298, 29.609040835366301, 0.0 ], [ 72.1627287792098, 29.608834097415698, 0.0 ], [ 72.162694593280904, 29.608776689192901, 0.0 ], [ 72.162598725550794, 29.608644791923702, 0.0 ], [ 72.162462639239493, 29.608415533150399, 0.0 ], [ 72.162366716650695, 29.608283901181199, 0.0 ], [ 72.162332697995694, 29.608226691708499, 0.0 ], [ 72.162236662092297, 29.608095238704401, 0.0 ], [ 72.1620954793229, 29.608009654721901, 0.0 ], [ 72.161946362734497, 29.607883823379801, 0.0 ], [ 72.161860687920495, 29.607832342588601, 0.0 ], [ 72.161776066212596, 29.6077809508303, 0.0 ], [ 72.1615598619981, 29.607684253025901, 0.0 ], [ 72.161393438856194, 29.607581756392999, 0.0 ], [ 72.161204908579705, 29.607502107936, 0.0 ], [ 72.161016052748707, 29.6074223713454, 0.0 ], [ 72.160887113349602, 29.607416631872098, 0.0 ], [ 72.160802266811203, 29.607365173563899, 0.0 ], [ 72.160642557108403, 29.6073026859702, 0.0 ], [ 72.1604808482126, 29.6072399402711, 0.0 ], [ 72.160291182092394, 29.607160052594399, 0.0 ], [ 72.160051172823401, 29.607085801868301, 0.0 ], [ 72.159967446840298, 29.607034432593, 0.0 ], [ 72.159723986872606, 29.6069596503676, 0.0 ], [ 72.159588441953105, 29.6068745583142, 0.0 ], [ 72.159397900792598, 29.606794450303699, 0.0 ], [ 72.159158060596098, 29.606720090759602, 0.0 ], [ 72.158996355297603, 29.606657203866899, 0.0 ], [ 72.158778955884102, 29.6065600483076, 0.0 ], [ 72.158639870333801, 29.6064744247549, 0.0 ], [ 72.158472982242401, 29.606371688902399, 0.0 ], [ 72.1583058621259, 29.606268934164, 0.0 ], [ 72.158165994165401, 29.6061832242764, 0.0 ], [ 72.157998520615294, 29.6060804092835, 0.0 ], [ 72.157942698796504, 29.606046139717598, 0.0 ], [ 72.157831056957804, 29.605977600585799, 0.0 ], [ 72.1577191093495, 29.605909019186001, 0.0 ], [ 72.157606089749294, 29.605840233639899, 0.0 ], [ 72.157346496843402, 29.605684421598799, 0.0 ], [ 72.157276123094704, 29.6055699729759, 0.0 ], [ 72.157189583132805, 29.605518004752199, 0.0 ], [ 72.157058215564206, 29.605329694809601, 0.0 ], [ 72.156940525784705, 29.605221372368501, 0.0 ], [ 72.156892135063998, 29.605045968596599, 0.0 ], [ 72.157015290922999, 29.604736136863298, 0.0 ], [ 72.157005538674795, 29.604678771807901, 0.0 ], [ 72.157019454784106, 29.604557248218502, 0.0 ], [ 72.157047922823395, 29.604417828120301, 0.0 ], [ 72.157090661305006, 29.604260971066999, 0.0 ], [ 72.157111388879599, 29.604166162738299, 0.0 ], [ 72.157146577552595, 29.604053581107902, 0.0 ], [ 72.157130589405298, 29.6038675275644, 0.0 ], [ 72.157103345343202, 29.603798481215001, 0.0 ], [ 72.157046815757994, 29.603765617289501, 0.0 ], [ 72.156912596439199, 29.603657703140499, 0.0 ], [ 72.156779182013693, 29.603548983199101, 0.0 ], [ 72.156660073103893, 29.603423048435001, 0.0 ], [ 72.156454855906901, 29.6032671410658, 0.0 ], [ 72.156414692184299, 29.6032148643745, 0.0 ], [ 72.156317724583403, 29.6031301122649, 0.0 ], [ 72.156261899167404, 29.603096546868201, 0.0 ], [ 72.156160423265007, 29.602983771883601, 0.0 ], [ 72.156040439314907, 29.6028599118555, 0.0 ], [ 72.155939147773495, 29.602747338318999, 0.0 ], [ 72.1558370810166, 29.6026037192863, 0.0 ], [ 72.155756481076807, 29.6025009798364, 0.0 ], [ 72.155694640095604, 29.6024094504359, 0.0 ], [ 72.155638842558602, 29.602344585933999, 0.0 ], [ 72.155514569741698, 29.602194218388501, 0.0 ], [ 72.1554291440398, 29.602096142822798, 0.0 ], [ 72.155337593055506, 29.601971725215002, 0.0 ], [ 72.1551953751665, 29.601810294209798, 0.0 ], [ 72.1551297813144, 29.601691905656999, 0.0 ], [ 72.155084144317897, 29.601583936649401, 0.0 ], [ 72.1550205613499, 29.601464807954599, 0.0 ], [ 72.154921074747804, 29.6013231854167, 0.0 ], [ 72.154874122043196, 29.601217069012598, 0.0 ], [ 72.154807916652103, 29.601100629290698, 0.0 ], [ 72.154722072765495, 29.600974084786198, 0.0 ], [ 72.154604713936493, 29.6008522059646, 0.0 ], [ 72.154488088054904, 29.600730101413099, 0.0 ], [ 72.154433514495196, 29.6006965324191, 0.0 ], [ 72.154254204068295, 29.600583277196598, 0.0 ], [ 72.153980665375499, 29.600415900773299, 0.0 ], [ 72.1537089990711, 29.600276599385602, 0.0 ], [ 72.153536323842303, 29.600189417307799, 0.0 ], [ 72.153362733103705, 29.6001315387396, 0.0 ], [ 72.153062581672899, 29.599994884956001, 0.0 ], [ 72.152900717194399, 29.5999505906473, 0.0 ], [ 72.152692186894996, 29.599830560831801, 0.0 ], [ 72.152600029767598, 29.599774920676101, 0.0 ], [ 72.152529359242607, 29.599757713947401, 0.0 ], [ 72.152372332217396, 29.5996720553212, 0.0 ], [ 72.152228416408306, 29.5996099139664, 0.0 ], [ 72.151994066572996, 29.599643740166499, 0.0 ], [ 72.151893372181505, 29.5996582732108, 0.0 ], [ 72.151743699812002, 29.599693753264098, 0.0 ], [ 72.151590234102102, 29.5997020683958, 0.0 ], [ 72.151467163678703, 29.599706514644001, 0.0 ], [ 72.151398747754101, 29.5997164836289, 0.0 ], [ 72.151207756932493, 29.599702240166302, 0.0 ], [ 72.151037029635305, 29.599698516073701, 0.0 ], [ 72.150934429580303, 29.599684908431801, 0.0 ], [ 72.150848581197096, 29.599683128673501, 0.0 ], [ 72.150694342969601, 29.599691138935, 0.0 ], [ 72.150539801670604, 29.599699163585601, 0.0 ], [ 72.150419269134005, 29.599702294125599, 0.0 ], [ 72.150261714206806, 29.599654246945999, 0.0 ], [ 72.150136873018297, 29.5995734077866, 0.0 ], [ 72.150013200049202, 29.599520604092699, 0.0 ], [ 72.149873359068295, 29.5994275638311, 0.0 ], [ 72.149820987048997, 29.5993926944174, 0.0 ], [ 72.149624154231404, 29.599266283911899, 0.0 ], [ 72.149532855057302, 29.599209340638598, 0.0 ], [ 72.149442766370598, 29.5991801810206, 0.0 ], [ 72.149271280944902, 29.599107462739301, 0.0 ], [ 72.149154117268793, 29.599040817579699, 0.0 ], [ 72.149059978934901, 29.5990124331773, 0.0 ], [ 72.149002070689093, 29.598978918142599, 0.0 ], [ 72.148907787564397, 29.5989504797809, 0.0 ], [ 72.148724681998502, 29.598892243282499, 0.0 ], [ 72.148601780647695, 29.5988949556377, 0.0 ], [ 72.148513033749595, 29.598865135017999, 0.0 ], [ 72.148353378005993, 29.598816988913001, 0.0 ], [ 72.148134026164399, 29.5987633218699, 0.0 ], [ 72.148017080124205, 29.598751847419901, 0.0 ], [ 72.147827881651494, 29.598694171199099, 0.0 ], [ 72.147732981591901, 29.598665336236301, 0.0 ], [ 72.147566464021196, 29.598645944155098, 0.0 ], [ 72.147441878240201, 29.598676426675802, 0.0 ], [ 72.147370412714494, 29.598685913624099, 0.0 ], [ 72.147263706355005, 29.5987560382606, 0.0 ], [ 72.147178422746094, 29.598837284812902, 0.0 ], [ 72.147097472970103, 29.598917850578399, 0.0 ], [ 72.147015232666902, 29.598942459626901, 0.0 ], [ 72.1469334699038, 29.598995160798101, 0.0 ], [ 72.146831177416999, 29.599036765234601, 0.0 ], [ 72.146787143911595, 29.599084360055201, 0.0 ] ] ] ] } },
{ "type": "Feature", "properties": { "Name": "S13", "district": "Bahawalpur", "province": "Punjab", "area_km2": 3.0154171535300001, "volume_MAF": 0.01490251612, "River": "Sutlej", "Shape_Leng": 0.07944212297, "Shape_Area": 0.00028121057 }, "geometry": { "type": "MultiPolygon", "coordinates": [ [ [ [ 72.259291285064805, 29.743320048981101, 0.0 ], [ 72.259495688375395, 29.743427640273399, 0.0 ], [ 72.259330730229095, 29.743639695016, 0.0 ], [ 72.259247821729701, 29.7438523945724, 0.0 ], [ 72.259165546353003, 29.743923062399499, 0.0 ], [ 72.259000702420593, 29.744210543282001, 0.0 ], [ 72.258794156924907, 29.744603397728699, 0.0 ], [ 72.258628667279297, 29.744960300877199, 0.0 ], [ 72.258586902763398, 29.745138977282, 0.0 ], [ 72.258462507638697, 29.7454604345515, 0.0 ], [ 72.258379157572094, 29.7457413198061, 0.0 ], [ 72.258296481097801, 29.745881480945599, 0.0 ], [ 72.258213213768798, 29.746163415709098, 0.0 ], [ 72.258048331165597, 29.746374632283501, 0.0 ], [ 72.257883032176295, 29.746664588100298, 0.0 ], [ 72.257759137074601, 29.746845967867198, 0.0 ], [ 72.257552739067705, 29.747100118075998, 0.0 ], [ 72.257387529111199, 29.7473824008771, 0.0 ], [ 72.257263608828595, 29.747627303357401, 0.0 ], [ 72.257221680636107, 29.747873395640699, 0.0 ], [ 72.257220266002506, 29.748161294708002, 0.0 ], [ 72.257260017835605, 29.748411557147701, 0.0 ], [ 72.257382408371498, 29.748586674935201, 0.0 ], [ 72.257586534690901, 29.748763569783002, 0.0 ], [ 72.257954314240294, 29.749018009573501, 0.0 ], [ 72.258241206066899, 29.749046664671901, 0.0 ], [ 72.258445812624203, 29.749076547344799, 0.0 ], [ 72.258731672928405, 29.749174600427502, 0.0 ], [ 72.258977100612796, 29.749248725248499, 0.0 ], [ 72.2592225966456, 29.7493228725526, 0.0 ], [ 72.259468161926193, 29.749397037843099, 0.0 ], [ 72.259631822350798, 29.749470346978999, 0.0 ], [ 72.260122904348606, 29.749615893258898, 0.0 ], [ 72.260368209725101, 29.7497601373205, 0.0 ], [ 72.260572656203195, 29.749868139602999, 0.0 ], [ 72.260818197202099, 29.749940392035501, 0.0 ], [ 72.261185816672096, 29.7502635921911, 0.0 ], [ 72.261553856125602, 29.750515593919602, 0.0 ], [ 72.261635042423293, 29.750585741039199, 0.0 ], [ 72.261838674115594, 29.7506893456368, 0.0 ], [ 72.262163485856306, 29.750895064655499, 0.0 ], [ 72.2625729876533, 29.751041578605999, 0.0 ], [ 72.262820166317695, 29.751120110104999, 0.0 ], [ 72.263107592341598, 29.751159126292698, 0.0 ], [ 72.263473339423101, 29.7512590400727, 0.0 ], [ 72.263719721288197, 29.751334373582601, 0.0 ], [ 72.264088891189402, 29.751445020771101, 0.0 ], [ 72.264375115719105, 29.751552487057701, 0.0 ], [ 72.264701726103894, 29.751766504120901, 0.0 ], [ 72.265028315804201, 29.751980507694299, 0.0 ], [ 72.265232577921196, 29.752087653822201, 0.0 ], [ 72.265477679151601, 29.752230521921099, 0.0 ], [ 72.265599075936706, 29.752335233584201, 0.0 ], [ 72.266044427408502, 29.752504140653599, 0.0 ], [ 72.2662483468837, 29.752610742691701, 0.0 ], [ 72.266535075033701, 29.7527198052749, 0.0 ], [ 72.266739908220202, 29.752828474854301, 0.0 ], [ 72.267149660928197, 29.753045860777899, 0.0 ], [ 72.267395550863995, 29.753118883030101, 0.0 ], [ 72.267723078557296, 29.753263377103199, 0.0 ], [ 72.267886597788305, 29.7534068270635, 0.0 ], [ 72.268091259204297, 29.753514954351701, 0.0 ], [ 72.268500093704404, 29.753801751749499, 0.0 ], [ 72.2687870952483, 29.7539107630713, 0.0 ], [ 72.269114009603896, 29.753982242986201, 0.0 ], [ 72.2693999220688, 29.7539459697308, 0.0 ], [ 72.269686100732997, 29.753838233647599, 0.0 ], [ 72.269930792771902, 29.7537656412714, 0.0 ], [ 72.270258304277405, 29.753623668897301, 0.0 ], [ 72.270587550575002, 29.7534126618649, 0.0 ], [ 72.270795143780902, 29.753238792336401, 0.0 ], [ 72.271089762582506, 29.753000930648501, 0.0 ], [ 72.271341238207597, 29.752866618699599, 0.0 ], [ 72.271463165592607, 29.7527581307831, 0.0 ], [ 72.271666317046893, 29.7525773760451, 0.0 ], [ 72.271828783171898, 29.752432819918699, 0.0 ], [ 72.271950243808803, 29.752252408721699, 0.0 ], [ 72.272112246782797, 29.752035948200501, 0.0 ], [ 72.272517256466202, 29.7516741797197, 0.0 ], [ 72.272718060689996, 29.751420062785702, 0.0 ], [ 72.272922537745004, 29.751170634017601, 0.0 ], [ 72.273168862053396, 29.750886523794101, 0.0 ], [ 72.273250947673105, 29.750815718370699, 0.0 ], [ 72.273456693671505, 29.750496339434601, 0.0 ], [ 72.273702699619903, 29.750283819742499, 0.0 ], [ 72.273947938446696, 29.749927385140801, 0.0 ], [ 72.274028601338998, 29.7497124426752, 0.0 ], [ 72.274069268681799, 29.749534057650699, 0.0 ], [ 72.274110853333298, 29.749213872022601, 0.0 ], [ 72.274070641946693, 29.748893452570801, 0.0 ], [ 72.274111606965207, 29.748857998597799, 0.0 ], [ 72.274109721086802, 29.748428420335401, 0.0 ], [ 72.274072099747698, 29.748110473119901, 0.0 ], [ 72.273995068317802, 29.747829227237101, 0.0 ], [ 72.273875176098599, 29.747581642978499, 0.0 ], [ 72.273791435726295, 29.747437100342001, 0.0 ], [ 72.273665693417101, 29.747184671435502, 0.0 ], [ 72.273459892559998, 29.746933372976901, 0.0 ], [ 72.273379530940602, 29.746720507945199, 0.0 ], [ 72.273217823843495, 29.746507731047, 0.0 ], [ 72.273137766195006, 29.7462238420567, 0.0 ], [ 72.273057382991894, 29.746010932958299, 0.0 ], [ 72.273017512448305, 29.7458334742355, 0.0 ], [ 72.273018546668695, 29.745620512976402, 0.0 ], [ 72.272978975599301, 29.745300784203899, 0.0 ], [ 72.272897434069407, 29.745086836388499, 0.0 ], [ 72.2728582937753, 29.744696375037702, 0.0 ], [ 72.272818293729301, 29.744376345891698, 0.0 ], [ 72.272737441080096, 29.7440918345706, 0.0 ], [ 72.272738867404897, 29.743807968063301, 0.0 ], [ 72.2727407955513, 29.743524443298501, 0.0 ], [ 72.272665204835405, 29.743100806856798, 0.0 ], [ 72.272625971011806, 29.7428523421619, 0.0 ], [ 72.2725841984021, 29.742673884292401, 0.0 ], [ 72.272502843931093, 29.742389038423401, 0.0 ], [ 72.2723823122939, 29.742069361811701, 0.0 ], [ 72.272178355047103, 29.741890986679699, 0.0 ], [ 72.2719745668728, 29.741641511146899, 0.0 ], [ 72.271730004336305, 29.7413563810921, 0.0 ], [ 72.271566862820507, 29.741213699152901, 0.0 ], [ 72.271485289814294, 29.7411423577337, 0.0 ], [ 72.271281373036999, 29.740964012279399, 0.0 ], [ 72.271077276395303, 29.740714434223801, 0.0 ], [ 72.271000378964402, 29.740503261716199, 0.0 ], [ 72.271001807987105, 29.740361275852301, 0.0 ], [ 72.270875286865106, 29.740038920160099, 0.0 ], [ 72.270834992740802, 29.739860979400699, 0.0 ], [ 72.270799048637201, 29.739614443751599, 0.0 ], [ 72.2707626009134, 29.7394381820265, 0.0 ], [ 72.270766964423899, 29.7391552957803, 0.0 ], [ 72.270687939197103, 29.738942589928602, 0.0 ], [ 72.270607450773298, 29.738586881079801, 0.0 ], [ 72.270524170853804, 29.7383725303681, 0.0 ], [ 72.270523829111497, 29.738158897315301, 0.0 ], [ 72.270482367667199, 29.737909533298399, 0.0 ], [ 72.270482144635295, 29.737767173316499, 0.0 ], [ 72.270645943555493, 29.737483244756, 0.0 ], [ 72.270769747825696, 29.737092798693801, 0.0 ], [ 72.271014724050303, 29.736738060213401, 0.0 ], [ 72.271137753104895, 29.7364186722839, 0.0 ], [ 72.271138802613706, 29.736134613321799, 0.0 ], [ 72.271058135224806, 29.735992395432699, 0.0 ], [ 72.270937218677801, 29.7357435368348, 0.0 ], [ 72.270816022441494, 29.735494810437199, 0.0 ], [ 72.270574261293206, 29.735210076084201, 0.0 ], [ 72.270413794361204, 29.7349966507749, 0.0 ], [ 72.270293487554497, 29.734818770270099, 0.0 ], [ 72.270051030330805, 29.7345337751137, 0.0 ], [ 72.269966871773804, 29.7343202086108, 0.0 ], [ 72.269840002614103, 29.734070922834899, 0.0 ], [ 72.269758157113301, 29.733857610840101, 0.0 ], [ 72.269554017304102, 29.733679414673301, 0.0 ], [ 72.269431618674304, 29.733643499348101, 0.0 ], [ 72.269186753066293, 29.733500668121401, 0.0 ], [ 72.268779531949903, 29.733286240068001, 0.0 ], [ 72.268248762870101, 29.732964959964999, 0.0 ], [ 72.267759294256095, 29.732608323915098, 0.0 ], [ 72.267596584414903, 29.732465785867401, 0.0 ], [ 72.267352693671896, 29.7322518614343, 0.0 ], [ 72.266987086884598, 29.731859925195501, 0.0 ], [ 72.266743968659299, 29.731432924389999, 0.0 ], [ 72.266500554556998, 29.731076896281799, 0.0 ], [ 72.266379119101103, 29.730827864114701, 0.0 ], [ 72.266216441635507, 29.730543365384101, 0.0 ], [ 72.266135608771407, 29.730259167926299, 0.0 ], [ 72.266014581607706, 29.729797394834002, 0.0 ], [ 72.265933555389296, 29.729442560126099, 0.0 ], [ 72.265932969031297, 29.729230338109701, 0.0 ], [ 72.265972380920701, 29.728913012325702, 0.0 ], [ 72.265972118318601, 29.728700911717699, 0.0 ], [ 72.266012785661601, 29.728453855361199, 0.0 ], [ 72.2660546518008, 29.728205460813399, 0.0 ], [ 72.266056849743904, 29.727991700057, 0.0 ], [ 72.266018365954906, 29.727742237114601, 0.0 ], [ 72.265982788774707, 29.7272073770189, 0.0 ], [ 72.265944277106797, 29.726957655971098, 0.0 ], [ 72.265905746553003, 29.726707851286299, 0.0 ], [ 72.265947225084403, 29.726460232853501, 0.0 ], [ 72.265987690079896, 29.726142584212901, 0.0 ], [ 72.265989923096498, 29.725928389083901, 0.0 ], [ 72.265867422843399, 29.725539038395901, 0.0 ], [ 72.265826921875004, 29.725150015960502, 0.0 ], [ 72.265786163700596, 29.725043839301801, 0.0 ], [ 72.2657055017076, 29.724689331047799, 0.0 ], [ 72.265543276600994, 29.724404978906701, 0.0 ], [ 72.265340254649104, 29.7241556859362, 0.0 ], [ 72.265137574439606, 29.724047155751698, 0.0 ], [ 72.264809678923598, 29.723976748727999, 0.0 ], [ 72.264565044441298, 29.7239753835572, 0.0 ], [ 72.264075981421499, 29.723900737129402, 0.0 ], [ 72.263709173139901, 29.723933515619301, 0.0 ], [ 72.263341226316598, 29.724037538401699, 0.0 ], [ 72.263053479234699, 29.724145285276698, 0.0 ], [ 72.262847676579, 29.7242529197365, 0.0 ], [ 72.262600979951301, 29.724395927230301, 0.0 ], [ 72.262355391288295, 29.724466664305201, 0.0 ], [ 72.262151440336794, 29.724570608846602, 0.0 ], [ 72.261824928877402, 29.724849336627599, 0.0 ], [ 72.261579243087695, 29.725060063071499, 0.0 ], [ 72.261415000801705, 29.7252016928039, 0.0 ], [ 72.261086541410805, 29.725484933383001, 0.0 ], [ 72.260962681382694, 29.725733307246401, 0.0 ], [ 72.260756611628395, 29.726052484734499, 0.0 ], [ 72.260550871025899, 29.726371145112299, 0.0 ], [ 72.260468060552597, 29.7265839696745, 0.0 ], [ 72.260343960405507, 29.726973217839799, 0.0 ], [ 72.260261439513897, 29.727325419332701, 0.0 ], [ 72.260178658718203, 29.7275384948057, 0.0 ], [ 72.260136865424002, 29.7277159058644, 0.0 ], [ 72.260094562214306, 29.728035306384399, 0.0 ], [ 72.260052610639505, 29.728283602006702, 0.0 ], [ 72.260010465710494, 29.7286025789459, 0.0 ], [ 72.2600093433566, 29.728886353722299, 0.0 ], [ 72.259967772194997, 29.729063646969799, 0.0 ], [ 72.259967148964805, 29.729205690390401, 0.0 ], [ 72.259924810681497, 29.729595487142099, 0.0 ], [ 72.25992418925, 29.729807933989001, 0.0 ], [ 72.259881939100197, 29.7299866580579, 0.0 ], [ 72.259839651179007, 29.7303061691944, 0.0 ], [ 72.259839025250898, 29.730448269272198, 0.0 ], [ 72.259796399184594, 29.730838885306401, 0.0 ], [ 72.259795770558398, 29.7309809889815, 0.0 ], [ 72.2597948343642, 29.731194155286101, 0.0 ], [ 72.259752163331697, 29.7315848693463, 0.0 ], [ 72.2597915230604, 29.731905017202799, 0.0 ], [ 72.259749179381203, 29.732153917169601, 0.0 ], [ 72.259789463612904, 29.732260770118501, 0.0 ], [ 72.259787893396606, 29.732615874623001, 0.0 ], [ 72.259909280289094, 29.7329359397419, 0.0 ], [ 72.259908295531503, 29.733149106945799, 0.0 ], [ 72.259947836923203, 29.733397986228098, 0.0 ], [ 72.260028522298498, 29.733611412436801, 0.0 ], [ 72.260191092744805, 29.733825077865099, 0.0 ], [ 72.260354076879196, 29.733967701348401, 0.0 ], [ 72.260517063711603, 29.734110326630301, 0.0 ], [ 72.260802292691693, 29.734359927168999, 0.0 ], [ 72.261046065623503, 29.7346448144067, 0.0 ], [ 72.261249376257794, 29.7348229350305, 0.0 ], [ 72.261289763911506, 29.7349295892292, 0.0 ], [ 72.261411479056605, 29.735107491317699, 0.0 ], [ 72.261573574660801, 29.735392015229401, 0.0 ], [ 72.261695264624805, 29.735569873251102, 0.0 ], [ 72.261776298037802, 29.735854470907199, 0.0 ], [ 72.261857373718897, 29.736210375808199, 0.0 ], [ 72.261897844110294, 29.736459595933599, 0.0 ], [ 72.261894467155997, 29.7367422132826, 0.0 ], [ 72.261933534605006, 29.7370614105557, 0.0 ], [ 72.261892635237004, 29.737239602225898, 0.0 ], [ 72.261892082153906, 29.737452963683399, 0.0 ], [ 72.261891559647793, 29.737666493314102, 0.0 ], [ 72.261932386170798, 29.737916336669599, 0.0 ], [ 72.261932348399199, 29.737987684384201, 0.0 ], [ 72.261968856377706, 29.738375399205399, 0.0 ], [ 72.261967002874897, 29.7385159398588, 0.0 ], [ 72.261966321188794, 29.738657875360701, 0.0 ], [ 72.261969374387107, 29.739019051188301, 0.0 ], [ 72.262008122576802, 29.739266427703502, 0.0 ], [ 72.261965979446501, 29.739514774587199, 0.0 ], [ 72.261923821027594, 29.739763107081799, 0.0 ], [ 72.261881809198201, 29.740082941074899, 0.0 ], [ 72.261840845079007, 29.740261728995598, 0.0 ], [ 72.2617999331205, 29.740512368251199, 0.0 ], [ 72.2616770731385, 29.740691258694699, 0.0 ], [ 72.261513911837596, 29.740907381070802, 0.0 ], [ 72.261432617621296, 29.741052117061599, 0.0 ], [ 72.261186739376598, 29.7412668976493, 0.0 ], [ 72.261063276848802, 29.741445215224498, 0.0 ], [ 72.260816752890904, 29.741659047027401, 0.0 ], [ 72.260528428444303, 29.741906558440999, 0.0 ], [ 72.260322514272701, 29.742083325585, 0.0 ], [ 72.260075449822196, 29.7422954163005, 0.0 ], [ 72.259910336093199, 29.742507473741, 0.0 ], [ 72.259704517249702, 29.7426847633912, 0.0 ], [ 72.259457426718896, 29.742895969173698, 0.0 ], [ 72.259374271805299, 29.743107512201998, 0.0 ], [ 72.259291285064805, 29.743320048981101, 0.0 ] ] ] ] } },
{ "type": "Feature", "properties": { "Name": "S12", "district": "Bahawalpur", "province": "Punjab", "area_km2": 1.25252119065, "volume_MAF": 0.00619009453, "River": "Sutlej", "Shape_Leng": 0.04279708743, "Shape_Area": 0.00011684459 }, "geometry": { "type": "MultiPolygon", "coordinates": [ [ [ [ 72.279828974927298, 29.768535200039501, 0.0 ], [ 72.279431627467702, 29.768616880065, 0.0 ], [ 72.279305773642605, 29.768721962248801, 0.0 ], [ 72.279205134109702, 29.768806107315999, 0.0 ], [ 72.279104466697802, 29.768890311738598, 0.0 ], [ 72.278900781046303, 29.769058273620502, 0.0 ], [ 72.278849454039104, 29.7691002171014, 0.0 ], [ 72.278665617324506, 29.7692461815661, 0.0 ], [ 72.278562055894199, 29.769330216916, 0.0 ], [ 72.278435904393504, 29.769436199321198, 0.0 ], [ 72.278288087325393, 29.769478423390598, 0.0 ], [ 72.278163675113504, 29.769541952399202, 0.0 ], [ 72.277945358391605, 29.769648806247499, 0.0 ], [ 72.277819774363095, 29.7697121149222, 0.0 ], [ 72.277620084399402, 29.769753638419701, 0.0 ], [ 72.277395229606199, 29.769816449769401, 0.0 ], [ 72.277195515360802, 29.7698580452127, 0.0 ], [ 72.277045469772602, 29.769899957217302, 0.0 ], [ 72.276747917382494, 29.769941247790399, 0.0 ], [ 72.276526390080903, 29.7699617370446, 0.0 ], [ 72.276252874770407, 29.769981546411302, 0.0 ], [ 72.276024693384997, 29.770044179695201, 0.0 ], [ 72.275772822058201, 29.7700854001212, 0.0 ], [ 72.275571235424295, 29.7701270045577, 0.0 ], [ 72.275342984790996, 29.770189868068002, 0.0 ], [ 72.275266635946494, 29.7702538314492, 0.0 ], [ 72.275062437681399, 29.7703383938019, 0.0 ], [ 72.274909469296603, 29.7704234318959, 0.0 ], [ 72.274709871963097, 29.770508458298799, 0.0 ], [ 72.274583951588198, 29.7706153786968, 0.0 ], [ 72.274298872794802, 29.7708505271302, 0.0 ], [ 72.274168992704901, 29.770957574332598, 0.0 ], [ 72.2740407161062, 29.7710647267558, 0.0 ], [ 72.273963941882499, 29.771129050765101, 0.0 ], [ 72.2738100813702, 29.771300930093901, 0.0 ], [ 72.273709354603099, 29.771473087313201, 0.0 ], [ 72.273633752196005, 29.771580641733301, 0.0 ], [ 72.273556541801, 29.771731458939701, 0.0 ], [ 72.273475152256495, 29.771882592707499, 0.0 ], [ 72.273390984706197, 29.772120529039199, 0.0 ], [ 72.273332463122799, 29.772337238672701, 0.0 ], [ 72.273327595092496, 29.772467515363601, 0.0 ], [ 72.273316918341195, 29.772728477936901, 0.0 ], [ 72.273339681081495, 29.7727938487571, 0.0 ], [ 72.273309505229506, 29.772946052718201, 0.0 ], [ 72.273332311137295, 29.7730981388681, 0.0 ], [ 72.273378500317605, 29.773315681273701, 0.0 ], [ 72.273401780168101, 29.773424457872501, 0.0 ], [ 72.273426114923296, 29.773576399231501, 0.0 ], [ 72.273498998679898, 29.773858931144801, 0.0 ], [ 72.273497761212795, 29.7739892456073, 0.0 ], [ 72.273522938632794, 29.774184367914302, 0.0 ], [ 72.273522678728696, 29.7743144539489, 0.0 ], [ 72.273521595944899, 29.774444761216799, 0.0 ], [ 72.273466898278798, 29.774575860787401, 0.0 ], [ 72.273487613262802, 29.774729010835198, 0.0 ], [ 72.273402150688796, 29.7749704176507, 0.0 ], [ 72.273400064261594, 29.775057868625801, 0.0 ], [ 72.273346494345304, 29.7752758283169, 0.0 ], [ 72.273344259530006, 29.775406844250501, 0.0 ], [ 72.273261210736294, 29.7756481620331, 0.0 ], [ 72.273228094101299, 29.775846584852001, 0.0 ], [ 72.273199295111496, 29.776000059555098, 0.0 ], [ 72.273197498266001, 29.7761747069972, 0.0 ], [ 72.273172108606005, 29.7763269226494, 0.0 ], [ 72.273171364866599, 29.776457693967501, 0.0 ], [ 72.273220967873399, 29.776588647847898, 0.0 ], [ 72.273344129128304, 29.7768294781979, 0.0 ], [ 72.273414660258396, 29.7769843162732, 0.0 ], [ 72.273537829607207, 29.7771383377641, 0.0 ], [ 72.273692834057101, 29.7773978398385, 0.0 ], [ 72.273846940084297, 29.7775705996036, 0.0 ], [ 72.273921430030001, 29.777680072277601, 0.0 ], [ 72.273995331819194, 29.777746408969701, 0.0 ], [ 72.2740923317957, 29.777879270312098, 0.0 ], [ 72.274264666181494, 29.778034320627501, 0.0 ], [ 72.274385850726503, 29.778189845784802, 0.0 ], [ 72.274458122944097, 29.778300929144599, 0.0 ], [ 72.274604770893504, 29.7784783680823, 0.0 ], [ 72.274677143835206, 29.778633123420001, 0.0 ], [ 72.274849568153101, 29.778832352930799, 0.0 ], [ 72.274899262890699, 29.778963656647498, 0.0 ], [ 72.274923862945997, 29.779073033993399, 0.0 ], [ 72.274999352038506, 29.7792692939428, 0.0 ], [ 72.275049953292793, 29.779356367202599, 0.0 ], [ 72.275124873114507, 29.779640111401999, 0.0 ], [ 72.275148420962907, 29.779750360190999, 0.0 ], [ 72.275246474045602, 29.779927094959501, 0.0 ], [ 72.275294042785902, 29.780060289950502, 0.0 ], [ 72.275418317401503, 29.7801710612455, 0.0 ], [ 72.2755404912008, 29.780370905892699, 0.0 ], [ 72.2756897184058, 29.780503931811001, 0.0 ], [ 72.275814804209901, 29.7806141473251, 0.0 ], [ 72.275968221356393, 29.780743172159699, 0.0 ], [ 72.276123554958104, 29.7808701537347, 0.0 ], [ 72.276377931796205, 29.7809117698623, 0.0 ], [ 72.276528575433503, 29.7809126520972, 0.0 ], [ 72.276703864092099, 29.780892423646499, 0.0 ], [ 72.276853605709405, 29.7808507850357, 0.0 ], [ 72.2770293080562, 29.780830188762302, 0.0 ], [ 72.277181646016203, 29.780785659730402, 0.0 ], [ 72.277284648967495, 29.7807398320776, 0.0 ], [ 72.2774140353295, 29.780670896344802, 0.0 ], [ 72.277517487042502, 29.780624440965301, 0.0 ], [ 72.277645965089306, 29.7805564513192, 0.0 ], [ 72.277877107042897, 29.7803992624161, 0.0 ], [ 72.278031328183303, 29.780308715075201, 0.0 ], [ 72.278134402180996, 29.780219081445502, 0.0 ], [ 72.278262304661695, 29.7801081167962, 0.0 ], [ 72.278416466446799, 29.779974114213999, 0.0 ], [ 72.278520237419102, 29.7798835398935, 0.0 ], [ 72.278598001796396, 29.779815666259999, 0.0 ], [ 72.278726343146303, 29.7797040370118, 0.0 ], [ 72.2789053217233, 29.779548537934701, 0.0 ], [ 72.279059931370796, 29.779413723264799, 0.0 ], [ 72.279211871830498, 29.779282156046701, 0.0 ], [ 72.279363728653195, 29.7791506598751, 0.0 ], [ 72.279464767485095, 29.779063202604799, 0.0 ], [ 72.279540438240701, 29.778997758040099, 0.0 ], [ 72.279666004282703, 29.7789325239169, 0.0 ], [ 72.279793209788906, 29.778865262721801, 0.0 ], [ 72.280023438930598, 29.778664561919999, 0.0 ], [ 72.280173454841105, 29.778578315137199, 0.0 ], [ 72.280300038016406, 29.778511627709499, 0.0 ], [ 72.280375206051005, 29.7784465833432, 0.0 ], [ 72.280526420757795, 29.778315582697999, 0.0 ], [ 72.280651931041902, 29.7782501444287, 0.0 ], [ 72.280753046316093, 29.7781622950539, 0.0 ], [ 72.280854827987994, 29.778073457324201, 0.0 ], [ 72.280981896797101, 29.777962770565502, 0.0 ], [ 72.281107220921598, 29.777854332111801, 0.0 ], [ 72.281256492193407, 29.777725740750402, 0.0 ], [ 72.281355744971705, 29.777640511100699, 0.0 ], [ 72.281556141802596, 29.777467130803501, 0.0 ], [ 72.281657441437801, 29.777378752627399, 0.0 ], [ 72.281808118350099, 29.777248058651001, 0.0 ], [ 72.281959194561196, 29.777116646116401, 0.0 ], [ 72.2820593754399, 29.777072769093099, 0.0 ], [ 72.282160216420905, 29.776984846873201, 0.0 ], [ 72.2823868248921, 29.776787272115001, 0.0 ], [ 72.282635596255801, 29.776615467429899, 0.0 ], [ 72.282759394230695, 29.7765091360878, 0.0 ], [ 72.282907985615097, 29.7763815061017, 0.0 ], [ 72.283056616569596, 29.776253844639299, 0.0 ], [ 72.283155727255107, 29.776168715713698, 0.0 ], [ 72.283280730321493, 29.7760600713153, 0.0 ], [ 72.283432126691395, 29.775969579732401, 0.0 ], [ 72.283608582669999, 29.7758566941312, 0.0 ], [ 72.2836841131314, 29.7757899608381, 0.0 ], [ 72.283909659503294, 29.775591332973701, 0.0 ], [ 72.284058049439494, 29.775463552800801, 0.0 ], [ 72.284157295922498, 29.775377317709101, 0.0 ], [ 72.284305932273, 29.775291126684198, 0.0 ], [ 72.284479257711595, 29.775183440963101, 0.0 ], [ 72.284627974101795, 29.775053890024999, 0.0 ], [ 72.284850569797996, 29.7749031231806, 0.0 ], [ 72.285023406005493, 29.774795861939499, 0.0 ], [ 72.285171449702702, 29.774710075609601, 0.0 ], [ 72.285319426850194, 29.774624293776199, 0.0 ], [ 72.285393336733094, 29.7746027262349, 0.0 ], [ 72.285541160995805, 29.774516955193398, 0.0 ], [ 72.285713434227702, 29.774452493587798, 0.0 ], [ 72.285910115059806, 29.774409539268799, 0.0 ], [ 72.286057579593702, 29.7743670777785, 0.0 ], [ 72.286204990168201, 29.7742814263468, 0.0 ], [ 72.286352309011903, 29.774195916108699, 0.0 ], [ 72.286426012050896, 29.774089054166598, 0.0 ], [ 72.286573275136604, 29.7739182099575, 0.0 ], [ 72.286695795174893, 29.773811331827599, 0.0 ], [ 72.286818077792105, 29.7736614094466, 0.0 ], [ 72.286940212920598, 29.773554370338001, 0.0 ], [ 72.287086701690001, 29.773511484367599, 0.0 ], [ 72.287257450571005, 29.773362242773299, 0.0 ], [ 72.287403790952197, 29.7732345111638, 0.0 ], [ 72.287549699658996, 29.773064096830598, 0.0 ], [ 72.2877195402247, 29.772915044094098, 0.0 ], [ 72.287817333403297, 29.7727882396856, 0.0 ], [ 72.287964272733106, 29.772661923609, 0.0 ], [ 72.288037929007302, 29.7725564322336, 0.0 ], [ 72.288038258159105, 29.772471734982599, 0.0 ], [ 72.288037702378105, 29.772301662391801, 0.0 ], [ 72.288060905786196, 29.7720679420819, 0.0 ], [ 72.288036430736696, 29.771961780711599, 0.0 ], [ 72.288012298328994, 29.7717710461969, 0.0 ], [ 72.287939332734098, 29.771622422436899, 0.0 ], [ 72.287866612654099, 29.771473935373901, 0.0 ], [ 72.287793951929402, 29.7714100960991, 0.0 ], [ 72.2877216239538, 29.771261504714701, 0.0 ], [ 72.287599975358702, 29.771154967427801, 0.0 ], [ 72.287526709390207, 29.771091042717501, 0.0 ], [ 72.287355774349606, 29.770941935122298, 0.0 ], [ 72.287233453061404, 29.770835429311699, 0.0 ], [ 72.287209009488294, 29.770814154949299, 0.0 ], [ 72.287014342238095, 29.770643756803999, 0.0 ], [ 72.286868569329002, 29.770515791370698, 0.0 ], [ 72.286722809010499, 29.770387698233701, 0.0 ], [ 72.286600948175206, 29.770281188825798, 0.0 ], [ 72.286479099930503, 29.7701745975797, 0.0 ], [ 72.286308324969298, 29.770025805646501, 0.0 ], [ 72.286186471328605, 29.769877396824398, 0.0 ], [ 72.286089179971697, 29.769749757845101, 0.0 ], [ 72.285991873326296, 29.769622099980001, 0.0 ], [ 72.285967525980595, 29.769600736584799, 0.0 ], [ 72.285797037902995, 29.769451763887801, 0.0 ], [ 72.285772686060696, 29.7694305290957, 0.0 ], [ 72.285626640657, 29.7693035601113, 0.0 ], [ 72.285480551186495, 29.769175421108901, 0.0 ], [ 72.285334263865295, 29.769089502578499, 0.0 ], [ 72.285139510280302, 29.768961402247001, 0.0 ], [ 72.284871219131503, 29.7688541374085, 0.0 ], [ 72.284676044663797, 29.7688104771219, 0.0 ], [ 72.284529411103506, 29.7688092828222, 0.0 ], [ 72.284431615226893, 29.768765972371799, 0.0 ], [ 72.284138134067703, 29.7687211123895, 0.0 ], [ 72.283967182839305, 29.7686564421412, 0.0 ], [ 72.283845166421401, 29.7685921630979, 0.0 ], [ 72.283674242172594, 29.768527565694601, 0.0 ], [ 72.283503460016703, 29.768463133766701, 0.0 ], [ 72.283381627959798, 29.7683990750573, 0.0 ], [ 72.283210086776094, 29.768376333900701, 0.0 ], [ 72.283062632134801, 29.768374680047501, 0.0 ], [ 72.282939856689097, 29.768352220378699, 0.0 ], [ 72.282743373707802, 29.7683078253459, 0.0 ], [ 72.282571193106193, 29.768284776621201, 0.0 ], [ 72.282275487024194, 29.7682389147942, 0.0 ], [ 72.282127160939794, 29.768236967761901, 0.0 ], [ 72.282003354870994, 29.768256584673701, 0.0 ], [ 72.281805361028702, 29.768254116933999, 0.0 ], [ 72.281584558580604, 29.768231509776399, 0.0 ], [ 72.281463186077204, 29.768295534311498, 0.0 ], [ 72.281341504207106, 29.768316706151101, 0.0 ], [ 72.281169415336294, 29.768336727757902, 0.0 ], [ 72.281046302644796, 29.768357020060499, 0.0 ], [ 72.280799732821507, 29.768312304868999, 0.0 ], [ 72.2805519516114, 29.768309609600902, 0.0 ], [ 72.280427791209704, 29.7683294810208, 0.0 ], [ 72.280203946355101, 29.768348139255298, 0.0 ], [ 72.280029350174402, 29.768367253446101, 0.0 ], [ 72.279928700748997, 29.768450981227801, 0.0 ], [ 72.279828974927298, 29.768535200039501, 0.0 ] ] ] ] } },
{ "type": "Feature", "properties": { "Name": "S11", "district": "Bahawalpur", "province": "Punjab", "area_km2": 2.3073769502100001, "volume_MAF": 0.01140330523, "River": "Sutlej", "Shape_Leng": 0.07003167496, "Shape_Area": 0.00021539177 }, "geometry": { "type": "MultiPolygon", "coordinates": [ [ [ [ 72.343127312875296, 29.8373095521941, 0.0 ], [ 72.343157912307802, 29.837346931615599, 0.0 ], [ 72.343080755872194, 29.837703386901801, 0.0 ], [ 72.342980600174599, 29.8381252660682, 0.0 ], [ 72.342923929395894, 29.8384198812726, 0.0 ], [ 72.342847564363595, 29.838718958013501, 0.0 ], [ 72.3428984713874, 29.838960497928699, 0.0 ], [ 72.342900844698306, 29.8391244740153, 0.0 ], [ 72.342951239108501, 29.839262263642599, 0.0 ], [ 72.343183363121696, 29.839686444174099, 0.0 ], [ 72.343251889662994, 29.839909188258499, 0.0 ], [ 72.343322820991403, 29.840027045311999, 0.0 ], [ 72.343411570587605, 29.8402908794206, 0.0 ], [ 72.343589108450701, 29.840518963679301, 0.0 ], [ 72.343837698151304, 29.8408202023905, 0.0 ], [ 72.343953135129098, 29.840973028682399, 0.0 ], [ 72.344052527302296, 29.841084307195, 0.0 ], [ 72.344266081214798, 29.841242978181, 0.0 ], [ 72.344479368927793, 29.841401457611301, 0.0 ], [ 72.344639196441804, 29.8416344557656, 0.0 ], [ 72.344803945046095, 29.841760196276098, 0.0 ], [ 72.345020301245896, 29.841857961575698, 0.0 ], [ 72.345240115339095, 29.8420138707436, 0.0 ], [ 72.345618237991303, 29.842190451728001, 0.0 ], [ 72.345765662055697, 29.8422738773376, 0.0 ], [ 72.346095980345297, 29.842417446008401, 0.0 ], [ 72.346265766951703, 29.842540729571098, 0.0 ], [ 72.346484398436303, 29.842636602697102, 0.0 ], [ 72.346684125272205, 29.842797361009399, 0.0 ], [ 72.346902386236195, 29.842893029989401, 0.0 ], [ 72.347113228692606, 29.843049572280002, 0.0 ], [ 72.3474045676667, 29.843215298447301, 0.0 ], [ 72.347550035705595, 29.843298045068799, 0.0 ], [ 72.347828806654107, 29.8434677372463, 0.0 ], [ 72.348053254953797, 29.843666901106602, 0.0 ], [ 72.3482718729487, 29.8437611545537, 0.0 ], [ 72.348440915815701, 29.843883402996699, 0.0 ], [ 72.3486327070339, 29.844045833148801, 0.0 ], [ 72.348853760392799, 29.8442460312294, 0.0 ], [ 72.349077892131007, 29.8444449288904, 0.0 ], [ 72.349274707861497, 29.844605106240699, 0.0 ], [ 72.349469293273302, 29.8447661991008, 0.0 ], [ 72.349826941060499, 29.8449432216524, 0.0 ], [ 72.350044219964801, 29.845036530811299, 0.0 ], [ 72.350224629363197, 29.845095445398599, 0.0 ], [ 72.350636285935906, 29.845183700367599, 0.0 ], [ 72.351090441770495, 29.845302525091501, 0.0 ], [ 72.351356068228, 29.845366315802899, 0.0 ], [ 72.351590186937599, 29.845393368309399, 0.0 ], [ 72.351854912274504, 29.8454569656665, 0.0 ], [ 72.352181636873098, 29.8454287359475, 0.0 ], [ 72.352491839127097, 29.845464612601901, 0.0 ], [ 72.352847779101793, 29.845472895357901, 0.0 ], [ 72.353125680405896, 29.845472220866299, 0.0 ], [ 72.353310127760295, 29.845526707191802, 0.0 ], [ 72.353560348831095, 29.845595987365002, 0.0 ], [ 72.353856034228698, 29.8456379461343, 0.0 ], [ 72.354202596072994, 29.845813323825901, 0.0 ], [ 72.354522362617004, 29.845840638934401, 0.0 ], [ 72.354759947313795, 29.845861987041101, 0.0 ], [ 72.355145117053596, 29.845903109441, 0.0 ], [ 72.355252490709901, 29.845947446917201, 0.0 ], [ 72.3556382396131, 29.845987086335001, 0.0 ], [ 72.356042387746101, 29.846069296061199, 0.0 ], [ 72.356215169994101, 29.846128046971799, 0.0 ], [ 72.356604947860106, 29.846109085665798, 0.0 ], [ 72.3569643169497, 29.8461630279015, 0.0 ], [ 72.357033296749293, 29.846175691255201, 0.0 ], [ 72.357459764256802, 29.846186788889302, 0.0 ], [ 72.357664348331099, 29.846169607341601, 0.0 ], [ 72.357969564743698, 29.846199167157899, 0.0 ], [ 72.358331430351299, 29.846249064243001, 0.0 ], [ 72.358576392186805, 29.846315991789702, 0.0 ], [ 72.358853134264805, 29.846417034218799, 0.0 ], [ 72.359206760283797, 29.8465239258385, 0.0 ], [ 72.359383286409596, 29.846577287112201, 0.0 ], [ 72.359559627275004, 29.8466305890305, 0.0 ], [ 72.359911741533693, 29.846737023794699, 0.0 ], [ 72.360189729172703, 29.846834862838701, 0.0 ], [ 72.360483472034701, 29.846867911125202, 0.0 ], [ 72.360732568053606, 29.8469285002502, 0.0 ], [ 72.360985383668606, 29.846934587761002, 0.0 ], [ 72.361297116568693, 29.847011624586901, 0.0 ], [ 72.361598802242995, 29.846985001057, 0.0 ], [ 72.361864221856393, 29.846978809224701, 0.0 ], [ 72.362055561614895, 29.8469652546428, 0.0 ], [ 72.362363958030301, 29.8469308528766, 0.0 ], [ 72.362598362724299, 29.846889183688901, 0.0 ], [ 72.362948847411403, 29.846826876858898, 0.0 ], [ 72.363180494784004, 29.8467866960492, 0.0 ], [ 72.3633657551255, 29.8467768277884, 0.0 ], [ 72.363635647966802, 29.846713047868899, 0.0 ], [ 72.363890693900501, 29.846712357189599, 0.0 ], [ 72.364134381396596, 29.846722842385301, 0.0 ], [ 72.3644744663236, 29.8466667966354, 0.0 ], [ 72.364707283714196, 29.8466224402734, 0.0 ], [ 72.364950165417795, 29.846518933701901, 0.0 ], [ 72.365192299784795, 29.846415744590999, 0.0 ], [ 72.365460964152206, 29.846349371925999, 0.0 ], [ 72.3657202027252, 29.8462928693205, 0.0 ], [ 72.366050664007005, 29.846243008208301, 0.0 ], [ 72.366201473119503, 29.8462004936579, 0.0 ], [ 72.366530294937206, 29.846151413157301, 0.0 ], [ 72.366834694765402, 29.846061821795701, 0.0 ], [ 72.367094823667202, 29.846001903565, 0.0 ], [ 72.367243791867594, 29.8459603665777, 0.0 ], [ 72.367732403427695, 29.845852517179999, 0.0 ], [ 72.3681677634316, 29.8457848171157, 0.0 ], [ 72.368534876583297, 29.845706357562399, 0.0 ], [ 72.368725006753706, 29.845635626782801, 0.0 ], [ 72.369111958050496, 29.845483181803399, 0.0 ], [ 72.369354526790104, 29.845324122310402, 0.0 ], [ 72.369516223095303, 29.8452176003121, 0.0 ], [ 72.369581155945596, 29.8450695539169, 0.0 ], [ 72.369590061032596, 29.844853270562101, 0.0 ], [ 72.369571873143499, 29.844601603381399, 0.0 ], [ 72.369520719705505, 29.844323539299999, 0.0 ], [ 72.369472710297401, 29.844041171962498, 0.0 ], [ 72.369396526028893, 29.843725262610899, 0.0 ], [ 72.369363196254497, 29.843539216261899, 0.0 ], [ 72.369330202826603, 29.843352810184101, 0.0 ], [ 72.369246939095007, 29.843091495975798, 0.0 ], [ 72.369219677046502, 29.84289872, 0.0 ], [ 72.369228478711406, 29.8426853828242, 0.0 ], [ 72.369168702573603, 29.842464494940501, 0.0 ], [ 72.369167058612902, 29.842309385269999, 0.0 ], [ 72.3691919968132, 29.842033163000099, 0.0 ], [ 72.369163082710102, 29.841844040070399, 0.0 ], [ 72.369208466997193, 29.841610379115799, 0.0 ], [ 72.369230887995101, 29.841338413337201, 0.0 ], [ 72.369293300045797, 29.841041764765698, 0.0 ], [ 72.369315231812493, 29.840771317942, 0.0 ], [ 72.369359999164701, 29.840539815360199, 0.0 ], [ 72.369412686846104, 29.8403012189262, 0.0 ], [ 72.3695040228924, 29.840039463150699, 0.0 ], [ 72.369543754940395, 29.839861122193099, 0.0 ], [ 72.369581085798501, 29.839532080940799, 0.0 ], [ 72.369576124238804, 29.8392306866469, 0.0 ], [ 72.369542887993902, 29.839049076653598, 0.0 ], [ 72.369494108766204, 29.838776198962499, 0.0 ], [ 72.369409489756194, 29.838524924785499, 0.0 ], [ 72.369391569865101, 29.8382837401026, 0.0 ], [ 72.369333676008395, 29.838067174360699, 0.0 ], [ 72.3693683529672, 29.8378953939573, 0.0 ], [ 72.369351437618803, 29.8376545231378, 0.0 ], [ 72.369284980417504, 29.837494078688799, 0.0 ], [ 72.369054450902198, 29.837282041932699, 0.0 ], [ 72.368811662728106, 29.837127110327899, 0.0 ], [ 72.368583733152803, 29.837063026437601, 0.0 ], [ 72.368395873770595, 29.8369748110388, 0.0 ], [ 72.368169949683505, 29.836909198300901, 0.0 ], [ 72.367968968293297, 29.836878337165601, 0.0 ], [ 72.367715339691202, 29.836778551089299, 0.0 ], [ 72.367488093600699, 29.836712858311799, 0.0 ], [ 72.367260040818294, 29.836647221292299, 0.0 ], [ 72.367004100059205, 29.836547790448201, 0.0 ], [ 72.366802882147297, 29.836515878904699, 0.0 ], [ 72.366640996085195, 29.8364606767189, 0.0 ], [ 72.366398496593405, 29.8364524847944, 0.0 ], [ 72.366236170762704, 29.836397170193301, 0.0 ], [ 72.365978744323598, 29.836297009099699, 0.0 ], [ 72.365856459907803, 29.836218019845798, 0.0 ], [ 72.365610768721993, 29.836060224799599, 0.0 ], [ 72.365446879869694, 29.836004869728999, 0.0 ], [ 72.365255880054903, 29.835915102100302, 0.0 ], [ 72.364996213404595, 29.835814560593601, 0.0 ], [ 72.364859079383095, 29.835793220580701, 0.0 ], [ 72.364588905953298, 29.835749214055099, 0.0 ], [ 72.364206462058604, 29.835718443751201, 0.0 ], [ 72.363960267252594, 29.835709278760199, 0.0 ], [ 72.3636035637535, 29.835712796008799, 0.0 ], [ 72.363258920163105, 29.8358090009847, 0.0 ], [ 72.362969697293707, 29.835823409023099, 0.0 ], [ 72.362691255497097, 29.835931244031698, 0.0 ], [ 72.362523399735196, 29.836026450760102, 0.0 ], [ 72.362424876307003, 29.836132665190402, 0.0 ], [ 72.362132549877302, 29.836299376115399, 0.0 ], [ 72.361980586035301, 29.836487788580701, 0.0 ], [ 72.361842520316102, 29.8366178314478, 0.0 ], [ 72.361675535997193, 29.836713530105399, 0.0 ], [ 72.361564490408995, 29.836878933416099, 0.0 ], [ 72.361438999910007, 29.837103647015699, 0.0 ], [ 72.361368125238897, 29.8372460159909, 0.0 ], [ 72.361282239983396, 29.837447990232601, 0.0 ], [ 72.3611255582979, 29.837639850698601, 0.0 ], [ 72.361025743443307, 29.8377482037167, 0.0 ], [ 72.360753730900001, 29.8379552942015, 0.0 ], [ 72.360538451188603, 29.838078695575401, 0.0 ], [ 72.360365810134098, 29.838177658772, 0.0 ], [ 72.360064952735499, 29.838196052605799, 0.0 ], [ 72.359806758275298, 29.838189658426099, 0.0 ], [ 72.359663338892005, 29.838168827429499, 0.0 ], [ 72.359305575092307, 29.838116175721002, 0.0 ], [ 72.358876974392899, 29.838052221333001, 0.0 ], [ 72.358488478960197, 29.837963995142299, 0.0 ], [ 72.358271786413894, 29.837932248174798, 0.0 ], [ 72.358085115036104, 29.837935325654801, 0.0 ], [ 72.357798687259702, 29.837891909084401, 0.0 ], [ 72.357582445273707, 29.837859602738501, 0.0 ], [ 72.357467904020595, 29.837873186098701, 0.0 ], [ 72.357249662841696, 29.8378412439783, 0.0 ], [ 72.356836391086603, 29.837813991822301, 0.0 ], [ 72.356643866921004, 29.837818047764799, 0.0 ], [ 72.356376857306202, 29.8378116382965, 0.0 ], [ 72.356138627795502, 29.837840729566, 0.0 ], [ 72.355989879929098, 29.8378197645706, 0.0 ], [ 72.355765759882004, 29.837788446579601, 0.0 ], [ 72.355331194878801, 29.837821734985098, 0.0 ], [ 72.355135994330695, 29.837825822403801, 0.0 ], [ 72.354872237563796, 29.837874538678999, 0.0 ], [ 72.354677717802502, 29.837935233924, 0.0 ], [ 72.354425576679105, 29.8380242326323, 0.0 ], [ 72.354165926216595, 29.838115179272201, 0.0 ], [ 72.353932483797195, 29.838242943257299, 0.0 ], [ 72.353701945288606, 29.838370164051899, 0.0 ], [ 72.353378122802198, 29.838548860241801, 0.0 ], [ 72.353097360754603, 29.838703179408199, 0.0 ], [ 72.352866332115596, 29.838831179015799, 0.0 ], [ 72.352630662075498, 29.838960623833799, 0.0 ], [ 72.352386301886398, 29.8389908707322, 0.0 ], [ 72.352310099631396, 29.838980369348601, 0.0 ], [ 72.352017607726495, 29.838934926605599, 0.0 ], [ 72.351769497364401, 29.838864188631501, 0.0 ], [ 72.351481506566401, 29.838759573195802, 0.0 ], [ 72.351196018581405, 29.8386540746259, 0.0 ], [ 72.350910382208397, 29.838548322447199, 0.0 ], [ 72.350489388874294, 29.838358438690999, 0.0 ], [ 72.350192837429603, 29.838254506740199, 0.0 ], [ 72.349981469769105, 29.8381593188975, 0.0 ], [ 72.349637423328502, 29.837979119041201, 0.0 ], [ 72.349549991239101, 29.837869079794199, 0.0 ], [ 72.349277651342604, 29.837700606197998, 0.0 ], [ 72.349127835081603, 29.837517888240001, 0.0 ], [ 72.348991127338707, 29.8374335830935, 0.0 ], [ 72.348811238647798, 29.8372141952789, 0.0 ], [ 72.348691284375306, 29.837067902561699, 0.0 ], [ 72.348558250362998, 29.836823199730901, 0.0 ], [ 72.348468272293005, 29.836713461756901, 0.0 ], [ 72.348318288758094, 29.836530536055399, 0.0 ], [ 72.348197855147006, 29.836384214559899, 0.0 ], [ 72.348051940144998, 29.836200645843199, 0.0 ], [ 72.347961963873601, 29.836090840419999, 0.0 ], [ 72.347785971045795, 29.835870679188499, 0.0 ], [ 72.347641396033694, 29.835686963882299, 0.0 ], [ 72.347477124070096, 29.835565062577601, 0.0 ], [ 72.347263752720096, 29.835468255955298, 0.0 ], [ 72.346973081942195, 29.835359569288801, 0.0 ], [ 72.346759661129497, 29.8352624847759, 0.0 ], [ 72.346553552704293, 29.8352641925885, 0.0 ], [ 72.346288846253302, 29.835192182073602, 0.0 ], [ 72.345917178035407, 29.835071234050201, 0.0 ], [ 72.345653075029404, 29.834998775673, 0.0 ], [ 72.345437611856397, 29.834901169553401, 0.0 ], [ 72.345232313720402, 29.834902326081501, 0.0 ], [ 72.344932781023104, 29.834953252890401, 0.0 ], [ 72.344734806066498, 29.835053750330399, 0.0 ], [ 72.344530849719007, 29.8351550067982, 0.0 ], [ 72.344363060506893, 29.835292924129199, 0.0 ], [ 72.344148289811798, 29.8354561600738, 0.0 ], [ 72.343963747129294, 29.8356568887544, 0.0 ], [ 72.343847105959199, 29.835871129748899, 0.0 ], [ 72.343750916271802, 29.836022975779802, 0.0 ], [ 72.343596866901905, 29.836262185551401, 0.0 ], [ 72.343487610065196, 29.836375165581501, 0.0 ], [ 72.343305393029496, 29.836577511243199, 0.0 ], [ 72.343159369209602, 29.836756246103899, 0.0 ], [ 72.343026905367395, 29.836933542049401, 0.0 ], [ 72.343004892661696, 29.8371600039311, 0.0 ], [ 72.343127312875296, 29.8373095521941, 0.0 ] ] ] ] } },
{ "type": "Feature", "properties": { "Name": "S10", "district": "Bahawalpur", "province": "Punjab", "area_km2": 3.4847203270299998, "volume_MAF": 0.01722186291, "River": "Sutlej", "Shape_Leng": 0.07749734185, "Shape_Area": 0.00032526241 }, "geometry": { "type": "MultiPolygon", "coordinates": [ [ [ [ 72.466558895876403, 29.8178226104252, 0.0 ], [ 72.466547972710799, 29.817876290058798, 0.0 ], [ 72.4663839939262, 29.8182104232725, 0.0 ], [ 72.466220070000304, 29.8185444413729, 0.0 ], [ 72.466140004257895, 29.818780858749701, 0.0 ], [ 72.465960602999502, 29.8190292407069, 0.0 ], [ 72.465864852181298, 29.819179853767299, 0.0 ], [ 72.4657349370178, 29.819491413098302, 0.0 ], [ 72.465628296308907, 29.819695773241399, 0.0 ], [ 72.465475559049906, 29.819976244807901, 0.0 ], [ 72.465380460240098, 29.820127380374299, 0.0 ], [ 72.465248921800395, 29.820300514257401, 0.0 ], [ 72.465121668630204, 29.820612380257199, 0.0 ], [ 72.465052705018394, 29.820795027168799, 0.0 ], [ 72.464863571296902, 29.821097102249499, 0.0 ], [ 72.4647943226, 29.821279695201799, 0.0 ], [ 72.464690933839606, 29.8214837360856, 0.0 ], [ 72.4645504993061, 29.821709751903601, 0.0 ], [ 72.464444716550503, 29.8219141507175, 0.0 ], [ 72.464349875846196, 29.822065075842598, 0.0 ], [ 72.464256247427997, 29.822215666419901, 0.0 ], [ 72.464099063021393, 29.822357191830999, 0.0 ], [ 72.463838270419899, 29.822842038829101, 0.0 ], [ 72.463732529033095, 29.823046467320601, 0.0 ], [ 72.463581415050299, 29.823325339892602, 0.0 ], [ 72.463570416341696, 29.823378826172, 0.0 ], [ 72.463415122310096, 29.823659699735401, 0.0 ], [ 72.463282033439199, 29.823833608834001, 0.0 ], [ 72.463079533993394, 29.824049566634201, 0.0 ], [ 72.4629000284136, 29.824298518761701, 0.0 ], [ 72.462766338795603, 29.8244728802193, 0.0 ], [ 72.462567763991203, 29.824826940610901, 0.0 ], [ 72.462449578685195, 29.824945289593501, 0.0 ], [ 72.462247703368902, 29.825160653841198, 0.0 ], [ 72.462128055765206, 29.825279746563101, 0.0 ], [ 72.461925745176998, 29.8254954651437, 0.0 ], [ 72.461769905257, 29.8256362989761, 0.0 ], [ 72.461449974137096, 29.8259695904243, 0.0 ], [ 72.461364313712195, 29.8260682793277, 0.0 ], [ 72.461070613118395, 29.8262457884125, 0.0 ], [ 72.460924755673005, 29.8263338824028, 0.0 ], [ 72.460694624557306, 29.826519676941601, 0.0 ], [ 72.460548639408202, 29.8266078572669, 0.0 ], [ 72.460402633574702, 29.826696046585301, 0.0 ], [ 72.460173910797394, 29.826880921117699, 0.0 ], [ 72.459873449999705, 29.827109028758699, 0.0 ], [ 72.459743103161699, 29.827281282205401, 0.0 ], [ 72.459575260889594, 29.827476271412799, 0.0 ], [ 72.459419129589193, 29.827758183693302, 0.0 ], [ 72.459335371230495, 29.827855486741399, 0.0 ], [ 72.459212579596894, 29.8279766937695, 0.0 ], [ 72.459116645316996, 29.8281284363783, 0.0 ], [ 72.458950275235097, 29.828463340311, 0.0 ], [ 72.458892198816002, 29.8285920287992, 0.0 ], [ 72.458799695449599, 29.828741187655702, 0.0 ], [ 72.458686309825396, 29.828996347803201, 0.0 ], [ 72.458639706057596, 29.829212205778699, 0.0 ], [ 72.458482056701598, 29.829495582155499, 0.0 ], [ 72.458376146242202, 29.829700052015799, 0.0 ], [ 72.458317745167804, 29.829828977925001, 0.0 ], [ 72.458186113198593, 29.830002219726701, 0.0 ], [ 72.458054471336794, 29.830175472320299, 0.0 ], [ 72.457985148895503, 29.830357776590201, 0.0 ], [ 72.457890717382796, 29.830508485877999, 0.0 ], [ 72.457803507425993, 29.8307940583991, 0.0 ], [ 72.457721152909002, 29.831031686263401, 0.0 ], [ 72.457602356063902, 29.8312911721499, 0.0 ], [ 72.457582106029406, 29.831538013568501, 0.0 ], [ 72.4575252859632, 29.831807062845701, 0.0 ], [ 72.457490498387898, 29.831969049632001, 0.0 ], [ 72.457480969171499, 29.8321629470624, 0.0 ], [ 72.457433588389407, 29.8323801252427, 0.0 ], [ 72.457447804872302, 29.8326072193477, 0.0 ], [ 72.457464787669906, 29.8328315741179, 0.0 ], [ 72.457482632917205, 29.833055135685999, 0.0 ], [ 72.457502525021596, 29.833276489418498, 0.0 ], [ 72.457548527142905, 29.833528435388999, 0.0 ], [ 72.457587723194905, 29.833645608058401, 0.0 ], [ 72.457690502215002, 29.833912534036202, 0.0 ], [ 72.4577842961085, 29.834088384771199, 0.0 ], [ 72.457876645690703, 29.834265784138701, 0.0 ], [ 72.4580463099892, 29.834536104157898, 0.0 ], [ 72.458200952911696, 29.8347220299977, 0.0 ], [ 72.458371219756003, 29.8349910397048, 0.0 ], [ 72.458499633951007, 29.835146230314301, 0.0 ], [ 72.458597823730699, 29.8352763721069, 0.0 ], [ 72.458769057346203, 29.835505289137799, 0.0 ], [ 72.459032677416204, 29.835768243709499, 0.0 ], [ 72.459110523631793, 29.835860170610399, 0.0 ], [ 72.459276117598804, 29.835992069678301, 0.0 ], [ 72.459415275994303, 29.836093998839001, 0.0 ], [ 72.459623361129303, 29.8363012790808, 0.0 ], [ 72.459775414004199, 29.836490403809101, 0.0 ], [ 72.460014834217304, 29.836720078069199, 0.0 ], [ 72.460255396569394, 29.836947682989202, 0.0 ], [ 72.460454740294097, 29.837061343805999, 0.0 ], [ 72.460692678424394, 29.837293617106798, 0.0 ], [ 72.460880500035103, 29.8374618460874, 0.0 ], [ 72.461180207200897, 29.837703752026599, 0.0 ], [ 72.461394530033601, 29.8379012431479, 0.0 ], [ 72.461609546243594, 29.838097095704398, 0.0 ], [ 72.461861280873407, 29.838269960690202, 0.0 ], [ 72.462025257859395, 29.8384032078418, 0.0 ], [ 72.462162997124693, 29.838507042665899, 0.0 ], [ 72.462325623328894, 29.8386434122637, 0.0 ], [ 72.4624871694473, 29.838782490619501, 0.0 ], [ 72.462856583064905, 29.8389891233494, 0.0 ], [ 72.463170141588805, 29.8391705148074, 0.0 ], [ 72.463319989326095, 29.839217884797598, 0.0 ], [ 72.463554268115004, 29.839314070887699, 0.0 ], [ 72.463763272357198, 29.8393788733364, 0.0 ], [ 72.464034508785602, 29.839451894689301, 0.0 ], [ 72.464281155051296, 29.839491106929099, 0.0 ], [ 72.464543725612501, 29.839609362382198, 0.0 ], [ 72.464667897705397, 29.8396256895739, 0.0 ], [ 72.464781248256003, 29.839694446341699, 0.0 ], [ 72.464967369248797, 29.839718908800599, 0.0 ], [ 72.465204602310607, 29.839803903727201, 0.0 ], [ 72.465540053930397, 29.8398746264129, 0.0 ], [ 72.465775787822395, 29.8399648266155, 0.0 ], [ 72.4660099973635, 29.840063233131701, 0.0 ], [ 72.466305525379795, 29.840173760710499, 0.0 ], [ 72.466514766143604, 29.840240745813801, 0.0 ], [ 72.466673923662697, 29.840241828597598, 0.0 ], [ 72.466772266327098, 29.840227651684799, 0.0 ], [ 72.466968993024594, 29.8401988526949, 0.0 ], [ 72.467263143279496, 29.840161661231701, 0.0 ], [ 72.467655693755304, 29.8401088890141, 0.0 ], [ 72.4679753442867, 29.840100653022802, 0.0 ], [ 72.468109815415701, 29.840065206244301, 0.0 ], [ 72.468342338727993, 29.840016577203301, 0.0 ], [ 72.468636381963506, 29.839978038555699, 0.0 ], [ 72.469039377165601, 29.839877879260801, 0.0 ], [ 72.469235327748194, 29.839855862957702, 0.0 ], [ 72.469467691880496, 29.839812527326298, 0.0 ], [ 72.469787137366595, 29.839808882374101, 0.0 ], [ 72.470081298413206, 29.839772656782699, 0.0 ], [ 72.470535043257698, 29.839728580109899, 0.0 ], [ 72.470828928212498, 29.8396885683728, 0.0 ], [ 72.471333542309196, 29.839715139741902, 0.0 ], [ 72.471543956688294, 29.8397761290652, 0.0 ], [ 72.471888753163498, 29.839802436932999, 0.0 ], [ 72.472001148634106, 29.839875963704799, 0.0 ], [ 72.472298763976795, 29.839979627657701, 0.0 ], [ 72.472534835114601, 29.840073549254999, 0.0 ], [ 72.472795999136096, 29.840197819373898, 0.0 ], [ 72.473381014422301, 29.840460746066601, 0.0 ], [ 72.473656098150499, 29.840667775397499, 0.0 ], [ 72.473916627250603, 29.8407886991392, 0.0 ], [ 72.474003454096206, 29.840828999558699, 0.0 ], [ 72.474188527378701, 29.840857743690002, 0.0 ], [ 72.474388283892296, 29.840972606900301, 0.0 ], [ 72.474598916806599, 29.8410337410144, 0.0 ], [ 72.474958467559304, 29.841146235410498, 0.0 ], [ 72.475081993039595, 29.841165803758901, 0.0 ], [ 72.475364259652906, 29.8411786559702, 0.0 ], [ 72.475745032607193, 29.841180951040101, 0.0 ], [ 72.475976687174395, 29.841131378610299, 0.0 ], [ 72.476270881496006, 29.841094286971799, 0.0 ], [ 72.476612598692597, 29.840982003916402, 0.0 ], [ 72.476865719177695, 29.840824134226501, 0.0 ], [ 72.4770840439935, 29.840692832308399, 0.0 ], [ 72.477193394359702, 29.840627641352601, 0.0 ], [ 72.477448573393005, 29.840475511135999, 0.0 ], [ 72.477521488625896, 29.840432040606199, 0.0 ], [ 72.477838548210499, 29.840289801133501, 0.0 ], [ 72.478020840789199, 29.840181025433999, 0.0 ], [ 72.478239197081294, 29.840049493289499, 0.0 ], [ 72.478529465862195, 29.8398721676664, 0.0 ], [ 72.478710857320294, 29.839761353203901, 0.0 ], [ 72.478892230791899, 29.839650550432602, 0.0 ], [ 72.478975751729607, 29.839552574691599, 0.0 ], [ 72.479034088952105, 29.839423327724401, 0.0 ], [ 72.479128736302201, 29.839272016790201, 0.0 ], [ 72.479172830961403, 29.839057792882901, 0.0 ], [ 72.479205748846297, 29.8388969482356, 0.0 ], [ 72.479239521986401, 29.8387376009596, 0.0 ], [ 72.479248094324106, 29.838546963571599, 0.0 ], [ 72.4793300000795, 29.838313505863699, 0.0 ], [ 72.479337100226999, 29.838119988846501, 0.0 ], [ 72.479393073131902, 29.8378540674113, 0.0 ], [ 72.479410966043304, 29.837606186376401, 0.0 ], [ 72.479401688637097, 29.837324159882101, 0.0 ], [ 72.479394314196298, 29.837045462677999, 0.0 ], [ 72.479366454098596, 29.836876614064501, 0.0 ], [ 72.479316252143406, 29.836814257771799, 0.0 ], [ 72.479190732866101, 29.836658348604001, 0.0 ], [ 72.479040073940297, 29.836471216773301, 0.0 ], [ 72.478889193781299, 29.836283737804301, 0.0 ], [ 72.478712306128102, 29.8360635172176, 0.0 ], [ 72.478510517146702, 29.835812478663001, 0.0 ], [ 72.478382601176193, 29.835652427217799, 0.0 ], [ 72.478305338620501, 29.835555480301299, 0.0 ], [ 72.478187498654194, 29.8353401862007, 0.0 ], [ 72.478085537117906, 29.835212738776899, 0.0 ], [ 72.477994443888505, 29.835031504700201, 0.0 ], [ 72.477867132262404, 29.8348724524018, 0.0 ], [ 72.477765152739707, 29.834745247794999, 0.0 ], [ 72.477675474143894, 29.834566264721399, 0.0 ], [ 72.477585814433795, 29.834387572128801, 0.0 ], [ 72.477445698260397, 29.834146086173, 0.0 ], [ 72.477319580933994, 29.833989148180699, 0.0 ], [ 72.477291540971905, 29.833819966818101, 0.0 ], [ 72.477114307079702, 29.833599647305899, 0.0 ], [ 72.476922383661105, 29.833292378640401, 0.0 ], [ 72.476858586654501, 29.833146193841799, 0.0 ], [ 72.476794550428195, 29.832999652012401, 0.0 ], [ 72.476693131183097, 29.8328732801778, 0.0 ], [ 72.476601816720503, 29.832691371609499, 0.0 ], [ 72.476547904162501, 29.8324896311915, 0.0 ], [ 72.476367371557004, 29.832130030976199, 0.0 ], [ 72.4762784277073, 29.831952685568002, 0.0 ], [ 72.476225417169303, 29.831752536950098, 0.0 ], [ 72.476135575796306, 29.8315734918232, 0.0 ], [ 72.476006354010096, 29.831278183241601, 0.0 ], [ 72.475978089217506, 29.831108520741701, 0.0 ], [ 72.475886969008499, 29.830927260584598, 0.0 ], [ 72.475820503713393, 29.830776515324001, 0.0 ], [ 72.475751312573095, 29.830487915684799, 0.0 ], [ 72.475627510101603, 29.8303340551726, 0.0 ], [ 72.475587975005098, 29.8302180678097, 0.0 ], [ 72.475496551724504, 29.830036661962399, 0.0 ], [ 72.475395264679804, 29.829910279336001, 0.0 ], [ 72.475269194118098, 29.8297536812874, 0.0 ], [ 72.475094392891904, 29.829536819668501, 0.0 ], [ 72.474969548106202, 29.829382052639701, 0.0 ], [ 72.474843652912298, 29.829225638952199, 0.0 ], [ 72.474640733483099, 29.8289722828446, 0.0 ], [ 72.474487246189497, 29.8287803882044, 0.0 ], [ 72.474257718518999, 29.828493494579199, 0.0 ], [ 72.474017804578097, 29.8282613543781, 0.0 ], [ 72.473891009162799, 29.828103108771501, 0.0 ], [ 72.473789614199404, 29.827976654199301, 0.0 ], [ 72.473537252742105, 29.827662502122799, 0.0 ], [ 72.473385620749895, 29.827473656184299, 0.0 ], [ 72.473295261367298, 29.8272937099368, 0.0 ], [ 72.473291975244507, 29.827155059658299, 0.0 ], [ 72.473346281705602, 29.826885863791599, 0.0 ], [ 72.473510765009806, 29.8265528853075, 0.0 ], [ 72.473725434980906, 29.826282288297001, 0.0 ], [ 72.473856420337597, 29.826109229957101, 0.0 ], [ 72.474013360128495, 29.825968594874801, 0.0 ], [ 72.474086424648803, 29.825925163015899, 0.0 ], [ 72.474342756612998, 29.825773552607401, 0.0 ], [ 72.474562998783398, 29.8256439171331, 0.0 ], [ 72.474672814099193, 29.825578672218001, 0.0 ], [ 72.474925807779897, 29.825423146161299, 0.0 ], [ 72.475034078060304, 29.825356431753999, 0.0 ], [ 72.475372899439805, 29.825241404867, 0.0 ], [ 72.475592709036306, 29.8252469707712, 0.0 ], [ 72.4758492703276, 29.825231044677, 0.0 ], [ 72.476070386639094, 29.825237738331001, 0.0 ], [ 72.476230280703007, 29.825235191451, 0.0 ], [ 72.476488957199606, 29.825220762728101, 0.0 ], [ 72.476697096294004, 29.825143162027398, 0.0 ], [ 72.476879139760598, 29.825033692051299, 0.0 ], [ 72.476987457705107, 29.8249672852121, 0.0 ], [ 72.477095867380498, 29.8249010069759, 0.0 ], [ 72.477263703357295, 29.824706479120799, 0.0 ], [ 72.4772718593089, 29.8245146932985, 0.0 ], [ 72.477243464114594, 29.8243447978742, 0.0 ], [ 72.477215758700396, 29.824175142568802, 0.0 ], [ 72.477187387787794, 29.824005188688499, 0.0 ], [ 72.477120755218706, 29.823856269951001, 0.0 ], [ 72.477029465937207, 29.823676141141, 0.0 ], [ 72.476941074271195, 29.823497244402301, 0.0 ], [ 72.476841619145503, 29.823371824050501, 0.0 ], [ 72.476643593826907, 29.8232585553381, 0.0 ], [ 72.476406619769804, 29.823166165286398, 0.0 ], [ 72.475895868699396, 29.823003121796699, 0.0 ], [ 72.475684306785396, 29.8229422808616, 0.0 ], [ 72.475361082348101, 29.822809037307302, 0.0 ], [ 72.475151411708296, 29.822748960795899, 0.0 ], [ 72.475003306857204, 29.822698470158301, 0.0 ], [ 72.474793837665501, 29.822638518652798, 0.0 ], [ 72.474498335729706, 29.822537894408399, 0.0 ], [ 72.474263607279696, 29.822446453141399, 0.0 ], [ 72.474077500676202, 29.822280069569601, 0.0 ], [ 72.473903009716196, 29.822197394893902, 0.0 ], [ 72.473689803841395, 29.821998759835001, 0.0 ], [ 72.473613653747194, 29.821904029747198, 0.0 ], [ 72.473424883351797, 29.821736524720901, 0.0 ], [ 72.473324224033803, 29.821610559379799, 0.0 ], [ 72.473173289016103, 29.821421531778299, 0.0 ], [ 72.473098039143196, 29.821326976159099, 0.0 ], [ 72.472949127600202, 29.821138293897199, 0.0 ], [ 72.472823127185606, 29.8209804556835, 0.0 ], [ 72.472669025655094, 29.820790546746402, 0.0 ], [ 72.472452425738894, 29.820591302846399, 0.0 ], [ 72.472162493304495, 29.8202976930841, 0.0 ], [ 72.472035685298707, 29.820139987070799, 0.0 ], [ 72.471847437409295, 29.819972697881798, 0.0 ], [ 72.471721817407996, 29.819814686998299, 0.0 ], [ 72.471610162079401, 29.819741686329799, 0.0 ], [ 72.471485872175293, 29.819582918217201, 0.0 ], [ 72.471285094031899, 29.819328383098501, 0.0 ], [ 72.471033042840702, 29.819152137561201, 0.0 ], [ 72.471007463423703, 29.819120718846101, 0.0 ], [ 72.470742196695099, 29.8188589064134, 0.0 ], [ 72.4705540171542, 29.818690513756302, 0.0 ], [ 72.470401525410097, 29.8185016129591, 0.0 ], [ 72.470299784207697, 29.818376271747599, 0.0 ], [ 72.470096702900506, 29.818125456224902, 0.0 ], [ 72.470020767744302, 29.818030524689, 0.0 ], [ 72.469952725937603, 29.817742729943099, 0.0 ], [ 72.469876749412506, 29.8176476320326, 0.0 ], [ 72.469735802265504, 29.817403550633401, 0.0 ], [ 72.4696345026302, 29.8172773478714, 0.0 ], [ 72.469482327447494, 29.817088619744101, 0.0 ], [ 72.469286301321802, 29.8171139608407, 0.0 ], [ 72.469151617952903, 29.817148401277699, 0.0 ], [ 72.468759336374305, 29.817198560964901, 0.0 ], [ 72.468490600960493, 29.817267576737301, 0.0 ], [ 72.4681963670687, 29.817304710643999, 0.0 ], [ 72.468025335800704, 29.817360725816901, 0.0 ], [ 72.467756062592301, 29.817428989756099, 0.0 ], [ 72.467621390015196, 29.817463175685099, 0.0 ], [ 72.467363236923902, 29.817478115222901, 0.0 ], [ 72.467156506167896, 29.817557061309401, 0.0 ], [ 72.466985378672305, 29.817613134938298, 0.0 ], [ 72.4667776451723, 29.817691020724101, 0.0 ], [ 72.466631817404505, 29.817778745992399, 0.0 ], [ 72.466558895876403, 29.8178226104252, 0.0 ] ] ] ] } },
{ "type": "Feature", "properties": { "Name": "T4", "district": "Lasbela", "province": "Balochistan", "area_km2": 3.4982063755600001, "volume_MAF": 0.01728851242, "River": "Torrent", "Shape_Leng": 0.07959411124, "Shape_Area": 0.00031583389 }, "geometry": { "type": "MultiPolygon", "coordinates": [ [ [ [ 66.284266096203496, 26.172522199539898, 0.0 ], [ 66.284472359312005, 26.172436923125499, 0.0 ], [ 66.2845145204288, 26.172615605825602, 0.0 ], [ 66.284556745397495, 26.172794550228399, 0.0 ], [ 66.284630551858498, 26.172974810339301, 0.0 ], [ 66.284703213482501, 26.173155964376299, 0.0 ], [ 66.284778967875098, 26.1733080181506, 0.0 ], [ 66.284878825897195, 26.173521082831801, 0.0 ], [ 66.284994681959105, 26.1736146114253, 0.0 ], [ 66.285134741475204, 26.173769158120201, 0.0 ], [ 66.285222796794699, 26.173831955980098, 0.0 ], [ 66.285278922584297, 26.1738938787995, 0.0 ], [ 66.285463062370496, 26.1739595005306, 0.0 ], [ 66.285583312519904, 26.174023334409402, 0.0 ], [ 66.285798964550594, 26.1741183369917, 0.0 ], [ 66.285992220764498, 26.174179132061301, 0.0 ], [ 66.286155887484298, 26.174237580799701, 0.0 ], [ 66.286490967684102, 26.174238075426899, 0.0 ], [ 66.286782607931102, 26.1742442061053, 0.0 ], [ 66.2870418069339, 26.174249655996899, 0.0 ], [ 66.287236182803696, 26.174253742516299, 0.0 ], [ 66.287300969963795, 26.174255104989101, 0.0 ], [ 66.287533811636095, 26.174200354263, 0.0 ], [ 66.287667074076197, 26.174145024373399, 0.0 ], [ 66.287868438577604, 26.174061107734001, 0.0 ], [ 66.288004798282898, 26.174003840704799, 0.0 ], [ 66.288213128033505, 26.173887720242099, 0.0 ], [ 66.288450128170993, 26.173774527072801, 0.0 ], [ 66.288618358950103, 26.173690338838099, 0.0 ], [ 66.288822664234601, 26.1736044634753, 0.0 ], [ 66.289001724649907, 26.173485692710599, 0.0 ], [ 66.289137892799502, 26.173428420285401, 0.0 ], [ 66.289351230874701, 26.1733090316865, 0.0 ], [ 66.289497366210497, 26.173217742404901, 0.0 ], [ 66.289563525736199, 26.1732179870205, 0.0 ], [ 66.289737338607296, 26.1731578502547, 0.0 ], [ 66.289999013443804, 26.173160496060099, 0.0 ], [ 66.290121652192596, 26.173222426973499, 0.0 ], [ 66.290334320272706, 26.1733460783589, 0.0 ], [ 66.290421795529497, 26.173437192272701, 0.0 ], [ 66.290573432018306, 26.173529932160701, 0.0 ], [ 66.290690045309404, 26.173651771412199, 0.0 ], [ 66.290777368580706, 26.173743379953098, 0.0 ], [ 66.290890630098502, 26.173895674745701, 0.0 ], [ 66.291007300946305, 26.174018085965901, 0.0 ], [ 66.291153309477707, 26.174171275583902, 0.0 ], [ 66.291208531448603, 26.1742627492266, 0.0 ], [ 66.291358031148306, 26.174386069661399, 0.0 ], [ 66.291410035344896, 26.174508034818, 0.0 ], [ 66.291529133462802, 26.174601892563299, 0.0 ], [ 66.291638854349699, 26.174731211476299, 0.0 ], [ 66.2917190181183, 26.174857968220699, 0.0 ], [ 66.2918070860283, 26.1749507377864, 0.0 ], [ 66.291833989247294, 26.175011476198701, 0.0 ], [ 66.291977715299396, 26.175196836364901, 0.0 ], [ 66.292057300803805, 26.175352946981, 0.0 ], [ 66.292140633783305, 26.175478359238902, 0.0 ], [ 66.292223453249804, 26.175632282703798, 0.0 ], [ 66.292342199732801, 26.175756278529501, 0.0 ], [ 66.292396448637206, 26.175878642985001, 0.0 ], [ 66.292480492980403, 26.176032202224398, 0.0 ], [ 66.292532293930293, 26.1761850680865, 0.0 ], [ 66.292586724497795, 26.176307842632902, 0.0 ], [ 66.292641205427302, 26.1764307331918, 0.0 ], [ 66.292663346736106, 26.176552860226401, 0.0 ], [ 66.292688066401197, 26.1766447502551, 0.0 ], [ 66.292740113765305, 26.176798342769398, 0.0 ], [ 66.2927615014422, 26.176921664103599, 0.0 ], [ 66.292744022218898, 26.177078676739601, 0.0 ], [ 66.292763211952703, 26.177204646577302, 0.0 ], [ 66.292782432263493, 26.177330788185401, 0.0 ], [ 66.292801675956596, 26.177457103362698, 0.0 ], [ 66.292824123034904, 26.177552328976802, 0.0 ], [ 66.292805048414294, 26.177740057057999, 0.0 ], [ 66.292833888773004, 26.177772892205301, 0.0 ], [ 66.2928468587955, 26.177962574513199, 0.0 ], [ 66.292830948889204, 26.178119658195701, 0.0 ], [ 66.292850306796296, 26.1782470444656, 0.0 ], [ 66.292837565201495, 26.178373061068001, 0.0 ], [ 66.292824803821702, 26.178499239548302, 0.0 ], [ 66.2928346190225, 26.178722004317098, 0.0 ], [ 66.2928154373826, 26.178912013079, 0.0 ], [ 66.292799422255598, 26.1790706355015, 0.0 ], [ 66.292812444438795, 26.1792629087563, 0.0 ], [ 66.292831904868606, 26.1793918409608, 0.0 ], [ 66.292851393177301, 26.179520951231002, 0.0 ], [ 66.292900055493206, 26.1796838022657, 0.0 ], [ 66.292916423154495, 26.1798453214045, 0.0 ], [ 66.292958835182205, 26.180072896646902, 0.0 ], [ 66.293008874360098, 26.180235285430101, 0.0 ], [ 66.293095106753796, 26.1803949069994, 0.0 ], [ 66.293220153887006, 26.180520167271901, 0.0 ], [ 66.293316458687698, 26.180582825736799, 0.0 ], [ 66.293481709113607, 26.1806155241871, 0.0 ], [ 66.293611494774694, 26.1806785837497, 0.0 ], [ 66.293778735400394, 26.180680528083901, 0.0 ], [ 66.294041534389393, 26.180718246549901, 0.0 ], [ 66.294208060953295, 26.180721131575002, 0.0 ], [ 66.294342186742597, 26.1807221181313, 0.0 ], [ 66.294606482203406, 26.1807297677646, 0.0 ], [ 66.294834268786502, 26.180713795805101, 0.0 ], [ 66.294989071788294, 26.180734487406699, 0.0 ], [ 66.295220503323605, 26.180741472441099, 0.0 ], [ 66.295457618574304, 26.180711663512501, 0.0 ], [ 66.295625298968403, 26.180684974332198, 0.0 ], [ 66.295831943389501, 26.180621848219701, 0.0 ], [ 66.296001983604697, 26.180591097701001, 0.0 ], [ 66.296137293801095, 26.180562032511801, 0.0 ], [ 66.296404326798296, 26.180482058500299, 0.0 ], [ 66.296538769148896, 26.180426648571, 0.0 ], [ 66.296710925468901, 26.180336438475901, 0.0 ], [ 66.296816267556807, 26.1802731450896, 0.0 ], [ 66.297029562464402, 26.180114029838599, 0.0 ], [ 66.297136884859398, 26.180046913434399, 0.0 ], [ 66.297349355988004, 26.1798885742983, 0.0 ], [ 66.297526569195895, 26.1797330770199, 0.0 ], [ 66.297663317408293, 26.179672641679101, 0.0 ], [ 66.297837709442803, 26.179549340129999, 0.0 ], [ 66.297941292456798, 26.179488171841701, 0.0 ], [ 66.298145936785602, 26.179397755801901, 0.0 ], [ 66.298282258719297, 26.179337526405799, 0.0 ], [ 66.298557237226802, 26.179184799039302, 0.0 ], [ 66.298728603042704, 26.179093404536999, 0.0 ], [ 66.298864718132293, 26.179032982686099, 0.0 ], [ 66.299072420156094, 26.1788804549691, 0.0 ], [ 66.299278208422706, 26.1787586444959, 0.0 ], [ 66.299447330429999, 26.178697971734, 0.0 ], [ 66.299617294202804, 26.1786081825217, 0.0 ], [ 66.299753443466699, 26.1785466059412, 0.0 ], [ 66.299923781357506, 26.178482481581302, 0.0 ], [ 66.300164745706496, 26.1783540925674, 0.0 ], [ 66.3005722150357, 26.178194665251599, 0.0 ], [ 66.300903046838201, 26.178112808959, 0.0 ], [ 66.301231178875895, 26.178037782118, 0.0 ], [ 66.301760256330795, 26.177954221610101, 0.0 ], [ 66.301958653069406, 26.1779257274904, 0.0 ], [ 66.302155246667397, 26.177928583737199, 0.0 ], [ 66.302450048930694, 26.177932863610799, 0.0 ], [ 66.302711159892198, 26.1779395761505, 0.0 ], [ 66.303201347963906, 26.177949970514799, 0.0 ], [ 66.303691522545805, 26.177960027633201, 0.0 ], [ 66.304115961182703, 26.177970189073001, 0.0 ], [ 66.304311258857595, 26.177978086019898, 0.0 ], [ 66.304606238287306, 26.1779550292013, 0.0 ], [ 66.304770180199696, 26.1779313878233, 0.0 ], [ 66.305035071011801, 26.1778437929567, 0.0 ], [ 66.305103888034097, 26.177752302226999, 0.0 ], [ 66.305171523347198, 26.177691365064501, 0.0 ], [ 66.305312262750803, 26.1774380242455, 0.0 ], [ 66.305415271097999, 26.177310330407501, 0.0 ], [ 66.3054872393447, 26.177125148306999, 0.0 ], [ 66.305557459309298, 26.176975427374099, 0.0 ], [ 66.305627424765902, 26.176827321623598, 0.0 ], [ 66.305766994151497, 26.176554077009101, 0.0 ], [ 66.305800323925794, 26.176525693506001, 0.0 ], [ 66.305839323925696, 26.176340808181799, 0.0 ], [ 66.305876177243803, 26.1762169094828, 0.0 ], [ 66.305912978401295, 26.176093193346201, 0.0 ], [ 66.306052558578799, 26.175792485235, 0.0 ], [ 66.306125138364493, 26.1755528815603, 0.0 ], [ 66.306162360404599, 26.175403230774499, 0.0 ], [ 66.306230796114406, 26.175284343997301, 0.0 ], [ 66.306266917384406, 26.175165300738101, 0.0 ], [ 66.306370612813595, 26.174953303552201, 0.0 ], [ 66.306441310318306, 26.174765757134001, 0.0 ], [ 66.3065123810416, 26.174554924570099, 0.0 ], [ 66.306581173782206, 26.174408453787201, 0.0 ], [ 66.306616906545102, 26.174291259534101, 0.0 ], [ 66.306654427160097, 26.174115399805899, 0.0 ], [ 66.306692971203702, 26.173907034082401, 0.0 ], [ 66.306731443301501, 26.173699060463299, 0.0 ], [ 66.306802721768193, 26.173461908340499, 0.0 ], [ 66.306810880417899, 26.173195622679899, 0.0 ], [ 66.306848213974007, 26.173018515591998, 0.0 ], [ 66.306890876013199, 26.172663896721499, 0.0 ], [ 66.306930660221795, 26.1724008333318, 0.0 ], [ 66.3069368295711, 26.172196548731801, 0.0 ], [ 66.306947382215995, 26.1718471045603, 0.0 ], [ 66.306952704403798, 26.1716714255959, 0.0 ], [ 66.306958947497506, 26.171465028488299, 0.0 ], [ 66.306964268786004, 26.171288960117501, 0.0 ], [ 66.306970374283395, 26.171086734964899, 0.0 ], [ 66.307007186232696, 26.170914306150301, 0.0 ], [ 66.307011517367698, 26.1707702473491, 0.0 ], [ 66.307015844006102, 26.170626347727801, 0.0 ], [ 66.307023623141703, 26.1703677305863, 0.0 ], [ 66.307028798740106, 26.170195602145402, 0.0 ], [ 66.307032245841498, 26.170080977255299, 0.0 ], [ 66.307035691144307, 26.169966453089401, 0.0 ], [ 66.307041816426803, 26.169762392420498, 0.0 ], [ 66.307046234796005, 26.1696155034527, 0.0 ], [ 66.307052337595294, 26.169413330460898, 0.0 ], [ 66.307054956421197, 26.1693262832814, 0.0 ], [ 66.307061053824597, 26.169123559005101, 0.0 ], [ 66.307065397550105, 26.168979082918401, 0.0 ], [ 66.307069734080997, 26.1688348784269, 0.0 ], [ 66.307075790115704, 26.1686334419798, 0.0 ], [ 66.307050672050906, 26.168431924593701, 0.0 ], [ 66.307053198246507, 26.168347972880699, 0.0 ], [ 66.306994271068803, 26.168235241962901, 0.0 ], [ 66.306937053502295, 26.168067092122701, 0.0 ], [ 66.306880142604498, 26.167896387308499, 0.0 ], [ 66.306821394391903, 26.167782071785201, 0.0 ], [ 66.306731738279197, 26.167666937878899, 0.0 ], [ 66.306672324568197, 26.167580891644899, 0.0 ], [ 66.306582842024596, 26.1674659870657, 0.0 ], [ 66.306493462903106, 26.167351215586201, 0.0 ], [ 66.306376095080793, 26.167151289100801, 0.0 ], [ 66.306227733922796, 26.166952117146501, 0.0 ], [ 66.306110166451006, 26.166756028967601, 0.0 ], [ 66.306022420498394, 26.166589377397901, 0.0 ], [ 66.305932521568593, 26.166503701684501, 0.0 ], [ 66.305875643945896, 26.166363089085301, 0.0 ], [ 66.305787880906095, 26.166222027724501, 0.0 ], [ 66.305699410099706, 26.166108526986999, 0.0 ], [ 66.305582733856099, 26.165937517302599, 0.0 ], [ 66.305436558950106, 26.1657133585847, 0.0 ], [ 66.305321234387506, 26.165490583024098, 0.0 ], [ 66.305204318924197, 26.165322472753999, 0.0 ], [ 66.305062002109807, 26.165042838456301, 0.0 ], [ 66.304978330085902, 26.164847529989601, 0.0 ], [ 66.304958501833397, 26.164599418728201, 0.0 ], [ 66.304938227517297, 26.164352347982501, 0.0 ], [ 66.3049503755594, 26.1640791879042, 0.0 ], [ 66.304959656563, 26.163861357715501, 0.0 ], [ 66.304969918726798, 26.163617188182702, 0.0 ], [ 66.304974231875306, 26.1635090258209, 0.0 ], [ 66.304980158407702, 26.1633472251943, 0.0 ], [ 66.305045899748507, 26.163214057183001, 0.0 ], [ 66.305080225072402, 26.163107125993101, 0.0 ], [ 66.305209236417198, 26.1629215823652, 0.0 ], [ 66.305272358932299, 26.1628691653797, 0.0 ], [ 66.305340212780706, 26.162709073464999, 0.0 ], [ 66.305504359738407, 26.162444160169901, 0.0 ], [ 66.305570365479994, 26.162311915762398, 0.0 ], [ 66.305636261504304, 26.1621798907894, 0.0 ], [ 66.305702045113307, 26.1620480897476, 0.0 ], [ 66.305767719005104, 26.161916507241099, 0.0 ], [ 66.305896242017994, 26.161706894157899, 0.0 ], [ 66.305993759104794, 26.161496697414702, 0.0 ], [ 66.306122562706193, 26.1612611703667, 0.0 ], [ 66.306186227512498, 26.161156676339601, 0.0 ], [ 66.306252093859101, 26.160972438527299, 0.0 ], [ 66.306287249257196, 26.1608143242217, 0.0 ], [ 66.306321140208496, 26.160709805912902, 0.0 ], [ 66.306354987992293, 26.1606053397647, 0.0 ], [ 66.306389619085706, 26.160474666472702, 0.0 ], [ 66.306394170554597, 26.160343381641798, 0.0 ], [ 66.306434236251107, 26.1600561975355, 0.0 ], [ 66.306443431819005, 26.1597954624906, 0.0 ], [ 66.306448031851204, 26.159665396241099, 0.0 ], [ 66.306452513172999, 26.159535204086499, 0.0 ], [ 66.306427150492695, 26.159404490324999, 0.0 ], [ 66.306371163198705, 26.1592994351209, 0.0 ], [ 66.306317945816602, 26.159116631727201, 0.0 ], [ 66.306235130846702, 26.158933700629898, 0.0 ], [ 66.306180394509695, 26.158803421241, 0.0 ], [ 66.306095911297305, 26.158672582473699, 0.0 ], [ 66.306009586273404, 26.158592966392298, 0.0 ], [ 66.305924295469893, 26.158487843739099, 0.0 ], [ 66.305839117081604, 26.158383093405099, 0.0 ], [ 66.305609306124595, 26.1581991694562, 0.0 ], [ 66.305435472569101, 26.1580921384415, 0.0 ], [ 66.305145382753295, 26.157931202063399, 0.0 ], [ 66.304912121097601, 26.1578218894687, 0.0 ], [ 66.3047361480549, 26.157765515466199, 0.0 ], [ 66.304618479859002, 26.157736478156, 0.0 ], [ 66.304529375930002, 26.157733869222699, 0.0 ], [ 66.304380826813798, 26.157729522799301, 0.0 ], [ 66.304260779911104, 26.157751614645299, 0.0 ], [ 66.304080975756506, 26.1577717117951, 0.0 ], [ 66.303990220672205, 26.157794272187999, 0.0 ], [ 66.303809268982704, 26.157840428093301, 0.0 ], [ 66.303628592485595, 26.157887074129199, 0.0 ], [ 66.303508479932503, 26.157909615636299, 0.0 ], [ 66.303296275003206, 26.1579808932037, 0.0 ], [ 66.303173861984206, 26.158028309958599, 0.0 ], [ 66.302963073487106, 26.158101380774202, 0.0 ], [ 66.302869630329198, 26.158175930974501, 0.0 ], [ 66.302624841163507, 26.158245050169, 0.0 ], [ 66.3023819558626, 26.158316032758801, 0.0 ], [ 66.302260451158901, 26.158365012535299, 0.0 ], [ 66.302017657588905, 26.1584632571737, 0.0 ], [ 66.301926905202507, 26.158486947115001, 0.0 ], [ 66.301803337454103, 26.1585615144024, 0.0 ], [ 66.301651450054393, 26.158609615541401, 0.0 ], [ 66.301438851222102, 26.1586825082912, 0.0 ], [ 66.301285681389103, 26.158756737433499, 0.0 ], [ 66.301102531756499, 26.1588302767959, 0.0 ], [ 66.300977552072396, 26.1589046291454, 0.0 ], [ 66.300882452363297, 26.158979863729801, 0.0 ], [ 66.300785536923101, 26.1590810851241, 0.0 ], [ 66.300623154435101, 26.1592587407983, 0.0 ], [ 66.300559502219301, 26.159309118121399, 0.0 ], [ 66.300462174889503, 26.159410764894901, 0.0 ], [ 66.300301189048696, 26.159563208975001, 0.0 ], [ 66.300234802893897, 26.159666363012299, 0.0 ], [ 66.300165319474004, 26.159822039255701, 0.0 ], [ 66.300114207404803, 26.160135671524099, 0.0 ], [ 66.300043364209998, 26.1602917461672, 0.0 ], [ 66.299972405002606, 26.160448077117099, 0.0 ], [ 66.299869952436396, 26.160630407467401, 0.0 ], [ 66.299829465857201, 26.160788086501, 0.0 ], [ 66.299760618258006, 26.160918914476401, 0.0 ], [ 66.299721343964904, 26.161103939195499, 0.0 ], [ 66.299679397785994, 26.161288878478999, 0.0 ], [ 66.299636103523397, 26.161474035398399, 0.0 ], [ 66.299595009901907, 26.1616329501006, 0.0 ], [ 66.299490469109898, 26.161844005696398, 0.0 ], [ 66.299388668552197, 26.1620019815063, 0.0 ], [ 66.299320586276096, 26.162107449499299, 0.0 ], [ 66.299191779077404, 26.162211557717299, 0.0 ], [ 66.299095083970997, 26.162289708803101, 0.0 ], [ 66.298871102419497, 26.162445460589598, 0.0 ], [ 66.298776116024996, 26.1624969404814, 0.0 ], [ 66.298679108853804, 26.162575318196399, 0.0 ], [ 66.298582666456895, 26.162653702206601, 0.0 ], [ 66.298425290494805, 26.162703916752399, 0.0 ], [ 66.298298576018496, 26.1627548750375, 0.0 ], [ 66.298174028908406, 26.162778913016499, 0.0 ], [ 66.298047145359504, 26.162829930656802, 0.0 ], [ 66.297826342911407, 26.162905779478201, 0.0 ], [ 66.297610930999696, 26.162927585339801, 0.0 ], [ 66.297424605860996, 26.162977057045602, 0.0 ], [ 66.297204055223006, 26.1630261807137, 0.0 ], [ 66.297023428188695, 26.1630483301164, 0.0 ], [ 66.296805073695197, 26.163097217262798, 0.0 ], [ 66.296616381540801, 26.1631469848455, 0.0 ], [ 66.296396818358502, 26.163222875934999, 0.0 ], [ 66.296092546234107, 26.1632689679885, 0.0 ], [ 66.295816106328303, 26.163343000179299, 0.0 ], [ 66.295595454066998, 26.163392237162, 0.0 ], [ 66.295377232673204, 26.163414382967499, 0.0 ], [ 66.295218432184996, 26.163465030087099, 0.0 ], [ 66.295061558044594, 26.163488665169801, 0.0 ], [ 66.294934330055398, 26.163539961600002, 0.0 ], [ 66.294684741207902, 26.163588357716598, 0.0 ], [ 66.294499988983404, 26.163610909116201, 0.0 ], [ 66.294258174774995, 26.163631598019901, 0.0 ], [ 66.293969889898605, 26.163680111048301, 0.0 ], [ 66.293840343457106, 26.163704869384301, 0.0 ], [ 66.293711889692005, 26.163729540485999, 0.0 ], [ 66.293553730420399, 26.163753323057399, 0.0 ], [ 66.293335897533694, 26.163748533268201, 0.0 ], [ 66.293178907380707, 26.1637990886571, 0.0 ], [ 66.293088989565305, 26.1637966110248, 0.0 ], [ 66.292865068268299, 26.163873333987201, 0.0 ], [ 66.292702405191903, 26.163951588495099, 0.0 ], [ 66.292572548484401, 26.164030363710399, 0.0 ], [ 66.292505933901793, 26.164083455187399, 0.0 ], [ 66.2923762489648, 26.164135317291102, 0.0 ], [ 66.292212487816101, 26.1642408626258, 0.0 ], [ 66.292077602099695, 26.164347501536, 0.0 ], [ 66.291911874133703, 26.164453508222898, 0.0 ], [ 66.291681134177097, 26.164585665396199, 0.0 ], [ 66.291548937433603, 26.164665163666399, 0.0 ], [ 66.291484886818097, 26.164691083027101, 0.0 ], [ 66.291326304865194, 26.164742134841699, 0.0 ], [ 66.291135151266204, 26.1648197625221, 0.0 ], [ 66.290913118545603, 26.164896678838701, 0.0 ], [ 66.290818539544006, 26.1649218265811, 0.0 ], [ 66.290690975208406, 26.1649736302289, 0.0 ], [ 66.290526206818996, 26.1650528578032, 0.0 ], [ 66.290353490221406, 26.165133567460199, 0.0 ], [ 66.290186764007998, 26.1651591171996, 0.0 ], [ 66.290089542798199, 26.165184772159499, 0.0 ], [ 66.289863342619199, 26.1652625895969, 0.0 ], [ 66.289673674700396, 26.165285957580899, 0.0 ], [ 66.289546049210898, 26.165310780668101, 0.0 ], [ 66.289323963430206, 26.165360775779199, 0.0 ], [ 66.289132942031699, 26.1654114975426, 0.0 ], [ 66.289008836488705, 26.1654085630548, 0.0 ], [ 66.288882247018094, 26.165433200881601, 0.0 ], [ 66.288755653950304, 26.165457838708299, 0.0 ], [ 66.288658980427698, 26.165510542577501, 0.0 ], [ 66.288439929858995, 26.1655599864043, 0.0 ], [ 66.288310125312094, 26.1656394882718, 0.0 ], [ 66.288119101215599, 26.165717372259, 0.0 ], [ 66.287923980707205, 26.1657960557434, 0.0 ], [ 66.2877607339707, 26.1658210488024, 0.0 ], [ 66.287656991776799, 26.165875187989599, 0.0 ], [ 66.287362536651798, 26.1659528966089, 0.0 ], [ 66.287180780968299, 26.165947560931201, 0.0 ], [ 66.286961295127696, 26.165997108180001, 0.0 ], [ 66.286831413239199, 26.1660495800242, 0.0 ], [ 66.286670909435003, 26.166101234384499, 0.0 ], [ 66.286475896845204, 26.1661800149957, 0.0 ], [ 66.286285531951805, 26.166257888191002, 0.0 ], [ 66.2861488700743, 26.166338980059901, 0.0 ], [ 66.286037621239302, 26.166449220754998, 0.0 ], [ 66.285933197359199, 26.1665309745249, 0.0 ], [ 66.285830417439897, 26.166612402740299, 0.0 ], [ 66.285755293472107, 26.166695366098299, 0.0 ], [ 66.285668989132603, 26.166835354568001, 0.0 ], [ 66.2855897498671, 26.166946676248202, 0.0 ], [ 66.285544395257702, 26.1670582758188, 0.0 ], [ 66.285466252265806, 26.167196894621, 0.0 ], [ 66.285387357440598, 26.167335818293498, 0.0 ], [ 66.285342365258003, 26.167447657083802, 0.0 ], [ 66.285258298431799, 26.1676154525911, 0.0 ], [ 66.285141972923796, 26.167782972006599, 0.0 ], [ 66.285095343975001, 26.167895625582702, 0.0 ], [ 66.284974806941804, 26.1680920276251, 0.0 ], [ 66.284892795965803, 26.168232718465202, 0.0 ], [ 66.284777511872704, 26.168373340957, 0.0 ], [ 66.284690685027201, 26.1685157297172, 0.0 ], [ 66.284610548238305, 26.1686014881682, 0.0 ], [ 66.284530306228703, 26.168687360833101, 0.0 ], [ 66.284374681246604, 26.168857910064599, 0.0 ], [ 66.284261086979697, 26.168971309178598, 0.0 ], [ 66.284147337129994, 26.169084867472701, 0.0 ], [ 66.284064679541402, 26.1692269657519, 0.0 ], [ 66.283983749550401, 26.169368679121298, 0.0 ], [ 66.283903329475194, 26.1694828111828, 0.0 ], [ 66.283818314763494, 26.169653667982502, 0.0 ], [ 66.283762105337004, 26.1697988356478, 0.0 ], [ 66.283701034175493, 26.169973462405402, 0.0 ], [ 66.283681967648803, 26.170090388660601, 0.0 ], [ 66.283648539848301, 26.170295383725001, 0.0 ], [ 66.283619826294, 26.1704714763776, 0.0 ], [ 66.283600650050005, 26.170589065433099, 0.0 ], [ 66.283582728360301, 26.1707063343299, 0.0 ], [ 66.283624612485895, 26.170854421194601, 0.0 ], [ 66.283609022738304, 26.1709988694024, 0.0 ], [ 66.283628016419897, 26.171115439526002, 0.0 ], [ 66.283615459186095, 26.171231223642099, 0.0 ], [ 66.283628186391795, 26.171405949325202, 0.0 ], [ 66.283647214247594, 26.171522843204698, 0.0 ], [ 66.283634644423302, 26.1716389456809, 0.0 ], [ 66.283618810060105, 26.171784244647199, 0.0 ], [ 66.283605657475206, 26.171900782395301, 0.0 ], [ 66.283584739244404, 26.172048457370501, 0.0 ], [ 66.283564594430601, 26.172168202100899, 0.0 ], [ 66.283575726238794, 26.172289181600501, 0.0 ], [ 66.283653461837801, 26.1723829206354, 0.0 ], [ 66.283768075935996, 26.172447609769399, 0.0 ], [ 66.283914338975606, 26.1725133646001, 0.0 ], [ 66.284033478462305, 26.172548379704001, 0.0 ], [ 66.284098183784195, 26.172549661238001, 0.0 ], [ 66.284266096203496, 26.172522199539898, 0.0 ] ] ] ] } },
{ "type": "Feature", "properties": { "Name": "T3", "district": "Khuzdar", "province": "Balochistan", "area_km2": 1.49076704634, "volume_MAF": 0.00736753119, "River": "Torrent", "Shape_Leng": 0.04543184789, "Shape_Area": 0.00013634339 }, "geometry": { "type": "MultiPolygon", "coordinates": [ [ [ [ 66.798663093626899, 27.656353441957801, 0.0 ], [ 66.798435491404902, 27.6564752884039, 0.0 ], [ 66.798503785021694, 27.6563568890592, 0.0 ], [ 66.798548068538594, 27.6562277068433, 0.0 ], [ 66.798603143920005, 27.655892835286199, 0.0 ], [ 66.798634144450304, 27.655764280797001, 0.0 ], [ 66.798657541212606, 27.655596707422099, 0.0 ], [ 66.798614705604194, 27.655502802012698, 0.0 ], [ 66.798501842486104, 27.6553471257693, 0.0 ], [ 66.798448174543694, 27.6552875411871, 0.0 ], [ 66.798376607394601, 27.655200124386301, 0.0 ], [ 66.798252586387804, 27.655030623764301, 0.0 ], [ 66.798218718818902, 27.6549772211219, 0.0 ], [ 66.798145044558197, 27.654911279232198, 0.0 ], [ 66.798042230464603, 27.6547977838907, 0.0 ], [ 66.797892788321604, 27.6546334831488, 0.0 ], [ 66.797832127250899, 27.654535260993601, 0.0 ], [ 66.7977289552272, 27.654421408621101, 0.0 ], [ 66.7976720982888, 27.654358047785699, 0.0 ], [ 66.797557861905801, 27.654230733461599, 0.0 ], [ 66.797450413605802, 27.6540629478468, 0.0 ], [ 66.797383986981501, 27.653932872604098, 0.0 ], [ 66.797278423660401, 27.653791546842498, 0.0 ], [ 66.797231192165796, 27.653690817377399, 0.0 ], [ 66.797160446997097, 27.6535243663565, 0.0 ], [ 66.797112785626595, 27.653342799530598, 0.0 ], [ 66.797079552079694, 27.6531598171719, 0.0 ], [ 66.797071302598596, 27.652988791299698, 0.0 ], [ 66.7970002741434, 27.652820842907602, 0.0 ], [ 66.796968087407393, 27.652768778456402, 0.0 ], [ 66.7968908743144, 27.652698200561499, 0.0 ], [ 66.796811509143893, 27.652599771562301, 0.0 ], [ 66.796682043641496, 27.652476528468998, 0.0 ], [ 66.796571202199303, 27.652382984587099, 0.0 ], [ 66.7964463691047, 27.652316932080801, 0.0 ], [ 66.796272697427099, 27.652254084758301, 0.0 ], [ 66.796098094951205, 27.65219090019, 0.0 ], [ 66.795900555266499, 27.6521194157785, 0.0 ], [ 66.795651085129506, 27.652080769212201, 0.0 ], [ 66.795407383244196, 27.652083535526799, 0.0 ], [ 66.795200119190199, 27.652037302279702, 0.0 ], [ 66.794930612158097, 27.652033277813601, 0.0 ], [ 66.794793695772498, 27.652042607380501, 0.0 ], [ 66.794631583980404, 27.6520420749818, 0.0 ], [ 66.794442032074201, 27.652054866938599, 0.0 ], [ 66.794281824146907, 27.652058556857, 0.0 ], [ 66.794142484987702, 27.652094100762199, 0.0 ], [ 66.794031076073296, 27.652117999346199, 0.0 ], [ 66.793923171816999, 27.652146004234702, 0.0 ], [ 66.793811462529007, 27.6522208512114, 0.0 ], [ 66.793591394827004, 27.6522743779602, 0.0 ], [ 66.793438315825696, 27.652349849965699, 0.0 ], [ 66.7932227762102, 27.652445938029601, 0.0 ], [ 66.7930436150708, 27.652538526831599, 0.0 ], [ 66.792925664487896, 27.652585587455, 0.0 ], [ 66.792809749970004, 27.652635002503398, 0.0 ], [ 66.792719300655307, 27.652694112243498, 0.0 ], [ 66.792571923355595, 27.6527296696386, 0.0 ], [ 66.792362078247393, 27.652749261369401, 0.0 ], [ 66.792163694998607, 27.652780801492799, 0.0 ], [ 66.792066811933907, 27.652836626009599, 0.0 ], [ 66.791934391259204, 27.652925496114801, 0.0 ], [ 66.791836951514099, 27.652981656078602, 0.0 ], [ 66.791715272342003, 27.6530305845939, 0.0 ], [ 66.791619588972907, 27.6530889002326, 0.0 ], [ 66.791519410792205, 27.653168776218099, 0.0 ], [ 66.791358826049006, 27.6532496495518, 0.0 ], [ 66.791258298032105, 27.653354941277499, 0.0 ], [ 66.791153532409595, 27.653506825979299, 0.0 ], [ 66.791083313344302, 27.653599628819801, 0.0 ], [ 66.791009891793095, 27.653739406848199, 0.0 ], [ 66.790990157969503, 27.653872533490699, 0.0 ], [ 66.790963892369803, 27.654049740403298, 0.0 ], [ 66.790933323514096, 27.654150260326301, 0.0 ], [ 66.790840668162403, 27.6543395343421, 0.0 ], [ 66.790773205519102, 27.654536978698701, 0.0 ], [ 66.790662374868802, 27.654700496131099, 0.0 ], [ 66.790570070252599, 27.654828265512101, 0.0 ], [ 66.790467528653593, 27.6549983488948, 0.0 ], [ 66.790380495863204, 27.655106032817201, 0.0 ], [ 66.790293285007195, 27.655213935275, 0.0 ], [ 66.790217542305797, 27.655280844835101, 0.0 ], [ 66.790102765430305, 27.655380984345001, 0.0 ], [ 66.789948082038407, 27.655514173939999, 0.0 ], [ 66.789772482214303, 27.655619791220399, 0.0 ], [ 66.789571087135997, 27.655808260343001, 0.0 ], [ 66.789363865350097, 27.655978141378199, 0.0 ], [ 66.789265710644102, 27.656042365562801, 0.0 ], [ 66.789167368879006, 27.6561067129545, 0.0 ], [ 66.789000369271704, 27.656196860996399, 0.0 ], [ 66.788852337265595, 27.656314958168799, 0.0 ], [ 66.788751396459801, 27.6563789764087, 0.0 ], [ 66.788675310217499, 27.6564733890357, 0.0 ], [ 66.788575408128594, 27.656538414516302, 0.0 ], [ 66.788464249225797, 27.656622173774299, 0.0 ], [ 66.788318867521795, 27.656695856128898, 0.0 ], [ 66.788086145459303, 27.6568367079478, 0.0 ], [ 66.7878130879037, 27.6570623451511, 0.0 ], [ 66.7876317081369, 27.657199927034998, 0.0 ], [ 66.787483239060293, 27.6573474410316, 0.0 ], [ 66.787303480771101, 27.657510967457299, 0.0 ], [ 66.787216636838394, 27.657627940477099, 0.0 ], [ 66.787081010080598, 27.657825465772699, 0.0 ], [ 66.786943508236405, 27.657998991760099, 0.0 ], [ 66.786798729977505, 27.6582180054567, 0.0 ], [ 66.786653593788401, 27.6584613521098, 0.0 ], [ 66.786528185127693, 27.658664402839999, 0.0 ], [ 66.786438432787506, 27.6588764467907, 0.0 ], [ 66.786390682384095, 27.659005018366901, 0.0 ], [ 66.786267836791296, 27.659138725971498, 0.0 ], [ 66.7861634093139, 27.659323081595002, 0.0 ], [ 66.786111097549195, 27.6594036149849, 0.0 ], [ 66.7860421789035, 27.659502999064198, 0.0 ], [ 66.785986405648103, 27.6596514105842, 0.0 ], [ 66.785903282210796, 27.659794117704401, 0.0 ], [ 66.785795917547603, 27.659955877861499, 0.0 ], [ 66.785763585121401, 27.6601109650491, 0.0 ], [ 66.785673664607998, 27.660253125381502, 0.0 ], [ 66.785602822312498, 27.660422648486499, 0.0 ], [ 66.785538711442399, 27.660663852954499, 0.0 ], [ 66.785480143993496, 27.660836836650699, 0.0 ], [ 66.785426339354203, 27.660987854405999, 0.0 ], [ 66.785424916626695, 27.661126262766899, 0.0 ], [ 66.785473664378202, 27.661274114908501, 0.0 ], [ 66.785482374312195, 27.6616439395162, 0.0 ], [ 66.785522248453006, 27.661926398584502, 0.0 ], [ 66.785564105599093, 27.662253324631301, 0.0 ], [ 66.785555745501298, 27.6623200282468, 0.0 ], [ 66.785599393197501, 27.662441294630099, 0.0 ], [ 66.785653737430096, 27.6626099202117, 0.0 ], [ 66.785719610071993, 27.6628257790865, 0.0 ], [ 66.785753403896507, 27.662922438220001, 0.0 ], [ 66.785833249305099, 27.663072090804398, 0.0 ], [ 66.785973089386601, 27.663319887303, 0.0 ], [ 66.786221326553104, 27.663628094860702, 0.0 ], [ 66.786502360195797, 27.663938047103201, 0.0 ], [ 66.786709680007803, 27.6641457608183, 0.0 ], [ 66.786761923424095, 27.6642190231894, 0.0 ], [ 66.786842203205197, 27.664296380173901, 0.0 ], [ 66.787030863883302, 27.6644545304522, 0.0 ], [ 66.787235059450495, 27.664612005339801, 0.0 ], [ 66.787493217937694, 27.6647760893451, 0.0 ], [ 66.787730155122603, 27.665021614156199, 0.0 ], [ 66.787894066458094, 27.665190741559499, 0.0 ], [ 66.788022174883494, 27.665354626814601, 0.0 ], [ 66.788062374578999, 27.6654652380304, 0.0 ], [ 66.788103166927698, 27.665555002061801, 0.0 ], [ 66.788144479084494, 27.665644544859902, 0.0 ], [ 66.7881502464368, 27.665791761180898, 0.0 ], [ 66.788182506017904, 27.665942156605301, 0.0 ], [ 66.788167257113301, 27.6661503658468, 0.0 ], [ 66.788148598878806, 27.6662120584398, 0.0 ], [ 66.7881122329932, 27.666335493088599, 0.0 ], [ 66.788117515610907, 27.666552083112201, 0.0 ], [ 66.788140845823406, 27.6666413111477, 0.0 ], [ 66.788192743900098, 27.666824670322299, 0.0 ], [ 66.788253081214805, 27.666987286634001, 0.0 ], [ 66.788325634020893, 27.6671944634538, 0.0 ], [ 66.788367790641104, 27.6672216472613, 0.0 ], [ 66.788500919082196, 27.667282370385099, 0.0 ], [ 66.788670889150296, 27.667344616960602, 0.0 ], [ 66.788808637408707, 27.6673784377647, 0.0 ], [ 66.788998061611295, 27.667437586175701, 0.0 ], [ 66.789137862122701, 27.667450867363701, 0.0 ], [ 66.789271978918705, 27.667464700735401, 0.0 ], [ 66.789348288192997, 27.667493019487299, 0.0 ], [ 66.789449211911602, 27.6675047232644, 0.0 ], [ 66.789624142640207, 27.667525253887401, 0.0 ], [ 66.789673800505597, 27.667531117467099, 0.0 ], [ 66.789821292918404, 27.667529415949801, 0.0 ], [ 66.789972126312605, 27.6675078978712, 0.0 ], [ 66.790236928991106, 27.6674766194505, 0.0 ], [ 66.790437113582001, 27.667396926027401, 0.0 ], [ 66.790670252030594, 27.667300138290798, 0.0 ], [ 66.790703532342206, 27.667263559265901, 0.0 ], [ 66.790795925091899, 27.667193207100901, 0.0 ], [ 66.790957274258901, 27.6670689981358, 0.0 ], [ 66.791213134078902, 27.666913641151702, 0.0 ], [ 66.791463194171101, 27.666735343361399, 0.0 ], [ 66.791756147428302, 27.666565170945901, 0.0 ], [ 66.791937320351096, 27.6664473390735, 0.0 ], [ 66.792081407930695, 27.666346820949101, 0.0 ], [ 66.792215143414197, 27.666266407169001, 0.0 ], [ 66.792394423264099, 27.666192723915099, 0.0 ], [ 66.792700805198095, 27.6660542732861, 0.0 ], [ 66.793053341238803, 27.6659380458042, 0.0 ], [ 66.793446388140396, 27.6658488087755, 0.0 ], [ 66.7937063758486, 27.665786590978399, 0.0 ], [ 66.793872969861795, 27.6657532081441, 0.0 ], [ 66.794074221048504, 27.665685519770999, 0.0 ], [ 66.794270598809106, 27.6656369428907, 0.0 ], [ 66.794388118616794, 27.665556436480401, 0.0 ], [ 66.794475548907499, 27.665491607951399, 0.0 ], [ 66.794576233406502, 27.6653709324227, 0.0 ], [ 66.794633643428, 27.665303098359299, 0.0 ], [ 66.794780643911594, 27.665152433138299, 0.0 ], [ 66.794897871439701, 27.665054662442699, 0.0 ], [ 66.795023860163099, 27.664938759616099, 0.0 ], [ 66.795148838048505, 27.664842016845601, 0.0 ], [ 66.795232314919502, 27.664778664104102, 0.0 ], [ 66.795341389193794, 27.664700546293201, 0.0 ], [ 66.795454454659406, 27.664604174942799, 0.0 ], [ 66.7955652061694, 27.664526674966101, 0.0 ], [ 66.795704508456396, 27.6644349531106, 0.0 ], [ 66.795807885525605, 27.664318106895202, 0.0 ], [ 66.795895955234201, 27.664237743477099, 0.0 ], [ 66.795982262271707, 27.664138609409299, 0.0 ], [ 66.796090523558902, 27.664024681493899, 0.0 ], [ 66.796125585427504, 27.663954768198, 0.0 ], [ 66.796214800872406, 27.663837463328299, 0.0 ], [ 66.796338615035097, 27.663688358430999, 0.0 ], [ 66.796401599953896, 27.663623649511901, 0.0 ], [ 66.796499322985397, 27.6635084193781, 0.0 ], [ 66.796614596286602, 27.663396957403702, 0.0 ], [ 66.796784300155394, 27.663239386288701, 0.0 ], [ 66.796845533194897, 27.663175309592901, 0.0 ], [ 66.796903355105798, 27.663091462201301, 0.0 ], [ 66.796990001187694, 27.6629753102624, 0.0 ], [ 66.797074205610201, 27.662877908288898, 0.0 ], [ 66.797131246010196, 27.662813289301901, 0.0 ], [ 66.797177881254299, 27.662708622604899, 0.0 ], [ 66.797235681581498, 27.662644375937202, 0.0 ], [ 66.797320908533194, 27.662491314023001, 0.0 ], [ 66.797361107329294, 27.662423915231599, 0.0 ], [ 66.7974318039347, 27.6623252335228, 0.0 ], [ 66.797557989609601, 27.662182035372702, 0.0 ], [ 66.797652925642097, 27.661955524927599, 0.0 ], [ 66.797797885563995, 27.661702615783199, 0.0 ], [ 66.797851941114203, 27.6615824870422, 0.0 ], [ 66.797882232978694, 27.661476224048599, 0.0 ], [ 66.797903099048796, 27.661330287462899, 0.0 ], [ 66.797918891143993, 27.6612020980984, 0.0 ], [ 66.797904904887503, 27.661104730299101, 0.0 ], [ 66.797924784401303, 27.661033923976401, 0.0 ], [ 66.797924416578596, 27.660958269408599, 0.0 ], [ 66.797924047856597, 27.6608826004517, 0.0 ], [ 66.797953640048505, 27.660776380625499, 0.0 ], [ 66.797972630132804, 27.660705219970001, 0.0 ], [ 66.797985533605498, 27.6605756654346, 0.0 ], [ 66.798022963389101, 27.6604331318836, 0.0 ], [ 66.798058133176397, 27.6602893527715, 0.0 ], [ 66.798075524266096, 27.660217344055201, 0.0 ], [ 66.798069457439595, 27.660158800887999, 0.0 ], [ 66.798072561899303, 27.660064497978201, 0.0 ], [ 66.798081865385797, 27.659932542252999, 0.0 ], [ 66.798109515941505, 27.659783694561899, 0.0 ], [ 66.798146851296195, 27.659695764248202, 0.0 ], [ 66.798190038539502, 27.659569722464799, 0.0 ], [ 66.798245223638204, 27.6595065405944, 0.0 ], [ 66.798317830403604, 27.659371243887801, 0.0 ], [ 66.798453736850504, 27.659179277301899, 0.0 ], [ 66.798516081452107, 27.6590251371005, 0.0 ], [ 66.798558369373296, 27.658941147615899, 0.0 ], [ 66.798570635226696, 27.658886522794798, 0.0 ], [ 66.798603357958697, 27.658740796650498, 0.0 ], [ 66.798623405645699, 27.6586493194106, 0.0 ], [ 66.798632624595996, 27.658494608139701, 0.0 ], [ 66.798608681045806, 27.658409643790101, 0.0 ], [ 66.798583910119405, 27.6583238430709, 0.0 ], [ 66.798555972680006, 27.6582351294477, 0.0 ], [ 66.798528537062396, 27.658146673929899, 0.0 ], [ 66.798501809211203, 27.658058677965599, 0.0 ], [ 66.798440364830995, 27.657842888338699, 0.0 ], [ 66.798376880788496, 27.657669080863499, 0.0 ], [ 66.798350575618599, 27.657603070625299, 0.0 ], [ 66.798298605596202, 27.657449069818799, 0.0 ], [ 66.798269320972494, 27.6573032024809, 0.0 ], [ 66.798273165574201, 27.657207502024701, 0.0 ], [ 66.798301622821697, 27.657022799262801, 0.0 ], [ 66.798325408990493, 27.656933043325399, 0.0 ], [ 66.798384923425502, 27.656797151267501, 0.0 ], [ 66.798441201200504, 27.656757832008399, 0.0 ], [ 66.7985080954723, 27.6566841469559, 0.0 ], [ 66.7985548530241, 27.656581376029699, 0.0 ], [ 66.798588916645301, 27.656533935892501, 0.0 ], [ 66.798647134257905, 27.656451374531301, 0.0 ], [ 66.798663093626899, 27.656353441957801, 0.0 ] ] ] ] } },
{ "type": "Feature", "properties": { "Name": "T2", "district": "Khuzdar", "province": "Balochistan", "area_km2": 10.205334157899999, "volume_MAF": 0.0504358598, "River": "Torrent", "Shape_Leng": 0.12076688322, "Shape_Area": 0.00093940353 }, "geometry": { "type": "MultiPolygon", "coordinates": [ [ [ [ 67.252994106293002, 28.3647429964922, 0.0 ], [ 67.252326045810406, 28.364122547917301, 0.0 ], [ 67.252193755537505, 28.363909870843901, 0.0 ], [ 67.252104682185404, 28.363740803695201, 0.0 ], [ 67.251927556211797, 28.363402089335001, 0.0 ], [ 67.251791115567599, 28.3632268069716, 0.0 ], [ 67.251700633877206, 28.363096451140301, 0.0 ], [ 67.251572582109006, 28.362801853922502, 0.0 ], [ 67.251394826609996, 28.362662315113798, 0.0 ], [ 67.251301137037899, 28.362611172467702, 0.0 ], [ 67.251155638422006, 28.362553007915, 0.0 ], [ 67.251015463792697, 28.362415193106798, 0.0 ], [ 67.250740220884595, 28.362303720340499, 0.0 ], [ 67.250233582413998, 28.3620027730096, 0.0 ], [ 67.249948963174205, 28.361857118810999, 0.0 ], [ 67.249752118665398, 28.361761071216499, 0.0 ], [ 67.249503381475904, 28.3615756247154, 0.0 ], [ 67.249231584769902, 28.3615468320207, 0.0 ], [ 67.249086736363793, 28.3615294867964, 0.0 ], [ 67.248700623235194, 28.3614837949413, 0.0 ], [ 67.248317847490696, 28.3614396598125, 0.0 ], [ 67.247923102669105, 28.361392120749802, 0.0 ], [ 67.2474695071121, 28.361325735494301, 0.0 ], [ 67.247053640812894, 28.361272627829599, 0.0 ], [ 67.246694522634201, 28.3612283083398, 0.0 ], [ 67.246462019107, 28.3612366414579, 0.0 ], [ 67.246181247166902, 28.3611977979401, 0.0 ], [ 67.245725140702703, 28.361176691751002, 0.0 ], [ 67.245230752797099, 28.361112267916901, 0.0 ], [ 67.245015298617204, 28.361085197424, 0.0 ], [ 67.244591314137907, 28.361033533171099, 0.0 ], [ 67.244142908568406, 28.360975062848901, 0.0 ], [ 67.243583398954698, 28.360903364398801, 0.0 ], [ 67.243069388741304, 28.3607927558811, 0.0 ], [ 67.242852404814698, 28.3607228731621, 0.0 ], [ 67.242423774437697, 28.360628687164301, 0.0 ], [ 67.242087414502606, 28.360542676903101, 0.0 ], [ 67.241917404864395, 28.360521254152602, 0.0 ], [ 67.241625388700797, 28.360394487515599, 0.0 ], [ 67.241323967427206, 28.360220166527501, 0.0 ], [ 67.240915317288099, 28.359988352780299, 0.0 ], [ 67.240576464432394, 28.359766884833899, 0.0 ], [ 67.240405602236805, 28.359610561977899, 0.0 ], [ 67.240116784062394, 28.3594380099562, 0.0 ], [ 67.239771515443095, 28.359122415367199, 0.0 ], [ 67.239538676468797, 28.3589556774626, 0.0 ], [ 67.239303426412107, 28.358833135840602, 0.0 ], [ 67.238947822783899, 28.3585570079996, 0.0 ], [ 67.2385124897597, 28.3582531612544, 0.0 ], [ 67.238243267812607, 28.358072069270602, 0.0 ], [ 67.237973689734105, 28.357810072476902, 0.0 ], [ 67.237800688051394, 28.357786975188802, 0.0 ], [ 67.237580057373805, 28.357621221142502, 0.0 ], [ 67.237073342460903, 28.357346982777099, 0.0 ], [ 67.236570769825207, 28.357119608982799, 0.0 ], [ 67.236247595750001, 28.356975843360502, 0.0 ], [ 67.235809912797293, 28.356735607462401, 0.0 ], [ 67.235554322773893, 28.356533349034901, 0.0 ], [ 67.235368003930304, 28.356364292677998, 0.0 ], [ 67.235034157600396, 28.3561555798162, 0.0 ], [ 67.234715020581802, 28.3558218827737, 0.0 ], [ 67.234487485808899, 28.355507047212502, 0.0 ], [ 67.234181774769098, 28.355128257263299, 0.0 ], [ 67.233958773478705, 28.354942770292698, 0.0 ], [ 67.233763544152296, 28.3547194398503, 0.0 ], [ 67.233456968864104, 28.354337108370899, 0.0 ], [ 67.233042810377498, 28.353940432704899, 0.0 ], [ 67.232923998244004, 28.3538266360904, 0.0 ], [ 67.232751794259997, 28.353706403028099, 0.0 ], [ 67.232453100630195, 28.353420414120901, 0.0 ], [ 67.232092465295096, 28.353075379325301, 0.0 ], [ 67.231917421252007, 28.3529531938349, 0.0 ], [ 67.231741960822902, 28.3528307151654, 0.0 ], [ 67.231389120811301, 28.352715967068299, 0.0 ], [ 67.231123264127405, 28.352572123205, 0.0 ], [ 67.230714980911699, 28.352401352740301, 0.0 ], [ 67.230296079400603, 28.3522756275182, 0.0 ], [ 67.229946216144995, 28.352162491006201, 0.0 ], [ 67.229447429655195, 28.352070285315399, 0.0 ], [ 67.229088613648699, 28.352003955817999, 0.0 ], [ 67.228739035478199, 28.351941713739201, 0.0 ], [ 67.228388640723296, 28.3518795732837, 0.0 ], [ 67.227796576550801, 28.351819145137501, 0.0 ], [ 67.2273481637868, 28.351785520385501, 0.0 ], [ 67.226966687562694, 28.351763895287601, 0.0 ], [ 67.226585635818495, 28.351794142186002, 0.0 ], [ 67.226200225959701, 28.351772751811101, 0.0 ], [ 67.225969545358296, 28.3517809068634, 0.0 ], [ 67.225663527649701, 28.351827013306099, 0.0 ], [ 67.225266336672206, 28.3518542780525, 0.0 ], [ 67.225003138384196, 28.3519546558827, 0.0 ], [ 67.224612410834098, 28.352024487340302, 0.0 ], [ 67.224408738672395, 28.352200088962999, 0.0 ], [ 67.224034336515501, 28.352447328781199, 0.0 ], [ 67.223882468900896, 28.3525771036504, 0.0 ], [ 67.223645088350196, 28.3527951325893, 0.0 ], [ 67.223407180796798, 28.352910088429901, 0.0 ], [ 67.223168303774202, 28.3530774369742, 0.0 ], [ 67.223004107353702, 28.3532051811742, 0.0 ], [ 67.222591124280996, 28.353447381191799, 0.0 ], [ 67.222427857759499, 28.3535243991317, 0.0 ], [ 67.222088385270794, 28.3537284499081, 0.0 ], [ 67.221841514174599, 28.353845221479801, 0.0 ], [ 67.221672982122499, 28.353974870443899, 0.0 ], [ 67.221090720560397, 28.3541970434588, 0.0 ], [ 67.220751872201205, 28.3544068427017, 0.0 ], [ 67.220500891203201, 28.354473430304601, 0.0 ], [ 67.220246520660496, 28.3545926282472, 0.0 ], [ 67.219825550708705, 28.354687398804501, 0.0 ], [ 67.219405742680905, 28.354837163804099, 0.0 ], [ 67.218894467305901, 28.354973911117199, 0.0 ], [ 67.2183565791929, 28.355159443953301, 0.0 ], [ 67.218097455733101, 28.355282473907099, 0.0 ], [ 67.217760329575597, 28.355450355749401, 0.0 ], [ 67.217321871407293, 28.355712153792901, 0.0 ], [ 67.217219707523597, 28.355804149941601, 0.0 ], [ 67.216842193712395, 28.356019229104199, 0.0 ], [ 67.216390662099499, 28.356282145904299, 0.0 ], [ 67.216009309082395, 28.356609536001301, 0.0 ], [ 67.215912820820094, 28.3567051312369, 0.0 ], [ 67.215719436902504, 28.356896730000098, 0.0 ], [ 67.215435687307206, 28.357077210444999, 0.0 ], [ 67.215155299377599, 28.357259382514499, 0.0 ], [ 67.214945013601593, 28.357669556105201, 0.0 ], [ 67.214632459620404, 28.3581779653409, 0.0 ], [ 67.214305949959694, 28.358685592166399, 0.0 ], [ 67.2140126477655, 28.359533970316502, 0.0 ], [ 67.213826389176603, 28.3600660029437, 0.0 ], [ 67.213716775308995, 28.360384932218899, 0.0 ], [ 67.213601146775503, 28.3607033389879, 0.0 ], [ 67.213439268807306, 28.360965071380999, 0.0 ], [ 67.2133234631074, 28.361339790998599, 0.0 ], [ 67.213232407649599, 28.361768941183801, 0.0 ], [ 67.212637169769593, 28.362466561482702, 0.0 ], [ 67.212602595333607, 28.362908068352699, 0.0 ], [ 67.212492429282193, 28.3635639070487, 0.0 ], [ 67.212892435137803, 28.364222597494901, 0.0 ], [ 67.212909692228493, 28.364778674396302, 0.0 ], [ 67.212921628030799, 28.365278046344802, 0.0 ], [ 67.212894411847699, 28.365828711126099, 0.0 ], [ 67.212870410740905, 28.366103150040399, 0.0 ], [ 67.212926701106397, 28.366547897167798, 0.0 ], [ 67.213094888718203, 28.3668331387384, 0.0 ], [ 67.213320973783993, 28.3674505125312, 0.0 ], [ 67.213455594200397, 28.367896882035598, 0.0 ], [ 67.213695609764599, 28.368291741970399, 0.0 ], [ 67.213780546235299, 28.368460187687599, 0.0 ], [ 67.213951104459994, 28.368796036807701, 0.0 ], [ 67.214223834662306, 28.369025771322399, 0.0 ], [ 67.214505966377303, 28.3693092933892, 0.0 ], [ 67.214868541550004, 28.369702914058301, 0.0 ], [ 67.215191419748294, 28.370039216436702, 0.0 ], [ 67.215618295547998, 28.3703768695969, 0.0 ], [ 67.215871182209398, 28.370653731284701, 0.0 ], [ 67.216207698626405, 28.370985386866199, 0.0 ], [ 67.216533224428801, 28.371315243803501, 0.0 ], [ 67.217117774765498, 28.371700163531798, 0.0 ], [ 67.217537751865805, 28.3722392981052, 0.0 ], [ 67.217685945749807, 28.3724541074711, 0.0 ], [ 67.218020567295397, 28.372934336450498, 0.0 ], [ 67.218103311218897, 28.373093524546601, 0.0 ], [ 67.218590106148596, 28.3736767142091, 0.0 ], [ 67.218741807388497, 28.373992717090299, 0.0 ], [ 67.218889223359, 28.374308126418999, 0.0 ], [ 67.219018402877097, 28.374780480035199, 0.0 ], [ 67.2190742597693, 28.3751996117727, 0.0 ], [ 67.219156926351104, 28.375616387286499, 0.0 ], [ 67.219115950540797, 28.376192804154599, 0.0 ], [ 67.219099520826305, 28.376402584511698, 0.0 ], [ 67.219092498919693, 28.376507416683999, 0.0 ], [ 67.218986318663696, 28.376875708846899, 0.0 ], [ 67.218973248816397, 28.3770854307481, 0.0 ], [ 67.218876713789399, 28.377296994460799, 0.0 ], [ 67.218857094179597, 28.377611831820602, 0.0 ], [ 67.218735628146803, 28.377930764693101, 0.0 ], [ 67.218700930503601, 28.378195509815001, 0.0 ], [ 67.218686062012196, 28.3784581118524, 0.0 ], [ 67.218653516446693, 28.378722812907501, 0.0 ], [ 67.218557845668101, 28.3793089316619, 0.0 ], [ 67.218510712199603, 28.379732930530398, 0.0 ], [ 67.218481229725001, 28.379998117219401, 0.0 ], [ 67.218574824868298, 28.380149747413, 0.0 ], [ 67.218721057330995, 28.380397563696601, 0.0 ], [ 67.218942302245495, 28.380589771300901, 0.0 ], [ 67.219262911454294, 28.380877911386602, 0.0 ], [ 67.219448032400805, 28.381124852629899, 0.0 ], [ 67.219609881590799, 28.381168505721998, 0.0 ], [ 67.219933154591402, 28.381409601372098, 0.0 ], [ 67.220253908591104, 28.381547024975202, 0.0 ], [ 67.220494149885198, 28.381636729651401, 0.0 ], [ 67.220813646632607, 28.3817727062454, 0.0 ], [ 67.221291091310903, 28.382102213346499, 0.0 ], [ 67.2215281732866, 28.382240686458498, 0.0 ], [ 67.221861884718194, 28.382319746758998, 0.0 ], [ 67.222210393594807, 28.3823951648051, 0.0 ], [ 67.222524386491301, 28.382526474816999, 0.0 ], [ 67.2232054466741, 28.382786532672402, 0.0 ], [ 67.223512673970802, 28.3828665381603, 0.0 ], [ 67.223740930899297, 28.382951375705499, 0.0 ], [ 67.224147676274299, 28.383020047037601, 0.0 ], [ 67.224317637349102, 28.383055576553701, 0.0 ], [ 67.224722848480695, 28.3831228098698, 0.0 ], [ 67.225313947680604, 28.3832312186458, 0.0 ], [ 67.225455412837107, 28.383271606299601, 0.0 ], [ 67.228385558746595, 28.383912765361899, 0.0 ], [ 67.228553731069894, 28.383895416540302, 0.0 ], [ 67.2290906407205, 28.3839415778416, 0.0 ], [ 67.229160483869293, 28.3840309182923, 0.0 ], [ 67.229580117428597, 28.3841395393084, 0.0 ], [ 67.230127859413201, 28.384378872287201, 0.0 ], [ 67.230661930803507, 28.384478188018001, 0.0 ], [ 67.230929472816996, 28.384550243499, 0.0 ], [ 67.2314875956761, 28.384593193321301, 0.0 ], [ 67.231882228082398, 28.384653927237, 0.0 ], [ 67.232144499169394, 28.384632562043201, 0.0 ], [ 67.232729111559294, 28.3847228323929, 0.0 ], [ 67.232986789808507, 28.3847932672955, 0.0 ], [ 67.233243839431694, 28.3848175993528, 0.0 ], [ 67.233563731880807, 28.384836450941499, 0.0 ], [ 67.234100731463599, 28.384830637723802, 0.0 ], [ 67.234425020698197, 28.384846589898199, 0.0 ], [ 67.234747469020505, 28.384862453039801, 0.0 ], [ 67.235131625224398, 28.384872507460301, 0.0 ], [ 67.2356392106811, 28.384871109014501, 0.0 ], [ 67.236136789381405, 28.384871440864298, 0.0 ], [ 67.236501698294802, 28.3848401975172, 0.0 ], [ 67.236729428220599, 28.384823998029201, 0.0 ], [ 67.237069590489298, 28.3847997981722, 0.0 ], [ 67.237408042247395, 28.384775717925098, 0.0 ], [ 67.237651736938204, 28.384753609891199, 0.0 ], [ 67.238022201863203, 28.3847184059297, 0.0 ], [ 67.238553624749997, 28.384672445177301, 0.0 ], [ 67.238837414814896, 28.384650177963401, 0.0 ], [ 67.239176262274697, 28.384623586809099, 0.0 ], [ 67.239513270621003, 28.384597143143701, 0.0 ], [ 67.239903058379497, 28.384566831494102, 0.0 ], [ 67.240376425531693, 28.384536351671301, 0.0 ], [ 67.240830795404904, 28.384511502503901, 0.0 ], [ 67.241499700351, 28.3844552040445, 0.0 ], [ 67.242005494358096, 28.384424915777299, 0.0 ], [ 67.242242237289503, 28.384400356191499, 0.0 ], [ 67.242534330794797, 28.384370610215498, 0.0 ], [ 67.2430387776175, 28.384365560522301, 0.0 ], [ 67.243369033853895, 28.3843773821105, 0.0 ], [ 67.243637198198201, 28.384479489337, 0.0 ], [ 67.243957036688002, 28.384576476723101, 0.0 ], [ 67.244221464349195, 28.384553543111601, 0.0 ], [ 67.244384110338501, 28.384496723045402, 0.0 ], [ 67.244616152513501, 28.384346420251099, 0.0 ], [ 67.244674933101706, 28.384215763147001, 0.0 ], [ 67.244964147877198, 28.3839363536798, 0.0 ], [ 67.245194016390798, 28.383746927678601, 0.0 ], [ 67.245366190697197, 28.383564238498899, 0.0 ], [ 67.245480811090601, 28.383429060502799, 0.0 ], [ 67.245590327831394, 28.383295910478001, 0.0 ], [ 67.2458790057116, 28.382979025361799, 0.0 ], [ 67.246038688434794, 28.382843098230499, 0.0 ], [ 67.246252332279397, 28.3826619522873, 0.0 ], [ 67.246516548599899, 28.382477667710202, 0.0 ], [ 67.2467937187552, 28.382330017016699, 0.0 ], [ 67.246798706395197, 28.382247282985801, 0.0 ], [ 67.246930398619, 28.3818656898497, 0.0 ], [ 67.246941485461306, 28.381700100379401, 0.0 ], [ 67.247077415290605, 28.381439689090399, 0.0 ], [ 67.247118532294493, 28.381184305911098, 0.0 ], [ 67.247153062663799, 28.380931358995099, 0.0 ], [ 67.247161000080197, 28.380726872946902, 0.0 ], [ 67.247209771214003, 28.380441399351099, 0.0 ], [ 67.247214583486297, 28.380237742477899, 0.0 ], [ 67.247212916143198, 28.3799952474827, 0.0 ], [ 67.247128562433304, 28.379671408808498, 0.0 ], [ 67.247188945613402, 28.379331809515499, 0.0 ], [ 67.247294668114506, 28.379103593955701, 0.0 ], [ 67.247407616668198, 28.3787540049934, 0.0 ], [ 67.247425821644399, 28.378467581713601, 0.0 ], [ 67.247507050210203, 28.378136471121302, 0.0 ], [ 67.247587893866196, 28.3778145659895, 0.0 ], [ 67.247617635345605, 28.377380984844599, 0.0 ], [ 67.247717845901903, 28.377095261237301, 0.0 ], [ 67.247795866586003, 28.376725210000501, 0.0 ], [ 67.247870927601298, 28.3765987860052, 0.0 ], [ 67.248080599140394, 28.3763373467912, 0.0 ], [ 67.248304897253306, 28.376155817736802, 0.0 ], [ 67.248517800056504, 28.375977352672699, 0.0 ], [ 67.248691895314806, 28.375686257414898, 0.0 ], [ 67.248714612189602, 28.375529982222901, 0.0 ], [ 67.248736010658405, 28.375259687384698, 0.0 ], [ 67.248802671106404, 28.3749137217909, 0.0 ], [ 67.248813769639796, 28.374601520344001, 0.0 ], [ 67.248968586131397, 28.374243531713699, 0.0 ], [ 67.249092296872007, 28.374080727443602, 0.0 ], [ 67.249382441546501, 28.373873417524202, 0.0 ], [ 67.249710013306498, 28.373784531231198, 0.0 ], [ 67.250124266222002, 28.373583121763701, 0.0 ], [ 67.250334880250605, 28.3735044841447, 0.0 ], [ 67.250531570076006, 28.373427074100199, 0.0 ], [ 67.250825860625, 28.373307978680302, 0.0 ], [ 67.251167383568003, 28.373151256525301, 0.0 ], [ 67.251319895097097, 28.373035351000699, 0.0 ], [ 67.251395430954403, 28.372881566930801, 0.0 ], [ 67.251472675523601, 28.3727277073179, 0.0 ], [ 67.251517224340503, 28.372572456453799, 0.0 ], [ 67.251620886494806, 28.372183666043401, 0.0 ], [ 67.251677509609493, 28.3719129970872, 0.0 ], [ 67.251706086466797, 28.371720278668001, 0.0 ], [ 67.251758904549902, 28.3715268884552, 0.0 ], [ 67.251834221871903, 28.371372599865701, 0.0 ], [ 67.252013589855295, 28.3711430047459, 0.0 ], [ 67.252262667887905, 28.370877431348401, 0.0 ], [ 67.252362710270901, 28.3706851167248, 0.0 ], [ 67.252419142729295, 28.370530588016301, 0.0 ], [ 67.252376084089093, 28.370096891758202, 0.0 ], [ 67.252307511682403, 28.369816991261199, 0.0 ], [ 67.252401022289405, 28.369703037265399, 0.0 ], [ 67.252558851509804, 28.369396062678199, 0.0 ], [ 67.252775809356194, 28.3691330253689, 0.0 ], [ 67.252867975476804, 28.368980883461099, 0.0 ], [ 67.252952347173206, 28.3687886974405, 0.0 ], [ 67.2530868380871, 28.368639106010001, 0.0 ], [ 67.253185228415603, 28.368370598124699, 0.0 ], [ 67.253285886834206, 28.3681418951324, 0.0 ], [ 67.253372018503896, 28.3678759260332, 0.0 ], [ 67.253476449578599, 28.3676096268828, 0.0 ], [ 67.253465202656997, 28.367450865964798, 0.0 ], [ 67.253453827132503, 28.367291864028299, 0.0 ], [ 67.253551648190097, 28.367024748293499, 0.0 ], [ 67.253611978310204, 28.366834544378801, 0.0 ], [ 67.253762720872899, 28.366618033495499, 0.0 ], [ 67.2538536935932, 28.366356945916401, 0.0 ], [ 67.253866364141501, 28.3662422337921, 0.0 ], [ 67.253927844494498, 28.366132241309899, 0.0 ], [ 67.253935420383399, 28.365899192793599, 0.0 ], [ 67.253930769089806, 28.365780645060799, 0.0 ], [ 67.253873103660894, 28.365538372198198, 0.0 ], [ 67.253614449647202, 28.365115869801599, 0.0 ], [ 67.253525321436499, 28.364949830670199, 0.0 ], [ 67.2533481495975, 28.364894123964699, 0.0 ], [ 67.253127422692401, 28.364794904461299, 0.0 ], [ 67.252994106293002, 28.3647429964922, 0.0 ] ] ] ] } }
]
}
