{
"type": "FeatureCollection",
"name": "Polygon sites",
"crs": { "type": "name", "properties": { "name": "urn:ogc:def:crs:OGC:1.3:CRS84" } },
"features": [
{ "type": "Feature", "properties": { "Name": "Untitled Polygon", "description": null, "timestamp": null, "begin": null, "end": null, "altitudeMode": "relativeToGround", "tessellate": 1, "extrude": 1, "visibility": -1, "drawOrder": null, "icon": null }, "geometry": { "type": "Polygon", "coordinates": [ [ [ 71.822198732600867, 30.62649604807023, 94.0 ], [ 71.82268200045435, 30.625434658966459, 94.0 ], [ 71.823825132720089, 30.625489225822811, 94.0 ], [ 71.825207703245837, 30.624376760675201, 94.0 ], [ 71.825547539784964, 30.624853297200051, 94.0 ], [ 71.826783388047076, 30.62675840372151, 94.0 ], [ 71.827564856677526, 30.62811242578816, 94.0 ], [ 71.82982666822754, 30.630289359028961, 94.0 ], [ 71.829851945410226, 30.632575071005871, 94.0 ], [ 71.831273052764672, 30.634182074646471, 94.0 ], [ 71.832025560960588, 30.634963940438531, 94.0 ], [ 71.833196499137827, 30.637045695707769, 94.0 ], [ 71.83509105843909, 30.641082180327139, 94.0 ], [ 71.836531185540039, 30.644700972515299, 94.0 ], [ 71.837650108769338, 30.646833398475319, 94.0 ], [ 71.840463094505978, 30.6479181638929, 94.0 ], [ 71.842700080183093, 30.648476157527568, 94.0 ], [ 71.842102275031834, 30.649336033369231, 94.0 ], [ 71.84068413354629, 30.65039120402627, 94.0 ], [ 71.840241360827704, 30.65201450326111, 94.0 ], [ 71.841366873387429, 30.65279563529085, 94.0 ], [ 71.843379361108845, 30.653293611518212, 94.0 ], [ 71.844755019549865, 30.654321050169461, 94.0 ], [ 71.842984724710263, 30.65466989027264, 94.0 ], [ 71.841331228023705, 30.655893179668439, 94.0 ], [ 71.839775901796997, 30.656968374617961, 94.0 ], [ 71.836404111360437, 30.657531122521831, 94.0 ], [ 71.833929704394819, 30.657714539625101, 94.0 ], [ 71.830706935691737, 30.657454551820461, 94.0 ], [ 71.828599683326033, 30.656689912983541, 94.0 ], [ 71.827510836551028, 30.655375840451349, 94.0 ], [ 71.826713409707935, 30.651808456064281, 94.0 ], [ 71.827362241317559, 30.650322967700969, 94.0 ], [ 71.827604705553497, 30.648929004569371, 94.0 ], [ 71.827690901420667, 30.647568754237621, 94.0 ], [ 71.826780479166786, 30.64617712304549, 94.0 ], [ 71.823528821711662, 30.645170365188921, 94.0 ], [ 71.822204337033028, 30.644369710834312, 94.0 ], [ 71.822280311525802, 30.64257484637853, 94.0 ], [ 71.823088286227488, 30.640724647342061, 94.0 ], [ 71.824866918949894, 30.633960234759648, 94.0 ], [ 71.823279329004833, 30.631624986025031, 94.0 ], [ 71.821461952210257, 30.628402140543869, 94.0 ], [ 71.822198732600867, 30.62649604807023, 94.0 ] ] ] } },
{ "type": "Feature", "properties": { "Name": "Untitled Polygon", "description": null, "timestamp": null, "begin": null, "end": null, "altitudeMode": "relativeToGround", "tessellate": 1, "extrude": 1, "visibility": -1, "drawOrder": null, "icon": null }, "geometry": { "type": "Polygon", "coordinates": [ [ [ 74.46085053252888, 32.730025545789168, 117.0 ], [ 74.460581437273163, 32.725832519623062, 117.0 ], [ 74.462581273328581, 32.721766129969559, 117.0 ], [ 74.46495643096624, 32.716575515633828, 117.0 ], [ 74.469556425483901, 32.714475075093233, 117.0 ], [ 74.47330860748275, 32.710574051425709, 117.0 ], [ 74.477913174323049, 32.707733372347107, 117.0 ], [ 74.478639369869214, 32.706129827816682, 117.0 ], [ 74.478240152316644, 32.70434282307906, 117.0 ], [ 74.478525956929815, 32.702373600113788, 117.0 ], [ 74.480543197419806, 32.698452639840447, 117.0 ], [ 74.484558923662902, 32.698635710829073, 117.0 ], [ 74.485005824843086, 32.698635363753539, 117.0 ], [ 74.486790895695862, 32.703588166354002, 117.0 ], [ 74.487568283168926, 32.708676795963129, 117.0 ], [ 74.492689331784518, 32.712092855299893, 117.0 ], [ 74.498422315505081, 32.714668619820891, 117.0 ], [ 74.501889050232847, 32.719084278020397, 117.0 ], [ 74.507215453711538, 32.72295209959092, 117.0 ], [ 74.507786161045203, 32.723049492938742, 117.0 ], [ 74.508698905561431, 32.723341041154882, 117.0 ], [ 74.509269143999319, 32.723632421382383, 117.0 ], [ 74.509826851904378, 32.726651528715507, 117.0 ], [ 74.508420868230772, 32.732037200354547, 117.0 ], [ 74.508419350946795, 32.732331813880407, 117.0 ], [ 74.500109840403255, 32.73390344566095, 117.0 ], [ 74.492109158873561, 32.736760762973802, 117.0 ], [ 74.484806943850657, 32.738237227052579, 117.0 ], [ 74.4729464669024, 32.737624576171243, 117.0 ], [ 74.463762850266434, 32.734057466509142, 117.0 ], [ 74.46085053252888, 32.730025545789168, 117.0 ] ] ] } },
{ "type": "Feature", "properties": { "Name": "Untitled Polygon", "description": null, "timestamp": null, "begin": null, "end": null, "altitudeMode": "relativeToGround", "tessellate": 1, "extrude": 1, "visibility": -1, "drawOrder": null, "icon": null }, "geometry": { "type": "Polygon", "coordinates": [ [ [ 73.00061674003021, 31.788561827411389, 80.0 ], [ 73.000566397595748, 31.78856522142523, 80.0 ], [ 73.000399223228939, 31.788357456922402, 80.0 ], [ 73.000188430052248, 31.788240264390129, 80.0 ], [ 73.000081474089711, 31.78816002117718, 80.0 ], [ 72.999921144068736, 31.78803973591414, 80.0 ], [ 72.999707260173338, 31.787880123991211, 80.0 ], [ 72.999647303440966, 31.787753956543192, 80.0 ], [ 72.999640565893699, 31.786972862139919, 80.0 ], [ 72.999421276148013, 31.786727984701461, 80.0 ], [ 72.999258687345858, 31.786565892219208, 80.0 ], [ 72.999146319755852, 31.786400529178831, 80.0 ], [ 72.99893125188953, 31.78619883491297, 80.0 ], [ 72.998768803147115, 31.786037788289139, 80.0 ], [ 72.998735287254846, 31.785567176538489, 80.0 ], [ 72.998708021554847, 31.78518280547889, 80.0 ], [ 72.998733737058174, 31.7848385992144, 80.0 ], [ 72.998812614986804, 31.784533557192891, 80.0 ], [ 72.998847256267638, 31.784317868158279, 80.0 ], [ 72.998881851449866, 31.784102454259941, 80.0 ], [ 72.998965896880208, 31.783884190488379, 80.0 ], [ 72.999052716166702, 31.783708588438309, 80.0 ], [ 72.999235333885593, 31.783484546970161, 80.0 ], [ 72.999368542322415, 31.783263706548212, 80.0 ], [ 72.999553926818066, 31.783082274563849, 80.0 ], [ 72.999739195830614, 31.78290094011998, 80.0 ], [ 72.999930664955528, 31.782803883011599, 80.0 ], [ 73.00026392159846, 31.782613034917961, 80.0 ], [ 73.000458561276844, 31.782557862952139, 80.0 ], [ 73.00075529392474, 31.782538159899509, 80.0 ], [ 73.001051628394123, 31.782518903092271, 80.0 ], [ 73.001404589709267, 31.782579824633011, 80.0 ], [ 73.001556388182678, 31.782611975252109, 80.0 ], [ 73.001856641786759, 31.78263428731379, 80.0 ], [ 73.002209939701814, 31.782695374830201, 80.0 ], [ 73.002411352119083, 31.782724342112601, 80.0 ], [ 73.002757744742524, 31.782701539400978, 80.0 ], [ 73.003058319286367, 31.782723869688049, 80.0 ], [ 73.00331299921271, 31.782791755646208, 80.0 ], [ 73.003567829886066, 31.782859693187351, 80.0 ], [ 73.003875808287418, 31.78296628620301, 80.0 ], [ 73.004081262920124, 31.783037334665838, 80.0 ], [ 73.004389851569115, 31.783144765942541, 80.0 ], [ 73.004649183426963, 31.783254832963799, 80.0 ], [ 73.004912384713052, 31.783407277296511, 80.0 ], [ 73.005072671258745, 31.783524385124039, 80.0 ], [ 73.005282760105558, 31.783638296201339, 80.0 ], [ 73.005516280087548, 31.78400657051461, 80.0 ], [ 73.00568492796873, 31.784208940225781, 80.0 ], [ 73.005965185111251, 31.78453261298807, 80.0 ], [ 73.0061961631054, 31.78486026376882, 80.0 ], [ 73.006311826287032, 31.78502433761324, 80.0 ], [ 73.006377704054756, 31.785191905063019, 80.0 ], [ 73.006489558938952, 31.78531352946283, 80.0 ], [ 73.006609571582004, 31.78552088929229, 80.0 ], [ 73.006783781463398, 31.78576806467704, 80.0 ], [ 73.00690414939713, 31.785976000889448, 80.0 ], [ 73.007074726458328, 31.786180864113451, 80.0 ], [ 73.007295567358597, 31.78638252034397, 80.0 ], [ 73.007512536806402, 31.786541444294809, 80.0 ], [ 73.007821571433126, 31.78660745009989, 80.0 ], [ 73.008180898086408, 31.786670256699558, 80.0 ], [ 73.008481698918601, 31.78665022431926, 80.0 ], [ 73.008632096600479, 31.786640210096941, 80.0 ], [ 73.009133415149506, 31.78660682209809, 80.0 ], [ 73.009379679290006, 31.786547052332029, 80.0 ], [ 73.009580175644501, 31.786533700183679, 80.0 ], [ 73.009826637102492, 31.78647390816991, 80.0 ], [ 73.010072728244367, 31.78641422004134, 80.0 ], [ 73.010318761861086, 31.786354545363171, 80.0 ], [ 73.010514625013244, 31.78629819532788, 80.0 ], [ 73.010855937955881, 31.786188859128981, 80.0 ], [ 73.011097254910695, 31.786086349377069, 80.0 ], [ 73.011383538119915, 31.785937064294899, 80.0 ], [ 73.011665881327048, 31.785746248402241, 80.0 ], [ 73.011942638860447, 31.785512017076009, 80.0 ], [ 73.012118968385025, 31.7852845253909, 80.0 ], [ 73.01240029153729, 31.785094032019451, 80.0 ], [ 73.012680581068537, 31.784902991711949, 80.0 ], [ 73.01286616340883, 31.784761968361721, 80.0 ], [ 73.013082242211908, 31.78444727353282, 80.0 ], [ 73.013122486774733, 31.78435882984509, 80.0 ], [ 73.013103078195371, 31.784188438221971, 80.0 ], [ 73.013028783024936, 31.783978925729791, 80.0 ], [ 73.012949946533098, 31.783727552557149, 80.0 ], [ 73.0129112750557, 31.78338827949845, 80.0 ], [ 73.012873721245995, 31.78305058933412, 80.0 ], [ 73.012899859646822, 31.782836452339819, 80.0 ], [ 73.012970053113975, 31.782576691633551, 80.0 ], [ 73.012995501862761, 31.782362628954779, 80.0 ], [ 73.013070122367935, 31.782145678376459, 80.0 ], [ 73.013145269756009, 31.78192915633441, 80.0 ], [ 73.013319034714129, 31.781706222691682, 80.0 ], [ 73.013448231121586, 31.78152887298965, 80.0 ], [ 73.013582702367444, 31.781393675722232, 80.0 ], [ 73.013622376399496, 31.781306680355321, 80.0 ], [ 73.013904628920201, 31.781161713700961, 80.0 ], [ 73.014048085453837, 31.78111012944284, 80.0 ], [ 73.014339389182766, 31.781048488820499, 80.0 ], [ 73.014625956237012, 31.78094549102418, 80.0 ], [ 73.014868127862513, 31.780887431368789, 80.0 ], [ 73.015252923686177, 31.780777836589198, 80.0 ], [ 73.015446182252816, 31.780723190921719, 80.0 ], [ 73.01553978912743, 31.78067492911271, 80.0 ], [ 73.015978765626883, 31.780603682353231, 80.0 ], [ 73.016170925784309, 31.78054887984996, 80.0 ], [ 73.016505775137276, 31.78044259720577, 80.0 ], [ 73.016697792787312, 31.78038783381113, 80.0 ], [ 73.016983089466592, 31.78028488868738, 80.0 ], [ 73.017268501469331, 31.780182091942621, 80.0 ], [ 73.017499166702621, 31.780041050700952, 80.0 ], [ 73.0179711179251, 31.779842147487589, 80.0 ], [ 73.018162987012403, 31.779787767197881, 80.0 ], [ 73.01834940598124, 31.779691733701821, 80.0 ], [ 73.018583977751931, 31.779592304983119, 80.0 ], [ 73.018770489847697, 31.77949639691834, 80.0 ], [ 73.019164565512156, 31.77947027999587, 80.0 ], [ 73.019311969482018, 31.779460439930109, 80.0 ], [ 73.019606851338352, 31.779440805894229, 80.0 ], [ 73.019858788336194, 31.779465898515369, 80.0 ], [ 73.020210787365073, 31.77948450704384, 80.0 ], [ 73.020567698301477, 31.779544688446919, 80.0 ], [ 73.020967837560633, 31.77955998519273, 80.0 ], [ 73.021269143215392, 31.779581850957221, 80.0 ], [ 73.021527017934787, 31.779648451273751, 80.0 ], [ 73.021834421523195, 31.77971186420098, 80.0 ], [ 73.022037871741546, 31.779740329363651, 80.0 ], [ 73.022346402839119, 31.779803738634179, 80.0 ], [ 73.022598569769457, 31.7798288306745, 80.0 ], [ 73.02290220094639, 31.77985097836217, 80.0 ], [ 73.023112047864444, 31.779921063570281, 80.0 ], [ 73.023420328138101, 31.77998455941669, 80.0 ], [ 73.023721941585052, 31.78000654024261, 80.0 ], [ 73.024137283254348, 31.78010534835219, 80.0 ], [ 73.024390871765306, 31.78013063893664, 80.0 ], [ 73.02489799935843, 31.780181196814489, 80.0 ], [ 73.025145040891644, 31.78016477743931, 80.0 ], [ 73.025299334948315, 31.780196573972049, 80.0 ], [ 73.025700760661707, 31.780211957368341, 80.0 ], [ 73.025947862951156, 31.780195532351371, 80.0 ], [ 73.026102285439535, 31.780227337684, 80.0 ], [ 73.026666495775814, 31.780316413548, 80.0 ], [ 73.026976767091696, 31.780380208045461, 80.0 ], [ 73.027237559360515, 31.780447309567151, 80.0 ], [ 73.027442491570795, 31.780475969391741, 80.0 ], [ 73.027647477513838, 31.780504633903082, 80.0 ], [ 73.027866147946867, 31.780616957997271, 80.0 ], [ 73.02812098325262, 31.7806423840217, 80.0 ], [ 73.028382516348643, 31.78070969186269, 80.0 ], [ 73.028743432965939, 31.780770387317901, 80.0 ], [ 73.028948626737559, 31.780799071617839, 80.0 ], [ 73.029160397852735, 31.78086978104497, 80.0 ], [ 73.029528359091373, 31.780972368093661, 80.0 ], [ 73.029840271634399, 31.781036518144759, 80.0 ], [ 73.030165809998849, 31.78118458408882, 80.0 ], [ 73.030498453588166, 31.781374792928428, 80.0 ], [ 73.030675125059133, 31.78153303417773, 80.0 ], [ 73.030851976075041, 31.781691433729819, 80.0 ], [ 73.030971969566323, 31.78181115823643, 80.0 ], [ 73.031111581038857, 31.782057189829889, 80.0 ], [ 73.031315743987193, 31.782384810665, 80.0 ], [ 73.031443138470081, 31.782547252909229, 80.0 ], [ 73.031620713866644, 31.78270658591887, 80.0 ], [ 73.031735822906214, 31.78278486335244, 80.0 ], [ 73.032000123648558, 31.783112242940909, 80.0 ], [ 73.032289978097026, 31.783308903330241, 80.0 ], [ 73.032470140222728, 31.78346935000652, 80.0 ], [ 73.032764381592585, 31.783708424568221, 80.0 ], [ 73.032951390717059, 31.783911791867229, 80.0 ], [ 73.033153343744246, 31.78420090642048, 80.0 ], [ 73.033298015001208, 31.784451013110171, 80.0 ], [ 73.033580587257291, 31.78490942806441, 80.0 ], [ 73.033675527541661, 31.785163925158859, 80.0 ], [ 73.033755694854989, 31.785332694735029, 80.0 ], [ 73.033916281705544, 31.785670752370791, 80.0 ], [ 73.034019107650778, 31.78596951691901, 80.0 ], [ 73.034165345818963, 31.78622236540965, 80.0 ], [ 73.034180380640805, 31.78630890113671, 80.0 ], [ 73.034392520305047, 31.78664558805453, 80.0 ], [ 73.034531160662297, 31.78685566092037, 80.0 ], [ 73.034859367333837, 31.787273690945469, 80.0 ], [ 73.035049495683538, 31.787481438912359, 80.0 ], [ 73.035130671279774, 31.787652474443519, 80.0 ], [ 73.035211923685694, 31.78782367866275, 80.0 ], [ 73.035344100954973, 31.78799173255867, 80.0 ], [ 73.035608856911182, 31.788328359419101, 80.0 ], [ 73.035925100221178, 31.788662347332568, 80.0 ], [ 73.036073476468829, 31.788919093727401, 80.0 ], [ 73.036258208970281, 31.78908519797837, 80.0 ], [ 73.036441581236176, 31.789251133651991, 80.0 ], [ 73.036619560298746, 31.789373544810541, 80.0 ], [ 73.036863240434755, 31.78958069134563, 80.0 ], [ 73.037116487594574, 31.789832691581299, 80.0 ], [ 73.037403908853364, 31.789992814105339, 80.0 ], [ 73.037573152559077, 31.790071212600221, 80.0 ], [ 73.037810183429514, 31.790235041111231, 80.0 ], [ 73.038081813752001, 31.790306781949919, 80.0 ], [ 73.038405609033632, 31.790375533598791, 80.0 ], [ 73.038670108117245, 31.790403271345681, 80.0 ], [ 73.038985971148023, 31.790427700690099, 80.0 ], [ 73.039302590210966, 31.79045241222402, 80.0 ], [ 73.039680605305648, 31.790518773592019, 80.0 ], [ 73.040045425973787, 31.790539072054379, 80.0 ], [ 73.040207836185232, 31.790573024787971, 80.0 ], [ 73.040583344077632, 31.790638671798639, 80.0 ], [ 73.041019418254578, 31.79074536271931, 80.0 ], [ 73.041344575341512, 31.790814310842709, 80.0 ], [ 73.041627150505775, 31.790931172045909, 80.0 ], [ 73.041961361418643, 31.791044786821921, 80.0 ], [ 73.042243858064836, 31.791161617167859, 80.0 ], [ 73.042542244588461, 31.79136721686104, 80.0 ], [ 73.042840689054472, 31.791572947887779, 80.0 ], [ 73.04315243262333, 31.79182518609597, 80.0 ], [ 73.043292126653114, 31.791998153196079, 80.0 ], [ 73.043501973659758, 31.792257958936659, 80.0 ], [ 73.043520321947469, 31.792347985873469, 80.0 ], [ 73.043669401588147, 31.792566491011431, 80.0 ], [ 73.043816820035047, 31.792784616173549, 80.0 ], [ 73.04396443684071, 31.793003015248829, 80.0 ], [ 73.044130089036415, 31.793311958561869, 80.0 ], [ 73.044269184708668, 31.793485834604411, 80.0 ], [ 73.044296037544441, 31.793621455437279, 80.0 ], [ 73.044450276318656, 31.793885034331719, 80.0 ], [ 73.044557101577851, 31.794153876831778, 80.0 ], [ 73.04461388328717, 31.794427333782711, 80.0 ], [ 73.044659323429002, 31.794655035097179, 80.0 ], [ 73.044704783599869, 31.794882733724769, 80.0 ], [ 73.044750299784752, 31.795110715342521, 80.0 ], [ 73.044804993845716, 31.795384688417631, 80.0 ], [ 73.044806674845816, 31.795662006828859, 80.0 ], [ 73.04481097498919, 31.795940821569658, 80.0 ], [ 73.044858126947787, 31.796170847946311, 80.0 ], [ 73.044747784552413, 31.79641094852872, 80.0 ], [ 73.044784571917617, 31.796594998277079, 80.0 ], [ 73.044796756243997, 31.79692092476628, 80.0 ], [ 73.044814748374975, 31.797012972961781, 80.0 ], [ 73.044817896536571, 31.797293512188961, 80.0 ], [ 73.04487135748343, 31.797570117796131, 80.0 ], [ 73.044837647929143, 31.79766619468095, 80.0 ], [ 73.044842213588481, 31.797948439593089, 80.0 ], [ 73.044784258723169, 31.798187670375562, 80.0 ], [ 73.044663689128583, 31.798383684805039, 80.0 ], [ 73.044552557783533, 31.798626626795269, 80.0 ], [ 73.044441272209326, 31.798869883711308, 80.0 ], [ 73.044363820791105, 31.799016615649698, 80.0 ], [ 73.044252298791932, 31.79926038158278, 80.0 ], [ 73.044131116418328, 31.799457494700789, 80.0 ], [ 73.044009809092586, 31.799654815328221, 80.0 ], [ 73.043897947484368, 31.799899445806108, 80.0 ], [ 73.043801607029877, 31.800236774323579, 80.0 ], [ 73.043732343896494, 31.80043130679223, 80.0 ], [ 73.04367209577272, 31.800673074303582, 80.0 ], [ 73.043637400266277, 31.800770540523331, 80.0 ], [ 73.043445476960287, 31.801164283241729, 80.0 ], [ 73.043348601558662, 31.801462192981951, 80.0 ], [ 73.043306891214087, 31.801514155860609, 80.0 ], [ 73.043104143721706, 31.801861452571849, 80.0 ], [ 73.043034599176593, 31.802057924969521, 80.0 ], [ 73.042911035371503, 31.80225740407954, 80.0 ], [ 73.042636923368548, 31.802514619725969, 80.0 ], [ 73.042320980549917, 31.802824899450989, 80.0 ], [ 73.042128269475995, 31.8029349445845, 80.0 ], [ 73.04174908812054, 31.803201289200231, 80.0 ], [ 73.041510189841588, 31.80336159450361, 80.0 ], [ 73.041305911014703, 31.803422622909181, 80.0 ], [ 73.041252646819601, 31.803425964527118, 80.0 ], [ 73.040898588086066, 31.803545687474131, 80.0 ], [ 73.040704170516179, 31.803655393658872, 80.0 ], [ 73.040492865545062, 31.803670082126811, 80.0 ], [ 73.040118425577091, 31.803692391221009, 80.0 ], [ 73.039728547939475, 31.80362054144441, 80.0 ], [ 73.039182095939083, 31.803560625867139, 80.0 ], [ 73.038905877172937, 31.80352863007818, 80.0 ], [ 73.038518073086635, 31.803457726978429, 80.0 ], [ 73.038287618030679, 31.803375047126469, 80.0 ], [ 73.03817314810513, 31.80333429229189, 80.0 ], [ 73.037836113231307, 31.803258219487379, 80.0 ], [ 73.037720784168599, 31.803216751831091, 80.0 ], [ 73.037221150042868, 31.80310665734617, 80.0 ], [ 73.036940431276051, 31.803029266145341, 80.0 ], [ 73.036659150838403, 31.802951344570921, 80.0 ], [ 73.036377233442522, 31.802872846169091, 80.0 ], [ 73.036034026124668, 31.802750009219992, 80.0 ], [ 73.035752589723188, 31.802671645229221, 80.0 ], [ 73.035525025565974, 31.802590596626128, 80.0 ], [ 73.035211947249422, 31.80232283073353, 80.0 ], [ 73.034907650593155, 31.80210306053279, 80.0 ], [ 73.034543032993341, 31.80183972673915, 80.0 ], [ 73.03435303450442, 31.801660986850042, 80.0 ], [ 73.034049999196512, 31.80144224421063, 80.0 ], [ 73.033824580910064, 31.801362429943609, 80.0 ], [ 73.033643008332263, 31.801231265649381, 80.0 ], [ 73.033348420405048, 31.8010599062018, 80.0 ], [ 73.032896103854966, 31.800898798664289, 80.0 ], [ 73.032670141190863, 31.800818314603649, 80.0 ], [ 73.032278777053037, 31.800701010486449, 80.0 ], [ 73.031992992870471, 31.800577111654022, 80.0 ], [ 73.031767537231801, 31.800496806275401, 80.0 ], [ 73.031490364946379, 31.800420423941031, 80.0 ], [ 73.031258498891575, 31.800294206514881, 80.0 ], [ 73.030921456398204, 31.800174289350259, 80.0 ], [ 73.030643555247224, 31.800097100537041, 80.0 ], [ 73.030365824978205, 31.800019956706091, 80.0 ], [ 73.03019348585002, 31.799936402612239, 80.0 ], [ 73.029864915736582, 31.79986387747865, 80.0 ], [ 73.029641092606326, 31.799784375795539, 80.0 ], [ 73.029365109715627, 31.799708416299669, 80.0 ], [ 73.028910868646832, 31.79950295349585, 80.0 ], [ 73.028580552690741, 31.79942835006117, 80.0 ], [ 73.028295811522796, 31.79930389027372, 80.0 ], [ 73.028019946345637, 31.799227530522192, 80.0 ], [ 73.027738029119462, 31.799105424033701, 80.0 ], [ 73.027299798983393, 31.798993765807641, 80.0 ], [ 73.026966227497127, 31.79887529608396, 80.0 ], [ 73.02667826849914, 31.79870713862951, 80.0 ], [ 73.026397357094041, 31.798585440396021, 80.0 ], [ 73.025952956545012, 31.798427190179108, 80.0 ], [ 73.025405032460839, 31.79827605045736, 80.0 ], [ 73.025131156548625, 31.798200421583701, 80.0 ], [ 73.024746669857848, 31.79808536207597, 80.0 ], [ 73.024303896034269, 31.79792757203202, 80.0 ], [ 73.024193278356734, 31.797888155011051, 80.0 ], [ 73.023926647508361, 31.797858917972651, 80.0 ], [ 73.023705615573547, 31.797780129989331, 80.0 ], [ 73.023328140357137, 31.79771088177403, 80.0 ], [ 73.022899832206107, 31.797646069088248, 80.0 ], [ 73.022627571855793, 31.79757105754663, 80.0 ], [ 73.022407372285727, 31.797492674097221, 80.0 ], [ 73.022083271957499, 31.797420908022961, 80.0 ], [ 73.021811086698307, 31.79734558992028, 80.0 ], [ 73.021590946132349, 31.797266936131091, 80.0 ], [ 73.02126719028503, 31.797195084770621, 80.0 ], [ 73.020995699486676, 31.797120138985459, 80.0 ], [ 73.020620506708624, 31.79705178149894, 80.0 ], [ 73.020239634048252, 31.79693773296232, 80.0 ], [ 73.019910884942561, 31.796820404448471, 80.0 ], [ 73.019685964378979, 31.796696427321571, 80.0 ], [ 73.019415338296128, 31.796621701755019, 80.0 ], [ 73.019196137988601, 31.79654288505839, 80.0 ], [ 73.018817607193071, 31.79643082710384, 80.0 ], [ 73.018432615871163, 31.7962717354925, 80.0 ], [ 73.018220463686319, 31.796239738751002, 80.0 ], [ 73.017944897806728, 31.79611943252889, 80.0 ], [ 73.01766986168947, 31.795999677418461, 80.0 ], [ 73.017400497682544, 31.79592537768864, 80.0 ], [ 73.017074371178765, 31.795809280045791, 80.0 ], [ 73.016577492173127, 31.79556712194163, 80.0 ], [ 73.015978406013986, 31.7953321557255, 80.0 ], [ 73.015539984040487, 31.795132832072241, 80.0 ], [ 73.014988613046214, 31.794849472540911, 80.0 ], [ 73.014710514602839, 31.794685182637139, 80.0 ], [ 73.014324576934541, 31.794482145898741, 80.0 ], [ 73.013816596672854, 31.79410654701471, 80.0 ], [ 73.013484071945015, 31.793902408136251, 80.0 ], [ 73.013090818938934, 31.793612088517801, 80.0 ], [ 73.012754288284086, 31.79336364752141, 80.0 ], [ 73.012152484032981, 31.793042076310659, 80.0 ], [ 73.011770191993335, 31.792840881204661, 80.0 ], [ 73.010906766272569, 31.792449798094179, 80.0 ], [ 73.010480311363793, 31.79229859014119, 80.0 ], [ 73.009836505004102, 31.792026942702019, 80.0 ], [ 73.009249023219738, 31.79179619313145, 80.0 ], [ 73.008870726838978, 31.791597386102051, 80.0 ], [ 73.008391400706614, 31.791406562417698, 80.0 ], [ 73.008014020250897, 31.791208237485801, 80.0 ], [ 73.00759103336182, 31.791059387896581, 80.0 ], [ 73.006550945035457, 31.790860917228422, 80.0 ], [ 73.005664610358139, 31.790652946445981, 80.0 ], [ 73.004986159557475, 31.790475448252739, 80.0 ], [ 73.004670785824416, 31.79036329767726, 80.0 ], [ 73.004145565713443, 31.79017654526363, 80.0 ], [ 73.003725925353962, 31.790027346994108, 80.0 ], [ 73.003516274378512, 31.789952808227049, 80.0 ], [ 73.003093677181013, 31.789760010717622, 80.0 ], [ 73.00277978575069, 31.789648423585248, 80.0 ], [ 73.002257196721871, 31.789462645845362, 80.0 ], [ 73.001836157388311, 31.789270495184649, 80.0 ], [ 73.001308107843585, 31.788997919053489, 80.0 ], [ 73.000834726802054, 31.788765981017882, 80.0 ], [ 73.000569699436284, 31.78860871441654, 80.0 ], [ 73.00061674003021, 31.788561827411389, 80.0 ] ] ] } },
{ "type": "Feature", "properties": { "Name": "Untitled Polygon", "description": null, "timestamp": null, "begin": null, "end": null, "altitudeMode": "relativeToGround", "tessellate": 1, "extrude": 1, "visibility": -1, "drawOrder": null, "icon": null }, "geometry": { "type": "Polygon", "coordinates": [ [ [ 72.750500301702772, 30.653460954459529, 150.0 ], [ 72.750459111780259, 30.653310531113629, 150.0 ], [ 72.750333071222727, 30.65319841207662, 150.0 ], [ 72.750164512810997, 30.653124359649819, 150.0 ], [ 72.74999676032823, 30.653010707636302, 150.0 ], [ 72.749913389485599, 30.652898035148858, 150.0 ], [ 72.749704771333072, 30.652672532897441, 150.0 ], [ 72.74958056964114, 30.652448246317611, 150.0 ], [ 72.749414560791109, 30.65222389000942, 150.0 ], [ 72.749332059713666, 30.652074790980681, 150.0 ], [ 72.749250144489395, 30.651887862294249, 150.0 ], [ 72.749167769555484, 30.651739305551491, 150.0 ], [ 72.748960329514958, 30.651481038801371, 150.0 ], [ 72.74879422236296, 30.651297192135729, 150.0 ], [ 72.748670818850201, 30.651111821650321, 150.0 ], [ 72.748546706624325, 30.651000248156361, 150.0 ], [ 72.748424624622231, 30.65077705628617, 150.0 ], [ 72.748258634028105, 30.650666452820069, 150.0 ], [ 72.748093189953721, 30.6505194135738, 150.0 ], [ 72.747928357227309, 30.650371459475011, 150.0 ], [ 72.747805289453041, 30.6502596518154, 150.0 ], [ 72.747684152757387, 30.650037848757631, 150.0 ], [ 72.74747898760225, 30.649817918932811, 150.0 ], [ 72.747397854063848, 30.649671793590439, 150.0 ], [ 72.747192759040416, 30.649453027284551, 150.0 ], [ 72.747112156035314, 30.649306689473271, 150.0 ], [ 72.747031002925354, 30.649196904145441, 150.0 ], [ 72.746950974063836, 30.64905017318468, 150.0 ], [ 72.746870732057147, 30.648904038090009, 150.0 ], [ 72.746791050111312, 30.648722059661001, 150.0 ], [ 72.746753354348357, 30.64850457468928, 150.0 ], [ 72.746754558091283, 30.648432286863201, 150.0 ], [ 72.746756964113303, 30.648287795855339, 150.0 ], [ 72.746719798808329, 30.648070265548281, 150.0 ], [ 72.746722044322581, 30.647961523045041, 150.0 ], [ 72.746642253135889, 30.647816451068021, 150.0 ], [ 72.746564120472925, 30.647599189345609, 150.0 ], [ 72.746524309690244, 30.64752682699773, 150.0 ], [ 72.746322309702208, 30.647309862859501, 150.0 ], [ 72.746200772003618, 30.647201489103612, 150.0 ], [ 72.746079318789995, 30.647093195675978, 150.0 ], [ 72.74595789817495, 30.646984965717241, 150.0 ], [ 72.745797192531512, 30.646769873876739, 150.0 ], [ 72.745595147755779, 30.646625300460439, 150.0 ], [ 72.745435633200501, 30.646444938944391, 150.0 ], [ 72.745315687871312, 30.646301579925112, 150.0 ], [ 72.745233667660912, 30.64623125621176, 150.0 ], [ 72.744991359671701, 30.64598235389531, 150.0 ], [ 72.744830139290073, 30.645839773875, 150.0 ], [ 72.744751665326859, 30.645697121129519, 150.0 ], [ 72.744633045267975, 30.645519053069219, 150.0 ], [ 72.744554901527763, 30.645376611168409, 150.0 ], [ 72.744436935429817, 30.645198662087761, 150.0 ], [ 72.744358841268308, 30.645056628107451, 150.0 ], [ 72.744242112605733, 30.644843716317961, 150.0 ], [ 72.744123834792248, 30.64466689656323, 150.0 ], [ 72.744046649342735, 30.64449029648636, 150.0 ], [ 72.743969237950793, 30.644314072337981, 150.0 ], [ 72.743892462789603, 30.644103028311289, 150.0 ], [ 72.74377626766379, 30.643891562150699, 150.0 ], [ 72.743739818754378, 30.643716013432499, 150.0 ], [ 72.743746370442906, 30.64350521398212, 150.0 ], [ 72.74375172700492, 30.643364404538389, 150.0 ], [ 72.743799031521789, 30.643188709140929, 150.0 ], [ 72.743846265073927, 30.643013271854119, 150.0 ], [ 72.74385157022455, 30.64287304708466, 150.0 ], [ 72.743981122299019, 30.64266322358954, 150.0 ], [ 72.744192312906122, 30.64241909886362, 150.0 ], [ 72.744276678403637, 30.642314675033941, 150.0 ], [ 72.744320448882505, 30.64221029555754, 150.0 ], [ 72.744406201660354, 30.64203666948827, 150.0 ], [ 72.744530768845337, 30.641898133450098, 150.0 ], [ 72.744612900863842, 30.64182901306383, 150.0 ], [ 72.744902162113092, 30.64158676275748, 150.0 ], [ 72.745150340526934, 30.641413633214199, 150.0 ], [ 72.745399004403325, 30.641206201822939, 150.0 ], [ 72.745686429407641, 30.64106799471686, 150.0 ], [ 72.745851068714927, 30.640964514332421, 150.0 ], [ 72.746017465650539, 30.64082632323311, 150.0 ], [ 72.746181764814551, 30.640723055273831, 150.0 ], [ 72.746223423026493, 30.640654263329221, 150.0 ], [ 72.746629263901525, 30.64044836948279, 150.0 ], [ 72.746832128888911, 30.64034541853848, 150.0 ], [ 72.746956460175838, 30.640208042497601, 150.0 ], [ 72.747202150246721, 30.640070790528839, 150.0 ], [ 72.747446920646993, 30.63996795912335, 150.0 ], [ 72.747814263227767, 30.639762616845761, 150.0 ], [ 72.748059110428215, 30.639625898062839, 150.0 ], [ 72.748181401144549, 30.63955760352648, 150.0 ], [ 72.748426158017637, 30.639352902029401, 150.0 ], [ 72.748629547045297, 30.639216702912101, 150.0 ], [ 72.748752644272358, 30.63911461015023, 150.0 ], [ 72.748955619128424, 30.638978693876869, 150.0 ], [ 72.749117815840435, 30.638842747284599, 150.0 ], [ 72.749280218374366, 30.63867297438809, 150.0 ], [ 72.749401661365738, 30.63857119645402, 150.0 ], [ 72.749523663796865, 30.63840170281334, 150.0 ], [ 72.749685030843878, 30.638300099078549, 150.0 ], [ 72.749967792210228, 30.638097115056379, 150.0 ], [ 72.750169542309308, 30.637928268445268, 150.0 ], [ 72.750210025416422, 30.63786081049788, 150.0 ], [ 72.750371445150577, 30.637692158722231, 150.0 ], [ 72.750452197748132, 30.63755742366639, 150.0 ], [ 72.750573474267554, 30.637389125666619, 150.0 ], [ 72.750654151687954, 30.637288329081731, 150.0 ], [ 72.750695515807323, 30.637086936579539, 150.0 ], [ 72.750737175850688, 30.63685268642557, 150.0 ], [ 72.750738627893426, 30.636685898960842, 150.0 ], [ 72.750739821394575, 30.636518838906571, 150.0 ], [ 72.750702089204779, 30.636218705102571, 150.0 ], [ 72.750702848668666, 30.63611891934567, 150.0 ], [ 72.750663810906644, 30.636019147037519, 150.0 ], [ 72.75062533110588, 30.635853078334719, 150.0 ], [ 72.750626120102751, 30.6357535859458, 150.0 ], [ 72.750627527478429, 30.635588114225371, 150.0 ], [ 72.750628557446291, 30.635455810942929, 150.0 ], [ 72.750670123980228, 30.635224783228711, 150.0 ], [ 72.750710003705009, 30.635191768322429, 150.0 ], [ 72.750750819224876, 30.635026798457609, 150.0 ], [ 72.750791894326142, 30.634829238954069, 150.0 ], [ 72.750872188096324, 30.63459795691973, 150.0 ], [ 72.750951887841524, 30.63446585141104, 150.0 ], [ 72.751031364390059, 30.634366801731758, 150.0 ], [ 72.751110965348872, 30.634234967538291, 150.0 ], [ 72.75115120073886, 30.63407059521484, 150.0 ], [ 72.751389377708321, 30.633842348668331, 150.0 ], [ 72.751547548490137, 30.633711554968151, 150.0 ], [ 72.751784671530245, 30.633515239517429, 150.0 ], [ 72.751863611928982, 30.63344984810827, 150.0 ], [ 72.752139321759387, 30.633352007730991, 150.0 ], [ 72.752296837122373, 30.633286759594139, 150.0 ], [ 72.752414915822314, 30.63325408061031, 150.0 ], [ 72.752532986020228, 30.633123501366949, 150.0 ], [ 72.752650933666217, 30.632993526605031, 150.0 ], [ 72.752768771278568, 30.632896889405171, 150.0 ], [ 72.752965101208687, 30.632832566675141, 150.0 ], [ 72.753161470568102, 30.63276705434464, 150.0 ], [ 72.753396906554642, 30.632668801888489, 150.0 ], [ 72.753632274238427, 30.632570418736961, 150.0 ], [ 72.753789142308321, 30.632538028199939, 150.0 ], [ 72.754141937626315, 30.632440207075099, 150.0 ], [ 72.754220238994975, 30.632407813305232, 150.0 ], [ 72.754533492852644, 30.632343514378519, 150.0 ], [ 72.754768154396899, 30.632279272606009, 150.0 ], [ 72.754924596304733, 30.63224728679236, 150.0 ], [ 72.755159099151612, 30.63221593741223, 150.0 ], [ 72.755472391283789, 30.632149936577871, 150.0 ], [ 72.755550344435534, 30.632117782758051, 150.0 ], [ 72.755785343811752, 30.632118052998589, 150.0 ], [ 72.755980270053868, 30.632053823281549, 150.0 ], [ 72.756136877597214, 30.632054004476441, 150.0 ], [ 72.756371772276012, 30.632054275822, 150.0 ], [ 72.75672430345341, 30.632054094178159, 150.0 ], [ 72.756920572882848, 30.632053631438829, 150.0 ], [ 72.757077476708474, 30.632053184821299, 150.0 ], [ 72.757469779396644, 30.632052207541481, 150.0 ], [ 72.75762703477028, 30.63205143998287, 150.0 ], [ 72.757784364686245, 30.632050536315209, 150.0 ], [ 72.758057656440954, 30.632052079415281, 150.0 ], [ 72.758136124233275, 30.632051912531029, 150.0 ], [ 72.758372439842617, 30.632083530838852, 150.0 ], [ 72.758608857693616, 30.632115145403759, 150.0 ], [ 72.758805274469324, 30.632114613048831, 150.0 ], [ 72.759002556273629, 30.632146344598791, 150.0 ], [ 72.759315856795453, 30.632146698201311, 150.0 ], [ 72.759512898705694, 30.632178855208299, 150.0 ], [ 72.759592234587814, 30.632211141463291, 150.0 ], [ 72.759866924252378, 30.632244230776621, 150.0 ], [ 72.760024360015791, 30.632276968519509, 150.0 ], [ 72.76006324462746, 30.63227731775731, 150.0 ], [ 72.760339757857238, 30.632341931213212, 150.0 ], [ 72.760418245915346, 30.632341899379931, 150.0 ], [ 72.760695601293008, 30.632405938837181, 150.0 ], [ 72.760853982960839, 30.632437969363188, 150.0 ], [ 72.761051638207178, 30.632469943945821, 150.0 ], [ 72.761210950988755, 30.632534712187098, 150.0 ], [ 72.761408080926444, 30.632567136596009, 150.0 ], [ 72.761687526112908, 30.632697157560742, 150.0 ], [ 72.761845256094105, 30.632730038117941, 150.0 ], [ 72.762044360177256, 30.632828072115231, 150.0 ], [ 72.762243578794056, 30.632926164479791, 150.0 ], [ 72.762402508481301, 30.632991802354169, 150.0 ], [ 72.762722569103886, 30.633154784763111, 150.0 ], [ 72.762801855737152, 30.633187782613469, 150.0 ], [ 72.763045179783106, 30.633350176211671, 150.0 ], [ 72.763207365507327, 30.633447563664639, 150.0 ], [ 72.763409090630304, 30.633545046679831, 150.0 ], [ 72.763531612467531, 30.633642925833279, 150.0 ], [ 72.763775603059401, 30.63380615670771, 150.0 ], [ 72.76397812317478, 30.633937303488231, 150.0 ], [ 72.764219692439355, 30.634102363265299, 150.0 ], [ 72.764300474845257, 30.634168471755679, 150.0 ], [ 72.764463608482131, 30.63433355157564, 150.0 ], [ 72.764714476906875, 30.63456219146769, 150.0 ], [ 72.764838638659626, 30.634660550872969, 150.0 ], [ 72.764879901855437, 30.634693418026369, 150.0 ], [ 72.765086973166163, 30.63492485666977, 150.0 ], [ 72.765127882835742, 30.63495796059069, 150.0 ], [ 72.765293438269921, 30.63512350188579, 150.0 ], [ 72.765418277055417, 30.635255637466269, 150.0 ], [ 72.765502022216694, 30.63535486498451, 150.0 ], [ 72.76567026828296, 30.635553782058949, 150.0 ], [ 72.765835959685859, 30.635686501243431, 150.0 ], [ 72.766045937370237, 30.635918995961589, 150.0 ], [ 72.766131690114662, 30.636052100040551, 150.0 ], [ 72.766340332024967, 30.63625223587259, 150.0 ], [ 72.766467277541082, 30.636418587335729, 150.0 ], [ 72.766638048653519, 30.63665255660429, 150.0 ], [ 72.766679591591341, 30.636685980705309, 150.0 ], [ 72.766848816803929, 30.63688691757098, 150.0 ], [ 72.766894128013917, 30.63698733715599, 150.0 ], [ 72.7670644539796, 30.637188440235938, 150.0 ], [ 72.767109896823499, 30.63728908869145, 150.0 ], [ 72.767235030564109, 30.637389842911531, 150.0 ], [ 72.767489441699865, 30.63765885263193, 150.0 ], [ 72.767744021623386, 30.63789466024765, 150.0 ], [ 72.767956735036492, 30.63816457573035, 150.0 ], [ 72.767999527136297, 30.638232350154279, 150.0 ], [ 72.768129413969547, 30.638435423717851, 150.0 ], [ 72.768217698751229, 30.638570820937911, 150.0 ], [ 72.768221619678954, 30.638638585622228, 150.0 ], [ 72.768317915917734, 30.638909963230361, 150.0 ], [ 72.76840646798523, 30.639045936267379, 150.0 ], [ 72.768452989946752, 30.639147934625282, 150.0 ], [ 72.768545933348491, 30.6393522264799, 150.0 ], [ 72.768594041890879, 30.639488605972971, 150.0 ], [ 72.768688392170006, 30.639727587502989, 150.0 ], [ 72.768690397896989, 30.63976176288601, 150.0 ], [ 72.768825818673179, 30.640000978185991, 150.0 ], [ 72.768923363278461, 30.64027518786218, 150.0 ], [ 72.768965725209597, 30.64030978892875, 150.0 ], [ 72.769061384578563, 30.640550175329839, 150.0 ], [ 72.769157209464609, 30.640790995955012, 150.0 ], [ 72.769209622845182, 30.640997656890541, 150.0 ], [ 72.769265672687979, 30.641273795154071, 150.0 ], [ 72.769279393725228, 30.641515854266899, 150.0 ], [ 72.76929314051678, 30.641758293619549, 150.0 ], [ 72.769299041536982, 30.641862352431659, 150.0 ], [ 72.769308883276096, 30.642035900941242, 150.0 ], [ 72.769314793597857, 30.642140132512839, 150.0 ], [ 72.769365169968154, 30.64231372724025, 150.0 ], [ 72.769460156476313, 30.642557374586861, 150.0 ], [ 72.769472039928957, 30.642766565869039, 150.0 ], [ 72.769447239126393, 30.643045967300509, 150.0 ], [ 72.769414473978685, 30.643185875631691, 150.0 ], [ 72.769389829937253, 30.643431531115031, 150.0 ], [ 72.76923907948445, 30.643711474824411, 150.0 ], [ 72.76921005018194, 30.643887631548651, 150.0 ], [ 72.769179257909457, 30.64402890264337, 150.0 ], [ 72.769148428121653, 30.644170348407439, 150.0 ], [ 72.76911993737977, 30.644347355603799, 150.0 ], [ 72.769052891384916, 30.644560104380911, 150.0 ], [ 72.768985677678273, 30.64477325346278, 150.0 ], [ 72.768916489236759, 30.645055778155811, 150.0 ], [ 72.768843263444111, 30.645267786304981, 150.0 ], [ 72.768813537431953, 30.645480885638591, 150.0 ], [ 72.768782701515477, 30.645658981379501, 150.0 ], [ 72.768711367932212, 30.645837658453811, 150.0 ], [ 72.768682720249956, 30.646052011762379, 150.0 ], [ 72.768651735949533, 30.646230731300019, 150.0 ], [ 72.768582877793932, 30.64655132608134, 150.0 ], [ 72.768586420651971, 30.646657842760661, 150.0 ], [ 72.768557503252978, 30.64683833189245, 150.0 ], [ 72.768562964120747, 30.64691085025456, 150.0 ], [ 72.768500976372124, 30.647165724668952, 150.0 ], [ 72.768476803479942, 30.647384476320671, 150.0 ], [ 72.768438828375679, 30.64742126373363, 150.0 ], [ 72.768376521624575, 30.647677468113979, 150.0 ], [ 72.768345050611003, 30.647858539174049, 150.0 ], [ 72.768231915796306, 30.64818149400099, 150.0 ], [ 72.768155814465146, 30.648361437872389, 150.0 ], [ 72.768078864207482, 30.648576447234099, 150.0 ], [ 72.768001823309689, 30.648720791441281, 150.0 ], [ 72.767929553930244, 30.64897463181336, 150.0 ], [ 72.7678151126144, 30.649192645928121, 150.0 ], [ 72.767739511247015, 30.649338697576368, 150.0 ], [ 72.767585887245289, 30.64959469360717, 150.0 ], [ 72.767468658266424, 30.649741388532899, 150.0 ], [ 72.767472471947542, 30.649814730803371, 150.0 ], [ 72.767275288954238, 30.650035142112721, 150.0 ], [ 72.767161316473775, 30.650255830942299, 150.0 ], [ 72.767005159494644, 30.65047673393024, 150.0 ], [ 72.766847307769112, 30.650661387239399, 150.0 ], [ 72.766731196963562, 30.650846417338979, 150.0 ], [ 72.766611107006227, 30.650992905149149, 150.0 ], [ 72.766452552022358, 30.651213610180779, 150.0 ], [ 72.766374824462417, 30.651361024677989, 150.0 ], [ 72.766214551544394, 30.651545451981129, 150.0 ], [ 72.766179984767561, 30.65169433216456, 150.0 ], [ 72.766063482925347, 30.651880983978462, 150.0 ], [ 72.765987435936751, 30.652030870036899, 150.0 ], [ 72.765869355594091, 30.652181014754909, 150.0 ], [ 72.765794892504658, 30.652368679421961, 150.0 ], [ 72.765674173594448, 30.65251699650582, 150.0 ], [ 72.765516606980356, 30.652813801979679, 150.0 ], [ 72.765396862288853, 30.652963776743981, 150.0 ], [ 72.765276669338121, 30.65311377063485, 150.0 ], [ 72.76507236549422, 30.65326379908597, 150.0 ], [ 72.764991077986608, 30.653338899143989, 150.0 ], [ 72.764827927386477, 30.653488930567971, 150.0 ], [ 72.764663338676598, 30.65360154674665, 150.0 ], [ 72.764541474297019, 30.653714873187461, 150.0 ], [ 72.764336846260392, 30.65386654817571, 150.0 ], [ 72.764174218446243, 30.654018263868451, 150.0 ], [ 72.764092218924546, 30.654093412444009, 150.0 ], [ 72.763842397666153, 30.654242614850851, 150.0 ], [ 72.763591011807776, 30.65435416537111, 150.0 ], [ 72.763507187690266, 30.65439136171312, 150.0 ], [ 72.763339598171129, 30.65446585800537, 150.0 ], [ 72.763045240249369, 30.654541356602849, 150.0 ], [ 72.76267076087818, 30.654659541227591, 150.0 ], [ 72.762587678005801, 30.654698199189781, 150.0 ], [ 72.762126765374234, 30.65481540602125, 150.0 ], [ 72.761747253440632, 30.654891863175202, 150.0 ], [ 72.761067069810323, 30.65496324239934, 150.0 ], [ 72.760983697756473, 30.655002120904619, 150.0 ], [ 72.760857682838605, 30.65504050707197, 150.0 ], [ 72.760645269318388, 30.65504071082189, 150.0 ], [ 72.760390595514366, 30.655041184206372, 150.0 ], [ 72.760179426662759, 30.655079824815921, 150.0 ], [ 72.760009780114331, 30.65511669167725, 150.0 ], [ 72.759712791589251, 30.65515396752652, 150.0 ], [ 72.75954404568246, 30.65515660600656, 150.0 ], [ 72.759376069980831, 30.655197376693842, 150.0 ], [ 72.759249348313318, 30.655199370438769, 150.0 ], [ 72.758952700648408, 30.655237958352551, 150.0 ], [ 72.75878258438135, 30.65523799085533, 150.0 ], [ 72.758526610702006, 30.65523603486859, 150.0 ], [ 72.758314225749473, 30.65523676324537, 150.0 ], [ 72.758102893360899, 30.655312727253559, 150.0 ], [ 72.757761353166117, 30.655309222467871, 150.0 ], [ 72.757633170535073, 30.655307454802241, 150.0 ], [ 72.757251215002768, 30.6553101774529, 150.0 ], [ 72.757208578640501, 30.65530983824285, 150.0 ], [ 72.756867664630406, 30.65530757750669, 150.0 ], [ 72.756484666967481, 30.655306799474531, 150.0 ], [ 72.756315289121929, 30.655345690625811, 150.0 ], [ 72.75593294499015, 30.655347927299701, 150.0 ], [ 72.755763007879807, 30.655348956012521, 150.0 ], [ 72.75559310939623, 30.65535039237329, 150.0 ], [ 72.755337404161182, 30.655348125123499, 150.0 ], [ 72.755166762536447, 30.655345310687409, 150.0 ], [ 72.75499595846243, 30.655304863932749, 150.0 ], [ 72.754570442028808, 30.655266434740739, 150.0 ], [ 72.754400601501374, 30.655268896906371, 150.0 ], [ 72.754018457270959, 30.65527424808478, 150.0 ], [ 72.753721019144692, 30.655278428860889, 150.0 ], [ 72.753380894449066, 30.655283211334378, 150.0 ], [ 72.753168055308464, 30.65528300179718, 150.0 ], [ 72.753040353001168, 30.655282580080421, 150.0 ], [ 72.752699851254462, 30.655281897776479, 150.0 ], [ 72.752359361676298, 30.655247968561461, 150.0 ], [ 72.752231751000821, 30.655208245300582, 150.0 ], [ 72.752061671472006, 30.655168149597529, 150.0 ], [ 72.751891952323263, 30.655050282523462, 150.0 ], [ 72.751722368254519, 30.65489719344739, 150.0 ], [ 72.751637799927678, 30.654746652232181, 150.0 ], [ 72.751468563244586, 30.654520425403991, 150.0 ], [ 72.751215574451081, 30.65421571542587, 150.0 ], [ 72.751089341546603, 30.654026830482358, 150.0 ], [ 72.750921313523619, 30.653763258281131, 150.0 ], [ 72.750752847556456, 30.653649067683531, 150.0 ], [ 72.750585137910122, 30.65342326965586, 150.0 ], [ 72.750543644179771, 30.65331047425132, 150.0 ], [ 72.750500301702772, 30.653460954459529, 150.0 ] ] ] } },
{ "type": "Feature", "properties": { "Name": "Untitled Polygon", "description": null, "timestamp": null, "begin": null, "end": null, "altitudeMode": "relativeToGround", "tessellate": 1, "extrude": 1, "visibility": -1, "drawOrder": null, "icon": null }, "geometry": { "type": "Polygon", "coordinates": [ [ [ 72.992330552188349, 30.77302666131725, 150.0 ], [ 72.992475431147653, 30.772924854232389, 150.0 ], [ 72.992582988157793, 30.772785354397179, 150.0 ], [ 72.992717864173912, 30.77275525351666, 150.0 ], [ 72.992973838102301, 30.772767063996159, 150.0 ], [ 72.993184846100505, 30.772777036203181, 150.0 ], [ 72.993523312973693, 30.772792972711709, 150.0 ], [ 72.993692113881664, 30.77280094630374, 150.0 ], [ 72.993861204862341, 30.77280895710269, 150.0 ], [ 72.994109018759517, 30.772856823072551, 150.0 ], [ 72.994314741739089, 30.77290270761468, 150.0 ], [ 72.994515330066704, 30.772984503402078, 150.0 ], [ 72.994668597467836, 30.77310028040036, 150.0 ], [ 72.994796967178388, 30.77339606668161, 150.0 ], [ 72.994814022554863, 30.773578271406031, 150.0 ], [ 72.994873445456989, 30.773762797576779, 150.0 ], [ 72.994890199743281, 30.773945646260071, 150.0 ], [ 72.995022846826558, 30.77420765848111, 150.0 ], [ 72.99508513624852, 30.77435737499216, 150.0 ], [ 72.995221853078576, 30.774584336723581, 150.0 ], [ 72.995290823922787, 30.774697914673052, 150.0 ], [ 72.99542959775448, 30.77496071823284, 150.0 ], [ 72.995498020123705, 30.775110251603561, 150.0 ], [ 72.99560888637599, 30.775262061192091, 150.0 ], [ 72.995723424124108, 30.77537774812274, 150.0 ], [ 72.995791607802559, 30.775527819173909, 150.0 ], [ 72.995939975289275, 30.775719028907481, 150.0 ], [ 72.996150994628977, 30.776027591337659, 150.0 ], [ 72.996360697158096, 30.776337877929119, 150.0 ], [ 72.996510930076781, 30.776494836555411, 150.0 ], [ 72.996579844190293, 30.776646340941909, 150.0 ], [ 72.9967709912045, 30.776877502700991, 150.0 ], [ 72.996888514956368, 30.776994131015819, 150.0 ], [ 72.997044239305978, 30.777150177869729, 150.0 ], [ 72.997251773518016, 30.77723442038452, 150.0 ], [ 72.99757782328011, 30.77740014464128, 150.0 ], [ 72.997860456268342, 30.777564323192419, 150.0 ], [ 72.998076076930587, 30.77757494312932, 150.0 ], [ 72.998113964277778, 30.777614674213151, 150.0 ], [ 72.998448760594925, 30.77770695610522, 150.0 ], [ 72.998747611192897, 30.777758678376159, 150.0 ], [ 72.999048985045533, 30.77780925566061, 150.0 ], [ 72.99934543685616, 30.777897486763351, 150.0 ], [ 72.999520583172568, 30.777904813528409, 150.0 ], [ 72.999910092413046, 30.77795873931387, 150.0 ], [ 73.000253940153627, 30.778011862771251, 150.0 ], [ 73.000465546101466, 30.778060089221501, 150.0 ], [ 73.000895340589324, 30.77811792996912, 150.0 ], [ 73.001065171237613, 30.778163317448609, 150.0 ], [ 73.00114810375814, 30.778204698425171, 150.0 ], [ 73.00152797966058, 30.778334762782759, 150.0 ], [ 73.001691370395662, 30.77845432650923, 150.0 ], [ 73.001903094236198, 30.778537949980301, 150.0 ], [ 73.002110967924736, 30.778624300418009, 150.0 ], [ 73.002323050994931, 30.77867308224765, 150.0 ], [ 73.002487684725423, 30.778757593380409, 150.0 ], [ 73.002778272682107, 30.778886700472011, 150.0 ], [ 73.002895738519172, 30.77900720534042, 150.0 ], [ 73.003187303337484, 30.779171017689219, 150.0 ], [ 73.003355802886091, 30.77925329392394, 150.0 ], [ 73.003480088675573, 30.77933413661912, 150.0 ], [ 73.003812020367192, 30.77950378802452, 150.0 ], [ 73.003936907185576, 30.779549927619829, 150.0 ], [ 73.004097560011914, 30.77967497594328, 150.0 ], [ 73.004333058394195, 30.779954292888739, 150.0 ], [ 73.004574369442139, 30.78019460188013, 150.0 ], [ 73.00481936090857, 30.780397524504359, 150.0 ], [ 73.005031338510364, 30.780484295514999, 150.0 ], [ 73.005199815658187, 30.780568804036559, 150.0 ], [ 73.005408670423677, 30.780693810188271, 150.0 ], [ 73.005649639681479, 30.780938149010769, 150.0 ], [ 73.005771075622647, 30.781059507444599, 150.0 ], [ 73.005845169936748, 30.78121740452384, 150.0 ], [ 73.00604787134391, 30.78142041220195, 150.0 ], [ 73.006078067339772, 30.781576961641981, 150.0 ], [ 73.006274032979533, 30.78185854158712, 150.0 ], [ 73.00630392319411, 30.782016478987511, 150.0 ], [ 73.006334139372925, 30.78217421169164, 150.0 ], [ 73.006450016240976, 30.78237412432884, 150.0 ], [ 73.006569433054267, 30.78253545674351, 150.0 ], [ 73.006685658696014, 30.78273593464391, 150.0 ], [ 73.006719991590487, 30.782854805626389, 150.0 ], [ 73.006879494574193, 30.78306065301415, 150.0 ], [ 73.006954100078602, 30.783222827050039, 150.0 ], [ 73.007028957130956, 30.783385063145921, 150.0 ], [ 73.007103994773104, 30.783547453989971, 150.0 ], [ 73.007262210577537, 30.783791387844929, 150.0 ], [ 73.007341946128236, 30.783912395930631, 150.0 ], [ 73.007544398112302, 30.784161101497791, 150.0 ], [ 73.007627162646983, 30.784244019992499, 150.0 ], [ 73.007786599639829, 30.784488739967919, 150.0 ], [ 73.007990965474505, 30.784736099078469, 150.0 ], [ 73.008070969308648, 30.784858862691539, 150.0 ], [ 73.008234219355145, 30.785065330380249, 150.0 ], [ 73.008436250511494, 30.785353971121271, 150.0 ], [ 73.008513501947931, 30.78551743109864, 150.0 ], [ 73.008677447839077, 30.785725255033331, 150.0 ], [ 73.008761038455162, 30.785809333791381, 150.0 ], [ 73.00888652654281, 30.785935555693818, 150.0 ], [ 73.009098106200909, 30.786109444970648, 150.0 ], [ 73.009313014613809, 30.786243697291461, 150.0 ], [ 73.009438321190544, 30.786373406973439, 150.0 ], [ 73.009605987197716, 30.786545335637239, 150.0 ], [ 73.009732427440298, 30.78667206739927, 150.0 ], [ 73.009853498772117, 30.78687811909673, 150.0 ], [ 73.010022717947052, 30.787046165291802, 150.0 ], [ 73.010146939290124, 30.787212778281059, 150.0 ], [ 73.010276884721193, 30.787298733768061, 150.0 ], [ 73.010539341461381, 30.787432911149448, 150.0 ], [ 73.010666479768574, 30.787561538034431, 150.0 ], [ 73.01083895576258, 30.787692357340859, 150.0 ], [ 73.011189953608579, 30.787871982264079, 150.0 ], [ 73.011501315282018, 30.78796841816175, 150.0 ], [ 73.011724705395523, 30.78802415421876, 150.0 ], [ 73.011855229720055, 30.78811493075164, 150.0 ], [ 73.012036353149327, 30.78812491507604, 150.0 ], [ 73.012388872182029, 30.788304722009059, 150.0 ], [ 73.012519911208628, 30.7883954464717, 150.0 ], [ 73.012830211059935, 30.788533252143498, 150.0 ], [ 73.013093029360718, 30.788706681058969, 150.0 ], [ 73.013360683317941, 30.788797337604251, 150.0 ], [ 73.013583061942768, 30.788886679477031, 150.0 ], [ 73.013987463747469, 30.788988965182011, 150.0 ], [ 73.014478390943992, 30.789172413293961, 150.0 ], [ 73.014835710754596, 30.789312280711261, 150.0 ], [ 73.015015860735303, 30.789363412388521, 150.0 ], [ 73.015555524328931, 30.789565015059289, 150.0 ], [ 73.015642777912888, 30.789652800095521, 150.0 ], [ 73.015775667039321, 30.78974097959081, 150.0 ], [ 73.015952154331345, 30.789872315434032, 150.0 ], [ 73.016079274598525, 30.79008336375562, 150.0 ], [ 73.016164768972416, 30.790210583477428, 150.0 ], [ 73.01624841458333, 30.790378908471311, 150.0 ], [ 73.016319998289617, 30.79084240074512, 150.0 ], [ 73.016316559112994, 30.79092704112362, 150.0 ], [ 73.016306144043341, 30.79118082524986, 150.0 ], [ 73.016344953614734, 30.791351875547889, 150.0 ], [ 73.016334212637418, 30.791604540323739, 150.0 ], [ 73.016280755135128, 30.791769316745299, 150.0 ], [ 73.016273303424512, 30.7919360168281, 150.0 ], [ 73.016220016380885, 30.792103968466598, 150.0 ], [ 73.016162938302813, 30.792355639490282, 150.0 ], [ 73.016153713831883, 30.792567612719651, 150.0 ], [ 73.016144476365838, 30.792779965752821, 150.0 ], [ 73.015996609252838, 30.792986069094951, 150.0 ], [ 73.015801957034085, 30.793187525800139, 150.0 ], [ 73.015705439331654, 30.7932683145807, 150.0 ], [ 73.015560989144163, 30.79339058813833, 150.0 ], [ 73.015281244864255, 30.79341943627146, 150.0 ], [ 73.015140350563925, 30.793455495979419, 150.0 ], [ 73.0147196728024, 30.793523060700259, 150.0 ], [ 73.014395574208706, 30.793508728844241, 150.0 ], [ 73.014161833388059, 30.79354125298466, 150.0 ], [ 73.013883939681776, 30.793528256826729, 150.0 ], [ 73.013698677409508, 30.793519593191249, 150.0 ], [ 73.013515688147265, 30.793466459781339, 150.0 ], [ 73.013145300405114, 30.793452166042751, 150.0 ], [ 73.01296006725417, 30.793445101164099, 150.0 ], [ 73.012772359281811, 30.793478641432529, 150.0 ], [ 73.012633388470547, 30.793472317163719, 150.0 ], [ 73.012304091877184, 30.79354238020214, 150.0 ], [ 73.011972021627898, 30.793653304569709, 150.0 ], [ 73.011737621416955, 30.79368483990956, 150.0 ], [ 73.011546881069279, 30.793760609661039, 150.0 ], [ 73.011358525580562, 30.793796692072021, 150.0 ], [ 73.010981571592296, 30.793868433614701, 150.0 ], [ 73.010888796042636, 30.793863585294321, 150.0 ], [ 73.010375512776704, 30.793881659945981, 150.0 ], [ 73.009865011623589, 30.79385743829706, 150.0 ], [ 73.009676398776335, 30.793891256460451, 150.0 ], [ 73.009116412925863, 30.793907069840159, 150.0 ], [ 73.008596314513696, 30.79401078970994, 150.0 ], [ 73.008028012956274, 30.794118344989901, 150.0 ], [ 73.007884958628381, 30.794156069311121, 150.0 ], [ 73.007602106082615, 30.79418829474519, 150.0 ], [ 73.007369141937062, 30.794179179491248, 150.0 ], [ 73.006860662449029, 30.794114105135751, 150.0 ], [ 73.006317338846401, 30.793945689566751, 150.0 ], [ 73.005447497078265, 30.793771602355552, 150.0 ], [ 73.005121598634929, 30.793759309864981, 150.0 ], [ 73.004934864765332, 30.793753614946841, 150.0 ], [ 73.004748084065284, 30.79374791770147, 150.0 ], [ 73.004524897150375, 30.793648372481201, 150.0 ], [ 73.004066518734049, 30.793579446778001, 150.0 ], [ 73.003744055256334, 30.793558729077802, 150.0 ], [ 73.003422859853856, 30.793502363948189, 150.0 ], [ 73.003144986384342, 30.79348850514647, 150.0 ], [ 73.003001641184852, 30.79352485477094, 150.0 ], [ 73.002580856923757, 30.793546151325909, 150.0 ], [ 73.002253253425138, 30.793570790156579, 150.0 ], [ 73.002059938769435, 30.79361199948811, 150.0 ], [ 73.00167273965819, 30.793694542082491, 150.0 ], [ 73.00162584965571, 30.793693222997369, 150.0 ], [ 73.001437062819448, 30.793724459909001, 150.0 ], [ 73.00106575942479, 30.793706393718079, 150.0 ], [ 73.000834189000315, 30.793694207914111, 150.0 ], [ 73.000602646109613, 30.793682022580089, 150.0 ], [ 73.000417432308254, 30.793672275334409, 150.0 ], [ 73.000185941710811, 30.793660092708411, 150.0 ], [ 72.999813557069487, 30.793644157286071, 150.0 ], [ 72.999533100319738, 30.793634128395031, 150.0 ], [ 72.999164788080179, 30.79357647762496, 150.0 ], [ 72.998932768362522, 30.79356518505001, 150.0 ], [ 72.998701449512239, 30.793552927702269, 150.0 ], [ 72.998421564822678, 30.793541774964481, 150.0 ], [ 72.998193757781223, 30.793489016044258, 150.0 ], [ 72.997968021799338, 30.793433264429559, 150.0 ], [ 72.997743005710703, 30.793376664833129, 150.0 ], [ 72.997380147289093, 30.793311843901549, 150.0 ], [ 72.997154543521603, 30.793256616078871, 150.0 ], [ 72.996882213454583, 30.793199911347759, 150.0 ], [ 72.996661460810543, 30.793102998620011, 150.0 ], [ 72.996256071361046, 30.792996780878529, 150.0 ], [ 72.995891771379704, 30.792935593050551, 150.0 ], [ 72.995444070192363, 30.79278741347094, 150.0 ], [ 72.995211652043636, 30.792777693491111, 150.0 ], [ 72.99503199181818, 30.792726502626529, 150.0 ], [ 72.994672859390619, 30.792624173088871, 150.0 ], [ 72.994355471386683, 30.792565502012199, 150.0 ], [ 72.994125955981971, 30.792516652251859, 150.0 ], [ 72.993623369150058, 30.792449739381251, 150.0 ], [ 72.993493590940759, 30.792397317363299, 150.0 ], [ 72.993097234959023, 30.792248340299992, 150.0 ], [ 72.992917761590206, 30.792197897433041, 150.0 ], [ 72.992784557147502, 30.79214961719828, 150.0 ], [ 72.992425865603593, 30.79204880555924, 150.0 ], [ 72.992205945193348, 30.79195449210351, 150.0 ], [ 72.99202715228958, 30.791903750968181, 150.0 ], [ 72.991802618518349, 30.791850515763961, 150.0 ], [ 72.991624296674814, 30.791799478131761, 150.0 ], [ 72.991446041634546, 30.79174845860069, 150.0 ], [ 72.991274144117185, 30.791655175880351, 150.0 ], [ 72.991003860119406, 30.79159986115075, 150.0 ], [ 72.990825740904711, 30.791549014015729, 150.0 ], [ 72.990607884774533, 30.791453915453271, 150.0 ], [ 72.990494784036258, 30.791279227649351, 150.0 ], [ 72.990315103491213, 30.790932671283741, 150.0 ], [ 72.990267660698819, 30.790635091011051, 150.0 ], [ 72.990247177097089, 30.790465663140321, 150.0 ], [ 72.99018737215674, 30.7902524776202, 150.0 ], [ 72.990087646187249, 30.789996334200659, 150.0 ], [ 72.990042204092802, 30.78969975754136, 150.0 ], [ 72.98997706763079, 30.78952881185587, 150.0 ], [ 72.989945027031936, 30.789443037678499, 150.0 ], [ 72.989882585063668, 30.789270454974051, 150.0 ], [ 72.989880956026042, 30.78901590707526, 150.0 ], [ 72.989823110454779, 30.788804366249948, 150.0 ], [ 72.989774229088468, 30.788513946265489, 150.0 ], [ 72.989786576623004, 30.7884320832529, 150.0 ], [ 72.989770127429622, 30.78822688448879, 150.0 ], [ 72.98979985475134, 30.78802359714917, 150.0 ], [ 72.98974995809084, 30.787771973416831, 150.0 ], [ 72.989763936960316, 30.787689401823989, 150.0 ], [ 72.989745802403519, 30.787522854561939, 150.0 ], [ 72.989783106560949, 30.78727909179236, 150.0 ], [ 72.989816190079011, 30.78703870766358, 150.0 ], [ 72.98984143437103, 30.786876471359079, 150.0 ], [ 72.989892550172499, 30.786552137758701, 150.0 ], [ 72.989878967103408, 30.786348003955371, 150.0 ], [ 72.989859711296035, 30.786184100693951, 150.0 ], [ 72.989840479355379, 30.78602048971354, 150.0 ], [ 72.989827683864192, 30.785816802931659, 150.0 ], [ 72.989789582094616, 30.785490643155679, 150.0 ], [ 72.989732584672069, 30.785285411978219, 150.0 ], [ 72.989694223581708, 30.78496104895855, 150.0 ], [ 72.989635796567427, 30.78475774358623, 150.0 ], [ 72.989609657382573, 30.784636393263511, 150.0 ], [ 72.989575379290557, 30.784275565253111, 150.0 ], [ 72.989561210780082, 30.784075861449129, 150.0 ], [ 72.989603574710458, 30.783799928312462, 150.0 ], [ 72.989605689536333, 30.783520126286831, 150.0 ], [ 72.989639363843153, 30.78332201822651, 150.0 ], [ 72.989652815552802, 30.78324287857583, 150.0 ], [ 72.989616309396681, 30.78292343322174, 150.0 ], [ 72.989597610252019, 30.782764300147871, 150.0 ], [ 72.989623583507779, 30.782607326844769, 150.0 ], [ 72.98956537902508, 30.782408227963419, 150.0 ], [ 72.98956888707913, 30.782095372140841, 150.0 ], [ 72.989496658012484, 30.78197563192899, 150.0 ], [ 72.989489750216734, 30.781740520854321, 150.0 ], [ 72.989521008673989, 30.78154659300586, 150.0 ], [ 72.989458507999558, 30.78138717430539, 150.0 ], [ 72.989439799418605, 30.781230231046791, 150.0 ], [ 72.989347176833149, 30.780991458155331, 150.0 ], [ 72.989313330567043, 30.780677563605639, 150.0 ], [ 72.989272975984562, 30.780403083782659, 150.0 ], [ 72.989245824899939, 30.780052604377321, 150.0 ], [ 72.989294487988758, 30.77978330722495, 150.0 ], [ 72.989288488658573, 30.779552614064961, 150.0 ], [ 72.989272866442747, 30.77936147570745, 150.0 ], [ 72.989252171521812, 30.779208165353751, 150.0 ], [ 72.989291558702405, 30.778944175152741, 150.0 ], [ 72.989319646342338, 30.778755924669159, 150.0 ], [ 72.989336479601548, 30.778643102904159, 150.0 ], [ 72.989355260374168, 30.778529832358419, 150.0 ], [ 72.989352558525908, 30.778300391504381, 150.0 ], [ 72.989355091033346, 30.778034181721392, 150.0 ], [ 72.989361360449578, 30.777996588698208, 150.0 ], [ 72.989411185017318, 30.77769636503119, 150.0 ], [ 72.989446669956124, 30.777472184625012, 150.0 ], [ 72.989486808981454, 30.77721151734734, 150.0 ], [ 72.989525201358646, 30.77698746179653, 150.0 ], [ 72.989587910986415, 30.776877592655079, 150.0 ], [ 72.989683866095604, 30.776581517036501, 150.0 ], [ 72.989816659225838, 30.776325313872661, 150.0 ], [ 72.990057449433323, 30.775891073985228, 150.0 ], [ 72.990235889724133, 30.775602277518999, 150.0 ], [ 72.990395106301577, 30.775424571250891, 150.0 ], [ 72.990456933989094, 30.77531614441715, 150.0 ], [ 72.990786341584595, 30.774924442119769, 150.0 ], [ 72.991063572125725, 30.774533493167471, 150.0 ], [ 72.991268510224771, 30.774323404583299, 150.0 ], [ 72.991681730623029, 30.773868358029969, 150.0 ], [ 72.991951840656839, 30.773516937737408, 150.0 ], [ 72.992308245970278, 30.77317040195949, 150.0 ], [ 72.992362160003509, 30.77310046651214, 150.0 ], [ 72.992330552188349, 30.77302666131725, 150.0 ] ] ] } },
{ "type": "Feature", "properties": { "Name": "Untitled Polygon", "description": null, "timestamp": null, "begin": null, "end": null, "altitudeMode": "relativeToGround", "tessellate": 1, "extrude": 1, "visibility": -1, "drawOrder": null, "icon": null }, "geometry": { "type": "Polygon", "coordinates": [ [ [ 73.702363658860563, 31.18911647775354, 150.0 ], [ 73.702383150536377, 31.188910681972189, 150.0 ], [ 73.702489629923448, 31.188639714142809, 150.0 ], [ 73.702771374683465, 31.188237950711361, 150.0 ], [ 73.703125982912113, 31.18790858930603, 150.0 ], [ 73.703400070198938, 31.187576352007021, 150.0 ], [ 73.703653656774051, 31.187449531891222, 150.0 ], [ 73.704006616201596, 31.18712138708748, 150.0 ], [ 73.704352260648733, 31.186861916449161, 150.0 ], [ 73.704784122069185, 31.18653785595907, 150.0 ], [ 73.705202606777291, 31.18635025024922, 150.0 ], [ 73.705447669275657, 31.186292407404459, 150.0 ], [ 73.705785065538095, 31.186101939749829, 150.0 ], [ 73.706275605522194, 31.185986125341461, 150.0 ], [ 73.706778092279663, 31.185734621559341, 150.0 ], [ 73.70702641056441, 31.18560980752876, 150.0 ], [ 73.707269826019782, 31.185552471082161, 150.0 ], [ 73.707843635760028, 31.185372934153971, 150.0 ], [ 73.708088921060238, 31.18531500286289, 150.0 ], [ 73.708669413680852, 31.18506742977447, 150.0 ], [ 73.708998928091845, 31.184945563806561, 150.0 ], [ 73.709411613509289, 31.18482570514951, 150.0 ], [ 73.70997735051013, 31.184714624046489, 150.0 ], [ 73.710467413588603, 31.184532986261111, 150.0 ], [ 73.710887742771547, 31.18434499763833, 150.0 ], [ 73.711220518129394, 31.1842222244236, 150.0 ], [ 73.711715356066946, 31.184039242456379, 150.0 ], [ 73.712130001059322, 31.183853240847021, 150.0 ], [ 73.7122886296372, 31.183859871984321, 150.0 ], [ 73.712703575701511, 31.183673816202429, 150.0 ], [ 73.71319711595271, 31.183425687815081, 150.0 ], [ 73.713693167402155, 31.183176710885451, 150.0 ], [ 73.71402078817232, 31.183055574186771, 150.0 ], [ 73.714354877184419, 31.18286693241615, 150.0 ], [ 73.714767852110597, 31.18268176143626, 150.0 ], [ 73.715258175693279, 31.182500470742731, 150.0 ], [ 73.715504231158377, 31.182376750819671, 150.0 ], [ 73.715750672488213, 31.18225295518916, 150.0 ], [ 73.716403012204921, 31.182011661646371, 150.0 ], [ 73.717045094161364, 31.18190425137065, 150.0 ], [ 73.717124081317962, 31.18190756517977, 150.0 ], [ 73.717766009070331, 31.181800211396869, 150.0 ], [ 73.718402800957293, 31.181759812025199, 150.0 ], [ 73.718955854196125, 31.181782868496889, 150.0 ], [ 73.719745699221804, 31.18181579281854, 150.0 ], [ 73.720219498138363, 31.181835593971812, 150.0 ], [ 73.720530418297585, 31.18191577902849, 150.0 ], [ 73.720915830367559, 31.18206623982578, 150.0 ], [ 73.721134599661667, 31.18234405215367, 150.0 ], [ 73.721511628518755, 31.18262899008888, 150.0 ], [ 73.721942848229745, 31.183320165251821, 150.0 ], [ 73.722229307788211, 31.183804455345459, 150.0 ], [ 73.722437393017458, 31.184285761809601, 150.0 ], [ 73.722579276350757, 31.184562231017331, 150.0 ], [ 73.722649664699148, 31.18470051328169, 150.0 ], [ 73.722787517469087, 31.185044772068569, 150.0 ], [ 73.7228503069542, 31.185318353172001, 150.0 ], [ 73.723133990301378, 31.185874165722971, 150.0 ], [ 73.723200937239369, 31.186081000172631, 150.0 ], [ 73.723326626751174, 31.186631128940601, 150.0 ], [ 73.72346079759842, 31.18704629558032, 150.0 ], [ 73.723519725496061, 31.187390509297419, 150.0 ], [ 73.723578532686702, 31.18773527643798, 150.0 ], [ 73.723792984497891, 31.188155565265589, 150.0 ], [ 73.723848270901797, 31.188568708810401, 150.0 ], [ 73.723911810618105, 31.188845589952159, 150.0 ], [ 73.72405937821344, 31.189057990859329, 150.0 ], [ 73.724110617123003, 31.189541746663849, 150.0 ], [ 73.724098302445512, 31.189747849497909, 150.0 ], [ 73.724149653386192, 31.190233667076772, 150.0 ], [ 73.724132733127576, 31.19051006070147, 150.0 ], [ 73.724112052580026, 31.190855352172779, 150.0 ], [ 73.724159199922951, 31.191414385793959, 150.0 ], [ 73.724227061588195, 31.191626328999359, 150.0 ], [ 73.724278311432911, 31.192116628995429, 150.0 ], [ 73.724266072380132, 31.19232423972862, 150.0 ], [ 73.724313668287877, 31.1928844008224, 150.0 ], [ 73.724381927463327, 31.193096609229521, 150.0 ], [ 73.724442339323758, 31.19344498598678, 150.0 ], [ 73.724418084739654, 31.193860544328501, 150.0 ], [ 73.724389444125336, 31.194349331114751, 150.0 ], [ 73.724381023769638, 31.194490436889971, 150.0 ], [ 73.724364243865324, 31.194773180990211, 150.0 ], [ 73.724339234921658, 31.19519632394481, 150.0 ], [ 73.724403506476875, 31.195480822715801, 150.0 ], [ 73.724460080534115, 31.195904886097569, 150.0 ], [ 73.724431615286534, 31.196394454831999, 150.0 ], [ 73.724398431779193, 31.196958913549661, 150.0 ], [ 73.724450631118984, 31.19745884591886, 150.0 ], [ 73.724442314645458, 31.19760095141579, 150.0 ], [ 73.724498692143911, 31.198029445564401, 150.0 ], [ 73.724559693537543, 31.19838672082307, 150.0 ], [ 73.724620188706837, 31.198746477059071, 150.0 ], [ 73.724591387400835, 31.19924412990115, 150.0 ], [ 73.724644134643654, 31.199745023556169, 150.0 ], [ 73.724627692917053, 31.200029713740161, 150.0 ], [ 73.724701072895925, 31.200175497251958, 150.0 ], [ 73.724753991632781, 31.200677930327821, 150.0 ], [ 73.724892250836646, 31.201119275813259, 150.0 ], [ 73.724957691447415, 31.20141271696906, 150.0 ], [ 73.725096907454557, 31.20184857123299, 150.0 ], [ 73.725166589583822, 31.202066938250852, 150.0 ], [ 73.725306099953215, 31.20250414043495, 150.0 ], [ 73.725523795841369, 31.203017140719439, 150.0 ], [ 73.725601803213777, 31.20309234702707, 150.0 ], [ 73.725745854346982, 31.203458910632659, 150.0 ], [ 73.726050352080691, 31.20390456766966, 150.0 ], [ 73.726206547449451, 31.204055902823111, 150.0 ], [ 73.726425731057645, 31.204573443158001, 150.0 ], [ 73.726582363904654, 31.204725239327139, 150.0 ], [ 73.726656813188072, 31.204873671759628, 150.0 ], [ 73.727048894069256, 31.205253879658461, 150.0 ], [ 73.727202050786033, 31.205479065263141, 150.0 ], [ 73.727591151444145, 31.205933499683908, 150.0 ], [ 73.727744699704942, 31.206159215179959, 150.0 ], [ 73.728059792077943, 31.206465954422349, 150.0 ], [ 73.728217176011967, 31.206617541543711, 150.0 ], [ 73.728449715875939, 31.20691783017072, 150.0 ], [ 73.728758004691926, 31.207369507142889, 150.0 ], [ 73.728995254345108, 31.207600469783198, 150.0 ], [ 73.729229005440715, 31.207907362605361, 150.0 ], [ 73.729631877682237, 31.208144383463541, 150.0 ], [ 73.730120788100649, 31.208308185133699, 150.0 ], [ 73.73052711495265, 31.208469116235051, 150.0 ], [ 73.730606323906628, 31.208545235494821, 150.0 ], [ 73.731262602820962, 31.208724745109521, 150.0 ], [ 73.731508283691511, 31.20881189015364, 150.0 ], [ 73.732330529871476, 31.208995940882129, 150.0 ], [ 73.732904129182842, 31.20916721771329, 150.0 ], [ 73.733315331820776, 31.209258010272912, 150.0 ], [ 73.733974805066438, 31.20935751586395, 150.0 ], [ 73.734385599649826, 31.209446285188879, 150.0 ], [ 73.734791778269908, 31.209686384636228, 150.0 ], [ 73.735120163201231, 31.20977197169189, 150.0 ], [ 73.735522585971935, 31.210081162438929, 150.0 ], [ 73.73584256791608, 31.21038783650188, 150.0 ], [ 73.736080533536907, 31.210693652166171, 150.0 ], [ 73.736236062829676, 31.210997496096031, 150.0 ], [ 73.736387962813595, 31.211455001869059, 150.0 ], [ 73.736545338557036, 31.211764129868069, 150.0 ], [ 73.736621800170084, 31.211994286969599, 150.0 ], [ 73.736607840459271, 31.212364027519271, 150.0 ], [ 73.736756995406722, 31.212812915439841, 150.0 ], [ 73.736831581902123, 31.21303740814157, 150.0 ], [ 73.736900068389289, 31.213408603436761, 150.0 ], [ 73.736973909084327, 31.213713912343081, 150.0 ], [ 73.736953982506662, 31.214315951771049, 150.0 ], [ 73.737111256657741, 31.214624553566839, 150.0 ], [ 73.737098449633365, 31.215000543270961, 150.0 ], [ 73.737250664980948, 31.215459813018089, 150.0 ], [ 73.737240453510012, 31.215761378283929, 150.0 ], [ 73.737214581247926, 31.21651572951561, 150.0 ], [ 73.737120353950658, 31.21681479572057, 150.0 ], [ 73.737109900217774, 31.217117306560041, 150.0 ], [ 73.737008000158355, 31.217646148699249, 150.0 ], [ 73.736907935274047, 31.218096737403069, 150.0 ], [ 73.736813972771273, 31.21839995106966, 150.0 ], [ 73.736546564834896, 31.21885061112722, 150.0 ], [ 73.73645151833982, 31.219151971008589, 150.0 ], [ 73.73618243276087, 31.219600194913749, 150.0 ], [ 73.736005589977509, 31.21982311479865, 150.0 ], [ 73.735648023911565, 31.220343352871531, 150.0 ], [ 73.735118368266683, 31.220936684232949, 150.0 ], [ 73.734854437087719, 31.221148668134749, 150.0 ], [ 73.734587878758163, 31.221440411019529, 150.0 ], [ 73.734240593015357, 31.22165847590076, 150.0 ], [ 73.734061940781714, 31.221880676192502, 150.0 ], [ 73.733794473343693, 31.222173220382771, 150.0 ], [ 73.733443085612393, 31.222467178567349, 150.0 ], [ 73.733094918854206, 31.22268648243961, 150.0 ], [ 73.732746363389268, 31.222906091862221, 150.0 ], [ 73.732397762466263, 31.223126819814158, 150.0 ], [ 73.732047882868926, 31.223343102608979, 150.0 ], [ 73.731701227619865, 31.22348131727415, 150.0 ], [ 73.731277329188472, 31.223470136480699, 150.0 ], [ 73.730934502365372, 31.223536938591529, 150.0 ], [ 73.730420555176408, 31.22358736618926, 150.0 ], [ 73.730073194364621, 31.22372433419326, 150.0 ], [ 73.729814513391574, 31.22378973550213, 150.0 ], [ 73.729304368230601, 31.223766046125061, 150.0 ], [ 73.728879350233342, 31.223746157301338, 150.0 ], [ 73.728454480279467, 31.223730275407, 150.0 ], [ 73.728114420120235, 31.223713594131361, 150.0 ], [ 73.727693286047298, 31.223615046477811, 150.0 ], [ 73.727183681910631, 31.22360074339014, 150.0 ], [ 73.726847764405036, 31.22350992079231, 150.0 ], [ 73.726341931472021, 31.2234067937068, 150.0 ], [ 73.726087078988343, 31.223392432653679, 150.0 ], [ 73.725670681085305, 31.223218620375551, 150.0 ], [ 73.725165521490467, 31.22311952689402, 150.0 ], [ 73.724745249914747, 31.223025328903251, 150.0 ], [ 73.724409911506669, 31.222935387478199, 150.0 ], [ 73.723990014766969, 31.22283707398562, 150.0 ], [ 73.723409271256884, 31.222580849112578, 150.0 ], [ 73.722909158994597, 31.222407121549619, 150.0 ], [ 73.722668294836566, 31.22216588522635, 150.0 ], [ 73.722516986728422, 31.221850729459721, 150.0 ], [ 73.722365834250809, 31.22153590283596, 150.0 ], [ 73.722130155549067, 31.22121830346881, 150.0 ], [ 73.721805392271179, 31.220974872841179, 150.0 ], [ 73.721391509330516, 31.220805427865749, 150.0 ], [ 73.721057738671618, 31.220715546253491, 150.0 ], [ 73.720728913920681, 31.220548363791689, 150.0 ], [ 73.720230888977184, 31.220375854565631, 150.0 ], [ 73.719733397229447, 31.220201705890819, 150.0 ], [ 73.719484880497546, 31.220113971553339, 150.0 ], [ 73.719072587352642, 31.219941730637331, 150.0 ], [ 73.718739724636066, 31.219850915143159, 150.0 ], [ 73.7183224138616, 31.21975696406373, 150.0 ], [ 73.717910731296882, 31.219584075583359, 150.0 ], [ 73.717499340719456, 31.21941167540065, 150.0 ], [ 73.716924345015244, 31.219157587770511, 150.0 ], [ 73.716518423889113, 31.21891112655312, 150.0 ], [ 73.716123435101622, 31.218513101174828, 150.0 ], [ 73.715634028665193, 31.218263453000169, 150.0 ], [ 73.71547097924703, 31.218180279942882, 150.0 ], [ 73.71498731474226, 31.217855965516129, 150.0 ], [ 73.714661304475783, 31.217690917903099, 150.0 ], [ 73.714419678533886, 31.217529354285041, 150.0 ], [ 73.713936416451062, 31.21720750645871, 150.0 ], [ 73.713689410116714, 31.217121979544469, 150.0 ], [ 73.713044915237404, 31.216716117581861, 150.0 ], [ 73.712726931863173, 31.216472816324551, 150.0 ], [ 73.712480364294308, 31.216387479742799, 150.0 ], [ 73.712156033727084, 31.2162222229611, 150.0 ], [ 73.711922735072847, 31.215982550093379, 150.0 ], [ 73.711773722187118, 31.21574599525831, 150.0 ], [ 73.711462704158734, 31.215428399763471, 150.0 ], [ 73.710917238175085, 31.21487815579572, 150.0 ], [ 73.710839384228066, 31.2147996416377, 150.0 ], [ 73.710599910361182, 31.214639293063641, 150.0 ], [ 73.710282573717606, 31.214401112485412, 150.0 ], [ 73.709882259802811, 31.214158561341961, 150.0 ], [ 73.709482832341678, 31.213914972118889, 150.0 ], [ 73.709321856172565, 31.213832667125889, 150.0 ], [ 73.70908966547529, 31.213597300882949, 150.0 ], [ 73.708767722112711, 31.213433578087969, 150.0 ], [ 73.708445936434828, 31.213269936289279, 150.0 ], [ 73.707963576817235, 31.21302463129426, 150.0 ], [ 73.707802874993121, 31.212942905200482, 150.0 ], [ 73.707320792970407, 31.212698187407639, 150.0 ], [ 73.707160243331359, 31.212616540263941, 150.0 ], [ 73.706929084105838, 31.21238255573364, 150.0 ], [ 73.706615228132947, 31.212144293420021, 150.0 ], [ 73.706300462470807, 31.211908155089709, 150.0 ], [ 73.705981163137864, 31.21174355999192, 150.0 ], [ 73.705579830749713, 31.211573830045751, 150.0 ], [ 73.70517848001181, 31.21140473490048, 150.0 ], [ 73.704698410627671, 31.211161662506189, 150.0 ], [ 73.704544303199214, 31.211007847661389, 150.0 ], [ 73.704143938766023, 31.210774251955211, 150.0 ], [ 73.703916018603906, 31.21053961735684, 150.0 ], [ 73.703618210863937, 31.21015463021558, 150.0 ], [ 73.703472315355896, 31.209926160483828, 150.0 ], [ 73.703257018636108, 31.209546982843829, 150.0 ], [ 73.70305072864295, 31.209092323965269, 150.0 ], [ 73.702769271327668, 31.20856059502362, 150.0 ], [ 73.702714683615127, 31.208262421014879, 150.0 ], [ 73.70265314562873, 31.208038036333431, 150.0 ], [ 73.702543124695666, 31.207444427079611, 150.0 ], [ 73.702409592809559, 31.207074711606921, 150.0 ], [ 73.702364348544762, 31.206702690440771, 150.0 ], [ 73.70239068509018, 31.206412152946029, 150.0 ], [ 73.702334327285357, 31.206118579223851, 150.0 ], [ 73.702294937622483, 31.20567632175953, 150.0 ], [ 73.702258608798672, 31.205231549731511, 150.0 ], [ 73.702225402921087, 31.204719121472689, 150.0 ], [ 73.70225951089833, 31.20435717124057, 150.0 ], [ 73.702159773123952, 31.20369636342491, 150.0 ], [ 73.70219512887904, 31.203334444230041, 150.0 ], [ 73.702153884343289, 31.202898727700731, 150.0 ], [ 73.702112311653664, 31.202464007284771, 150.0 ], [ 73.702132538690449, 31.20224862157734, 150.0 ], [ 73.702017978673126, 31.201737700686671, 150.0 ], [ 73.702047185823616, 31.201449296180591, 150.0 ], [ 73.702002847458331, 31.201084722475869, 150.0 ], [ 73.701955115726847, 31.20072372886538, 150.0 ], [ 73.701907443784137, 31.200363152586689, 150.0 ], [ 73.701950517910831, 31.19993336350332, 150.0 ], [ 73.701986863886589, 31.199575296008319, 150.0 ], [ 73.702037011096024, 31.19907536855764, 150.0 ], [ 73.702003608936693, 31.19857448443792, 150.0 ], [ 73.702044338846335, 31.198149151457599, 150.0 ], [ 73.702099776760221, 31.197582020712229, 150.0 ], [ 73.702149016917986, 31.19708617590247, 150.0 ], [ 73.702212956855135, 31.196449378400722, 150.0 ], [ 73.702255107365829, 31.19602596116237, 150.0 ], [ 73.702289872527842, 31.195673816662609, 150.0 ], [ 73.702483426690321, 31.193710218969549, 150.0 ], [ 73.702619910809787, 31.192250774487579, 150.0 ], [ 73.702561304321421, 31.190370491853201, 150.0 ], [ 73.702568868298656, 31.190301099144989, 150.0 ], [ 73.702535439111529, 31.189815198402851, 150.0 ], [ 73.702563175864071, 31.18953952068296, 150.0 ], [ 73.702363658860563, 31.18911647775354, 150.0 ] ] ] } },
{ "type": "Feature", "properties": { "Name": "Untitled Polygon", "description": null, "timestamp": null, "begin": null, "end": null, "altitudeMode": "relativeToGround", "tessellate": 1, "extrude": 1, "visibility": -1, "drawOrder": null, "icon": null }, "geometry": { "type": "Polygon", "coordinates": [ [ [ 73.665956397477871, 30.32119518699729, 150.0 ], [ 73.666060719656684, 30.321199618215001, 150.0 ], [ 73.666686632965835, 30.3212261991712, 150.0 ], [ 73.667103908657538, 30.321243920121109, 150.0 ], [ 73.667834125513835, 30.321274930560129, 150.0 ], [ 73.668348940012848, 30.321386897123411, 150.0 ], [ 73.668757644996617, 30.32149460650778, 150.0 ], [ 73.669697129401555, 30.32153442872232, 150.0 ], [ 73.670212856412306, 30.32164634221731, 150.0 ], [ 73.670838716486102, 30.32167289605702, 150.0 ], [ 73.67135275513462, 30.321785046901891, 150.0 ], [ 73.67186955753202, 30.321896961093952, 150.0 ], [ 73.672485835252061, 30.322013790074621, 150.0 ], [ 73.67320319064028, 30.32222460555743, 150.0 ], [ 73.673619858207658, 30.322242436789299, 150.0 ], [ 73.674023552645451, 30.322440075974981, 150.0 ], [ 73.674539755350253, 30.322552357275651, 150.0 ], [ 73.675059102991625, 30.32266377138567, 150.0 ], [ 73.675678503021871, 30.322780329185129, 150.0 ], [ 73.676292409346772, 30.32298686102687, 150.0 ], [ 73.676600287042191, 30.3230899540842, 150.0 ], [ 73.677320629126655, 30.323300519289571, 150.0 ], [ 73.677837637361733, 30.323412381509861, 150.0 ], [ 73.678558827567343, 30.323534416427499, 150.0 ], [ 73.679072289142084, 30.323647486072399, 150.0 ], [ 73.679487450975159, 30.323754204949729, 150.0 ], [ 73.680013519143543, 30.323774990873591, 150.0 ], [ 73.680428456225798, 30.323793730414149, 150.0 ], [ 73.680941730473307, 30.323907007288831, 150.0 ], [ 73.681869673559689, 30.32412736726808, 150.0 ], [ 73.682387089956819, 30.32423926409464, 150.0 ], [ 73.682590522965185, 30.324338138543819, 150.0 ], [ 73.683113785469928, 30.324359824414291, 150.0 ], [ 73.683625092795239, 30.32456203805264, 150.0 ], [ 73.684031748151256, 30.324760012334171, 150.0 ], [ 73.684438072531677, 30.324958414557539, 150.0 ], [ 73.684844456277588, 30.325156878165711, 150.0 ], [ 73.685345394070183, 30.325539370919682, 150.0 ], [ 73.68584918102259, 30.325834429917482, 150.0 ], [ 73.686256138499374, 30.32603322161626, 150.0 ], [ 73.686646959232746, 30.326502955874009, 150.0 ], [ 73.686938861377499, 30.326878074519549, 150.0 ], [ 73.687330125091094, 30.327348351656759, 150.0 ], [ 73.687727088214444, 30.3277283298534, 150.0 ], [ 73.688113251770687, 30.328289983296909, 150.0 ], [ 73.688301019212531, 30.328661718824272, 150.0 ], [ 73.688384065631809, 30.329029198384561, 150.0 ], [ 73.688555726184077, 30.329673871096929, 150.0 ], [ 73.688544865172588, 30.329855629757709, 150.0 ], [ 73.688622628261214, 30.33031469456359, 150.0 ], [ 73.688700423569117, 30.330774089227699, 150.0 ], [ 73.68878378974388, 30.331142522193481, 150.0 ], [ 73.688751467081985, 30.3316885245385, 150.0 ], [ 73.688729768004478, 30.332053633340749, 150.0 ], [ 73.688697310836901, 30.332600207584608, 150.0 ], [ 73.688659953587532, 30.33323703201507, 150.0 ], [ 73.688539103832483, 30.333505156747279, 150.0 ], [ 73.688383093830055, 30.33432841442615, 150.0 ], [ 73.688140244228748, 30.33486716969897, 150.0 ], [ 73.68790812064195, 30.335223352575991, 150.0 ], [ 73.687897287459421, 30.33540607677671, 150.0 ], [ 73.687654189969734, 30.33594529922118, 150.0 ], [ 73.687521707913959, 30.336397955353469, 150.0 ], [ 73.687483613618511, 30.33703849721438, 150.0 ], [ 73.687455705914672, 30.337498411105909, 150.0 ], [ 73.687427945627405, 30.337958411004479, 150.0 ], [ 73.687500579855566, 30.338513443695891, 150.0 ], [ 73.687577916425013, 30.338980142163692, 150.0 ], [ 73.687755951380794, 30.339541670479971, 150.0 ], [ 73.687945160497279, 30.339918963182189, 150.0 ], [ 73.688023579303405, 30.340383303351619, 150.0 ], [ 73.688212891108179, 30.340761617356542, 150.0 ], [ 73.688402200710371, 30.341140538600939, 150.0 ], [ 73.688591799286726, 30.341518640334279, 150.0 ], [ 73.688776352246563, 30.341987745613551, 150.0 ], [ 73.688865353442807, 30.342271878602411, 150.0 ], [ 73.689155565673943, 30.3427487650569, 150.0 ], [ 73.68924514787939, 30.34303050773951, 150.0 ], [ 73.6893296466462, 30.343403330236711, 150.0 ], [ 73.689408793359704, 30.3438687006565, 150.0 ], [ 73.689705008565284, 30.344252208084161, 150.0 ], [ 73.689794588818501, 30.34453605582949, 150.0 ], [ 73.689979151895685, 30.345012415698911, 150.0 ], [ 73.690063207714303, 30.345391843592989, 150.0 ], [ 73.69035988419391, 30.345777153083599, 150.0 ], [ 73.690534646705785, 30.3464365785645, 150.0 ], [ 73.690635438769846, 30.346533914456138, 150.0 ], [ 73.690927288010855, 30.347011546355169, 150.0 ], [ 73.691325494638534, 30.347494056356599, 150.0 ], [ 73.691522046758777, 30.347781850906902, 150.0 ], [ 73.691819686858096, 30.348166510110811, 150.0 ], [ 73.692112035519898, 30.348648006538689, 150.0 ], [ 73.692303669601401, 30.349029987384711, 150.0 ], [ 73.692591193473632, 30.34960398970215, 150.0 ], [ 73.692783011324011, 30.349987743463249, 150.0 ], [ 73.693081365269961, 30.350375985233001, 150.0 ], [ 73.693278633874655, 30.350666240610991, 150.0 ], [ 73.693577281023906, 30.351054871874378, 150.0 ], [ 73.693663121991676, 30.351435224360561, 150.0 ], [ 73.693738649458325, 30.35200038836664, 150.0 ], [ 73.693814199586257, 30.35256517990231, 150.0 ], [ 73.693778031890915, 30.353219287371509, 150.0 ], [ 73.693538915152985, 30.353679617122161, 150.0 ], [ 73.693406322726986, 30.354146588045769, 150.0 ], [ 73.693172124883773, 30.35451462852042, 150.0 ], [ 73.692831039789937, 30.35487603950272, 150.0 ], [ 73.692489853776877, 30.35523770472539, 150.0 ], [ 73.692153702885776, 30.355506881780741, 150.0 ], [ 73.691710627207428, 30.355770885872278, 150.0 ], [ 73.691267389688136, 30.356034983467911, 150.0 ], [ 73.690492688798543, 30.35647358866748, 150.0 ], [ 73.690054515785633, 30.35664272917175, 150.0 ], [ 73.689503901445008, 30.356901814857419, 150.0 ], [ 73.689065493611736, 30.357071047180082, 150.0 ], [ 73.688413055166762, 30.357232052450112, 150.0 ], [ 73.687867094602666, 30.357400060194259, 150.0 ], [ 73.68742809268079, 30.357570396297259, 150.0 ], [ 73.686882798270219, 30.3577334996601, 150.0 ], [ 73.686122331258161, 30.35789289123165, 150.0 ], [ 73.685580822628722, 30.357970289805159, 150.0 ], [ 73.684930145162923, 30.35805153438011, 150.0 ], [ 73.684071131714418, 30.358095949281971, 150.0 ], [ 73.683644535607158, 30.358071732082319, 150.0 ], [ 73.68311060821506, 30.35804514869205, 150.0 ], [ 73.68236125386332, 30.358015217668591, 150.0 ], [ 73.681510817818349, 30.357886331667569, 150.0 ], [ 73.681296699912238, 30.357877771204411, 150.0 ], [ 73.680868436350025, 30.35786066180431, 150.0 ], [ 73.679904773548415, 30.357822140630851, 150.0 ], [ 73.679369352646916, 30.357800740186779, 150.0 ], [ 73.67894127174516, 30.35778279295328, 150.0 ], [ 73.678513079218931, 30.357765179788359, 150.0 ], [ 73.677674388654665, 30.35744899492401, 150.0 ], [ 73.677353061459087, 30.357436274810279, 150.0 ], [ 73.676937394553036, 30.357229949215089, 150.0 ], [ 73.67619407740402, 30.357105586674042, 150.0 ], [ 73.675671496068318, 30.356895074842011, 150.0 ], [ 73.675256408535233, 30.356688421172969, 150.0 ], [ 73.674827741793933, 30.3566718658798, 150.0 ], [ 73.674299090545105, 30.356555695152391, 150.0 ], [ 73.673778408031424, 30.35634200616699, 150.0 ], [ 73.673257700144731, 30.35612913294397, 150.0 ], [ 73.672950249253205, 30.355926615882272, 150.0 ], [ 73.671900412324419, 30.355599513413921, 150.0 ], [ 73.67159281964355, 30.355397817739171, 150.0 ], [ 73.670755825070401, 30.355082623222561, 150.0 ], [ 73.67054298151794, 30.355072178274401, 150.0 ], [ 73.670237030186371, 30.354868448854411, 150.0 ], [ 73.669499071275851, 30.354737916968379, 150.0 ], [ 73.669084898696298, 30.35453237648661, 150.0 ], [ 73.668365092784299, 30.354123780609921, 150.0 ], [ 73.668157734017285, 30.354021616451089, 150.0 ], [ 73.667428754219628, 30.353710942798941, 150.0 ], [ 73.667229346721768, 30.353513538460209, 150.0 ], [ 73.666510690387213, 30.353105151945979, 150.0 ], [ 73.666204755561736, 30.35290344296477, 150.0 ], [ 73.66569269312933, 30.352598702458831, 150.0 ], [ 73.665173723909177, 30.35238800733006, 150.0 ], [ 73.664761513096522, 30.352181929901569, 150.0 ], [ 73.664242823282976, 30.351971349690569, 150.0 ], [ 73.66371588093466, 30.351855936570029, 150.0 ], [ 73.662457883532397, 30.351520524120371, 150.0 ], [ 73.661939748185361, 30.351310054019748, 150.0 ], [ 73.661727603613869, 30.35129993644308, 150.0 ], [ 73.661209658770019, 30.351089525194251, 150.0 ], [ 73.660698399092411, 30.3507864013866, 150.0 ], [ 73.660287565866327, 30.350580424489419, 150.0 ], [ 73.659876858368833, 30.35037450791242, 150.0 ], [ 73.659382739929129, 30.349882848507281, 150.0 ], [ 73.658873285666672, 30.349579213953739, 150.0 ], [ 73.658462246727751, 30.349374314126489, 150.0 ], [ 73.657329101167761, 30.348857436709579, 150.0 ], [ 73.656917703774397, 30.348653326680939, 150.0 ], [ 73.656810996340425, 30.34864905164385, 150.0 ], [ 73.656300766976344, 30.34834723584234, 150.0 ], [ 73.655290214040193, 30.347649339694279, 150.0 ], [ 73.655078751476537, 30.347639384366978, 150.0 ], [ 73.654669539887777, 30.3474343356006, 150.0 ], [ 73.654267298130861, 30.347136806622579, 150.0 ], [ 73.653759562647878, 30.346834422226259, 150.0 ], [ 73.653456395598994, 30.346634551924321, 150.0 ], [ 73.653167087483325, 30.34624982366244, 150.0 ], [ 73.652969687707028, 30.34605504409539, 150.0 ], [ 73.65300416494091, 30.345592990347281, 150.0 ], [ 73.653067093849472, 30.344849114698871, 150.0 ], [ 73.65313215692737, 30.344104653777851, 150.0 ], [ 73.653287922122743, 30.343550790422121, 150.0 ], [ 73.653325319611056, 30.34308824257965, 150.0 ], [ 73.653403966047776, 30.342161682803791, 150.0 ], [ 73.653595832938805, 30.341148605118391, 150.0 ], [ 73.653725188432148, 30.340875786790761, 150.0 ], [ 73.653766482322155, 30.340412662629351, 150.0 ], [ 73.654039300527288, 30.339683839988741, 150.0 ], [ 73.654168791312458, 30.339411413427069, 150.0 ], [ 73.654313984233596, 30.338954659229461, 150.0 ], [ 73.654581179625694, 30.338318066247961, 150.0 ], [ 73.654942571667505, 30.337780237801962, 150.0 ], [ 73.655192494532372, 30.33732927320527, 150.0 ], [ 73.655447830903242, 30.336787688341001, 150.0 ], [ 73.655471381312296, 30.33651190250616, 150.0 ], [ 73.655616391287282, 30.336056841346089, 150.0 ], [ 73.65609458483668, 30.335343057908268, 150.0 ], [ 73.656229038110041, 30.334981496841991, 150.0 ], [ 73.656236449402613, 30.334889951159671, 150.0 ], [ 73.656499095874025, 30.334258341697421, 150.0 ], [ 73.656732011085012, 30.333992910174491, 150.0 ], [ 73.656859486554609, 30.33372311974292, 150.0 ], [ 73.65700163646126, 30.333270720322261, 150.0 ], [ 73.657250912294074, 30.33282231458735, 150.0 ], [ 73.657378839804139, 30.332552715152492, 150.0 ], [ 73.657626713240987, 30.332105225786929, 150.0 ], [ 73.65811630634974, 30.331301645680369, 150.0 ], [ 73.658266803522707, 30.330759214029751, 150.0 ], [ 73.658857159838206, 30.32996285624619, 150.0 ], [ 73.659223202394173, 30.329339902730919, 150.0 ], [ 73.659925617847875, 30.32845849390683, 150.0 ], [ 73.660173135677724, 30.32801334472418, 150.0 ], [ 73.660859004312613, 30.327315059863441, 150.0 ], [ 73.661669278001938, 30.326439489419929, 150.0 ], [ 73.662118243448688, 30.326095075086251, 150.0 ], [ 73.662354990673293, 30.325742543009721, 150.0 ], [ 73.662689919678641, 30.325484825043219, 150.0 ], [ 73.66314957201574, 30.324960893795179, 150.0 ], [ 73.6636152782539, 30.324347248073291, 150.0 ], [ 73.664070224750191, 30.323913721733479, 150.0 ], [ 73.664418436171303, 30.32347641585141, 150.0 ], [ 73.664983093317403, 30.322958113494391, 150.0 ], [ 73.665323878728969, 30.322611406464461, 150.0 ], [ 73.665775825691597, 30.3221793544446, 150.0 ], [ 73.665956397477871, 30.32119518699729, 150.0 ] ] ] } },
{ "type": "Feature", "properties": { "Name": "Untitled Polygon", "description": null, "timestamp": null, "begin": null, "end": null, "altitudeMode": "relativeToGround", "tessellate": 1, "extrude": 1, "visibility": -1, "drawOrder": null, "icon": null }, "geometry": { "type": "Polygon", "coordinates": [ [ [ 70.724657423954454, 31.31666816239742, 150.0 ], [ 70.724267022138136, 31.316608510283249, 150.0 ], [ 70.724002840806122, 31.316419040126789, 150.0 ], [ 70.723789807138616, 31.316292009650951, 150.0 ], [ 70.723530746774657, 31.31604731081628, 150.0 ], [ 70.723373163603583, 31.315926056889712, 150.0 ], [ 70.723224031235588, 31.31573638655513, 150.0 ], [ 70.723077858964288, 31.31553932373102, 150.0 ], [ 70.722825951247145, 31.31528270279108, 150.0 ], [ 70.722637453527483, 31.31496462791392, 150.0 ], [ 70.722436227233274, 31.314772632860262, 150.0 ], [ 70.722235560388654, 31.314581170943889, 150.0 ], [ 70.722194125954132, 31.31445561911945, 150.0 ], [ 70.721891009418059, 31.314200906930122, 150.0 ], [ 70.721835898644699, 31.31419983979589, 150.0 ], [ 70.721587711570947, 31.313950752611511, 150.0 ], [ 70.72144231761466, 31.31376790476094, 150.0 ], [ 70.721242460178232, 31.31358440702855, 150.0 ], [ 70.721042337495703, 31.31340338323697, 150.0 ], [ 70.720904994837582, 31.313162299085839, 150.0 ], [ 70.720823177667882, 31.312921829013369, 150.0 ], [ 70.720631645516221, 31.312682477188069, 150.0 ], [ 70.720550538221744, 31.312443561874929, 150.0 ], [ 70.720456427891108, 31.312321606927959, 150.0 ], [ 70.720338642580671, 31.311958020492479, 150.0 ], [ 70.720142211623624, 31.31178000938738, 150.0 ], [ 70.720047169595745, 31.31166330402354, 150.0 ], [ 70.719714301381202, 31.31125931847189, 150.0 ], [ 70.719573723050999, 31.31108335054893, 150.0 ], [ 70.719497006472139, 31.31084556193705, 150.0 ], [ 70.719360297599536, 31.31066353428697, 150.0 ], [ 70.71929363587185, 31.310365120623469, 150.0 ], [ 70.719202106460486, 31.310246445566509, 150.0 ], [ 70.719089049802903, 31.3098937689895, 150.0 ], [ 70.719004356197729, 31.309721254708709, 150.0 ], [ 70.71898141565876, 31.309491512680221, 150.0 ], [ 70.718958496746168, 31.30926265861941, 150.0 ], [ 70.718942729282261, 31.308978825741139, 150.0 ], [ 70.718843621467059, 31.308921529357679, 150.0 ], [ 70.718873793611507, 31.308695738029009, 150.0 ], [ 70.718817699157881, 31.30830662391406, 150.0 ], [ 70.718834997209171, 31.308190050533579, 150.0 ], [ 70.718844642460638, 31.307778862329521, 150.0 ], [ 70.718851049939914, 31.3073766375588, 150.0 ], [ 70.718822117563462, 31.307207915778889, 150.0 ], [ 70.718853928736635, 31.306983670248108, 150.0 ], [ 70.718832393318095, 31.306761331337281, 150.0 ], [ 70.718894094308112, 31.306319550974091, 150.0 ], [ 70.71891657404484, 31.30615569309046, 150.0 ], [ 70.719063895979033, 31.305833088186059, 150.0 ], [ 70.719249130178298, 31.305618158986061, 150.0 ], [ 70.719420453883757, 31.305509701572451, 150.0 ], [ 70.719653337109975, 31.30534255421988, 150.0 ], [ 70.719869715974127, 31.30528696406429, 150.0 ], [ 70.720094284877064, 31.30517484781981, 150.0 ], [ 70.720250588784054, 31.30517453282847, 150.0 ], [ 70.720509394860784, 31.30517746505258, 150.0 ], [ 70.720925267718741, 31.305178611839899, 150.0 ], [ 70.721133867291755, 31.30517780015175, 150.0 ], [ 70.721395913178853, 31.305173975856661, 150.0 ], [ 70.721553123983071, 31.30517169441783, 150.0 ], [ 70.721821591958289, 31.305113652279509, 150.0 ], [ 70.722039967882651, 31.30501104202947, 150.0 ], [ 70.722366880867668, 31.30489741112633, 150.0 ], [ 70.722537654249081, 31.304783691693149, 150.0 ], [ 70.722828759637935, 31.30451187029557, 150.0 ], [ 70.722948715659015, 31.304354915417541, 150.0 ], [ 70.723132114137798, 31.304091140081741, 150.0 ], [ 70.723208674312701, 31.303875010303219, 150.0 ], [ 70.723284979844337, 31.303659596916422, 150.0 ], [ 70.723309787228047, 31.303444608954681, 150.0 ], [ 70.723289535607734, 31.30317659185749, 150.0 ], [ 70.723260655395578, 31.302929499005899, 150.0 ], [ 70.723178803235882, 31.302726588332131, 150.0 ], [ 70.723133706728802, 31.302673991811961, 150.0 ], [ 70.723020399463593, 31.302351364928921, 150.0 ], [ 70.722845946705405, 31.302092859784551, 150.0 ], [ 70.722723291614329, 31.301834567948429, 150.0 ], [ 70.72259599756427, 31.30162676115804, 150.0 ], [ 70.722574869402123, 31.30137142740611, 150.0 ], [ 70.722530382364809, 31.301320110826701, 150.0 ], [ 70.722478741781941, 31.300909800604089, 150.0 ], [ 70.72239003943919, 31.300808191314449, 150.0 ], [ 70.7223320803311, 31.300453325049642, 150.0 ], [ 70.722256155809447, 31.300251299824001, 150.0 ], [ 70.722142939398296, 31.29994896362636, 150.0 ], [ 70.72211858152275, 31.29974654337417, 150.0 ], [ 70.722094073180955, 31.299545190516039, 150.0 ], [ 70.722126726905699, 31.299292613649261, 150.0 ], [ 70.722152539581145, 31.299091690853761, 150.0 ], [ 70.722134963188751, 31.298841660546689, 150.0 ], [ 70.722098136604174, 31.298742063158699, 150.0 ], [ 70.722079677907317, 31.298495325573739, 150.0 ], [ 70.721965533689286, 31.2982063189034, 150.0 ], [ 70.721970786227303, 31.298159073956992, 150.0 ], [ 70.721900490889652, 31.297919661992442, 150.0 ], [ 70.721845027475808, 31.297580262464269, 150.0 ], [ 70.721770328554157, 31.297388972434259, 150.0 ], [ 70.721759678680755, 31.297097835064239, 150.0 ], [ 70.72171684336432, 31.29704993198277, 150.0 ], [ 70.721762116605888, 31.296711221942481, 150.0 ], [ 70.721689709803925, 31.296519725212679, 150.0 ], [ 70.721624284814482, 31.296280401139789, 150.0 ], [ 70.721600815641338, 31.296090334057979, 150.0 ], [ 70.721632407954289, 31.295853153799172, 150.0 ], [ 70.721655417628483, 31.295667563284759, 150.0 ], [ 70.721688659573047, 31.295392005088711, 150.0 ], [ 70.721727328001109, 31.295071811218659, 150.0 ], [ 70.72175770224473, 31.29483951403607, 150.0 ], [ 70.721794239764321, 31.294561511257822, 150.0 ], [ 70.721826262158515, 31.29432816271007, 150.0 ], [ 70.721874784326531, 31.29399698987611, 150.0 ], [ 70.721896169841955, 31.29385463696854, 150.0 ], [ 70.721942125900298, 31.293529547657862, 150.0 ], [ 70.721978426776417, 31.293220320154521, 150.0 ], [ 70.722009248414025, 31.292956600062741, 150.0 ], [ 70.722180952565921, 31.292731307222098, 150.0 ], [ 70.72234593004606, 31.2925520501663, 150.0 ], [ 70.722457563192094, 31.29241794366353, 150.0 ], [ 70.722621719181944, 31.292239595668551, 150.0 ], [ 70.72278535305125, 31.292061836485459, 150.0 ], [ 70.722942454773346, 31.291929651433581, 150.0 ], [ 70.723054080751552, 31.291795096777751, 150.0 ], [ 70.72325938202691, 31.291660512480171, 150.0 ], [ 70.723468839260349, 31.291483301879911, 150.0 ], [ 70.723677267038042, 31.29130725303914, 150.0 ], [ 70.723822810616156, 31.291263132651299, 150.0 ], [ 70.724066841836205, 31.291175085163069, 150.0 ], [ 70.724258789350671, 31.29113096927885, 150.0 ], [ 70.724408966635309, 31.291043161483081, 150.0 ], [ 70.724698399806272, 31.290955917508668, 150.0 ], [ 70.724888958698486, 31.290913283123441, 150.0 ], [ 70.725079395226672, 31.290870676069801, 150.0 ], [ 70.725269954519305, 31.29082768472696, 150.0 ], [ 70.725554342181539, 31.29078316090078, 150.0 ], [ 70.7257878051944, 31.290781653252779, 150.0 ], [ 70.726029124194127, 31.29069482290944, 150.0 ], [ 70.72621960416862, 31.290651004183449, 150.0 ], [ 70.726408716011306, 31.29060949571592, 150.0 ], [ 70.726737451036129, 31.290567230224241, 150.0 ], [ 70.726830993761467, 31.290565983885749, 150.0 ], [ 70.727067925848786, 31.290521259043409, 150.0 ], [ 70.727441872695834, 31.29048045039481, 150.0 ], [ 70.727677255234056, 31.290438075253022, 150.0 ], [ 70.72777015492133, 31.2904378407903, 150.0 ], [ 70.728145428443469, 31.290393498192621, 150.0 ], [ 70.728334764251144, 31.29034965736653, 150.0 ], [ 70.728670123680928, 31.290218921081909, 150.0 ], [ 70.728907905932758, 31.29013373239572, 150.0 ], [ 70.729052875824166, 31.290048677356339, 150.0 ], [ 70.729244138400688, 31.289963048639919, 150.0 ], [ 70.729386001733403, 31.28991996536535, 150.0 ], [ 70.729622397843912, 31.289836046769139, 150.0 ], [ 70.729901562828587, 31.289795187952109, 150.0 ], [ 70.730135221128279, 31.28975228960541, 150.0 ], [ 70.730320021082576, 31.28975163420526, 150.0 ], [ 70.730602165206278, 31.28966640024527, 150.0 ], [ 70.730924747131581, 31.289666711210401, 150.0 ], [ 70.731157929933516, 31.28962353075293, 150.0 ], [ 70.731387989754083, 31.28962462957935, 150.0 ], [ 70.731617962731576, 31.289626072726541, 150.0 ], [ 70.731753933265324, 31.289668738618591, 150.0 ], [ 70.73193399655834, 31.289753803839758, 150.0 ], [ 70.732203902134145, 31.289883973991529, 150.0 ], [ 70.732382633440508, 31.290012014490461, 150.0 ], [ 70.732609069127349, 31.29013621840538, 150.0 ], [ 70.732880245408992, 31.290303974974741, 150.0 ], [ 70.733015488822815, 31.290390420164488, 150.0 ], [ 70.733197247005108, 31.29047736452684, 150.0 ], [ 70.733471972854929, 31.290565375165841, 150.0 ], [ 70.733703989751007, 31.29056628249559, 150.0 ], [ 70.733889632720974, 31.290566793630759, 150.0 ], [ 70.734213209076401, 31.290610723119251, 150.0 ], [ 70.734491607671217, 31.29061282163353, 150.0 ], [ 70.734677233011141, 31.29061408755442, 150.0 ], [ 70.734955734351942, 31.290616168322639, 150.0 ], [ 70.735048580894173, 31.290616861762349, 150.0 ], [ 70.735556068635645, 31.29075465673564, 150.0 ], [ 70.735551114243776, 31.290973865161739, 150.0 ], [ 70.735592404336316, 31.291233501362061, 150.0 ], [ 70.735635859734515, 31.291405133305421, 150.0 ], [ 70.735727159592514, 31.291533249570008, 150.0 ], [ 70.735815530361833, 31.291834538526182, 150.0 ], [ 70.735858009393809, 31.29205769781484, 150.0 ], [ 70.735856204770272, 31.292147514866759, 150.0 ], [ 70.735897962786055, 31.292417515636199, 150.0 ], [ 70.735940379122468, 31.292683743854251, 150.0 ], [ 70.735935485157384, 31.292952421357029, 150.0 ], [ 70.735932990738732, 31.29308761584748, 150.0 ], [ 70.735977135796787, 31.29326817323485, 150.0 ], [ 70.735974000495361, 31.293448382977669, 150.0 ], [ 70.736063671924526, 31.293765606443579, 150.0 ], [ 70.736107350251942, 31.293995522441431, 150.0 ], [ 70.736104185735456, 31.294179861288331, 150.0 ], [ 70.73619431592293, 31.294505870684599, 150.0 ], [ 70.736286982018825, 31.294733632510319, 150.0 ], [ 70.736330784598394, 31.295012883719629, 150.0 ], [ 70.736519867729456, 31.295288972298032, 150.0 ], [ 70.736710526772072, 31.295478354637979, 150.0 ], [ 70.736805554109793, 31.295620299087052, 150.0 ], [ 70.737045147799577, 31.295859021461659, 150.0 ], [ 70.73714049897788, 31.29604818563201, 150.0 ], [ 70.737236140494019, 31.29623791988837, 150.0 ], [ 70.737233214212267, 31.29661823319859, 150.0 ], [ 70.737232478347821, 31.296713665460299, 150.0 ], [ 70.736986172774522, 31.29695166534847, 150.0 ], [ 70.736789185128146, 31.297091450577369, 150.0 ], [ 70.73664187695924, 31.29713746182339, 150.0 ], [ 70.73624994252387, 31.297140858119779, 150.0 ], [ 70.736053056461742, 31.29719147122028, 150.0 ], [ 70.735707161220532, 31.29733741488231, 150.0 ], [ 70.735409946391698, 31.297479875555041, 150.0 ], [ 70.735210335041771, 31.297623300066281, 150.0 ], [ 70.735109739609726, 31.29771984376568, 150.0 ], [ 70.734857816842904, 31.29795987153404, 150.0 ], [ 70.734755416772018, 31.298105499001782, 150.0 ], [ 70.734604737778071, 31.29820282591163, 150.0 ], [ 70.73440300948711, 31.29834906798455, 150.0 ], [ 70.734200121077137, 31.2985007864898, 150.0 ], [ 70.734046911207315, 31.298648310762641, 150.0 ], [ 70.733843726441933, 31.29879634145588, 150.0 ], [ 70.733641792818062, 31.29889544690672, 150.0 ], [ 70.733388263827166, 31.299042774025018, 150.0 ], [ 70.733237587014941, 31.299090529733959, 150.0 ], [ 70.73303118205196, 31.299287091747289, 150.0 ], [ 70.73287730718792, 31.29938915212578, 150.0 ], [ 70.732568958066963, 31.299592795937478, 150.0 ], [ 70.732255023352351, 31.299897315126088, 150.0 ], [ 70.732042827796604, 31.30014990714421, 150.0 ], [ 70.731883013557322, 31.300350240858311, 150.0 ], [ 70.731675151996129, 31.300499621696851, 150.0 ], [ 70.731514398118492, 31.300700874275211, 150.0 ], [ 70.731353264445403, 31.30090227762512, 150.0 ], [ 70.731250292346814, 31.300950822228788, 150.0 ], [ 70.731041477257449, 31.301098640284511, 150.0 ], [ 70.730824990090895, 31.301355896186351, 150.0 ], [ 70.730559701168289, 31.301563743656679, 150.0 ], [ 70.730292291280989, 31.301777467938049, 150.0 ], [ 70.729972374640553, 31.301994850660169, 150.0 ], [ 70.72970559577108, 31.302238761322869, 150.0 ], [ 70.729436851331855, 31.30244881252165, 150.0 ], [ 70.729161681605035, 31.302719279959408, 150.0 ], [ 70.728887900037577, 31.302981483960739, 150.0 ], [ 70.728770615633749, 31.303192209639729, 150.0 ], [ 70.728645338614868, 31.303509785522621, 150.0 ], [ 70.728570930773202, 31.303829113851261, 150.0 ], [ 70.728511712236269, 31.303935732408739, 150.0 ], [ 70.728437078007317, 31.30425590551199, 150.0 ], [ 70.72837009802403, 31.30446936019537, 150.0 ], [ 70.728354845022906, 31.304683230097591, 150.0 ], [ 70.728339818763715, 31.30489671723933, 150.0 ], [ 70.728317098798229, 31.305218541771829, 150.0 ], [ 70.728354313968168, 31.305432914343129, 150.0 ], [ 70.728437031950577, 31.305713608174649, 150.0 ], [ 70.728528845969834, 31.305881725193839, 150.0 ], [ 70.728774886282324, 31.306103153126099, 150.0 ], [ 70.728973286750758, 31.306268934067131, 150.0 ], [ 70.729120090444866, 31.306433130073049, 150.0 ], [ 70.729420792600337, 31.30665603127067, 150.0 ], [ 70.729620823173278, 31.306822840574771, 150.0 ], [ 70.729771895813897, 31.30693484009964, 150.0 ], [ 70.730022799422045, 31.30715587104018, 150.0 ], [ 70.730172018394285, 31.307320770002601, 150.0 ], [ 70.730320890932589, 31.30748967416195, 150.0 ], [ 70.730410817005506, 31.307771554331389, 150.0 ], [ 70.730557282018523, 31.30799849309129, 150.0 ], [ 70.730754275597732, 31.30828365278602, 150.0 ], [ 70.73090180870976, 31.308512581398968, 150.0 ], [ 70.731052790696438, 31.308684983530071, 150.0 ], [ 70.731207049118836, 31.308800431765231, 150.0 ], [ 70.731567085560016, 31.309089770041229, 150.0 ], [ 70.731770444972, 31.309321871744729, 150.0 ], [ 70.731767601802659, 31.30938074130782, 150.0 ], [ 70.731856632295163, 31.309785874294679, 150.0 ], [ 70.731899994632599, 31.310018700709389, 150.0 ], [ 70.731889542789986, 31.310252018939661, 150.0 ], [ 70.731825274136895, 31.310483977633279, 150.0 ], [ 70.731587714772459, 31.31094964874179, 150.0 ], [ 70.731412804724826, 31.311190997988039, 150.0 ], [ 70.731295381166603, 31.31136918694995, 150.0 ], [ 70.731120187600837, 31.311607430266861, 150.0 ], [ 70.731005098062511, 31.311726792511141, 150.0 ], [ 70.730771186278389, 31.31202619282487, 150.0 ], [ 70.730594294521538, 31.312266647550111, 150.0 ], [ 70.730361965880562, 31.31250778936759, 150.0 ], [ 70.730241637104328, 31.31269231991072, 150.0 ], [ 70.730008332483578, 31.312932797962659, 150.0 ], [ 70.729889066092838, 31.31310798049136, 150.0 ], [ 70.729653393223757, 31.31339850812094, 150.0 ], [ 70.729590523965811, 31.313522743399439, 150.0 ], [ 70.729236759051631, 31.313845616990481, 150.0 ], [ 70.729061267868403, 31.31397642238003, 150.0 ], [ 70.728937178183145, 31.31416813141562, 150.0 ], [ 70.72845967087315, 31.31466467164854, 150.0 ], [ 70.72834003742048, 31.31478812965268, 150.0 ], [ 70.727928668823452, 31.315096282523829, 150.0 ], [ 70.727752483018634, 31.315219717147841, 150.0 ], [ 70.727627229955772, 31.31540703928027, 150.0 ], [ 70.727334009999041, 31.315592691174849, 150.0 ], [ 70.727040322101601, 31.31577776246283, 150.0 ], [ 70.726571458346612, 31.316030098770572, 150.0 ], [ 70.726397377304608, 31.31609488458551, 150.0 ], [ 70.726053533337875, 31.316162900484631, 150.0 ], [ 70.725765898403608, 31.316229930122908, 150.0 ], [ 70.725524310568787, 31.316463717237831, 150.0 ], [ 70.72523154002424, 31.31659041154861, 150.0 ], [ 70.724942436916024, 31.316658634282678, 150.0 ], [ 70.724823205864269, 31.31672442065884, 150.0 ], [ 70.724657423954454, 31.31666816239742, 150.0 ] ] ] } },
{ "type": "Feature", "properties": { "Name": "Untitled Polygon", "description": null, "timestamp": null, "begin": null, "end": null, "altitudeMode": "relativeToGround", "tessellate": 1, "extrude": 1, "visibility": -1, "drawOrder": null, "icon": null }, "geometry": { "type": "Polygon", "coordinates": [ [ [ 73.400243500758165, 30.254068227180639, 150.0 ], [ 73.399784154750506, 30.252892478027, 150.0 ], [ 73.400121840207447, 30.251892482548929, 150.0 ], [ 73.400197053363613, 30.251184910112041, 150.0 ], [ 73.400579722743174, 30.2502856172284, 150.0 ], [ 73.401423518643426, 30.250184647625151, 150.0 ], [ 73.406362626734008, 30.251838686880191, 150.0 ], [ 73.408687736255587, 30.25141962065242, 150.0 ], [ 73.410121440057665, 30.250393650114049, 150.0 ], [ 73.411700692845756, 30.249895329251991, 150.0 ], [ 73.413801395931003, 30.249071087574212, 150.0 ], [ 73.419813627549715, 30.251498141299219, 150.0 ], [ 73.428025918135901, 30.257166826355999, 150.0 ], [ 73.42693319043758, 30.26152526553707, 150.0 ], [ 73.425223907471107, 30.263071390357581, 150.0 ], [ 73.4236539341873, 30.263884424795449, 150.0 ], [ 73.419794058080555, 30.266122899594151, 150.0 ], [ 73.417713052043368, 30.26686297025276, 150.0 ], [ 73.414407981130111, 30.26726566857625, 150.0 ], [ 73.413182258997608, 30.267583445151949, 150.0 ], [ 73.410036877469793, 30.267346168129361, 150.0 ], [ 73.407438381714485, 30.266571039745141, 150.0 ], [ 73.406984382301289, 30.264697179459041, 150.0 ], [ 73.408470831201285, 30.262307241460949, 150.0 ], [ 73.407084594735153, 30.260603675297091, 150.0 ], [ 73.406360951466326, 30.259935217831931, 150.0 ], [ 73.404730369172469, 30.259541039147919, 150.0 ], [ 73.402115251887068, 30.2584804378047, 150.0 ], [ 73.401724364561417, 30.258092786605609, 150.0 ], [ 73.401526283350151, 30.257754113936631, 150.0 ], [ 73.401180934485737, 30.257331660771079, 150.0 ], [ 73.400243500758165, 30.254068227180639, 150.0 ] ] ] } },
{ "type": "Feature", "properties": { "Name": "Untitled Polygon", "description": null, "timestamp": null, "begin": null, "end": null, "altitudeMode": "relativeToGround", "tessellate": 1, "extrude": 1, "visibility": -1, "drawOrder": null, "icon": null }, "geometry": { "type": "Polygon", "coordinates": [ [ [ 70.796166473501771, 29.15502778896338, 150.0 ], [ 70.796644783137069, 29.15472342647524, 150.0 ], [ 70.797744923935468, 29.15411248098221, 150.0 ], [ 70.798708278542804, 29.153683647448581, 150.0 ], [ 70.799757425174903, 29.153246840209409, 150.0 ], [ 70.800555290794478, 29.152951027851952, 150.0 ], [ 70.801020170422049, 29.152744164703979, 150.0 ], [ 70.801352512214279, 29.152625930759019, 150.0 ], [ 70.802098246539813, 29.152322949271969, 150.0 ], [ 70.802908221135809, 29.151961819061398, 150.0 ], [ 70.803423270094015, 29.151732321701161, 150.0 ], [ 70.804019835932394, 29.151525222488061, 150.0 ], [ 70.804289081319169, 29.15143449123639, 150.0 ], [ 70.804629438129254, 29.151282628959951, 150.0 ], [ 70.804799209020544, 29.15120688032879, 150.0 ], [ 70.805123357062328, 29.151091493639498, 150.0 ], [ 70.805390479820232, 29.151001473300639, 150.0 ], [ 70.805656801453296, 29.150911786334831, 150.0 ], [ 70.806117236748079, 29.150793675580001, 150.0 ], [ 70.806479630818615, 29.150689973220889, 150.0 ], [ 70.806730327032085, 29.15063600618311, 150.0 ], [ 70.807021343230687, 29.150593100827901, 150.0 ], [ 70.807214670991229, 29.15056479675388, 150.0 ], [ 70.807449951143369, 29.150546657766721, 150.0 ], [ 70.807836893616084, 29.15048941842398, 150.0 ], [ 70.808112894953354, 29.150481886304309, 150.0 ], [ 70.808526492378647, 29.150470383067049, 150.0 ], [ 70.80885669389076, 29.150437994627499, 150.0 ], [ 70.809035661236024, 29.1504445848818, 150.0 ], [ 70.809489273798846, 29.150443449013689, 150.0 ], [ 70.810214506127949, 29.150435881954731, 150.0 ], [ 70.810570361847013, 29.15044931575839, 150.0 ], [ 70.810980080607436, 29.150437954763142, 150.0 ], [ 70.811252317856798, 29.15043091736575, 150.0 ], [ 70.811742499867321, 29.150441212285219, 150.0 ], [ 70.811961090791442, 29.150458018585599, 150.0 ], [ 70.812274475280319, 29.15046040620047, 150.0 ], [ 70.81250490478314, 29.150442496585129, 150.0 ], [ 70.812816585596337, 29.150446153848119, 150.0 ], [ 70.813075440993458, 29.150473327061249, 150.0 ], [ 70.813292938058396, 29.150490363908279, 150.0 ], [ 70.81378074008218, 29.150499790777001, 150.0 ], [ 70.814215009300014, 29.150533408774059, 150.0 ], [ 70.814513864602759, 29.150571061948622, 150.0 ], [ 70.814876939684851, 29.150549152048939, 150.0 ], [ 70.815432379010034, 29.15061447051529, 150.0 ], [ 70.815741898660903, 29.150617393615239, 150.0 ], [ 70.815998720883613, 29.150644867836839, 150.0 ], [ 70.81630765102949, 29.150647898666382, 150.0 ], [ 70.816902262399694, 29.150723210498519, 150.0 ], [ 70.817507296746257, 29.150764014904912, 150.0 ], [ 70.817763151169842, 29.150790878069859, 150.0 ], [ 70.818059669810324, 29.15082783843522, 150.0 ], [ 70.818426689962237, 29.150920436996419, 150.0 ], [ 70.81884533843251, 29.150989183600341, 150.0 ], [ 70.819171616613502, 29.151072036208021, 150.0 ], [ 70.819457163992141, 29.151144661069011, 150.0 ], [ 70.819762696055335, 29.151297703061541, 150.0 ], [ 70.819915594990221, 29.151374291840479, 150.0 ], [ 70.820099048424822, 29.151496306178881, 150.0 ], [ 70.820354041962077, 29.151674094135799, 150.0 ], [ 70.820610056951708, 29.151852359913679, 150.0 ], [ 70.820681501038351, 29.151908366287309, 150.0 ], [ 70.820824670771302, 29.152020878831991, 150.0 ], [ 70.821049807424956, 29.15215326891277, 150.0 ], [ 70.821234231161483, 29.152275533215811, 150.0 ], [ 70.821501158918053, 29.152419376891739, 150.0 ], [ 70.821645136913602, 29.152531836510789, 150.0 ], [ 70.821871158834867, 29.15266482169659, 150.0 ], [ 70.822138363201603, 29.152808316297719, 150.0 ], [ 70.822345125639032, 29.153012877825041, 150.0 ], [ 70.822552493196326, 29.153218042796759, 150.0 ], [ 70.82283287996637, 29.15348042229467, 150.0 ], [ 70.822936917223231, 29.15358335838129, 150.0 ], [ 70.823167427211857, 29.15387238311677, 150.0 ], [ 70.823576569772825, 29.154323027173081, 150.0 ], [ 70.823684721596763, 29.154583137578491, 150.0 ], [ 70.823751690275259, 29.15483330272172, 150.0 ], [ 70.823777908868806, 29.15507481045497, 150.0 ], [ 70.82385129867103, 29.155132149021259, 150.0 ], [ 70.823877519268052, 29.155374303762709, 150.0 ], [ 70.823913082588348, 29.155579651370729, 150.0 ], [ 70.823874801311177, 29.155727479545209, 150.0 ], [ 70.823933125182876, 29.156018691058168, 150.0 ], [ 70.823978519601013, 29.156188630381791, 150.0 ], [ 70.824037014548594, 29.15648146306852, 150.0 ], [ 70.824118671877514, 29.156860782059489, 150.0 ], [ 70.824154537275746, 29.157069459160031, 150.0 ], [ 70.824190513029222, 29.157278725916971, 150.0 ], [ 70.824194314487571, 29.157440652515259, 150.0 ], [ 70.824188652320345, 29.157641059170981, 150.0 ], [ 70.824225318631349, 29.157852876631239, 150.0 ], [ 70.824294331476267, 29.15811317464977, 150.0 ], [ 70.82427873913845, 29.158352961811961, 150.0 ], [ 70.824272880082589, 29.158555327206031, 150.0 ], [ 70.82429020499977, 29.15884601425957, 150.0 ], [ 70.824327157957214, 29.159060808623689, 150.0 ], [ 70.82431194499415, 29.15930449530298, 150.0 ], [ 70.824310439802218, 29.15967695106535, 150.0 ], [ 70.824304646869578, 29.15988328875137, 150.0 ], [ 70.824298605962497, 29.16008956116147, 150.0 ], [ 70.824306059526762, 29.160424455344451, 150.0 ], [ 70.82434341418336, 29.160643613725959, 150.0 ], [ 70.824370885706543, 29.160902602463331, 150.0 ], [ 70.824325475873692, 29.16127016556991, 150.0 ], [ 70.824275782012563, 29.16146846502296, 150.0 ], [ 70.824260413442204, 29.161720483413141, 150.0 ], [ 70.824308011244639, 29.16190278967111, 150.0 ], [ 70.824268514337376, 29.16206435799231, 150.0 ], [ 70.824282435913972, 29.1621964503173, 150.0 ], [ 70.824246910784751, 29.16253127962564, 150.0 ], [ 70.824280649392975, 29.162582875849829, 150.0 ], [ 70.824240956463029, 29.162745286370139, 150.0 ], [ 70.824191376828054, 29.162948786544248, 150.0 ], [ 70.824207854638189, 29.163253669059689, 150.0 ], [ 70.824221952982001, 29.163388566074961, 150.0 ], [ 70.824216257424723, 29.163605353467371, 150.0 ], [ 70.82419430228002, 29.164081827141899, 150.0 ], [ 70.824222463913799, 29.164353308668129, 150.0 ], [ 70.824206314124012, 29.16461402341826, 150.0 ], [ 70.824210216145346, 29.164791864712139, 150.0 ], [ 70.824258460762181, 29.16498132994144, 150.0 ], [ 70.824320936893969, 29.165308295134899, 150.0 ], [ 70.824349310218139, 29.16558331814398, 150.0 ], [ 70.824353424999643, 29.165763303962709, 150.0 ], [ 70.824377912097631, 29.165859572019251, 150.0 ], [ 70.824406527998676, 29.166136621843339, 150.0 ], [ 70.824410663379979, 29.16631774486769, 150.0 ], [ 70.824439191125606, 29.166595599871499, 150.0 ], [ 70.824398365855004, 29.166765790429459, 150.0 ], [ 70.824402379965306, 29.166947943579931, 150.0 ], [ 70.824365999805252, 29.167303689861829, 150.0 ], [ 70.824359470085156, 29.167529275914589, 150.0 ], [ 70.824388388404728, 29.167812191796681, 150.0 ], [ 70.824337202361832, 29.168029373304371, 150.0 ], [ 70.824331148195839, 29.168258793268031, 150.0 ], [ 70.824335364064908, 29.16844512645379, 150.0 ], [ 70.824329528834994, 29.168676524458689, 150.0 ], [ 70.824323466451702, 29.168907972932729, 150.0 ], [ 70.824362757896921, 29.1691511285137, 150.0 ], [ 70.824366727694226, 29.169338392952849, 150.0 ], [ 70.824395767550385, 29.16962685943156, 150.0 ], [ 70.824429488808008, 29.170107256641639, 150.0 ], [ 70.824433763024373, 29.17029766473193, 150.0 ], [ 70.824484038112942, 29.17050032114313, 150.0 ], [ 70.824524183305329, 29.170748915140429, 150.0 ], [ 70.824518169812535, 29.170985669676849, 150.0 ], [ 70.824512469598247, 29.171224305306371, 150.0 ], [ 70.824577940734329, 29.171576920783089, 150.0 ], [ 70.824571948345522, 29.171815872632841, 150.0 ], [ 70.824576970178313, 29.17201217687203, 150.0 ], [ 70.824595322945157, 29.172351625532151, 150.0 ], [ 70.824600048844673, 29.172547846960502, 150.0 ], [ 70.824651092150646, 29.172755598975161, 150.0 ], [ 70.824670728615459, 29.173102186976219, 150.0 ], [ 70.824726604297538, 29.173508417647891, 150.0 ], [ 70.824731277244652, 29.173706363023179, 150.0 ], [ 70.824787349826948, 29.174114855177631, 150.0 ], [ 70.824828433675094, 29.1743728068565, 150.0 ], [ 70.824906580124591, 29.174692462222961, 150.0 ], [ 70.824937417607259, 29.174999280925981, 150.0 ], [ 70.824989892179545, 29.17521412564469, 150.0 ], [ 70.825005972344243, 29.17537057761951, 150.0 ], [ 70.825095779741574, 29.175647668077549, 150.0 ], [ 70.825091310080936, 29.17590209242249, 150.0 ], [ 70.825134186443918, 29.176169124445671, 150.0 ], [ 70.825128793279617, 29.17642117247852, 150.0 ], [ 70.825171437701272, 29.176688063767891, 150.0 ], [ 70.825166157855534, 29.176941977712708, 150.0 ], [ 70.825208650372943, 29.177209055093659, 150.0 ], [ 70.825262004820786, 29.177428867207979, 150.0 ], [ 70.825267428517634, 29.177636053507261, 150.0 ], [ 70.825299531370604, 29.177953806894632, 150.0 ], [ 70.82535301480587, 29.178174650142481, 150.0 ], [ 70.825369073798356, 29.178333825468219, 150.0 ], [ 70.825295051729682, 29.178680822300819, 150.0 ], [ 70.825386350347728, 29.178965421517969, 150.0 ], [ 70.82552608014835, 29.17926271576464, 150.0 ], [ 70.825762355639895, 29.17958326804122, 150.0 ], [ 70.82587594672178, 29.17977077055497, 150.0 ], [ 70.82590342095726, 29.17988385989381, 150.0 ], [ 70.826142282648533, 29.180211584249381, 150.0 ], [ 70.826294753158109, 29.180463356417231, 150.0 ], [ 70.826426196612076, 29.18081456006967, 150.0 ], [ 70.826579625617967, 29.181068305093369, 150.0 ], [ 70.826617834459782, 29.181131014244201, 150.0 ], [ 70.826810197817508, 29.181449013632609, 150.0 ], [ 70.826887363517415, 29.18157669529106, 150.0 ], [ 70.826982837357988, 29.18187153039624, 150.0 ], [ 70.82705698115744, 29.182265966285559, 150.0 ], [ 70.827191718310701, 29.182626391472869, 150.0 ], [ 70.827210184027422, 29.1827948091175, 150.0 ], [ 70.827424928256335, 29.183011588213869, 150.0 ], [ 70.827630038421432, 29.183281428312121, 150.0 ], [ 70.827776870480662, 29.183594073444208, 150.0 ], [ 70.827934022861726, 29.183854314245039, 150.0 ], [ 70.828080938305021, 29.184165684664048, 150.0 ], [ 70.828110188634014, 29.18428315242247, 150.0 ], [ 70.8282085360906, 29.184584885086579, 150.0 ], [ 70.82822774415601, 29.185035331266889, 150.0 ], [ 70.828296863607093, 29.18550084905619, 150.0 ], [ 70.828256781423221, 29.185715656566011, 150.0 ], [ 70.828206533070102, 29.185984944427801, 150.0 ], [ 70.828055913323567, 29.18622920426721, 150.0 ], [ 70.827975338523217, 29.18637872251886, 150.0 ], [ 70.827682400835272, 29.186816010489661, 150.0 ], [ 70.827540468730689, 29.187008277292591, 150.0 ], [ 70.8272973367513, 29.18717495994245, 150.0 ], [ 70.82705358464645, 29.187342074041311, 150.0 ], [ 70.826880964208215, 29.187412726911258, 150.0 ], [ 70.826697467930373, 29.187538480421662, 150.0 ], [ 70.826390858354785, 29.18774860582683, 150.0 ], [ 70.826021664483733, 29.188002307934031, 150.0 ], [ 70.825909470501273, 29.1880317101316, 150.0 ], [ 70.82568434172407, 29.1880897802838, 150.0 ], [ 70.825470194204371, 29.188093482429881, 150.0 ], [ 70.825143186004595, 29.188126710903841, 150.0 ], [ 70.824764958587423, 29.188147120151491, 150.0 ], [ 70.824510933470961, 29.18808280158331, 150.0 ], [ 70.824296147265031, 29.18808655843031, 150.0 ], [ 70.823991217904805, 29.188009350072679, 150.0 ], [ 70.823674520732212, 29.187987341384371, 150.0 ], [ 70.823318677838486, 29.187897329075088, 150.0 ], [ 70.822912127107827, 29.187795438662, 150.0 ], [ 70.822607202032998, 29.187719013825841, 150.0 ], [ 70.822403913023905, 29.187668063323319, 150.0 ], [ 70.822098967778388, 29.187591634001119, 150.0 ], [ 70.821755545611055, 29.187447309204011, 150.0 ], [ 70.821475593254831, 29.187260811879561, 150.0 ], [ 70.821297490588279, 29.187099963101609, 150.0 ], [ 70.82090411173958, 29.186943377819851, 150.0 ], [ 70.820637824669035, 29.186702696375509, 150.0 ], [ 70.820409759876256, 29.186527461443291, 150.0 ], [ 70.820308372828194, 29.18650095925523, 150.0 ], [ 70.819992397965962, 29.186247201558931, 150.0 ], [ 70.81975230683571, 29.18612901950555, 150.0 ], [ 70.819424250426351, 29.185930965778429, 150.0 ], [ 70.819134007484493, 29.185800298123091, 150.0 ], [ 70.818894476117322, 29.18568239853149, 150.0 ], [ 70.818655154845388, 29.18556487868354, 150.0 ], [ 70.818415924028756, 29.185445825387198, 150.0 ], [ 70.81813975037926, 29.185261674905171, 150.0 ], [ 70.817964837007239, 29.185102537580381, 150.0 ], [ 70.81765255344321, 29.18485557188281, 150.0 ], [ 70.817340725613548, 29.18460246511227, 150.0 ], [ 70.817116494369813, 29.184428165679861, 150.0 ], [ 70.81689253017737, 29.184258875809238, 150.0 ], [ 70.816682644060705, 29.184036206753191, 150.0 ], [ 70.816509498294494, 29.18387836846593, 150.0 ], [ 70.81625019042086, 29.183641990367441, 150.0 ], [ 70.816027559506693, 29.18346974422461, 150.0 ], [ 70.815855356370889, 29.1833095670383, 150.0 ], [ 70.815461721767988, 29.182976408707091, 150.0 ], [ 70.815218899358172, 29.182684655839729, 150.0 ], [ 70.814983491456289, 29.182568654718551, 150.0 ], [ 70.814826819611028, 29.182359003897709, 150.0 ], [ 70.814570800652916, 29.182126976205041, 150.0 ], [ 70.814400276015576, 29.18197270190943, 150.0 ], [ 70.814194704148676, 29.181753790193909, 150.0 ], [ 70.813974964783341, 29.18158734361004, 150.0 ], [ 70.813784695628911, 29.181317172614971, 150.0 ], [ 70.813580253766062, 29.18109946086399, 150.0 ], [ 70.813306432479195, 29.18075402079824, 150.0 ], [ 70.81312294927038, 29.180652842032469, 150.0 ], [ 70.812884991289721, 29.180372502331949, 150.0 ], [ 70.812682251646009, 29.180155949001779, 150.0 ], [ 70.812479984718181, 29.179939367233491, 150.0 ], [ 70.812160555032847, 29.17958001000374, 150.0 ], [ 70.811890515465024, 29.17924058427089, 150.0 ], [ 70.811621651883655, 29.178899611450088, 150.0 ], [ 70.811255472478138, 29.17853491366218, 150.0 ], [ 70.811089728405719, 29.178384220031329, 150.0 ], [ 70.810890597742741, 29.178170437163661, 150.0 ], [ 70.810789773041222, 29.177981646727329, 150.0 ], [ 70.810640221654651, 29.177780933175839, 150.0 ], [ 70.81042663764633, 29.177618545267649, 150.0 ], [ 70.810277716227802, 29.177418292146289, 150.0 ], [ 70.810097969283987, 29.177318778471701, 150.0 ], [ 70.80993383038367, 29.177169669198221, 150.0 ], [ 70.809639258869893, 29.1769340208145, 150.0 ], [ 70.809393817510539, 29.17671158241977, 150.0 ], [ 70.809197427490929, 29.176502045094932, 150.0 ], [ 70.80897001349166, 29.176390956565658, 150.0 ], [ 70.808774438158792, 29.176181270872359, 150.0 ], [ 70.808530569436257, 29.175960067447551, 150.0 ], [ 70.808173493918716, 29.175604825629719, 150.0 ], [ 70.807849197138069, 29.17515433604952, 150.0 ], [ 70.80752697033229, 29.174861299605759, 150.0 ], [ 70.807286142054295, 29.174641046961739, 150.0 ], [ 70.807044641380031, 29.174424467731281, 150.0 ], [ 70.806819738651853, 29.174160274138071, 150.0 ], [ 70.806499315137117, 29.173871838792969, 150.0 ], [ 70.806149258431233, 29.17352084080494, 150.0 ], [ 70.805927478415654, 29.173255634158391, 150.0 ], [ 70.805658415848058, 29.172978769446161, 150.0 ], [ 70.805437764654201, 29.172714970849619, 150.0 ], [ 70.805186505735662, 29.172392425796978, 150.0 ], [ 70.80487170220492, 29.17210571975485, 150.0 ], [ 70.804652854200384, 29.171844177474309, 150.0 ], [ 70.804464975005743, 29.171643005568711, 150.0 ], [ 70.804277523324529, 29.171442029555219, 150.0 ], [ 70.804090461882708, 29.171241295075291, 150.0 ], [ 70.803778085314633, 29.17095856548513, 150.0 ], [ 70.803639210459025, 29.170770890310141, 150.0 ], [ 70.803375126554002, 29.17050180952387, 150.0 ], [ 70.803267094822459, 29.170373311664729, 150.0 ], [ 70.803003916202954, 29.170105171585568, 150.0 ], [ 70.802754484707975, 29.169941207112739, 150.0 ], [ 70.802569635161007, 29.16974382703501, 150.0 ], [ 70.802415080021149, 29.169604505291922, 150.0 ], [ 70.802183770926845, 29.169395509927561, 150.0 ], [ 70.801905750312798, 29.16917495972924, 150.0 ], [ 70.801475043321204, 29.168815875669011, 150.0 ], [ 70.801227738287565, 29.16865369949241, 150.0 ], [ 70.800858410001993, 29.168409250636088, 150.0 ], [ 70.800706040076378, 29.168270913360431, 150.0 ], [ 70.800365936272158, 29.168085548692918, 150.0 ], [ 70.80002617338755, 29.16790046862301, 150.0 ], [ 70.799762375636533, 29.167784669024449, 150.0 ], [ 70.799405459411702, 29.167644590503059, 150.0 ], [ 70.799094280622086, 29.167518116935469, 150.0 ], [ 70.798860504095344, 29.167458166562561, 150.0 ], [ 70.798599053003912, 29.167340388248139, 150.0 ], [ 70.798382981567542, 29.16723649761532, 150.0 ], [ 70.797979754062752, 29.167085274875159, 150.0 ], [ 70.797792649274356, 29.167037691014411, 150.0 ], [ 70.7976423091486, 29.166901034282908, 150.0 ], [ 70.797316385401572, 29.16681636061449, 150.0 ], [ 70.797148082862051, 29.166724176164401, 150.0 ], [ 70.797025742196098, 29.166644851597962, 150.0 ], [ 70.796716668422874, 29.166518019837049, 150.0 ], [ 70.796548249729938, 29.16642645192379, 150.0 ], [ 70.796286349600308, 29.166311415535279, 150.0 ], [ 70.796043485346431, 29.166152128777981, 150.0 ], [ 70.795855833448911, 29.16610570955628, 150.0 ], [ 70.79568685695682, 29.166015316157431, 150.0 ], [ 70.795444922144512, 29.16585591798086, 150.0 ], [ 70.795231856846812, 29.165751632578971, 150.0 ], [ 70.795111433711924, 29.165671743131458, 150.0 ], [ 70.794869524535173, 29.165513298973181, 150.0 ], [ 70.794723616964788, 29.165376261259791, 150.0 ], [ 70.794575392862072, 29.165241674833279, 150.0 ], [ 70.794408376003631, 29.165150782509361, 150.0 ], [ 70.794206605905785, 29.164904945481069, 150.0 ], [ 70.794031047827787, 29.16471619078488, 150.0 ], [ 70.793791602167403, 29.16455815608948, 150.0 ], [ 70.793645057896654, 29.164423931543649, 150.0 ], [ 70.79349868507353, 29.164289861960569, 150.0 ], [ 70.793325753809754, 29.164100793112681, 150.0 ], [ 70.793133492497532, 29.163955380206289, 150.0 ], [ 70.793007318836302, 29.16377864366952, 150.0 ], [ 70.792815452235502, 29.16363368326585, 150.0 ], [ 70.792709560661692, 29.163414317937828, 150.0 ], [ 70.79260400295486, 29.163195401725481, 150.0 ], [ 70.792479037367812, 29.163019792849951, 150.0 ], [ 70.792446299904441, 29.162867858667461, 150.0 ], [ 70.792453285940923, 29.16263065504058, 150.0 ], [ 70.792368469896601, 29.162370882002978, 150.0 ], [ 70.792355690467289, 29.162177630127921, 150.0 ], [ 70.792362625533428, 29.161942512859351, 150.0 ], [ 70.792349886738052, 29.161750263745471, 150.0 ], [ 70.792356811965732, 29.1615163801157, 150.0 ], [ 70.792474384467937, 29.161264397937149, 150.0 ], [ 70.792526578692815, 29.16104351921879, 150.0 ], [ 70.792578620695906, 29.160823277304029, 150.0 ], [ 70.792591628849678, 29.16068682338954, 150.0 ], [ 70.79270811967973, 29.160437666493142, 150.0 ], [ 70.792759432739615, 29.16021935011452, 150.0 ], [ 70.792752758828456, 29.16012532555845, 150.0 ], [ 70.79284222303346, 29.159825759862741, 150.0 ], [ 70.792938115819155, 29.159620666269319, 150.0 ], [ 70.79303356121801, 29.15941625912378, 150.0 ], [ 70.793166606664954, 29.15913112873401, 150.0 ], [ 70.793299326106407, 29.15884699563895, 150.0 ], [ 70.793412809291283, 29.158604264023271, 150.0 ], [ 70.79352127279958, 29.15836501560895, 150.0 ], [ 70.793595413421983, 29.15820476679831, 150.0 ], [ 70.793687863669277, 29.158004941365011, 150.0 ], [ 70.793798653042487, 29.15776578467722, 150.0 ], [ 70.793964489804509, 29.157532578803739, 150.0 ], [ 70.794147273651049, 29.157355744761102, 150.0 ], [ 70.794330010777301, 29.157179164968699, 150.0 ], [ 70.794519035369035, 29.156999395775159, 150.0 ], [ 70.794716629095646, 29.15678578886795, 150.0 ], [ 70.794869755916892, 29.156561573983669, 150.0 ], [ 70.795023538759025, 29.156337496299869, 150.0 ], [ 70.795077646669711, 29.156220482940149, 150.0 ], [ 70.795149652413059, 29.156064762875332, 150.0 ], [ 70.795239436766678, 29.155870591574061, 150.0 ], [ 70.795275072921527, 29.155793179403581, 150.0 ], [ 70.796166473501771, 29.15502778896338, 150.0 ] ] ] } },
{ "type": "Feature", "properties": { "Name": "Untitled Polygon", "description": null, "timestamp": null, "begin": null, "end": null, "altitudeMode": "relativeToGround", "tessellate": 1, "extrude": 1, "visibility": -1, "drawOrder": null, "icon": null }, "geometry": { "type": "Polygon", "coordinates": [ [ [ 74.020324443509054, 32.45675593233647, 150.0 ], [ 74.020055422227813, 32.457338266099129, 150.0 ], [ 74.019749774184604, 32.457770084323293, 150.0 ], [ 74.019563571794833, 32.458087510481647, 150.0 ], [ 74.019398694934523, 32.458338010702498, 150.0 ], [ 74.018969785653638, 32.458887816428607, 150.0 ], [ 74.01868385347376, 32.459254499088637, 150.0 ], [ 74.018477771184465, 32.459637834314059, 150.0 ], [ 74.018171827934793, 32.460070295214749, 150.0 ], [ 74.017907621479566, 32.460369801694767, 150.0 ], [ 74.017521691482855, 32.460785875255013, 150.0 ], [ 74.017257299709584, 32.461085523926847, 150.0 ], [ 74.016792481362188, 32.461484299454902, 150.0 ], [ 74.016469912108093, 32.461699967749553, 150.0 ], [ 74.01616898130321, 32.4618483121398, 150.0 ], [ 74.01574581218739, 32.46211376479944, 150.0 ], [ 74.015422882627377, 32.46232973478989, 150.0 ], [ 74.015042536845698, 32.462460941062837, 150.0 ], [ 74.014661932301195, 32.462592316808298, 150.0 ], [ 74.014460731271541, 32.4626916791726, 150.0 ], [ 74.014159671445555, 32.462840070633909, 150.0 ], [ 74.013599906742684, 32.463003133212922, 150.0 ], [ 74.013478266961997, 32.463119495011121, 150.0 ], [ 74.013019122022172, 32.463232757127763, 150.0 ], [ 74.012558932290631, 32.463346843889639, 150.0 ], [ 74.012220958942905, 32.463343987903627, 150.0 ], [ 74.011761042307583, 32.463457701207673, 150.0 ], [ 74.01106452660683, 32.463518252027221, 150.0 ], [ 74.010467796294677, 32.463529749229309, 150.0 ], [ 74.009532904431552, 32.463538236294923, 150.0 ], [ 74.009036915587302, 32.463500005871033, 150.0 ], [ 74.008598451324886, 32.463546366880898, 150.0 ], [ 74.008282428501801, 32.463475883145477, 150.0 ], [ 74.007685879074359, 32.46348699604652, 150.0 ], [ 74.007189797229358, 32.46344865357581, 150.0 ], [ 74.006715320456081, 32.46334317668083, 150.0 ], [ 74.006218967499422, 32.463304963992833, 150.0 ], [ 74.005801663006793, 32.463284327323102, 150.0 ], [ 74.004773525009554, 32.463055751381503, 150.0 ], [ 74.004299467304492, 32.462949988109372, 150.0 ], [ 74.003904328846858, 32.462861905090783, 150.0 ], [ 74.003667153083995, 32.462809105167608, 150.0 ], [ 74.003350745796467, 32.462738796871399, 150.0 ], [ 74.002876139358335, 32.462633337444593, 150.0 ], [ 74.002243310953077, 32.462492712505977, 150.0 ], [ 74.001769209558717, 32.462386992612842, 150.0 ], [ 74.001215541654972, 32.462263899164803, 150.0 ], [ 73.999950142376463, 32.461982467344299, 150.0 ], [ 73.999159384728983, 32.461806518655543, 150.0 ], [ 73.997655764685177, 32.461472675445293, 150.0 ], [ 73.996546969962949, 32.461226979161623, 150.0 ], [ 73.995913626044469, 32.461086441762532, 150.0 ], [ 73.995462120727282, 32.460913340016269, 150.0 ], [ 73.994930400188949, 32.460723201661573, 150.0 ], [ 73.994715649107391, 32.460603163283487, 150.0 ], [ 73.994421908079232, 32.460465512555608, 150.0 ], [ 73.993913508347021, 32.460207866030807, 150.0 ], [ 73.993484244228426, 32.45996781638155, 150.0 ], [ 73.992898166160515, 32.459692352423623, 150.0 ], [ 73.992467543009539, 32.459452964251888, 150.0 ], [ 73.992059780592044, 32.459146162941103, 150.0 ], [ 73.991766157091803, 32.459008673081357, 150.0 ], [ 73.991257977653504, 32.458751312586251, 150.0 ], [ 73.991122397115802, 32.458649045565799, 150.0 ], [ 73.990557760195998, 32.458307108674077, 150.0 ], [ 73.990308914682103, 32.458035731201342, 150.0 ], [ 73.989980904262623, 32.45774695405138, 150.0 ], [ 73.989789433764997, 32.457559887517199, 150.0 ], [ 73.989436728351123, 32.457338752475657, 150.0 ], [ 73.989010142335843, 32.457098717787353, 150.0 ], [ 73.988446775319943, 32.456756941381983, 150.0 ], [ 73.987642768034874, 32.456363392082608, 150.0 ], [ 73.987163328982291, 32.456038351196263, 150.0 ], [ 73.986815069664786, 32.455816412583928, 150.0 ], [ 73.986520709034579, 32.45567944203966, 150.0 ], [ 73.985921567451484, 32.455187267372096, 150.0 ], [ 73.985357710819187, 32.454846204823603, 150.0 ], [ 73.985301241348012, 32.454761838782588, 150.0 ], [ 73.985028673477615, 32.454558242141253, 150.0 ], [ 73.98462087743647, 32.454252881167228, 150.0 ], [ 73.9841265127329, 32.453711403437993, 150.0 ], [ 73.983990705064926, 32.453609581061542, 150.0 ], [ 73.983631256977475, 32.453170496287683, 150.0 ], [ 73.983246239054893, 32.452798418755769, 150.0 ], [ 73.983021049057868, 32.452461562477623, 150.0 ], [ 73.982987680313911, 32.452310621011769, 150.0 ], [ 73.982749591697257, 32.451756418492472, 150.0 ], [ 73.982550584944491, 32.451352722023238, 150.0 ], [ 73.98250481349487, 32.450984819365218, 150.0 ], [ 73.982448722632768, 32.450399693583442, 150.0 ], [ 73.982335811020533, 32.450231476741124, 150.0 ], [ 73.982375209183999, 32.449881136992182, 150.0 ], [ 73.982339751259332, 32.449230349206267, 150.0 ], [ 73.982281206232642, 32.448646337804263, 150.0 ], [ 73.982359431124337, 32.448163557040111, 150.0 ], [ 73.982256459417542, 32.447712796000388, 150.0 ], [ 73.982290671540454, 32.447363844164869, 150.0 ], [ 73.982350197141102, 32.446948259459077, 150.0 ], [ 73.982271823420831, 32.446431585954393, 150.0 ], [ 73.982275539804533, 32.445932839713059, 150.0 ], [ 73.98231008906717, 32.445584280611023, 150.0 ], [ 73.982287820356348, 32.445152069446102, 150.0 ], [ 73.982387792898109, 32.444605201952918, 150.0 ], [ 73.982442307314372, 32.444190709252041, 150.0 ], [ 73.982478811754419, 32.443842793646652, 150.0 ], [ 73.982590866141479, 32.443512328303797, 150.0 ], [ 73.982780338622916, 32.442702154289123, 150.0 ], [ 73.982837945904606, 32.442288643857161, 150.0 ], [ 73.982952224488358, 32.441958973587688, 150.0 ], [ 73.983054981601811, 32.441413959620718, 150.0 ], [ 73.983210592219223, 32.440952385668268, 150.0 ], [ 73.983321701162978, 32.440622814233279, 150.0 ], [ 73.983354436392304, 32.440275877631493, 150.0 ], [ 73.983510095665352, 32.439814876824201, 150.0 ], [ 73.983566624639295, 32.439402698631731, 150.0 ], [ 73.983676450921223, 32.439073325037448, 150.0 ], [ 73.983789399712265, 32.438744669480784, 150.0 ], [ 73.983991965340039, 32.43815323692931, 150.0 ], [ 73.984103469307129, 32.43782467109007, 150.0 ], [ 73.984170355424013, 32.437627581385868, 150.0 ], [ 73.984326367196374, 32.437167856681128, 150.0 ], [ 73.984609878911769, 32.436595401772493, 150.0 ], [ 73.984880400271962, 32.436302774798627, 150.0 ], [ 73.985248519138992, 32.43596159065175, 150.0 ], [ 73.985737615315145, 32.435506550185949, 150.0 ], [ 73.986203254613201, 32.435116986581477, 150.0 ], [ 73.986650197790766, 32.434793986802681, 150.0 ], [ 73.986995524728101, 32.434518885226588, 150.0 ], [ 73.987417989926399, 32.43426099718878, 150.0 ], [ 73.987718709120969, 32.434116870645092, 150.0 ], [ 73.988220097412238, 32.433876827975567, 150.0 ], [ 73.988598941375471, 32.433750237615619, 150.0 ], [ 73.988899717031913, 32.433606352667113, 150.0 ], [ 73.989356954502654, 32.433497334950133, 150.0 ], [ 73.990093588129795, 32.433310124674193, 150.0 ], [ 73.990829011432652, 32.433122774819893, 150.0 ], [ 73.991466509597828, 32.432984204830063, 150.0 ], [ 73.991919109775282, 32.43287403357202, 150.0 ], [ 73.992431098758615, 32.43284760319861, 150.0 ], [ 73.992863437379199, 32.432803355114167, 150.0 ], [ 73.993532550954271, 32.432812311847243, 150.0 ], [ 73.993808412589786, 32.432733055481037, 150.0 ], [ 73.99424268455833, 32.432689652605227, 150.0 ], [ 73.99501288017467, 32.432651061893843, 150.0 ], [ 73.995578866617663, 32.432706714390683, 150.0 ], [ 73.995913604665319, 32.432711341632903, 150.0 ], [ 73.99632524160036, 32.432732921794333, 150.0 ], [ 73.99689190581266, 32.432788907053379, 150.0 ], [ 73.997380720985788, 32.432827560296161, 150.0 ], [ 73.997927835883999, 32.432949692287657, 150.0 ], [ 73.998671856905929, 32.432974970642299, 150.0 ], [ 73.999261160389878, 32.432966036672028, 150.0 ], [ 73.999885260501998, 32.433105103719093, 150.0 ], [ 74.000219383536475, 32.433109525207783, 150.0 ], [ 74.000531766779062, 32.433179192688257, 150.0 ], [ 74.001178404829375, 32.433253366769719, 150.0 ], [ 74.001334653739264, 32.433288226795597, 150.0 ], [ 74.002036925631046, 32.43344479089729, 150.0 ], [ 74.00234887655607, 32.433514304736882, 150.0 ], [ 74.002717157403353, 32.433666450344077, 150.0 ], [ 74.003241430150524, 32.433853354586837, 150.0 ], [ 74.003843810485776, 32.434057659313453, 150.0 ], [ 74.004112187464287, 32.434257576459053, 150.0 ], [ 74.004401979220759, 32.434392151832931, 150.0 ], [ 74.004747855685906, 32.434609279974062, 150.0 ], [ 74.005282026217685, 32.43500823676915, 150.0 ], [ 74.005706647429378, 32.435243051704823, 150.0 ], [ 74.006301137754505, 32.435726293263883, 150.0 ], [ 74.00657066388483, 32.435926737584587, 150.0 ], [ 74.006839777842544, 32.436127087431217, 150.0 ], [ 74.007009640674994, 32.436375561903454, 150.0 ], [ 74.007392490715148, 32.436741763628334, 150.0 ], [ 74.007640590383517, 32.437007745301983, 150.0 ], [ 74.007923183392421, 32.437421905688538, 150.0 ], [ 74.008092637514451, 32.437670421464993, 150.0 ], [ 74.008418255106676, 32.437953746768351, 150.0 ], [ 74.008679318153384, 32.438433681081769, 150.0 ], [ 74.009097807619824, 32.438948912339242, 150.0 ], [ 74.009154263261706, 32.439031825109907, 150.0 ], [ 74.009402665045741, 32.439298234546847, 150.0 ], [ 74.009630787212274, 32.439630588182133, 150.0 ], [ 74.009934529447222, 32.43997974948357, 150.0 ], [ 74.010296146919487, 32.440412345934078, 150.0 ], [ 74.01046613974097, 32.440661499122598, 150.0 ], [ 74.010905728340717, 32.441111646745483, 150.0 ], [ 74.011075839821714, 32.441360953851451, 150.0 ], [ 74.011480326956516, 32.441662480723899, 150.0 ], [ 74.011863541487571, 32.44202983495304, 150.0 ], [ 74.012169294611809, 32.44237999825129, 150.0 ], [ 74.012588257847128, 32.442896606869411, 150.0 ], [ 74.012893669085926, 32.443246940636463, 150.0 ], [ 74.013199616304789, 32.443597416431139, 150.0 ], [ 74.013370728599568, 32.443847291436533, 150.0 ], [ 74.013620241545908, 32.444114642988957, 150.0 ], [ 74.013869793184398, 32.444382032988592, 150.0 ], [ 74.014211506567946, 32.444882056379178, 150.0 ], [ 74.014346531320314, 32.444982813483882, 150.0 ], [ 74.014596429409025, 32.445250353572362, 150.0 ], [ 74.014862285194894, 32.44573331674831, 150.0 ], [ 74.015109770196332, 32.446000940185442, 150.0 ], [ 74.015235897509143, 32.446383321137141, 150.0 ], [ 74.015580773270884, 32.446884076345768, 150.0 ], [ 74.015843887079257, 32.447367706731058, 150.0 ], [ 74.016029584664295, 32.447834090736343, 150.0 ], [ 74.016371464487278, 32.44833559067753, 150.0 ], [ 74.016671547652493, 32.448969645087729, 150.0 ], [ 74.017107385758734, 32.44970520717402, 150.0 ], [ 74.017200437232773, 32.449938862632067, 150.0 ], [ 74.017386602912126, 32.4504063212907, 150.0 ], [ 74.01753691287179, 32.450723887887193, 150.0 ], [ 74.017687354888295, 32.451041515868198, 150.0 ], [ 74.017837966671863, 32.451359195435522, 150.0 ], [ 74.018003442960506, 32.451893518918247, 150.0 ], [ 74.018290040409369, 32.452312736556912, 150.0 ], [ 74.018398343744465, 32.452763597053902, 150.0 ], [ 74.018585283172882, 32.453232101394093, 150.0 ], [ 74.018715399455914, 32.453616601804207, 150.0 ], [ 74.020324443509054, 32.45675593233647, 150.0 ] ] ] } },
{ "type": "Feature", "properties": { "Name": "Untitled Polygon", "description": null, "timestamp": null, "begin": null, "end": null, "altitudeMode": "relativeToGround", "tessellate": 1, "extrude": 1, "visibility": -1, "drawOrder": null, "icon": null }, "geometry": { "type": "Polygon", "coordinates": [ [ [ 74.066233198263873, 32.464719697345878, 150.0 ], [ 74.066241674752007, 32.464557088125147, 150.0 ], [ 74.066272675567888, 32.464207710699597, 150.0 ], [ 74.066255625923134, 32.463958980424827, 150.0 ], [ 74.066270875603522, 32.463853721821472, 150.0 ], [ 74.066297326543136, 32.463723947690553, 150.0 ], [ 74.066390649035284, 32.463503304077058, 150.0 ], [ 74.066499777908689, 32.463258186279127, 150.0 ], [ 74.066556831271768, 32.463135637517802, 150.0 ], [ 74.066603052392395, 32.463037677036681, 150.0 ], [ 74.066672265812613, 32.462890998892362, 150.0 ], [ 74.066770852107382, 32.462695354237567, 150.0 ], [ 74.066863759765695, 32.462524243265968, 150.0 ], [ 74.066939699958041, 32.462378298567259, 150.0 ], [ 74.066946278401161, 32.462275674461743, 150.0 ], [ 74.06701963269407, 32.462083364484513, 150.0 ], [ 74.067074632506433, 32.461915759134889, 150.0 ], [ 74.067121093197827, 32.461741054657011, 150.0 ], [ 74.06715385838848, 32.461668959638303, 150.0 ], [ 74.067237352394102, 32.461477253024412, 150.0 ], [ 74.06728866843811, 32.461357643168469, 150.0 ], [ 74.067341883816297, 32.461238138979532, 150.0 ], [ 74.067467908872828, 32.461029881670292, 150.0 ], [ 74.067604642741316, 32.460798472910213, 150.0 ], [ 74.06776369890207, 32.460520423238101, 150.0 ], [ 74.067868834153373, 32.460284156431648, 150.0 ], [ 74.068021941172148, 32.460084860396982, 150.0 ], [ 74.068116319092979, 32.459873371135068, 150.0 ], [ 74.06826039034631, 32.459622015269552, 150.0 ], [ 74.068392298659205, 32.459394655399151, 150.0 ], [ 74.068493576973708, 32.459237859750289, 150.0 ], [ 74.068584767257605, 32.459104669369609, 150.0 ], [ 74.068657730810614, 32.458942271077582, 150.0 ], [ 74.068777116704752, 32.458815920895361, 150.0 ], [ 74.068888517552409, 32.458637293042102, 150.0 ], [ 74.069017763155856, 32.458488437176399, 150.0 ], [ 74.069146370790904, 32.45833984345137, 150.0 ], [ 74.069284074305287, 32.458168495848213, 150.0 ], [ 74.069401276036828, 32.458043373306388, 150.0 ], [ 74.069525570092139, 32.457919607712817, 150.0 ], [ 74.069612539315784, 32.457788430579647, 150.0 ], [ 74.069783061252423, 32.45764999110839, 150.0 ], [ 74.070044069312274, 32.457481768438832, 150.0 ], [ 74.070268108221427, 32.457306889050237, 150.0 ], [ 74.070480338409709, 32.457180499028318, 150.0 ], [ 74.070678388922914, 32.457100605493522, 150.0 ], [ 74.070878712514784, 32.456996854588979, 150.0 ], [ 74.071000145434169, 32.456925209043519, 150.0 ], [ 74.071110105013943, 32.456875794518361, 150.0 ], [ 74.071273557010443, 32.456789060243842, 150.0 ], [ 74.071528467096869, 32.456698281963718, 150.0 ], [ 74.071748482472799, 32.45659998947076, 150.0 ], [ 74.072059900037075, 32.456496655146339, 150.0 ], [ 74.072190045522646, 32.45645164551734, 150.0 ], [ 74.072372291690911, 32.456418164371129, 150.0 ], [ 74.072552850849249, 32.456409005488467, 150.0 ], [ 74.072683646668807, 32.45638908138352, 150.0 ], [ 74.072869859160249, 32.45638150545188, 150.0 ], [ 74.073148976975148, 32.456370150406457, 150.0 ], [ 74.073481842987661, 32.456370704544469, 150.0 ], [ 74.073603275584659, 32.456373303287521, 150.0 ], [ 74.073743081612918, 32.456404406553688, 150.0 ], [ 74.073956620738585, 32.456403023040558, 150.0 ], [ 74.074150937818345, 32.456446161817858, 150.0 ], [ 74.074392119178611, 32.456451011569669, 150.0 ], [ 74.074569628593636, 32.456466088024747, 150.0 ], [ 74.074976833380546, 32.456507831506499, 150.0 ], [ 74.075153418436329, 32.456522761799761, 150.0 ], [ 74.075409461817884, 32.45655499035135, 150.0 ], [ 74.075621031357528, 32.456553125598887, 150.0 ], [ 74.076017880393835, 32.456543975029767, 150.0 ], [ 74.076256833306374, 32.456548308537897, 150.0 ], [ 74.076486909309963, 32.456575009073632, 150.0 ], [ 74.076689291061584, 32.456595571564577, 150.0 ], [ 74.076902773477173, 32.456594593163899, 150.0 ], [ 74.077154299213248, 32.456650700590679, 150.0 ], [ 74.077430921521454, 32.456712028624111, 150.0 ], [ 74.077597256288925, 32.456748994266157, 150.0 ], [ 74.077764083873859, 32.456786105328391, 150.0 ], [ 74.077930846601859, 32.456823195558229, 150.0 ], [ 74.078014194763412, 32.456841728513311, 150.0 ], [ 74.078236084574371, 32.456890993047438, 150.0 ], [ 74.078449233530648, 32.4569626245992, 150.0 ], [ 74.078625864390418, 32.457050405467413, 150.0 ], [ 74.078764570261654, 32.457081210541247, 150.0 ], [ 74.078932629307573, 32.457191402854477, 150.0 ], [ 74.07905400535104, 32.457266975057237, 150.0 ], [ 74.079258764242567, 32.457361093530317, 150.0 ], [ 74.079361189212491, 32.4574081754538, 150.0 ], [ 74.079482690174402, 32.457483820702983, 150.0 ], [ 74.079604191864149, 32.457559513064567, 150.0 ], [ 74.079706857722229, 32.457606690595298, 150.0 ], [ 74.079828935388107, 32.457682602668328, 150.0 ], [ 74.079931582517204, 32.457729788687921, 150.0 ], [ 74.080054052668885, 32.457805855928321, 150.0 ], [ 74.080196322216224, 32.457910809457474, 150.0 ], [ 74.080327300429047, 32.457964368106332, 150.0 ], [ 74.080385111119796, 32.458050526991983, 150.0 ], [ 74.080535340804403, 32.458132832151477, 150.0 ], [ 74.080666318477398, 32.45818641153317, 150.0 ], [ 74.080844776292238, 32.458275046880473, 150.0 ], [ 74.081023486668357, 32.458363768699463, 150.0 ], [ 74.081193397205141, 32.458475047381789, 150.0 ], [ 74.081371431450862, 32.458563623211731, 150.0 ], [ 74.081541251652425, 32.458674965593033, 150.0 ], [ 74.081645283988976, 32.458722669674628, 150.0 ], [ 74.081740561685365, 32.458793027264917, 150.0 ], [ 74.081846275499998, 32.458914842832449, 150.0 ], [ 74.081904896979395, 32.459001731616041, 150.0 ], [ 74.082019584246083, 32.459101136577573, 150.0 ], [ 74.082154290507319, 32.459229751671032, 150.0 ], [ 74.082261072358889, 32.459352263644199, 150.0 ], [ 74.082415757748208, 32.459510288423388, 150.0 ], [ 74.082562468705532, 32.459691522576293, 150.0 ], [ 74.082669764009509, 32.459814594759848, 150.0 ], [ 74.082797071855438, 32.459967101108532, 150.0 ], [ 74.082944351113937, 32.460149127388, 150.0 ], [ 74.083044360855453, 32.460295914619543, 150.0 ], [ 74.083144465063171, 32.460442906005532, 150.0 ], [ 74.083236657416691, 32.460613282505243, 150.0 ], [ 74.083309001510287, 32.460754463689383, 150.0 ], [ 74.083421680155851, 32.460954921251719, 150.0 ], [ 74.083445637005681, 32.461060723398688, 150.0 ], [ 74.083526271622901, 32.4611791481503, 150.0 ], [ 74.083618023357772, 32.461350853785021, 150.0 ], [ 74.083689811089215, 32.461493158792322, 150.0 ], [ 74.08376172329244, 32.46163570500174, 150.0 ], [ 74.083861582322953, 32.461784899849803, 150.0 ], [ 74.083962271548884, 32.461934237923458, 150.0 ], [ 74.084084032225547, 32.462113591385652, 150.0 ], [ 74.084157177068874, 32.462257011297751, 150.0 ], [ 74.084246603894826, 32.462353250896392, 150.0 ], [ 74.084356362223517, 32.462479645525278, 150.0 ], [ 74.084523725529735, 32.462618612907107, 150.0 ], [ 74.084585296752365, 32.462708728172807, 150.0 ], [ 74.084760993901043, 32.462824096627372, 150.0 ], [ 74.084936723586225, 32.462939564957807, 150.0 ], [ 74.08503486498067, 32.463012429193547, 150.0 ], [ 74.085223361285443, 32.46318213160859, 150.0 ], [ 74.085342821051739, 32.463285002082699, 150.0 ], [ 74.085470366693983, 32.463363924914283, 150.0 ], [ 74.085561712212652, 32.46346033150575, 150.0 ], [ 74.085653090193858, 32.463556770396742, 150.0 ], [ 74.085831021864763, 32.463671495843222, 150.0 ], [ 74.0859306676236, 32.463743673659089, 150.0 ], [ 74.086045780155033, 32.463768047141023, 150.0 ], [ 74.086172363880834, 32.46384794862638, 150.0 ], [ 74.086391609196667, 32.463923739145052, 150.0 ], [ 74.086547323039895, 32.464009743345152, 150.0 ], [ 74.086702800622618, 32.464096173586043, 150.0 ], [ 74.086857737799548, 32.464183590663843, 150.0 ], [ 74.087041396783192, 32.464277586392548, 150.0 ], [ 74.087196262016661, 32.464366164294603, 150.0 ], [ 74.087351967360817, 32.464453817332327, 150.0 ], [ 74.087529425649151, 32.46457101888268, 150.0 ], [ 74.087658114049518, 32.464649586453689, 150.0 ], [ 74.087757782565618, 32.464722715955148, 150.0 ], [ 74.087893874295474, 32.464777614659852, 150.0 ], [ 74.088043098517929, 32.464888296731502, 150.0 ], [ 74.088228392022103, 32.464981990692493, 150.0 ], [ 74.088306237381687, 32.465027892446358, 150.0 ], [ 74.088434519230276, 32.465108896743011, 150.0 ], [ 74.088649099378443, 32.465208746483611, 150.0 ], [ 74.088777739885131, 32.465289491628099, 150.0 ], [ 74.08889261370912, 32.465315066794972, 150.0 ], [ 74.088985143927189, 32.465413942963011, 150.0 ], [ 74.089315136791868, 32.465529204439697, 150.0 ], [ 74.089472432631212, 32.465614768081537, 150.0 ], [ 74.089658467793058, 32.465707521686063, 150.0 ], [ 74.089830009088004, 32.465849724614962, 150.0 ], [ 74.089930207538401, 32.465924081294737, 150.0 ], [ 74.090023167471685, 32.466022911749413, 150.0 ], [ 74.09014535395896, 32.466131023149813, 150.0 ], [ 74.090253706519462, 32.466290584003772, 150.0 ], [ 74.090326033564907, 32.466361449148224, 150.0 ], [ 74.090434691193181, 32.466521041307907, 150.0 ], [ 74.090521251880162, 32.466646081355726, 150.0 ], [ 74.090586241829115, 32.466845565902503, 150.0 ], [ 74.090650618480083, 32.466936600276959, 150.0 ], [ 74.090730496253059, 32.467088043259977, 150.0 ], [ 74.090832237273361, 32.467270813101983, 150.0 ], [ 74.090889947779502, 32.467388970563867, 150.0 ], [ 74.090962964329449, 32.467565517759013, 150.0 ], [ 74.090985099522385, 32.467704214013239, 150.0 ], [ 74.09105804662606, 32.467880558991212, 150.0 ], [ 74.091109235426032, 32.468025596799407, 150.0 ], [ 74.091146059891003, 32.468221211563559, 150.0 ], [ 74.091168250658058, 32.468360265989809, 150.0 ], [ 74.091183208891096, 32.468524695078813, 150.0 ], [ 74.091212669713627, 32.46863881193444, 150.0 ], [ 74.091191043519672, 32.468821895994083, 150.0 ], [ 74.091183965677345, 32.468954780583353, 150.0 ], [ 74.091199051395336, 32.469120540683257, 150.0 ], [ 74.091177598143005, 32.469305615244991, 150.0 ], [ 74.091170629180965, 32.469439928791161, 150.0 ], [ 74.091185745168886, 32.469606624518988, 150.0 ], [ 74.091149350151923, 32.469734733898513, 150.0 ], [ 74.091120053255111, 32.469836665134423, 150.0 ], [ 74.091120155690035, 32.469945217272127, 150.0 ], [ 74.091068796571932, 32.470124142970697, 150.0 ], [ 74.091017387374691, 32.470194895426367, 150.0 ], [ 74.090907158135622, 32.470362886318512, 150.0 ], [ 74.090804070531931, 32.470505457423592, 150.0 ], [ 74.090663829147672, 32.470667483675378, 150.0 ], [ 74.090508319045384, 32.470881376338468, 150.0 ], [ 74.090448933459001, 32.470978813426889, 150.0 ], [ 74.090359846362531, 32.471069818963507, 150.0 ], [ 74.090248167193238, 32.471239236867838, 150.0 ], [ 74.090210680979311, 32.47137012390791, 150.0 ], [ 74.090150936335377, 32.471468481380633, 150.0 ], [ 74.090083598389882, 32.471593314056221, 150.0 ], [ 74.089971284469669, 32.47176450986241, 150.0 ], [ 74.089828765659973, 32.471926266749833, 150.0 ], [ 74.089700541117139, 32.472146785741138, 150.0 ], [ 74.089504668949672, 32.472380326865078, 150.0 ], [ 74.089361283902889, 32.472545552712347, 150.0 ], [ 74.089262979612101, 32.472661590809587, 150.0 ], [ 74.089156850224853, 32.472804789101652, 150.0 ], [ 74.088982849809099, 32.472965624834103, 150.0 ], [ 74.088816437043164, 32.473091422146908, 150.0 ], [ 74.088770990334183, 32.473135055994497, 150.0 ], [ 74.088679946805939, 32.473224916629668, 150.0 ], [ 74.088588403246817, 32.473322519931607, 150.0 ], [ 74.088413175617021, 32.473484229102233, 150.0 ], [ 74.088244531728122, 32.473630697109527, 150.0 ], [ 74.088091632827158, 32.473718812857257, 150.0 ], [ 74.087787446996813, 32.473872228594708, 150.0 ], [ 74.087611958215106, 32.473924115011059, 150.0 ], [ 74.087512379735841, 32.473938081503917, 150.0 ], [ 74.087382840067889, 32.473942594338702, 150.0 ], [ 74.087102382320822, 32.473911298828128, 150.0 ], [ 74.086890531191912, 32.47386565964441, 150.0 ], [ 74.086648361309287, 32.473813489840381, 150.0 ], [ 74.086436713794868, 32.473766484850373, 150.0 ], [ 74.086225294450799, 32.47371860270173, 150.0 ], [ 74.085953991623853, 32.473655157475648, 150.0 ], [ 74.085811680343951, 32.473592845708737, 150.0 ], [ 74.085677900902652, 32.473503302459527, 150.0 ], [ 74.085415510977299, 32.473412706892148, 150.0 ], [ 74.085168784951065, 32.473272724135917, 150.0 ], [ 74.085108430141602, 32.473259225088597, 150.0 ], [ 74.08497436448215, 32.473172287486904, 150.0 ], [ 74.084788515904037, 32.473045371097157, 150.0 ], [ 74.084654571233699, 32.472958717783477, 150.0 ], [ 74.084490527550884, 32.472865501159838, 150.0 ], [ 74.084386857316346, 32.47278566357118, 150.0 ], [ 74.084214683413521, 32.472718688667477, 150.0 ], [ 74.083849019520571, 32.47255137168036, 150.0 ], [ 74.083543873600362, 32.472397652747553, 150.0 ], [ 74.083402216491933, 32.472337334600233, 150.0 ], [ 74.083239325808577, 32.472243523065643, 150.0 ], [ 74.083058749935333, 32.472203635687528, 150.0 ], [ 74.082895716879619, 32.47211047739895, 150.0 ], [ 74.082693942449112, 32.472037269980859, 150.0 ], [ 74.08259122884607, 32.471957512534459, 150.0 ], [ 74.082440902562368, 32.47192421580295, 150.0 ], [ 74.082308240772264, 32.471837859798981, 150.0 ], [ 74.082196862338961, 32.471784717006003, 150.0 ], [ 74.082034298456051, 32.471691778607862, 150.0 ], [ 74.081871898696448, 32.471598801866051, 150.0 ], [ 74.081709611141832, 32.471505864297079, 150.0 ], [ 74.081577446303697, 32.471419629918287, 150.0 ], [ 74.081373787140961, 32.471260063289172, 150.0 ], [ 74.081232806658974, 32.471200452982579, 150.0 ], [ 74.081079566580954, 32.471081932032433, 150.0 ], [ 74.080875681473472, 32.470923791544287, 150.0 ], [ 74.080722776155071, 32.470805466837099, 150.0 ], [ 74.080591111293089, 32.470719851773858, 150.0 ], [ 74.080438675925109, 32.470601443159417, 150.0 ], [ 74.0803371287017, 32.470522562863657, 150.0 ], [ 74.080235642379108, 32.47044373084865, 150.0 ], [ 74.080104736216597, 32.470357890868137, 150.0 ], [ 74.079953385200938, 32.470239157602776, 150.0 ], [ 74.079792984772084, 32.470146679006007, 150.0 ], [ 74.079671534753757, 32.470035009886629, 150.0 ], [ 74.079481862713962, 32.469935766093613, 150.0 ], [ 74.079322726496315, 32.469842709215797, 150.0 ], [ 74.079198221457503, 32.469752247749717, 150.0 ], [ 74.078995001268993, 32.469615266687157, 150.0 ], [ 74.078808850210436, 32.469514250392123, 150.0 ], [ 74.078542182456943, 32.469368439173287, 150.0 ], [ 74.078318751337633, 32.469267332555937, 150.0 ], [ 74.078204933696682, 32.469218335646111, 150.0 ], [ 74.078060245743856, 32.469163514642062, 150.0 ], [ 74.077864594682296, 32.469070193994519, 150.0 ], [ 74.077643430561096, 32.468967208920247, 150.0 ], [ 74.077452711670531, 32.468870414961387, 150.0 ], [ 74.077193742918112, 32.468785790626278, 150.0 ], [ 74.076974605723393, 32.468681708189763, 150.0 ], [ 74.076723103357367, 32.468572778273071, 150.0 ], [ 74.076444299806226, 32.468455856170323, 150.0 ], [ 74.07621413075104, 32.468378585895003, 150.0 ], [ 74.07601452303399, 32.46830743656939, 150.0 ], [ 74.075825832574878, 32.468209994245491, 150.0 ], [ 74.075696737690407, 32.4681257500622, 150.0 ], [ 74.075587612493493, 32.468073792489548, 150.0 ], [ 74.075427875865003, 32.467983592884593, 150.0 ], [ 74.075377884334969, 32.467945013445878, 150.0 ], [ 74.075249249983585, 32.467860807544177, 150.0 ], [ 74.075053714296345, 32.467704676753769, 150.0 ], [ 74.074985339204957, 32.467633453317042, 150.0 ], [ 74.074829247957069, 32.467458997988423, 150.0 ], [ 74.074712502661626, 32.467349005293883, 150.0 ], [ 74.07459389216838, 32.467240038514298, 150.0 ], [ 74.074513481877801, 32.467195599311438, 150.0 ], [ 74.074335906989532, 32.467073590869667, 150.0 ], [ 74.074237330800671, 32.466996681844748, 150.0 ], [ 74.074158490768752, 32.466951689828107, 150.0 ], [ 74.073981305959308, 32.466829867787432, 150.0 ], [ 74.073912545073185, 32.466759623534337, 150.0 ], [ 74.073755208371381, 32.466669771880689, 150.0 ], [ 74.073637481929296, 32.466561282268508, 150.0 ], [ 74.07355890203749, 32.466516412250783, 150.0 ], [ 74.073460907773864, 32.466439773722428, 150.0 ], [ 74.0732957585018, 32.466292785661281, 150.0 ], [ 74.073150050750982, 32.466177736132117, 150.0 ], [ 74.073052995360072, 32.466101101667782, 150.0 ], [ 74.072966135183819, 32.465999409561803, 150.0 ], [ 74.072809996044271, 32.465909941772203, 150.0 ], [ 74.072644197381251, 32.465764099598402, 150.0 ], [ 74.072576032984443, 32.465694516602682, 150.0 ], [ 74.072440428817899, 32.465636509029551, 150.0 ], [ 74.072296260446109, 32.465521922396768, 150.0 ], [ 74.072140257146046, 32.465432896199879, 150.0 ], [ 74.072032986503757, 32.465381867339161, 150.0 ], [ 74.071847835546478, 32.465286387749273, 150.0 ], [ 74.071633511442826, 32.465184434154281, 150.0 ], [ 74.071526401538222, 32.465133481798432, 150.0 ], [ 74.071302171508222, 32.465056435411697, 150.0 ], [ 74.071194793913577, 32.465005538570963, 150.0 ], [ 74.071029620775576, 32.464941574098987, 150.0 ], [ 74.070853530171973, 32.464902516628818, 150.0 ], [ 74.070679501506078, 32.464862999449807, 150.0 ], [ 74.070417384345575, 32.464803994602548, 150.0 ], [ 74.070154938312413, 32.46474509493892, 150.0 ], [ 74.070067465991812, 32.46472546279773, 150.0 ], [ 74.069929324318693, 32.464748995699409, 150.0 ], [ 74.069743174378388, 32.464734627092326, 150.0 ], [ 74.069473456516604, 32.46472262258542, 150.0 ], [ 74.06942025470147, 32.464731301622493, 150.0 ], [ 74.069261754718852, 32.464734516539487, 150.0 ], [ 74.069053994755023, 32.46473502802889, 150.0 ], [ 74.06879631940761, 32.464790515006648, 150.0 ], [ 74.068611222470338, 32.464833620212147, 150.0 ], [ 74.068501667752344, 32.46486374656547, 150.0 ], [ 74.06826571017902, 32.464892370093459, 150.0 ], [ 74.068225936834764, 32.46491062528272, 150.0 ], [ 74.067993305878659, 32.464938634985927, 150.0 ], [ 74.067786373435951, 32.464973730411323, 150.0 ], [ 74.067590895066189, 32.464983918535843, 150.0 ], [ 74.067464228486955, 32.464982360853227, 150.0 ], [ 74.067253558829307, 32.464995491522949, 150.0 ], [ 74.067041921473191, 32.464985705833833, 150.0 ], [ 74.066816002042927, 32.464978469572017, 150.0 ], [ 74.066680634493039, 32.464955372178608, 150.0 ], [ 74.066532085103489, 32.464922853347517, 150.0 ], [ 74.066310590496897, 32.464902673131888, 150.0 ], [ 74.066250410889268, 32.464889775377848, 150.0 ], [ 74.066233198263873, 32.464719697345878, 150.0 ] ] ] } },
{ "type": "Feature", "properties": { "Name": "Untitled Polygon", "description": null, "timestamp": null, "begin": null, "end": null, "altitudeMode": "relativeToGround", "tessellate": 1, "extrude": 1, "visibility": -1, "drawOrder": null, "icon": null }, "geometry": { "type": "Polygon", "coordinates": [ [ [ 73.70139393966646, 32.329901852902957, 150.0 ], [ 73.700729528325482, 32.32975250993141, 150.0 ], [ 73.700154347001728, 32.329622251230482, 150.0 ], [ 73.699888556589386, 32.329562536963927, 150.0 ], [ 73.699578603537262, 32.329492664007283, 150.0 ], [ 73.699237411282681, 32.329374248081614, 150.0 ], [ 73.699029075817435, 32.329285804797472, 150.0 ], [ 73.698613450659494, 32.329107924134142, 150.0 ], [ 73.698166872324222, 32.32888162928446, 150.0 ], [ 73.697972257685677, 32.328754370478258, 150.0 ], [ 73.697764725459464, 32.32866550831438, 150.0 ], [ 73.69752613565737, 32.328528270287379, 150.0 ], [ 73.697199023215774, 32.32837130680111, 150.0 ], [ 73.69696041731045, 32.328234366427338, 150.0 ], [ 73.696752767524984, 32.328145949500097, 150.0 ], [ 73.696500965450568, 32.328047568184658, 150.0 ], [ 73.696337579451281, 32.327969164619127, 150.0 ], [ 73.696129411814624, 32.327881338385723, 150.0 ], [ 73.695890631137303, 32.327744971495903, 150.0 ], [ 73.695740382758856, 32.327628498405453, 150.0 ], [ 73.695426663993857, 32.327434010385197, 150.0 ], [ 73.695182587784984, 32.327174064199852, 150.0 ], [ 73.695016063360299, 32.3269705764449, 150.0 ], [ 73.694776018165754, 32.326708212209553, 150.0 ], [ 73.694550117808916, 32.32640758230378, 150.0 ], [ 73.694412508597253, 32.326127304289948, 150.0 ], [ 73.694308132149544, 32.326020575170737, 150.0 ], [ 73.694151918375823, 32.325655867847473, 150.0 ], [ 73.693955528882825, 32.325405772102471, 150.0 ], [ 73.693833698907468, 32.325213817640218, 150.0 ], [ 73.693656031474589, 32.325049114491442, 150.0 ], [ 73.693596096186269, 32.324952703295359, 150.0 ], [ 73.693488448658385, 32.324722929223007, 150.0 ], [ 73.693383466156391, 32.324617468780559, 150.0 ], [ 73.693247991230294, 32.324464254344257, 150.0 ], [ 73.693156717526563, 32.324320943609443, 150.0 ], [ 73.693022916727955, 32.324167047525748, 150.0 ], [ 73.692888779438519, 32.324013485196318, 150.0 ], [ 73.692650821633819, 32.323754430703858, 150.0 ], [ 73.692443146265362, 32.323543388487863, 150.0 ], [ 73.692380370310985, 32.323324629641718, 150.0 ], [ 73.692156596043375, 32.323028621344257, 150.0 ], [ 73.692109995755501, 32.322895795028231, 150.0 ], [ 73.692047081247523, 32.322677816921122, 150.0 ], [ 73.692028030701493, 32.322469886806331, 150.0 ], [ 73.692022815368929, 32.322224510359618, 150.0 ], [ 73.692046314289456, 32.321903768420682, 150.0 ], [ 73.692109928407191, 32.321471584220397, 150.0 ], [ 73.692176128304439, 32.321162202728097, 150.0 ], [ 73.692241846907521, 32.320853453287228, 150.0 ], [ 73.692351257673479, 32.320554908540423, 150.0 ], [ 73.69247635593517, 32.320309051236819, 150.0 ], [ 73.692517092178178, 32.320197367324162, 150.0 ], [ 73.692671839181628, 32.320031038641787, 150.0 ], [ 73.692769472548193, 32.319892186217118, 150.0 ], [ 73.692907590904611, 32.319642077994928, 150.0 ], [ 73.69306192317076, 32.319476250837731, 150.0 ], [ 73.69322957609522, 32.319273538961113, 150.0 ], [ 73.693485007791367, 32.3189685069161, 150.0 ], [ 73.693726793415053, 32.318700923938408, 150.0 ], [ 73.693871245254371, 32.318571560958759, 150.0 ], [ 73.693929289604938, 32.318422721517003, 150.0 ], [ 73.694079943279007, 32.318258911198477, 150.0 ], [ 73.694318778241154, 32.317960233216269, 150.0 ], [ 73.6943312847513, 32.31792368643589, 150.0 ], [ 73.694383787309889, 32.317776859395231, 150.0 ], [ 73.694568381613706, 32.317537934632391, 150.0 ], [ 73.694661688742244, 32.317281179956879, 150.0 ], [ 73.694727446479405, 32.317098187178409, 150.0 ], [ 73.694806279715849, 32.316878805238851, 150.0 ], [ 73.694885030594307, 32.316659652651367, 150.0 ], [ 73.695017877038723, 32.316414360784293, 150.0 ], [ 73.695190992211323, 32.316059917099878, 150.0 ], [ 73.695339608327558, 32.315778396202283, 150.0 ], [ 73.695464468576077, 32.315569448283377, 150.0 ], [ 73.695575583180997, 32.315397161258083, 150.0 ], [ 73.695672467550764, 32.315261471813479, 150.0 ], [ 73.695766894832275, 32.315126325104742, 150.0 ], [ 73.695874828544007, 32.314954956024529, 150.0 ], [ 73.69611967121017, 32.314658571145053, 150.0 ], [ 73.696336935840534, 32.314316566931829, 150.0 ], [ 73.69647326626594, 32.314073536619389, 150.0 ], [ 73.696761348619233, 32.313788106253831, 150.0 ], [ 73.696977243667334, 32.313565594539327, 150.0 ], [ 73.697293023721272, 32.313209027454491, 150.0 ], [ 73.697533012152149, 32.312915552536708, 150.0 ], [ 73.697736673648407, 32.312612658437722, 150.0 ], [ 73.697943396618456, 32.312427092537831, 150.0 ], [ 73.698239194018086, 32.312108719860163, 150.0 ], [ 73.698436600519514, 32.311923594270951, 150.0 ], [ 73.698623553403593, 32.311657950858553, 150.0 ], [ 73.698787150349744, 32.311463892971297, 150.0 ], [ 73.698910738772739, 32.311376523290477, 150.0 ], [ 73.699225840785999, 32.311140619639247, 150.0 ], [ 73.699513748072789, 32.310975832186273, 150.0 ], [ 73.699678336873518, 32.310898251520882, 150.0 ], [ 73.699842717417837, 32.310820703650478, 150.0 ], [ 73.700085942606265, 32.31064651195102, 150.0 ], [ 73.700347294270429, 32.310552854787531, 150.0 ], [ 73.700591393021625, 32.310379093685818, 150.0 ], [ 73.700701482534114, 32.310327666509437, 150.0 ], [ 73.700976490769392, 32.310199200984677, 150.0 ], [ 73.701306100602963, 32.310045224865732, 150.0 ], [ 73.701608863461601, 32.309961557289107, 150.0 ], [ 73.701784284874421, 32.309849249362877, 150.0 ], [ 73.702002658252837, 32.309746700677223, 150.0 ], [ 73.702208476148201, 32.309679367185467, 150.0 ], [ 73.702468656518818, 32.309586477255188, 150.0 ], [ 73.702728640553175, 32.309493654351208, 150.0 ], [ 73.703127090206394, 32.309394385122509, 150.0 ], [ 73.703592134115084, 32.309234750406603, 150.0 ], [ 73.703905513918755, 32.309116685525701, 150.0 ], [ 73.70424706767696, 32.309042747563772, 150.0 ], [ 73.704578503723056, 32.309004517283753, 150.0 ], [ 73.70481311015854, 32.308982127938968, 150.0 ], [ 73.705294015637534, 32.308902458105663, 150.0 ], [ 73.705677928964292, 32.308838568457922, 150.0 ], [ 73.706145701696059, 32.308793718162207, 150.0 ], [ 73.706337056663571, 32.308761636696389, 150.0 ], [ 73.706570580840889, 32.308739163401484, 150.0 ], [ 73.706845994814785, 32.308726165302282, 150.0 ], [ 73.706995458891342, 32.308684764112627, 150.0 ], [ 73.707378221802358, 32.308620991550868, 150.0 ], [ 73.707856623947251, 32.308541503278263, 150.0 ], [ 73.708250740156785, 32.308443167654033, 150.0 ], [ 73.708633145166161, 32.308379770088507, 150.0 ], [ 73.708972951457099, 32.308306954750023, 150.0 ], [ 73.709163704555394, 32.308275223257958, 150.0 ], [ 73.709503236724643, 32.308202438309813, 150.0 ], [ 73.709853811947497, 32.308094811553808, 150.0 ], [ 73.710477676207631, 32.307974084209746, 150.0 ], [ 73.711184615819249, 32.30787259093696, 150.0 ], [ 73.711523217750283, 32.30780066811392, 150.0 ], [ 73.711955998365298, 32.307712689201821, 150.0 ], [ 73.712293531868923, 32.307640348459188, 150.0 ], [ 73.71263080879622, 32.307568061575083, 150.0 ], [ 73.712862003646904, 32.307546008496821, 150.0 ], [ 73.713217892621515, 32.307551114922788, 150.0 ], [ 73.713562903208384, 32.30759165502073, 150.0 ], [ 73.714033167446644, 32.307661394355442, 150.0 ], [ 73.714691959452892, 32.307699187454908, 150.0 ], [ 73.715298113071952, 32.307761989891233, 150.0 ], [ 73.715872975556309, 32.307780659965033, 150.0 ], [ 73.716259100627852, 32.307830740223459, 150.0 ], [ 73.716614538067248, 32.307836876401304, 150.0 ], [ 73.716792173920496, 32.30783984870876, 150.0 ], [ 73.717427842218598, 32.307947130785927, 150.0 ], [ 73.717949657418885, 32.307990421481833, 150.0 ], [ 73.718293558916486, 32.30803134555763, 150.0 ], [ 73.718804085068058, 32.308109783852302, 150.0 ], [ 73.71922086319627, 32.308203797379782, 150.0 ], [ 73.71967906737153, 32.308307245921839, 150.0 ], [ 73.720012694755752, 32.308382298135143, 150.0 ], [ 73.720430004710238, 32.308475917010398, 150.0 ], [ 73.720856218474125, 32.308535979426097, 150.0 ], [ 73.721448914969272, 32.308633488851989, 150.0 ], [ 73.72216914311629, 32.3087579686702, 150.0 ], [ 73.7227510886636, 32.308890239250097, 150.0 ], [ 73.723345684062835, 32.308986604366723, 150.0 ], [ 73.723646874270656, 32.309017967201783, 150.0 ], [ 73.723856127381822, 32.309064678131151, 150.0 ], [ 73.724241953290473, 32.309114404515213, 150.0 ], [ 73.724741526346293, 32.309227295494921, 150.0 ], [ 73.725074198653502, 32.309302637593191, 150.0 ], [ 73.725324232322563, 32.309358993078327, 150.0 ], [ 73.725532340944554, 32.309406010689138, 150.0 ], [ 73.725948695346929, 32.309500067676659, 150.0 ], [ 73.726137361654466, 32.309616483805968, 150.0 ], [ 73.726450548001893, 32.309761062495149, 150.0 ], [ 73.726680307642681, 32.309886980092386, 150.0 ], [ 73.726827482952274, 32.309994243406798, 150.0 ], [ 73.727015579926174, 32.310110746008228, 150.0 ], [ 73.72727739736716, 32.310281004598217, 150.0 ], [ 73.727508078086146, 32.310407048169552, 150.0 ], [ 73.727591423992166, 32.310425672099683, 150.0 ], [ 73.72791487626202, 32.310536051485037, 150.0 ], [ 73.728206279536948, 32.310601995732917, 150.0 ], [ 73.728570584656921, 32.310721609838971, 150.0 ], [ 73.72872491064247, 32.310794867713099, 150.0 ], [ 73.728809798150451, 32.310813149175132, 150.0 ], [ 73.728969915017132, 32.310885297798258, 150.0 ], [ 73.729202364855738, 32.311011296275453, 150.0 ], [ 73.729757724638318, 32.311248006693077, 150.0 ], [ 73.729956437846226, 32.31133003082919, 150.0 ], [ 73.730290458961875, 32.311405381055103, 150.0 ], [ 73.73065615880607, 32.311525155245057, 150.0 ], [ 73.730864911603618, 32.311572262038609, 150.0 ], [ 73.731031918052537, 32.311609947214883, 150.0 ], [ 73.731439829511146, 32.311739125208391, 150.0 ], [ 73.731722481260832, 32.311839997786443, 150.0 ], [ 73.732056884931367, 32.311915423914307, 150.0 ], [ 73.732266147150696, 32.311962536179792, 150.0 ], [ 73.732767108510288, 32.312075506525581, 150.0 ], [ 73.733078376066302, 32.312071484334652, 150.0 ], [ 73.733421702441319, 32.312111959380857, 150.0 ], [ 73.733681987104333, 32.312133430559527, 150.0 ], [ 73.733932079767939, 32.312189929069547, 150.0 ], [ 73.734182156680788, 32.31224642126292, 150.0 ], [ 73.734423009878739, 32.31233789903623, 150.0 ], [ 73.734622793895426, 32.312420032453673, 150.0 ], [ 73.734912445117715, 32.312670722957527, 150.0 ], [ 73.735109262679899, 32.312937842882768, 150.0 ], [ 73.735309730204278, 32.313355502314401, 150.0 ], [ 73.735286946236329, 32.313611347170223, 150.0 ], [ 73.735184342564267, 32.313998983558037, 150.0 ], [ 73.734992818269106, 32.314554959456387, 150.0 ], [ 73.734882867620243, 32.314980278377043, 150.0 ], [ 73.73480861659425, 32.315264257290387, 150.0 ], [ 73.734715506086047, 32.315619717553687, 150.0 ], [ 73.734504202066049, 32.315911482653988, 150.0 ], [ 73.734450148846975, 32.316125779271829, 150.0 ], [ 73.734404556417374, 32.316304543819449, 150.0 ], [ 73.734355249091394, 32.316482541133787, 150.0 ], [ 73.73420595887842, 32.316714285416857, 150.0 ], [ 73.734084520104034, 32.316838419062911, 150.0 ], [ 73.733892390047444, 32.317060776636083, 150.0 ], [ 73.73376104056905, 32.317221141065232, 150.0 ], [ 73.733526182954279, 32.317434450601922, 150.0 ], [ 73.73333321693471, 32.317657632136203, 150.0 ], [ 73.733077871948353, 32.317943274654823, 150.0 ], [ 73.732850781823046, 32.318121163346618, 150.0 ], [ 73.732708452923731, 32.318318438479373, 150.0 ], [ 73.73249021979683, 32.318460625161812, 150.0 ], [ 73.732294529297604, 32.318684461808083, 150.0 ], [ 73.732013655274486, 32.318889107986948, 150.0 ], [ 73.731716835322032, 32.319168320024247, 150.0 ], [ 73.73145862486794, 32.319456412233272, 150.0 ], [ 73.73130678256571, 32.319692146485181, 150.0 ], [ 73.731239032886094, 32.319947077609761, 150.0 ], [ 73.731086270970181, 32.320337097197978, 150.0 ], [ 73.730937772009639, 32.320884078454533, 150.0 ], [ 73.730860387924693, 32.321177445447042, 150.0 ], [ 73.730644635148067, 32.321478978880343, 150.0 ], [ 73.730291603364961, 32.321944416181488, 150.0 ], [ 73.729854369201092, 32.322393063779103, 150.0 ], [ 73.729580090792808, 32.322721185633128, 150.0 ], [ 73.729393768112601, 32.323070799781739, 150.0 ], [ 73.729197397223729, 32.323302714066912, 150.0 ], [ 73.729021663396253, 32.323617381162087, 150.0 ], [ 73.728951018362778, 32.323877098257519, 150.0 ], [ 73.728858195396896, 32.324053647260527, 150.0 ], [ 73.728775414459392, 32.324193196074702, 150.0 ], [ 73.728725681673239, 32.324379929937933, 150.0 ], [ 73.728621215102933, 32.32459309115233, 150.0 ], [ 73.728473132590054, 32.324796441006377, 150.0 ], [ 73.728389007218212, 32.324935700120427, 150.0 ], [ 73.728218862744058, 32.32505584483512, 150.0 ], [ 73.728071326975098, 32.325260538938103, 150.0 ], [ 73.727857740988767, 32.325371187148193, 150.0 ], [ 73.72767643580363, 32.325528564600461, 150.0 ], [ 73.727439085132573, 32.325711334055242, 150.0 ], [ 73.72730207894385, 32.325880185879598, 150.0 ], [ 73.727133403317666, 32.326003486643117, 150.0 ], [ 73.726966442514822, 32.326128950797539, 150.0 ], [ 73.726675538311895, 32.326341141915208, 150.0 ], [ 73.726513353959149, 32.326423607290359, 150.0 ], [ 73.726373096897603, 32.326431854347078, 150.0 ], [ 73.726114874945836, 32.326533698340747, 150.0 ], [ 73.725877198841317, 32.326560172702578, 150.0 ], [ 73.725647749780705, 32.326545999487678, 150.0 ], [ 73.725383894547448, 32.326482533891557, 150.0 ], [ 73.725157082356091, 32.326471814421737, 150.0 ], [ 73.724932517015318, 32.326464307415691, 150.0 ], [ 73.724687860742449, 32.326481520183258, 150.0 ], [ 73.724423876214075, 32.326417235323483, 150.0 ], [ 73.723973633391864, 32.326400800140227, 150.0 ], [ 73.723522448446928, 32.326384370548823, 150.0 ], [ 73.723059589823322, 32.326404363348409, 150.0 ], [ 73.722377974700606, 32.326373696429222, 150.0 ], [ 73.721802612533565, 32.32628420003492, 150.0 ], [ 73.721303127671732, 32.326251937253303, 150.0 ], [ 73.72086854991457, 32.326153111093802, 150.0 ], [ 73.720541993994303, 32.326159152345028, 150.0 ], [ 73.720270054938055, 32.326137410501197, 150.0 ], [ 73.719737471171882, 32.326057113024923, 150.0 ], [ 73.719335405092991, 32.326006657193602, 150.0 ], [ 73.718976592692727, 32.325965767966842, 150.0 ], [ 73.718563222451806, 32.32595297916356, 150.0 ], [ 73.718291276922415, 32.32593190339086, 150.0 ], [ 73.717975614528726, 32.325900668880401, 150.0 ], [ 73.717616463971098, 32.32585953263191, 150.0 ], [ 73.717431245526754, 32.32585777855423, 150.0 ], [ 73.717017230230169, 32.325844415733073, 150.0 ], [ 73.716516261288987, 32.325812227160583, 150.0 ], [ 73.716276292511779, 32.325840284454422, 150.0 ], [ 73.716090977378386, 32.325839517667397, 150.0 ], [ 73.715807197913534, 32.32585736014876, 150.0 ], [ 73.715598668211157, 32.325932393976437, 150.0 ], [ 73.71537901027213, 32.326046084008489, 150.0 ], [ 73.715257423850119, 32.326139172593891, 150.0 ], [ 73.715112845145114, 32.326308395595902, 150.0 ], [ 73.71505545137552, 32.326499579057298, 150.0 ], [ 73.714997962246969, 32.326689866063951, 150.0 ], [ 73.715059944885965, 32.326947538031114, 150.0 ], [ 73.715156468614097, 32.327091184095423, 150.0 ], [ 73.71537259190977, 32.32730217628955, 150.0 ], [ 73.715524474455776, 32.327417979547519, 150.0 ], [ 73.715676215550161, 32.327531706100849, 150.0 ], [ 73.715828079110565, 32.327646451414743, 150.0 ], [ 73.715980016052441, 32.327761632288173, 150.0 ], [ 73.716120626518801, 32.327915092369082, 150.0 ], [ 73.716238489728568, 32.328145364153571, 150.0 ], [ 73.71632408436858, 32.328327664085862, 150.0 ], [ 73.716398182557839, 32.328548403116983, 150.0 ], [ 73.7163962550256, 32.328710186793117, 150.0 ], [ 73.716415972348756, 32.328963848736187, 150.0 ], [ 73.716414138259154, 32.329127383526313, 150.0 ], [ 73.716357019515428, 32.329319821428527, 150.0 ], [ 73.71629977232935, 32.329512129961287, 150.0 ], [ 73.716210042451564, 32.329656229756203, 150.0 ], [ 73.715999881978064, 32.329731504911187, 150.0 ], [ 73.715733789418749, 32.32983231396453, 150.0 ], [ 73.71546803081344, 32.329937570786967, 150.0 ], [ 73.71525751504582, 32.330013240918213, 150.0 ], [ 73.714958922821836, 32.330069715040317, 150.0 ], [ 73.714495769752219, 32.330045846176702, 150.0 ], [ 73.714064890574022, 32.330068263047004, 150.0 ], [ 73.713865439344602, 32.330106318782761, 150.0 ], [ 73.7135778878595, 32.330125934489899, 150.0 ], [ 73.713258218134811, 32.330091923234257, 150.0 ], [ 73.712926325831347, 32.330101493647952, 150.0 ], [ 73.712650167058285, 32.330082221269798, 150.0 ], [ 73.712242227850808, 32.330030324290632, 150.0 ], [ 73.711877876220342, 32.329990550808908, 150.0 ], [ 73.711337444217065, 32.329910395728653, 150.0 ], [ 73.710985123320796, 32.329829942300059, 150.0 ], [ 73.710444780054104, 32.329748235196398, 150.0 ], [ 73.710300655390483, 32.329756683328597, 150.0 ], [ 73.710124521021527, 32.329716517467567, 150.0 ], [ 73.70989238254937, 32.329704630068917, 150.0 ], [ 73.709659495548934, 32.329695480248347, 150.0 ], [ 73.70941428367351, 32.329725170439097, 150.0 ], [ 73.709081808675236, 32.32973134307349, 150.0 ], [ 73.70893759551069, 32.329739400648393, 150.0 ], [ 73.708692905457013, 32.329766393607123, 150.0 ], [ 73.708403364672847, 32.329785393937911, 150.0 ], [ 73.708126976807392, 32.329762891812322, 150.0 ], [ 73.707837655639665, 32.329780687151768, 150.0 ], [ 73.707592343486681, 32.32980843124372, 150.0 ], [ 73.707403424383898, 32.329807442969532, 150.0 ], [ 73.707170398516908, 32.329796349094501, 150.0 ], [ 73.706981266296765, 32.329795687206733, 150.0 ], [ 73.706748003026092, 32.329784948115893, 150.0 ], [ 73.706458200438234, 32.329802506314721, 150.0 ], [ 73.706269692845552, 32.329800236797382, 150.0 ], [ 73.706036786830211, 32.329788356444801, 150.0 ], [ 73.705759119838689, 32.329767709277853, 150.0 ], [ 73.705469123100315, 32.329785168363998, 150.0 ], [ 73.705223184251466, 32.329812624637214, 150.0 ], [ 73.705033929486902, 32.329811369511631, 150.0 ], [ 73.704667826830175, 32.329770293178321, 150.0 ], [ 73.704434819511036, 32.329758260163842, 150.0 ], [ 73.704012014810246, 32.329745376670083, 150.0 ], [ 73.703690294392118, 32.329713760113002, 150.0 ], [ 73.703500488404813, 32.329712934946713, 150.0 ], [ 73.703222364240744, 32.329692003662593, 150.0 ], [ 73.703064527351088, 32.329738972699033, 150.0 ], [ 73.702805031020446, 32.329805211246871, 150.0 ], [ 73.702603119839409, 32.329841776236762, 150.0 ], [ 73.70235673087204, 32.32986860981201, 150.0 ], [ 73.702122368306775, 32.329857843841552, 150.0 ], [ 73.702078100402971, 32.329847893334119, 150.0 ], [ 73.70139393966646, 32.329901852902957, 150.0 ] ] ] } },
{ "type": "Feature", "properties": { "Name": "Untitled Polygon", "description": null, "timestamp": null, "begin": null, "end": null, "altitudeMode": "relativeToGround", "tessellate": 1, "extrude": 1, "visibility": -1, "drawOrder": null, "icon": null }, "geometry": { "type": "Polygon", "coordinates": [ [ [ 73.41182881196967, 32.195145542861681, 150.0 ], [ 73.411927246667901, 32.194860938035468, 150.0 ], [ 73.411946207470976, 32.194742966710223, 150.0 ], [ 73.411964034007497, 32.194472535925293, 150.0 ], [ 73.411987639773614, 32.194113321001893, 150.0 ], [ 73.412020424883949, 32.193817337143628, 150.0 ], [ 73.412119147965313, 32.19338641940638, 150.0 ], [ 73.412119202925567, 32.193235900968013, 150.0 ], [ 73.412119252881737, 32.193085658998399, 150.0 ], [ 73.412138903103639, 32.192970106976723, 150.0 ], [ 73.412106288136513, 32.192812956593613, 150.0 ], [ 73.412106475621357, 32.192663477212562, 150.0 ], [ 73.412088343192025, 32.19247997777439, 150.0 ], [ 73.412075690570376, 32.192209324797879, 150.0 ], [ 73.412062520105252, 32.192087681453863, 150.0 ], [ 73.412042806351678, 32.191905545950071, 150.0 ], [ 73.412074499649094, 32.191765125351559, 150.0 ], [ 73.412054785204475, 32.191583692012372, 150.0 ], [ 73.412041663936776, 32.191462951026139, 150.0 ], [ 73.412054517176998, 32.19128949430727, 150.0 ], [ 73.412028451412127, 32.191195613575893, 150.0 ], [ 73.412041141037022, 32.191022729044832, 150.0 ], [ 73.412060323013165, 32.190910123342348, 150.0 ], [ 73.412079478508701, 32.19079768199849, 150.0 ], [ 73.41210489815262, 32.190599467155053, 150.0 ], [ 73.412117455555062, 32.190427872139978, 150.0 ], [ 73.412117204350167, 32.190282723779013, 150.0 ], [ 73.412155470282414, 32.190204536451937, 150.0 ], [ 73.412255079916847, 32.189996352095832, 150.0 ], [ 73.412356446852101, 32.189874109113269, 150.0 ], [ 73.412520256010254, 32.18976666516712, 150.0 ], [ 73.412641626039417, 32.189736761948339, 150.0 ], [ 73.412839327851245, 32.189695599427722, 150.0 ], [ 73.412979032899912, 32.189698830814059, 150.0 ], [ 73.413200614084218, 32.189749656620123, 150.0 ], [ 73.413358595111916, 32.189785939132697, 150.0 ], [ 73.413719234511063, 32.189839968728691, 150.0 ], [ 73.413971329913494, 32.189897979574233, 150.0 ], [ 73.414190751940652, 32.189948705615798, 150.0 ], [ 73.41439877688822, 32.190025413892577, 150.0 ], [ 73.414555873292485, 32.190061666635579, 150.0 ], [ 73.414803720250191, 32.190145959495453, 150.0 ], [ 73.415017402841329, 32.190222885349243, 150.0 ], [ 73.415162528854921, 32.190285149969483, 150.0 ], [ 73.415411725572042, 32.19036943653991, 150.0 ], [ 73.415432148138635, 32.190402698017877, 150.0 ], [ 73.415641269949305, 32.190479546054817, 150.0 ], [ 73.415805479708837, 32.190575159575687, 150.0 ], [ 73.415983204139991, 32.190644828140577, 150.0 ], [ 73.416098367215042, 32.190699989355551, 150.0 ], [ 73.416268072622188, 32.190795876406312, 150.0 ], [ 73.4163852484442, 32.190851065895927, 150.0 ], [ 73.416590902169801, 32.19095421131663, 150.0 ], [ 73.416827936552082, 32.191031164450592, 150.0 ], [ 73.416954888853311, 32.191086243987677, 150.0 ], [ 73.41702273296815, 32.191100734536498, 150.0 ], [ 73.417179153890814, 32.191163038215322, 150.0 ], [ 73.417281332085267, 32.191218402509207, 150.0 ], [ 73.417429965889852, 32.191314696121587, 150.0 ], [ 73.417569919122272, 32.191351571691648, 150.0 ], [ 73.417760977972705, 32.191515376600456, 150.0 ], [ 73.417884776795319, 32.191544697578308, 150.0 ], [ 73.418070386652829, 32.19167486379844, 150.0 ], [ 73.418252495851647, 32.191744945220393, 150.0 ], [ 73.41843462576773, 32.191815032458237, 150.0 ], [ 73.41864902785376, 32.191892417781993, 150.0 ], [ 73.41884308671186, 32.191936097671757, 150.0 ], [ 73.419006441132169, 32.191972432272728, 150.0 ], [ 73.41912470923107, 32.192027909037073, 150.0 ], [ 73.419370285137802, 32.192112618181923, 150.0 ], [ 73.419486341471597, 32.192168278211923, 150.0 ], [ 73.419614010981405, 32.192197505781287, 150.0 ], [ 73.419729369795363, 32.19225325569252, 150.0 ], [ 73.419971190200513, 32.192338374061727, 150.0 ], [ 73.420168632220225, 32.192442859129429, 150.0 ], [ 73.420494606641157, 32.192576730570742, 150.0 ], [ 73.420644201599984, 32.192639749369242, 150.0 ], [ 73.420847814138924, 32.192743895141668, 150.0 ], [ 73.421051932999504, 32.192848060601932, 150.0 ], [ 73.42124298513825, 32.192979134064743, 150.0 ], [ 73.421380961656439, 32.193069096216931, 150.0 ], [ 73.421507894859133, 32.193185829570723, 150.0 ], [ 73.421581899015138, 32.19326128138961, 150.0 ], [ 73.421701179397346, 32.193317012612489, 150.0 ], [ 73.421874784652502, 32.193476622379748, 150.0 ], [ 73.422064875174883, 32.193608803121087, 150.0 ], [ 73.422216970209504, 32.193671915062772, 150.0 ], [ 73.422346484040162, 32.193701098271667, 150.0 ], [ 73.422549558878615, 32.193806263626023, 150.0 ], [ 73.422731631490024, 32.193877218804317, 150.0 ], [ 73.422849371063748, 32.193933518001678, 150.0 ], [ 73.422967562880004, 32.193989739759907, 150.0 ], [ 73.423116793465056, 32.19405361068587, 150.0 ], [ 73.42327754538907, 32.194090383511593, 150.0 ], [ 73.423524021366248, 32.1941761875362, 150.0 ], [ 73.423652646614073, 32.194205610724957, 150.0 ], [ 73.423963556466646, 32.194306162141622, 150.0 ], [ 73.424157483762968, 32.194350037974772, 150.0 ], [ 73.424353470843755, 32.194393306917192, 150.0 ], [ 73.424503056961427, 32.194457282267798, 150.0 ], [ 73.424951152166585, 32.194560942637921, 150.0 ], [ 73.425047436825054, 32.194583081255963, 150.0 ], [ 73.425101092999782, 32.194624926580637, 150.0 ], [ 73.425372183278043, 32.194744517122778, 150.0 ], [ 73.425522894428539, 32.194808336107393, 150.0 ], [ 73.425630672367021, 32.194892098915233, 150.0 ], [ 73.425823173865041, 32.195025826617233, 150.0 ], [ 73.4260255443902, 32.195132810427481, 150.0 ], [ 73.426198828178471, 32.195231318742408, 150.0 ], [ 73.426307508844317, 32.195315216444037, 150.0 ], [ 73.426458578477224, 32.195379366079102, 150.0 ], [ 73.426609402207745, 32.195443677391637, 150.0 ], [ 73.426878803532801, 32.195565052339703, 150.0 ], [ 73.427029760806064, 32.195629457619759, 150.0 ], [ 73.427159000427508, 32.195658970815792, 150.0 ], [ 73.427438969864838, 32.195753096331259, 150.0 ], [ 73.427718427424153, 32.195847631513502, 150.0 ], [ 73.427901727097534, 32.195919692244097, 150.0 ], [ 73.428248583939322, 32.196027607168581, 150.0 ], [ 73.428476446678502, 32.196078278923018, 150.0 ], [ 73.42862851264853, 32.196142414512103, 150.0 ], [ 73.429013983961909, 32.196232731344367, 150.0 ], [ 73.429337512483158, 32.196306435384827, 150.0 ], [ 73.429434641197048, 32.196328487194783, 150.0 ], [ 73.429683828911109, 32.196414889881048, 150.0 ], [ 73.429855942573056, 32.196516453556519, 150.0 ], [ 73.429997847302715, 32.196609098515061, 150.0 ], [ 73.430175238515602, 32.196706429097361, 150.0 ], [ 73.430398008128591, 32.196874034809603, 150.0 ], [ 73.430452638829081, 32.1969170333969, 150.0 ], [ 73.430658498440621, 32.1970260570737, 150.0 ], [ 73.430779106349377, 32.197082852022518, 150.0 ], [ 73.431043306037935, 32.197231649966078, 150.0 ], [ 73.431176064400589, 32.197353201344391, 150.0 ], [ 73.431309016301768, 32.197474930780757, 150.0 ], [ 73.431401035403155, 32.197616242198841, 150.0 ], [ 73.431558305773578, 32.197772489388797, 150.0 ], [ 73.431650877423166, 32.197913881112747, 150.0 ], [ 73.43182293029605, 32.198133192082999, 150.0 ], [ 73.431898360195873, 32.198329232845559, 150.0 ], [ 73.432024335707041, 32.198478312118283, 150.0 ], [ 73.432149617588834, 32.198629019775566, 150.0 ], [ 73.432256458565973, 32.198836467801762, 150.0 ], [ 73.432312278375747, 32.198880091722437, 150.0 ], [ 73.432395842164283, 32.199052759074071, 150.0 ], [ 73.432507891837759, 32.199139946470332, 150.0 ], [ 73.432709268891855, 32.199277497592988, 150.0 ], [ 73.432901423092304, 32.199444065171079, 150.0 ], [ 73.433004761564519, 32.199559746572803, 150.0 ], [ 73.433206533701821, 32.199698332785779, 150.0 ], [ 73.433408832605707, 32.199836546105217, 150.0 ], [ 73.433620538139337, 32.19994599704355, 150.0 ], [ 73.433766627783271, 32.200040612317963, 150.0 ], [ 73.433912817905195, 32.200135294692167, 150.0 ], [ 73.434139591642349, 32.200310213645622, 150.0 ], [ 73.434286016139197, 32.200405435648968, 150.0 ], [ 73.434399617305331, 32.200493125976188, 150.0 ], [ 73.434627129630968, 32.200668518566999, 150.0 ], [ 73.434821908830315, 32.200837098044069, 150.0 ], [ 73.434951055813542, 32.200990343878424, 150.0 ], [ 73.435179483317356, 32.201166329850807, 150.0 ], [ 73.435245539886282, 32.201181345212568, 150.0 ], [ 73.435359910302012, 32.201269502735052, 150.0 ], [ 73.435531618064587, 32.201401442719089, 150.0 ], [ 73.43562191648202, 32.201453426781377, 150.0 ], [ 73.435793815183658, 32.201586795882378, 150.0 ], [ 73.435965927078939, 32.201720333901797, 150.0 ], [ 73.436162646637058, 32.201890418840591, 150.0 ], [ 73.436335243971044, 32.202023566078971, 150.0 ], [ 73.436490655196607, 32.202215419551109, 150.0 ], [ 73.436639157519934, 32.202312058865367, 150.0 ], [ 73.436712715644745, 32.202422128970852, 150.0 ], [ 73.436901895300437, 32.202620059355638, 150.0 ], [ 73.437042156146674, 32.202745661020209, 150.0 ], [ 73.437149348186679, 32.202864613632627, 150.0 ], [ 73.437281385668086, 32.203021193538078, 150.0 ], [ 73.437471713717628, 32.203223015423262, 150.0 ], [ 73.437587905379331, 32.203312600309722, 150.0 ], [ 73.437737492280547, 32.203409621618469, 150.0 ], [ 73.437836967455993, 32.20355938680396, 150.0 ], [ 73.437995138712665, 32.20375626254507, 150.0 ], [ 73.438136820831772, 32.203884983710083, 150.0 ], [ 73.438245136032748, 32.204003934185117, 150.0 ], [ 73.4384034278808, 32.204197308539307, 150.0 ], [ 73.438461784198651, 32.204369955499573, 150.0 ], [ 73.438562270517878, 32.204521159745468, 150.0 ], [ 73.438629394960245, 32.204665125345628, 150.0 ], [ 73.438805992635352, 32.204931526192858, 150.0 ], [ 73.438940816135016, 32.20509212139207, 150.0 ], [ 73.439042031235331, 32.205244310670977, 150.0 ], [ 73.439210614924903, 32.205411335689327, 150.0 ], [ 73.439312127896301, 32.205563634714522, 150.0 ], [ 73.439540464401489, 32.205777592536798, 150.0 ], [ 73.439693584663559, 32.206007695147221, 150.0 ], [ 73.439813290729759, 32.206230782724482, 150.0 ], [ 73.439948682644143, 32.20638873133494, 150.0 ], [ 73.440094812529608, 32.206651911382821, 150.0 ], [ 73.440223459595373, 32.206845197907107, 150.0 ], [ 73.440335331281403, 32.207097820272558, 150.0 ], [ 73.440429950017489, 32.207281876601272, 150.0 ], [ 73.440507169417643, 32.207397014631667, 150.0 ], [ 73.440584699393085, 32.207513214311923, 150.0 ], [ 73.440688427660902, 32.207669231949467, 150.0 ], [ 73.440740356618321, 32.207747332018123, 150.0 ], [ 73.440988607362272, 32.207903094574959, 150.0 ], [ 73.441202948058006, 32.208050928779592, 150.0 ], [ 73.441425513776039, 32.208167613078658, 150.0 ], [ 73.441580383944469, 32.208270106799738, 150.0 ], [ 73.441796866588405, 32.208423328599679, 150.0 ], [ 73.44194415146211, 32.208557342543443, 150.0 ], [ 73.442049376428997, 32.208714704332102, 150.0 ], [ 73.442291721418442, 32.208903795897598, 150.0 ], [ 73.442336948494884, 32.209015098915337, 150.0 ], [ 73.442469378544772, 32.209213270292743, 150.0 ], [ 73.442522358594076, 32.209292471117408, 150.0 ], [ 73.44262092094462, 32.209483700208821, 150.0 ], [ 73.442696717644395, 32.209772116527063, 150.0 ], [ 73.442752519329602, 32.209985532539051, 150.0 ], [ 73.442834849810879, 32.210238457316848, 150.0 ], [ 73.44294134685353, 32.210397461222414, 150.0 ], [ 73.443024075983018, 32.210651397796752, 150.0 ], [ 73.443133755376834, 32.210945940235931, 150.0 ], [ 73.443232873897756, 32.211137737264814, 150.0 ], [ 73.443367173352954, 32.211338847674362, 150.0 ], [ 73.443502732682532, 32.211543266081371, 150.0 ], [ 73.443662279117333, 32.211652136915717, 150.0 ], [ 73.443743773918612, 32.211774778989621, 150.0 ], [ 73.443824835036054, 32.211895889503197, 150.0 ], [ 73.443941388550741, 32.212027152019182, 150.0 ], [ 73.444057376416751, 32.212156413032773, 150.0 ], [ 73.444235439726214, 32.212334265902278, 150.0 ], [ 73.444274426434404, 32.2124806745868, 150.0 ], [ 73.444375547774655, 32.212675894716668, 150.0 ], [ 73.444422417096533, 32.212790210222799, 150.0 ], [ 73.444465540749718, 32.213075440482093, 150.0 ], [ 73.44446970733857, 32.213214509581483, 150.0 ], [ 73.44442391194741, 32.213412798411447, 150.0 ], [ 73.444371431451472, 32.213647831197328, 150.0 ], [ 73.444298768471228, 32.213808207463131, 150.0 ], [ 73.444217496902638, 32.214000029319109, 150.0 ], [ 73.444077613547321, 32.214284545683853, 150.0 ], [ 73.444062152802132, 32.214351603705929, 150.0 ], [ 73.444050887115168, 32.214560873659352, 150.0 ], [ 73.444004906738542, 32.214764552318798, 150.0 ], [ 73.443860043740244, 32.214909104578673, 150.0 ], [ 73.443801504586645, 32.215003174487173, 150.0 ], [ 73.443656477703357, 32.215149131032277, 150.0 ], [ 73.443419451798846, 32.21519906902062, 150.0 ], [ 73.443269861969497, 32.21520070539836, 150.0 ], [ 73.44312811206332, 32.21516818388838, 150.0 ], [ 73.442772978943069, 32.215083954055942, 150.0 ], [ 73.442382630947279, 32.21499209438344, 150.0 ], [ 73.44171148835494, 32.21484662609685, 150.0 ], [ 73.44114409807824, 32.214714605938831, 150.0 ], [ 73.440966712531576, 32.214672804913803, 150.0 ], [ 73.440612578250324, 32.214592519153861, 150.0 ], [ 73.440400469579004, 32.214546683107002, 150.0 ], [ 73.44021346904303, 32.214531769232352, 150.0 ], [ 73.439859369924577, 32.214451866402058, 150.0 ], [ 73.439424949892938, 32.214383704702023, 150.0 ], [ 73.439070848136794, 32.214304264648327, 150.0 ], [ 73.43892920475119, 32.214272578639921, 150.0 ], [ 73.438645919650924, 32.214209465254179, 150.0 ], [ 73.438362641678637, 32.214146947611653, 150.0 ], [ 73.437618426331724, 32.2139758344196, 150.0 ], [ 73.437254882635457, 32.21392664433403, 150.0 ], [ 73.437077667094584, 32.213885317096363, 150.0 ], [ 73.436794155614422, 32.21381962150965, 150.0 ], [ 73.436404357743214, 32.213730575541177, 150.0 ], [ 73.436298053254561, 32.213705840693088, 150.0 ], [ 73.436085458379353, 32.213656309772503, 150.0 ], [ 73.435846866659247, 32.213564999811119, 150.0 ], [ 73.435502143443401, 32.213449380093053, 150.0 ], [ 73.435218827571518, 32.213384305804027, 150.0 ], [ 73.43494510273014, 32.213285973395372, 150.0 ], [ 73.434538870205287, 32.213129474145383, 150.0 ], [ 73.434255624871597, 32.213064658954799, 150.0 ], [ 73.433947210703991, 32.212954430775611, 150.0 ], [ 73.433638930799447, 32.212845014305778, 150.0 ], [ 73.43336485126828, 32.212753445814442, 150.0 ], [ 73.433197216096517, 32.212683904174611, 150.0 ], [ 73.432984720159752, 32.212636551431657, 150.0 ], [ 73.43278222392189, 32.212555800925038, 150.0 ], [ 73.43256974072527, 32.212508256386087, 150.0 ], [ 73.432332490567873, 32.212416756019849, 150.0 ], [ 73.431918326467056, 32.212285847152607, 150.0 ], [ 73.43163474032383, 32.212224089575301, 150.0 ], [ 73.431422446361424, 32.212175905965253, 150.0 ], [ 73.431104194313519, 32.212102807333928, 150.0 ], [ 73.430856546024174, 32.212046439737307, 150.0 ], [ 73.430573082334789, 32.211983563147378, 150.0 ], [ 73.430335802785763, 32.211894309385308, 150.0 ], [ 73.430078142048373, 32.211869400548437, 150.0 ], [ 73.429794784843295, 32.211805932264973, 150.0 ], [ 73.429535516756417, 32.211785486291163, 150.0 ], [ 73.42934741567808, 32.211779591334391, 150.0 ], [ 73.429007532912308, 32.211772569084282, 150.0 ], [ 73.428642614759696, 32.211724786346331, 150.0 ], [ 73.428337443417718, 32.211726499905502, 150.0 ], [ 73.428078090610541, 32.211703954601738, 150.0 ], [ 73.427691148905566, 32.211721253046079, 150.0 ], [ 73.427421024205714, 32.211730319279589, 150.0 ], [ 73.427185381695352, 32.211749343399397, 150.0 ], [ 73.426985148484107, 32.211776206226453, 150.0 ], [ 73.426749692782323, 32.21179395903134, 150.0 ], [ 73.426467021840949, 32.211837330917668, 150.0 ], [ 73.426220491867056, 32.211886975484937, 150.0 ], [ 73.426091269321887, 32.211928833440673, 150.0 ], [ 73.425866367602282, 32.211913492604317, 150.0 ], [ 73.425679210653627, 32.211901901499409, 150.0 ], [ 73.425419929156448, 32.211875886369022, 150.0 ], [ 73.425217308114284, 32.211795059278323, 150.0 ], [ 73.425133389112489, 32.211704676188589, 150.0 ], [ 73.424978444758139, 32.211598092849798, 150.0 ], [ 73.424824057578732, 32.211490805306418, 150.0 ], [ 73.424575973672475, 32.211215774113903, 150.0 ], [ 73.424491656327831, 32.211019133882758, 150.0 ], [ 73.424409274571119, 32.210819914665997, 150.0 ], [ 73.424372506299989, 32.210598894444942, 150.0 ], [ 73.424324098259504, 32.21051856001349, 150.0 ], [ 73.424299966910908, 32.210264115371587, 150.0 ], [ 73.424277377130778, 32.210114766377387, 150.0 ], [ 73.424194804347891, 32.209918721782508, 150.0 ], [ 73.424147706316916, 32.209730975138577, 150.0 ], [ 73.424124288889047, 32.209584088291003, 150.0 ], [ 73.424052468230542, 32.20935857797582, 150.0 ], [ 73.424041357016137, 32.20917910557538, 150.0 ], [ 73.424040686379584, 32.208969437847657, 150.0 ], [ 73.424005358168472, 32.208751725113963, 150.0 ], [ 73.424003933368013, 32.208544160513732, 150.0 ], [ 73.423991802938772, 32.208367887156321, 150.0 ], [ 73.423956983394461, 32.208151121217, 150.0 ], [ 73.423945862740922, 32.207974317650702, 150.0 ], [ 73.423979268650768, 32.207776558206348, 150.0 ], [ 73.423980690169728, 32.207463979703618, 150.0 ], [ 73.423969099759333, 32.207289232162701, 150.0 ], [ 73.423957415482022, 32.207114980166757, 150.0 ], [ 73.423968911940648, 32.206980557622863, 150.0 ], [ 73.424015288591548, 32.206751347050123, 150.0 ], [ 73.424013552461631, 32.206548663911008, 150.0 ], [ 73.423976095925724, 32.206339945379042, 150.0 ], [ 73.423982450553538, 32.206110995930032, 150.0 ], [ 73.423933595314509, 32.205934330907091, 150.0 ], [ 73.423970074435275, 32.205635452815677, 150.0 ], [ 73.423913444880583, 32.205486566586167, 150.0 ], [ 73.423924685816885, 32.205354778494801, 150.0 ], [ 73.423867309314303, 32.205207354041967, 150.0 ], [ 73.423832799603957, 32.204998503856309, 150.0 ], [ 73.423786910431303, 32.204720777138483, 150.0 ], [ 73.423725914539929, 32.204478638787293, 150.0 ], [ 73.423707303360729, 32.204236408319233, 150.0 ], [ 73.423642669395633, 32.204018256940728, 150.0 ], [ 73.423586896398959, 32.203773016456807, 150.0 ], [ 73.423532210619044, 32.203626222983303, 150.0 ], [ 73.423493030451056, 32.203445530733063, 150.0 ], [ 73.423424705174341, 32.203233690748377, 150.0 ], [ 73.42336769491925, 32.203188420863633, 150.0 ], [ 73.423345569177627, 32.203052053830341, 150.0 ], [ 73.423255828203409, 32.202900253355182, 150.0 ], [ 73.423166227488991, 32.202748692221938, 150.0 ], [ 73.423077588797781, 32.202499353444388, 150.0 ], [ 73.422988453362905, 32.202348321033902, 150.0 ], [ 73.422933280071476, 32.202205210718212, 150.0 ], [ 73.422855120744103, 32.202025430941433, 150.0 ], [ 73.42278807278332, 32.201816629495461, 150.0 ], [ 73.422697231190313, 32.201668432998979, 150.0 ], [ 73.422563790091374, 32.201444507714058, 150.0 ], [ 73.422475434290021, 32.201295189602497, 150.0 ], [ 73.422398299274604, 32.201116879788977, 150.0 ], [ 73.422342781539484, 32.201071905324532, 150.0 ], [ 73.422243721740514, 32.200856979755777, 150.0 ], [ 73.422188195247458, 32.200812194171618, 150.0 ], [ 73.42208878197232, 32.200693274299752, 150.0 ], [ 73.421955989270771, 32.200566830941938, 150.0 ], [ 73.421801384642663, 32.200403634763347, 150.0 ], [ 73.42163515004053, 32.200175630029293, 150.0 ], [ 73.421558841797932, 32.200093813660338, 150.0 ], [ 73.421360004338879, 32.199952741212137, 150.0 ], [ 73.421227871977948, 32.19982727483476, 150.0 ], [ 73.420996103074259, 32.199678881543377, 150.0 ], [ 73.420798078800956, 32.199538211982642, 150.0 ], [ 73.42068820633412, 32.199449716872437, 150.0 ], [ 73.420479518504422, 32.199244526009707, 150.0 ], [ 73.420391105956881, 32.199192921620138, 150.0 ], [ 73.420314452730807, 32.199112494122993, 150.0 ], [ 73.420116712983557, 32.198972790817251, 150.0 ], [ 73.419953618984565, 32.198840268402577, 150.0 ], [ 73.419833000561681, 32.198780801014841, 150.0 ], [ 73.41972380730472, 32.198692900792601, 150.0 ], [ 73.41960224424119, 32.198634075166659, 150.0 ], [ 73.419447890891448, 32.19856742836096, 150.0 ], [ 73.419305796822556, 32.198472038932323, 150.0 ], [ 73.419140052391072, 32.198433947712353, 150.0 ], [ 73.41898579180635, 32.198367422319492, 150.0 ], [ 73.418798633464036, 32.198293187275922, 150.0 ], [ 73.418612609119279, 32.198218644330701, 150.0 ], [ 73.418414325651966, 32.198172764315707, 150.0 ], [ 73.418206240329098, 32.198062531134312, 150.0 ], [ 73.418039159208135, 32.19802507021587, 150.0 ], [ 73.41783998935594, 32.197979591422417, 150.0 ], [ 73.417619754545342, 32.197898042712083, 150.0 ], [ 73.417487082273922, 32.197867696015713, 150.0 ], [ 73.417319766637107, 32.197830271284538, 150.0 ], [ 73.417033090755965, 32.197733687224869, 150.0 ], [ 73.416759239801451, 32.197608529810971, 150.0 ], [ 73.416506164758957, 32.197519504525573, 150.0 ], [ 73.416234061921557, 32.19739401123212, 150.0 ], [ 73.415982499032211, 32.197304757390398, 150.0 ], [ 73.415742223769826, 32.197187567075943, 150.0 ], [ 73.415642718631091, 32.197164894180631, 150.0 ], [ 73.415468774575103, 32.197062916107399, 150.0 ], [ 73.415270008451074, 32.197017570621583, 150.0 ], [ 73.4150837585305, 32.196943948462973, 150.0 ], [ 73.414884743522776, 32.196898630135699, 150.0 ], [ 73.414698830198319, 32.19682491529278, 150.0 ], [ 73.414500630209304, 32.196779390419842, 150.0 ], [ 73.414302519549352, 32.196733875168661, 150.0 ], [ 73.414183127558928, 32.196675327110611, 150.0 ], [ 73.414018007064797, 32.196637408052197, 150.0 ], [ 73.413832574330513, 32.196563763798679, 150.0 ], [ 73.41361401696534, 32.196482603250061, 150.0 ], [ 73.413494528863481, 32.196424215221839, 150.0 ], [ 73.413262866658471, 32.19637131308955, 150.0 ], [ 73.413122322362767, 32.196277529805961, 150.0 ], [ 73.412991085926393, 32.19624704939536, 150.0 ], [ 73.412872364434037, 32.196188599880493, 150.0 ], [ 73.412655017402344, 32.196107399102843, 150.0 ], [ 73.412502742923195, 32.196041468629808, 150.0 ], [ 73.412435490692914, 32.196026721933507, 150.0 ], [ 73.41226445082124, 32.195925123339777, 150.0 ], [ 73.412019496104818, 32.195745341366539, 150.0 ], [ 73.41182881196967, 32.195145542861681, 150.0 ] ] ] } },
{ "type": "Feature", "properties": { "Name": "Untitled Polygon", "description": null, "timestamp": null, "begin": null, "end": null, "altitudeMode": "relativeToGround", "tessellate": 1, "extrude": 1, "visibility": -1, "drawOrder": null, "icon": null }, "geometry": { "type": "Polygon", "coordinates": [ [ [ 72.113362360240203, 31.170585895811271, 150.0 ], [ 72.113102069532815, 31.170522356345032, 150.0 ], [ 72.11272572926265, 31.17035386181065, 150.0 ], [ 72.112237743042314, 31.170158765011699, 150.0 ], [ 72.11204779965054, 31.170035986725221, 150.0 ], [ 72.111841019603744, 31.16994782239837, 150.0 ], [ 72.11151961148677, 31.16975495307096, 150.0 ], [ 72.111166732512871, 31.169550157500339, 150.0 ], [ 72.110777731594524, 31.169336596771888, 150.0 ], [ 72.110518818983465, 31.169194453093269, 150.0 ], [ 72.110333601625484, 31.16907087096558, 150.0 ], [ 72.110124325878317, 31.168907150187209, 150.0 ], [ 72.109910154788039, 31.168746627457921, 150.0 ], [ 72.109761814986229, 31.168632979264899, 150.0 ], [ 72.10963184892482, 31.16848525366159, 150.0 ], [ 72.10946538899718, 31.168328676066299, 150.0 ], [ 72.109228261024001, 31.168153057218529, 150.0 ], [ 72.108941809004222, 31.16797562307514, 150.0 ], [ 72.108647862437294, 31.167750168984082, 150.0 ], [ 72.108461425023847, 31.16763018641015, 150.0 ], [ 72.108315427522811, 31.167517522757912, 150.0 ], [ 72.108041562088161, 31.16725938068296, 150.0 ], [ 72.107950923720665, 31.167122676373069, 150.0 ], [ 72.107860445138485, 31.166986215140131, 150.0 ], [ 72.107788728873118, 31.16674103905142, 150.0 ], [ 72.107715211609545, 31.16657289005704, 150.0 ], [ 72.107715483487056, 31.166422499453159, 150.0 ], [ 72.107715888360332, 31.16619755350882, 150.0 ], [ 72.107771628287878, 31.165800108135929, 150.0 ], [ 72.107789987870419, 31.16569299245505, 150.0 ], [ 72.107827202765051, 31.16547906234279, 150.0 ], [ 72.107810192417077, 31.165215762522749, 150.0 ], [ 72.107829566044686, 31.165109146581159, 150.0 ], [ 72.107850269447098, 31.164928767780289, 150.0 ], [ 72.107907500237758, 31.164684295038619, 150.0 ], [ 72.107920690516636, 31.16443517331572, 150.0 ], [ 72.107936565352574, 31.16433117525137, 150.0 ], [ 72.10793499791933, 31.164113982124071, 150.0 ], [ 72.107970848761752, 31.163977850307141, 150.0 ], [ 72.107972086711129, 31.163832916933028, 150.0 ], [ 72.108009164555568, 31.163624950068009, 150.0 ], [ 72.108028273026434, 31.16344924062853, 150.0 ], [ 72.108065296496562, 31.163242528066959, 150.0 ], [ 72.108047354464887, 31.16313103448686, 150.0 ], [ 72.108083219139886, 31.162783653314339, 150.0 ], [ 72.108100836367171, 31.1626107796918, 150.0 ], [ 72.108171574818527, 31.162415866225508, 150.0 ], [ 72.108206883874345, 31.162213007841729, 150.0 ], [ 72.108259284341386, 31.161980217716131, 150.0 ], [ 72.108310817021646, 31.161678539001791, 150.0 ], [ 72.10836240390266, 31.161517396421981, 150.0 ], [ 72.108396213259994, 31.16131776557506, 150.0 ], [ 72.108515833447029, 31.161036791001791, 150.0 ], [ 72.108498684998366, 31.160997938697349, 150.0 ], [ 72.10858358626308, 31.160847266684691, 150.0 ], [ 72.108647199185015, 31.160659554360041, 150.0 ], [ 72.108698198119214, 31.160501097882349, 150.0 ], [ 72.108767980626567, 31.160380960436029, 150.0 ], [ 72.108804226167678, 31.160252414833892, 150.0 ], [ 72.108891229607863, 31.160103020526648, 150.0 ], [ 72.108967469483261, 31.15988868943808, 150.0 ], [ 72.109055132646873, 31.159739971157801, 150.0 ], [ 72.109181189204534, 31.15946419351954, 150.0 ], [ 72.109217466820553, 31.159337551706781, 150.0 ], [ 72.109269256108604, 31.15918225590076, 150.0 ], [ 72.109335752272983, 31.159065444625501, 150.0 ], [ 72.109384414807266, 31.158911472009301, 150.0 ], [ 72.109433356302986, 31.158757814655139, 150.0 ], [ 72.109550270544133, 31.158554839846889, 150.0 ], [ 72.109632127218873, 31.158344418319409, 150.0 ], [ 72.109665055616873, 31.158286836611669, 150.0 ], [ 72.10969704229295, 31.15816352665308, 150.0 ], [ 72.109827576947794, 31.15793441524486, 150.0 ], [ 72.109907570015096, 31.15772645534415, 150.0 ], [ 72.109987272514374, 31.157519240879829, 150.0 ], [ 72.110084774164918, 31.157349118433999, 150.0 ], [ 72.110183561424961, 31.15717933843959, 150.0 ], [ 72.110264052836499, 31.157038649110689, 150.0 ], [ 72.110398730653941, 31.156813136589111, 150.0 ], [ 72.11052726385968, 31.156653657501789, 150.0 ], [ 72.110671364295683, 31.156466798432771, 150.0 ], [ 72.110784253105223, 31.15633596773019, 150.0 ], [ 72.111071914135863, 31.156092037873599, 150.0 ], [ 72.1113195304698, 31.155867464921901, 150.0 ], [ 72.111577449028289, 31.155680177757262, 150.0 ], [ 72.111901669515603, 31.155446812684669, 150.0 ], [ 72.112353657645471, 31.155184532752731, 150.0 ], [ 72.112819566597153, 31.154958932252661, 150.0 ], [ 72.113171623542343, 31.154799365859489, 150.0 ], [ 72.113377881021862, 31.15469700815212, 150.0 ], [ 72.1137466290443, 31.15457308964104, 150.0 ], [ 72.11407815369725, 31.15444189620645, 150.0 ], [ 72.114392759829769, 31.154337816111859, 150.0 ], [ 72.114486364797941, 31.154300573720349, 150.0 ], [ 72.11464352570799, 31.154218075541021, 150.0 ], [ 72.114911900769926, 31.154133077901019, 150.0 ], [ 72.114973270379522, 31.15408805738705, 150.0 ], [ 72.115288679521328, 31.153984757856989, 150.0 ], [ 72.115647976518346, 31.153863458217391, 150.0 ], [ 72.115913024756111, 31.153779330215201, 150.0 ], [ 72.116146008536859, 31.153687518496639, 150.0 ], [ 72.116411218448604, 31.153603745083121, 150.0 ], [ 72.1165842123727, 31.153556691145731, 150.0 ], [ 72.116850123473256, 31.15347321693832, 150.0 ], [ 72.117056179369328, 31.153434202749239, 150.0 ], [ 72.11734883169045, 31.153358981557961, 150.0 ], [ 72.11747249739166, 31.15333051111449, 150.0 ], [ 72.1176738032419, 31.153291767445559, 150.0 ], [ 72.117874819647113, 31.15325307675991, 150.0 ], [ 72.117997993781472, 31.153224712959901, 150.0 ], [ 72.118257435428518, 31.153142223296321, 150.0 ], [ 72.118535695057048, 31.153093504966758, 150.0 ], [ 72.118827245491687, 31.15301911981593, 150.0 ], [ 72.119085969038238, 31.152937159272138, 150.0 ], [ 72.119330935305669, 31.152881049964058, 150.0 ], [ 72.119545353338495, 31.152817302564259, 150.0 ], [ 72.119713321514922, 31.152771519957671, 150.0 ], [ 72.119878999940852, 31.152725801759921, 150.0 ], [ 72.12003130656197, 31.152705669158451, 150.0 ], [ 72.120317265041734, 31.15263225088438, 150.0 ], [ 72.120513140735639, 31.152594444870129, 150.0 ], [ 72.120665980831291, 31.152574418441141, 150.0 ], [ 72.120920916454509, 31.152493672008021, 150.0 ], [ 72.121250392138876, 31.15240317168308, 150.0 ], [ 72.121338708657774, 31.152367897124769, 150.0 ], [ 72.121534769498695, 31.152330491167319, 150.0 ], [ 72.121831293234663, 31.152232802019331, 150.0 ], [ 72.122038699675244, 31.152170384251491, 150.0 ], [ 72.12223340751035, 31.15213323100722, 150.0 ], [ 72.122482443407151, 31.15205349309754, 150.0 ], [ 72.122709130454282, 31.15202421089359, 150.0 ], [ 72.122989564006915, 31.151952465944529, 150.0 ], [ 72.123107858787435, 31.15192534294939, 150.0 ], [ 72.123312108058585, 31.151863503758332, 150.0 ], [ 72.12360012262782, 31.151767029164251, 150.0 ], [ 72.123866261239812, 31.151720707611311, 150.0 ], [ 72.124069920134716, 31.151659307877441, 150.0 ], [ 72.124316639108812, 31.15158090689312, 150.0 ], [ 72.124508202880378, 31.151544584959151, 150.0 ], [ 72.12471923114704, 31.151484411672509, 150.0 ], [ 72.124959878369566, 31.151431906198649, 150.0 ], [ 72.125152151838094, 31.151370159786431, 150.0 ], [ 72.125335816608981, 31.151333392203551, 150.0 ], [ 72.125461950365079, 31.151282118779079, 150.0 ], [ 72.125788737250673, 31.151170542148719, 150.0 ], [ 72.126073720283273, 31.151076460061851, 150.0 ], [ 72.126200316880571, 31.15102575434986, 150.0 ], [ 72.12639984753234, 31.150965792503701, 150.0 ], [ 72.126525976891855, 31.150915256549311, 150.0 ], [ 72.126682765990481, 31.150872295030432, 150.0 ], [ 72.126922937733511, 31.15079582308697, 150.0 ], [ 72.127109705662605, 31.15076047054378, 150.0 ], [ 72.127254953507716, 31.150741987816769, 150.0 ], [ 72.127483017051475, 31.15069003587292, 150.0 ], [ 72.127751970719913, 31.15062148420008, 150.0 ], [ 72.128040558595103, 31.150584696504541, 150.0 ], [ 72.128195038198101, 31.15054220323546, 150.0 ], [ 72.128482233175788, 31.15050544563006, 150.0 ], [ 72.128625633451023, 31.15048709274204, 150.0 ], [ 72.128738332323962, 31.15046133933512, 150.0 ], [ 72.128993941092929, 31.15041731261546, 150.0 ], [ 72.129167362498336, 31.150406442423211, 150.0 ], [ 72.129371360558594, 31.150403051202321, 150.0 ], [ 72.129442734985062, 31.15039393289085, 150.0 ], [ 72.1295752008823, 31.150399668232609, 150.0 ], [ 72.129880436711645, 31.15039456143613, 150.0 ], [ 72.130043187480695, 31.150407697842439, 150.0 ], [ 72.130236415703649, 31.150428244301288, 150.0 ], [ 72.130469920278827, 31.150432234496961, 150.0 ], [ 72.130540797321459, 31.15042310830437, 150.0 ], [ 72.130804574041946, 31.150434529739741, 150.0 ], [ 72.131170984613775, 31.150523515327919, 150.0 ], [ 72.131201493248994, 31.15053092145703, 150.0 ], [ 72.131506690704242, 31.150605001026509, 150.0 ], [ 72.131629025127893, 31.15063473283962, 150.0 ], [ 72.131720507169192, 31.150656957026129, 150.0 ], [ 72.131903179770035, 31.150701310664861, 150.0 ], [ 72.132116845117494, 31.150753165612709, 150.0 ], [ 72.13248276411008, 31.150841963881359, 150.0 ], [ 72.132574267702481, 31.150864169770269, 150.0 ], [ 72.132818328935485, 31.150923434280401, 150.0 ], [ 72.132970847322326, 31.150960457722171, 150.0 ], [ 72.1332056343349, 31.151043757361158, 150.0 ], [ 72.133400812286951, 31.15114377914783, 150.0 ], [ 72.133495387287581, 31.15124581750981, 150.0 ], [ 72.133599429491696, 31.15132386610691, 150.0 ], [ 72.133703565079955, 31.151401979949991, 150.0 ], [ 72.133890563857051, 31.15152674726658, 150.0 ], [ 72.133964247630942, 31.151597559092441, 150.0 ], [ 72.134111771675023, 31.151739373289299, 150.0 ], [ 72.134145881951795, 31.15182731717525, 150.0 ], [ 72.134214247341077, 31.15200358168131, 150.0 ], [ 72.134248504938924, 31.15209190747813, 150.0 ], [ 72.134357085596235, 31.15225185667548, 150.0 ], [ 72.134395133033436, 31.152421766443322, 150.0 ], [ 72.134420622090744, 31.15253534804166, 150.0 ], [ 72.134455204658693, 31.15262442148126, 150.0 ], [ 72.134431774179987, 31.152780442232942, 150.0 ], [ 72.134377435766339, 31.152929417835491, 150.0 ], [ 72.134359055029748, 31.152979172173541, 150.0 ], [ 72.134295534363346, 31.153153639250899, 150.0 ], [ 72.134222187108108, 31.15335379823847, 150.0 ], [ 72.134176274343844, 31.153479283726071, 150.0 ], [ 72.134111843645783, 31.153655466478941, 150.0 ], [ 72.134065689579245, 31.153781677188011, 150.0 ], [ 72.134006706072853, 31.153849972637349, 150.0 ], [ 72.13392905708946, 31.15396907815089, 150.0 ], [ 72.133860859106349, 31.154062958426511, 150.0 ], [ 72.133783229681413, 31.154182441625402, 150.0 ], [ 72.1337142839471, 31.154276944901959, 150.0 ], [ 72.133626866789939, 31.154422641667949, 150.0 ], [ 72.133498046923378, 31.15458668006627, 150.0 ], [ 72.133440194246916, 31.154741316919761, 150.0 ], [ 72.133370337939311, 31.154836975112381, 150.0 ], [ 72.133291953335785, 31.154958119215301, 150.0 ], [ 72.133244029094101, 31.15508762029021, 150.0 ], [ 72.133135485403173, 31.15528783854576, 150.0 ], [ 72.133077674542292, 31.15544425861389, 150.0 ], [ 72.132988081714743, 31.155593357138329, 150.0 ], [ 72.132949414308044, 31.15569814702604, 150.0 ], [ 72.132891156001804, 31.15585575833304, 150.0 ], [ 72.132852150513315, 31.15596114122194, 150.0 ], [ 72.132835131854264, 31.156100964215309, 150.0 ], [ 72.132776374793423, 31.1562598467169, 150.0 ], [ 72.132793983974736, 31.156495681922131, 150.0 ], [ 72.132767196352077, 31.15666339529605, 150.0 ], [ 72.132792074372418, 31.156785906919779, 150.0 ], [ 72.13282981429731, 31.156969893222769, 150.0 ], [ 72.132876980969115, 31.157127894952382, 150.0 ], [ 72.133021376142295, 31.15730957387651, 150.0 ], [ 72.133131027079642, 31.157394578544469, 150.0 ], [ 72.133208358740774, 31.15747204621573, 150.0 ], [ 72.133383356077175, 31.15757229259626, 150.0 ], [ 72.133557648483844, 31.157673642995839, 150.0 ], [ 72.133699367737833, 31.15776772086426, 150.0 ], [ 72.133906032983248, 31.157877511170501, 150.0 ], [ 72.134103669608876, 31.158014231229672, 150.0 ], [ 72.13431054510427, 31.15812475968854, 150.0 ], [ 72.134462557894608, 31.15819207908012, 150.0 ], [ 72.134605238290433, 31.158286787731811, 150.0 ], [ 72.134702270617538, 31.158310777698581, 150.0 ], [ 72.134877569086186, 31.158413627600421, 150.0 ], [ 72.135021000933207, 31.158507960538429, 150.0 ], [ 72.135132200429936, 31.158594361183091, 150.0 ], [ 72.135331622540733, 31.1587322356411, 150.0 ], [ 72.135684887715669, 31.158936932054779, 150.0 ], [ 72.135749956116499, 31.158952692174481, 150.0 ], [ 72.135926864587574, 31.15905519176204, 150.0 ], [ 72.136122153315981, 31.159102490490671, 150.0 ], [ 72.13652740727089, 31.15925968093655, 150.0 ], [ 72.136859022399491, 31.159428218340128, 150.0 ], [ 72.137054512679455, 31.15947517035206, 150.0 ], [ 72.13720847562621, 31.159542847565589, 150.0 ], [ 72.137549247459773, 31.15968679736029, 150.0 ], [ 72.13786657053349, 31.159794499868021, 150.0 ], [ 72.138062234584595, 31.159842044636999, 150.0 ], [ 72.13824069625106, 31.159944803540089, 150.0 ], [ 72.138460559074247, 31.160028364701549, 150.0 ], [ 72.138574051331062, 31.160116305606579, 150.0 ], [ 72.138777187364738, 31.160256032913409, 150.0 ], [ 72.138915299444889, 31.160380325145681, 150.0 ], [ 72.139135072605839, 31.160586018958309, 150.0 ], [ 72.139355496621889, 31.160792143203491, 150.0 ], [ 72.13946988498634, 31.16088005038948, 150.0 ], [ 72.139699352676359, 31.161057952002981, 150.0 ], [ 72.13987176428779, 31.16119161262052, 150.0 ], [ 72.140044411033855, 31.161325279180549, 150.0 ], [ 72.140126735212419, 31.161406482723109, 150.0 ], [ 72.140522280117111, 31.16162509531847, 150.0 ], [ 72.140869254352467, 31.161892600648802, 150.0 ], [ 72.141035157580902, 31.162055608456871, 150.0 ], [ 72.141168373853901, 31.162211054203361, 150.0 ], [ 72.141268889460562, 31.16235920852171, 150.0 ], [ 72.141387637962197, 31.162575906074011, 150.0 ], [ 72.141473037829869, 31.162783820248379, 150.0 ], [ 72.141576110102449, 31.16305894063429, 150.0 ], [ 72.14160312979152, 31.163222029169571, 150.0 ], [ 72.141663428294095, 31.163393206360482, 150.0 ], [ 72.141690932766664, 31.163557882203438, 150.0 ], [ 72.141694034729881, 31.163810180486841, 150.0 ], [ 72.141688711473861, 31.16409202676547, 150.0 ], [ 72.141641429196682, 31.164272864790231, 150.0 ], [ 72.141636931311197, 31.164559622359882, 150.0 ], [ 72.141630591854536, 31.164718376948588, 150.0 ], [ 72.141575184645447, 31.16493219738161, 150.0 ], [ 72.141519477788876, 31.1652717015989, 150.0 ], [ 72.141496495390228, 31.165492571364219, 150.0 ], [ 72.141473465368875, 31.16571404881655, 150.0 ], [ 72.141510447640826, 31.16598425516278, 150.0 ], [ 72.141499082754137, 31.166316429922041, 150.0 ], [ 72.141459274444529, 31.16660238158228, 150.0 ], [ 72.141445888447777, 31.166931126366631, 150.0 ], [ 72.14138062329944, 31.167184301485211, 150.0 ], [ 72.141314879351256, 31.167437922959479, 150.0 ], [ 72.141257098830877, 31.167660845625441, 150.0 ], [ 72.141198751244843, 31.167883225802701, 150.0 ], [ 72.141148665764291, 31.168074382142581, 150.0 ], [ 72.141063334121299, 31.168256453576451, 150.0 ], [ 72.140943346247113, 31.1684325837962, 150.0 ], [ 72.140779383590726, 31.168632058071019, 150.0 ], [ 72.140641166798261, 31.168873165854158, 150.0 ], [ 72.14045858804073, 31.16913849181034, 150.0 ], [ 72.140336387770787, 31.16931607408452, 150.0 ], [ 72.14013505588504, 31.16965061270276, 150.0 ], [ 72.140056024550546, 31.16980703513628, 150.0 ], [ 72.13994156153845, 31.16995599365087, 150.0 ], [ 72.139853296189401, 31.17029045659379, 150.0 ], [ 72.139711047213041, 31.17053917652493, 150.0 ], [ 72.13962173078049, 31.170731015646169, 150.0 ], [ 72.139514496546198, 31.170994127915751, 150.0 ], [ 72.139433444268292, 31.171153709277959, 150.0 ], [ 72.139235179534296, 31.17146574197443, 150.0 ], [ 72.139062312797918, 31.171821111910191, 150.0 ], [ 72.138943074904404, 31.172119290716662, 150.0 ], [ 72.138813851200126, 31.172454290377111, 150.0 ], [ 72.138748356406154, 31.172697680140551, 150.0 ], [ 72.138610135250232, 31.172923511804122, 150.0 ], [ 72.138471294798023, 31.17314872468117, 150.0 ], [ 72.138360594357948, 31.1732705569462, 150.0 ], [ 72.138240052873101, 31.173427705598691, 150.0 ], [ 72.138145963418026, 31.173629412076441, 150.0 ], [ 72.138024723070487, 31.17378486160997, 150.0 ], [ 72.137847160448715, 31.174002541691589, 150.0 ], [ 72.137781303055121, 31.174099608587309, 150.0 ], [ 72.137556200830559, 31.17434987724199, 150.0 ], [ 72.137463055253505, 31.17440435373701, 150.0 ], [ 72.137359865367102, 31.174494696473079, 150.0 ], [ 72.137142934581618, 31.174709901412221, 150.0 ], [ 72.136982233988647, 31.174861802231359, 150.0 ], [ 72.136831180252415, 31.174978519712852, 150.0 ], [ 72.136679778643412, 31.17509580764613, 150.0 ], [ 72.136386252813949, 31.175294378348649, 150.0 ], [ 72.136065179584179, 31.175444796297111, 150.0 ], [ 72.135912414602316, 31.175560361189319, 150.0 ], [ 72.135759331746428, 31.175676166828371, 150.0 ], [ 72.135509742632578, 31.17585311294286, 150.0 ], [ 72.135269960224008, 31.175993628219739, 150.0 ], [ 72.135018617545157, 31.176171500789518, 150.0 ], [ 72.134788573208894, 31.176272667494441, 150.0 ], [ 72.134557531539102, 31.1763773392715, 150.0 ], [ 72.134251034562638, 31.176463443072262, 150.0 ], [ 72.134030433917772, 31.17652804282158, 150.0 ], [ 72.133745387881234, 31.176538632819359, 150.0 ], [ 72.133373581899008, 31.176567956254701, 150.0 ], [ 72.133012617598581, 31.176559973731869, 150.0 ], [ 72.132813180078628, 31.17655140639955, 150.0 ], [ 72.132625199448498, 31.176505695235139, 150.0 ], [ 72.131999954204588, 31.176434479458379, 150.0 ], [ 72.131725221657575, 31.176405889292479, 150.0 ], [ 72.131537187530967, 31.176359777875231, 150.0 ], [ 72.130797366260254, 31.176262445680759, 150.0 ], [ 72.129859992697348, 31.176144025973521, 150.0 ], [ 72.129708388956942, 31.176110045247579, 150.0 ], [ 72.129442121661128, 31.176052971697221, 150.0 ], [ 72.129178202197409, 31.175989222677909, 150.0 ], [ 72.12910277525441, 31.175971061819642, 150.0 ], [ 72.128927029178186, 31.17588827299647, 150.0 ], [ 72.128713841286867, 31.175796092604308, 150.0 ], [ 72.128387956308245, 31.17567623407469, 150.0 ], [ 72.128250329794099, 31.175602501991609, 150.0 ], [ 72.128037193788046, 31.175511315620462, 150.0 ], [ 72.127724184649438, 31.175356294915421, 150.0 ], [ 72.127374662809729, 31.175190764911889, 150.0 ], [ 72.127087456587446, 31.17508047299582, 150.0 ], [ 72.126762993435463, 31.174960890280019, 150.0 ], [ 72.126339986791891, 31.174776551839749, 150.0 ], [ 72.126040474406082, 31.174702205419401, 150.0 ], [ 72.125716557532357, 31.17458314092239, 150.0 ], [ 72.125317834372623, 31.17444592592917, 150.0 ], [ 72.124983532573708, 31.174358488178779, 150.0 ], [ 72.124585155859904, 31.174221612732069, 150.0 ], [ 72.124208323910679, 31.17413361344741, 150.0 ], [ 72.123981756294285, 31.174081439709472, 150.0 ], [ 72.123567257654699, 31.17398426726918, 150.0 ], [ 72.123155214030817, 31.173883400256361, 150.0 ], [ 72.1227798160416, 31.173792866247201, 150.0 ], [ 72.122517605295968, 31.173728703774131, 150.0 ], [ 72.122329628854729, 31.173683800039399, 150.0 ], [ 72.122142494512246, 31.17363776340849, 150.0 ], [ 72.121956246959655, 31.173590591117929, 150.0 ], [ 72.12161759515233, 31.173510113405779, 150.0 ], [ 72.121280163480435, 31.173428053891659, 150.0 ], [ 72.121001549566927, 31.173401832075371, 150.0 ], [ 72.120851707627878, 31.173365130224539, 150.0 ], [ 72.120573900836362, 31.173337624074591, 150.0 ], [ 72.120019044873715, 31.173281121406539, 150.0 ], [ 72.11979371288038, 31.17322648426779, 150.0 ], [ 72.119387936470758, 31.17320689768405, 150.0 ], [ 72.118953647196662, 31.173060352401851, 150.0 ], [ 72.118196683844531, 31.172796790245169, 150.0 ], [ 72.117764197497308, 31.172649548888071, 150.0 ], [ 72.11752092436538, 31.172546637581991, 150.0 ], [ 72.117372751624714, 31.172508463303888, 150.0 ], [ 72.117129029229588, 31.17240638925637, 150.0 ], [ 72.116879026076219, 31.17231040919269, 150.0 ], [ 72.116654156717274, 31.172255816829011, 150.0 ], [ 72.116407635740785, 31.172156808967639, 150.0 ], [ 72.116235596163747, 31.172076547013159, 150.0 ], [ 72.115934763527008, 31.17200480445263, 150.0 ], [ 72.115725505553812, 31.171915429355451, 150.0 ], [ 72.115367652274344, 31.17178883148673, 150.0 ], [ 72.115195491709642, 31.17170913160485, 150.0 ], [ 72.115063451987524, 31.171636389733699, 150.0 ], [ 72.114820204794853, 31.17153570955977, 150.0 ], [ 72.114688069907928, 31.171463339161939, 150.0 ], [ 72.114497958466472, 31.17133754941586, 150.0 ], [ 72.114402479152758, 31.171275103533201, 150.0 ], [ 72.114118754237097, 31.17116858655514, 150.0 ], [ 72.113362360240203, 31.170585895811271, 150.0 ] ] ] } },
{ "type": "Feature", "properties": { "Name": "Untitled Polygon", "description": null, "timestamp": null, "begin": null, "end": null, "altitudeMode": "relativeToGround", "tessellate": 1, "extrude": 1, "visibility": -1, "drawOrder": null, "icon": null }, "geometry": { "type": "Polygon", "coordinates": [ [ [ 72.211848606200974, 31.225549154519449, 150.0 ], [ 72.211882076555426, 31.225557286986959, 150.0 ], [ 72.212094682346091, 31.22557836063298, 150.0 ], [ 72.212253104240915, 31.225555211013781, 150.0 ], [ 72.21251033904926, 31.225556762771191, 150.0 ], [ 72.212655826228897, 31.225561543934681, 150.0 ], [ 72.21295836891376, 31.22554338621627, 150.0 ], [ 72.213136276747761, 31.225556459850441, 150.0 ], [ 72.213395899458774, 31.225557241703381, 150.0 ], [ 72.213507550852071, 31.22555389614902, 150.0 ], [ 72.213664268552122, 31.225530972301001, 150.0 ], [ 72.213809298645543, 31.22553571392659, 150.0 ], [ 72.213999093660817, 31.225520903551441, 150.0 ], [ 72.214322144080199, 31.225538450049299, 150.0 ], [ 72.214545741309436, 31.225531492651449, 150.0 ], [ 72.214768245126365, 31.225524765494221, 150.0 ], [ 72.215012787964795, 31.225553751886849, 150.0 ], [ 72.215223580089258, 31.22557467701116, 150.0 ], [ 72.215290268596135, 31.225590808402131, 150.0 ], [ 72.215623906182813, 31.225671398323168, 150.0 ], [ 72.21582390549662, 31.22571979788556, 150.0 ], [ 72.216046425337353, 31.225803893656451, 150.0 ], [ 72.216501596153876, 31.22594486025498, 150.0 ], [ 72.216668339122862, 31.22598523037745, 150.0 ], [ 72.216857714217255, 31.226061331066081, 150.0 ], [ 72.217213656409967, 31.226178075052431, 150.0 ], [ 72.217447721800141, 31.226234358889499, 150.0 ], [ 72.217604257557838, 31.226302392173331, 150.0 ], [ 72.217927231726989, 31.226411079471379, 150.0 ], [ 72.218126876949981, 31.226459904333971, 150.0 ], [ 72.218315813278679, 31.226536789383829, 150.0 ], [ 72.21843843933479, 31.22659738218346, 150.0 ], [ 72.218684438849223, 31.226718325409461, 150.0 ], [ 72.218784648861345, 31.226742554934159, 150.0 ], [ 72.218964735128552, 31.226846941658462, 150.0 ], [ 72.219144982503579, 31.226951418634201, 150.0 ], [ 72.219302100011049, 31.22701987644022, 150.0 ], [ 72.219425814536109, 31.227080268898181, 150.0 ], [ 72.21962980060799, 31.22722111570646, 150.0 ], [ 72.219867466779434, 31.227370376298691, 150.0 ], [ 72.220081765044895, 31.22748375697482, 150.0 ], [ 72.220229342955278, 31.22758079768338, 150.0 ], [ 72.220377161618259, 31.22767785010036, 150.0 ], [ 72.220491494861463, 31.22776691029425, 150.0 ], [ 72.220615948339258, 31.22782763062213, 150.0 ], [ 72.220754129391239, 31.227953365451452, 150.0 ], [ 72.220993500526632, 31.228103553389261, 150.0 ], [ 72.221108350073266, 31.228193001443049, 150.0 ], [ 72.221290392196707, 31.228299247060729, 150.0 ], [ 72.221452984055816, 31.228462722371269, 150.0 ], [ 72.221558655883086, 31.228581181636251, 150.0 ], [ 72.221722206287964, 31.228744411324431, 150.0 ], [ 72.221851955584995, 31.2289005361222, 150.0 ], [ 72.222006216675879, 31.229093827724149, 150.0 ], [ 72.222078660844758, 31.229205049114, 150.0 ], [ 72.222151210371777, 31.22931643119384, 150.0 ], [ 72.222257758773864, 31.22943619408165, 150.0 ], [ 72.222354826411177, 31.229585176742539, 150.0 ], [ 72.222393799300093, 31.229688866630649, 150.0 ], [ 72.222486622488489, 31.22996337305387, 150.0 ], [ 72.222550269861031, 31.23010511384696, 150.0 ], [ 72.222613929080069, 31.230247299521949, 150.0 ], [ 72.222687338338758, 31.230360365949821, 150.0 ], [ 72.222697890504463, 31.230553677082408, 150.0 ], [ 72.22271812071358, 31.23071790942566, 150.0 ], [ 72.222704144695626, 31.23087429763088, 150.0 ], [ 72.222655837286212, 31.231022815532409, 150.0 ], [ 72.222637330808283, 31.231307606987581, 150.0 ], [ 72.222588762256294, 31.23145723172048, 150.0 ], [ 72.222574604284972, 31.231615183898679, 150.0 ], [ 72.222525937929987, 31.23176521888416, 150.0 ], [ 72.222467247642442, 31.2319462097221, 150.0 ], [ 72.222418108280735, 31.23209783946794, 150.0 ], [ 72.222289986423959, 31.23249292011603, 150.0 ], [ 72.222205961102986, 31.23263627274865, 150.0 ], [ 72.222111822974043, 31.232810443267599, 150.0 ], [ 72.222062175307897, 31.232963072436359, 150.0 ], [ 72.221927343740433, 31.233261982905731, 150.0 ], [ 72.221807166732262, 31.233399583302869, 150.0 ], [ 72.221746625174433, 31.23358534653671, 150.0 ], [ 72.221630519000996, 31.233825475063519, 150.0 ], [ 72.221524278654826, 31.234034883067981, 150.0 ], [ 72.221438122494561, 31.23418235448916, 150.0 ], [ 72.221351621291632, 31.234330870231009, 150.0 ], [ 72.221254887736748, 31.23450991233981, 150.0 ], [ 72.221146943579555, 31.234723308084838, 150.0 ], [ 72.221024357308281, 31.23486406536983, 150.0 ], [ 72.220926495750703, 31.235045551300271, 150.0 ], [ 72.220838795222704, 31.235195766364221, 150.0 ], [ 72.220715390687474, 31.235337604931331, 150.0 ], [ 72.220627239643477, 31.235488571538159, 150.0 ], [ 72.220549391085626, 31.235607971084001, 150.0 ], [ 72.220460769814764, 31.235759723301712, 150.0 ], [ 72.220418287451778, 31.23588825382868, 150.0 ], [ 72.220343748505329, 31.236113773069899, 150.0 ], [ 72.220301036565147, 31.23624299971096, 150.0 ], [ 72.220215328180458, 31.236502267947731, 150.0 ], [ 72.220172310407989, 31.236632425576019, 150.0 ], [ 72.220096664423778, 31.236861026962931, 150.0 ], [ 72.220089504869946, 31.23700067330547, 150.0 ], [ 72.220035443603521, 31.237164381893201, 150.0 ], [ 72.220056898910428, 31.23745384113349, 150.0 ], [ 72.220064014240435, 31.237669493430221, 150.0 ], [ 72.220031415241692, 31.237768660544798, 150.0 ], [ 72.220074815016346, 31.237994003201631, 150.0 ], [ 72.220096490128554, 31.238286838188891, 150.0 ], [ 72.220125521393925, 31.23843828356166, 150.0 ], [ 72.220154600091917, 31.238590160834491, 150.0 ], [ 72.220183815795735, 31.238741921471789, 150.0 ], [ 72.22022768107044, 31.2389704611928, 150.0 ], [ 72.220282616397697, 31.23916590815811, 150.0 ], [ 72.220322961315816, 31.23928520468084, 150.0 ], [ 72.220477109227673, 31.239542190942881, 150.0 ], [ 72.220569246316529, 31.239748102390038, 150.0 ], [ 72.220635789399807, 31.239911469302939, 150.0 ], [ 72.220665706771712, 31.240066226272571, 150.0 ], [ 72.220695609157147, 31.240221671426472, 150.0 ], [ 72.220762473467474, 31.240386237562809, 150.0 ], [ 72.220859685839358, 31.240707355811018, 150.0 ], [ 72.22091615875577, 31.240907006180091, 150.0 ], [ 72.220983567282047, 31.24107294170534, 150.0 ], [ 72.221061931638715, 31.241204734427811, 150.0 ], [ 72.221066325133577, 31.24131846108402, 150.0 ], [ 72.221134016615821, 31.241485615013541, 150.0 ], [ 72.221116725775772, 31.2416697898073, 150.0 ], [ 72.221077849604399, 31.2419228696304, 150.0 ], [ 72.221034231860159, 31.242063308442621, 150.0 ], [ 72.220956961930966, 31.242313136378051, 150.0 ], [ 72.220891385639945, 31.242523438115121, 150.0 ], [ 72.220814008765714, 31.242772784509711, 150.0 ], [ 72.220687437272957, 31.243050996384969, 150.0 ], [ 72.22064276863405, 31.243194968487071, 150.0 ], [ 72.220575609698585, 31.24341140047466, 150.0 ], [ 72.220530686032617, 31.243556161368399, 150.0 ], [ 72.220425309849688, 31.24376507716989, 150.0 ], [ 72.220277960849657, 31.243846923140431, 150.0 ], [ 72.220066271444722, 31.24387354046906, 150.0 ], [ 72.219880954420276, 31.24394477665204, 150.0 ], [ 72.219707033643616, 31.243978933820049, 150.0 ], [ 72.219456372226546, 31.243998113672479, 150.0 ], [ 72.219243573988081, 31.24402547578056, 150.0 ], [ 72.218983018288142, 31.244072193628131, 150.0 ], [ 72.218809184335527, 31.244103334942899, 150.0 ], [ 72.218620869495211, 31.244180125147238, 150.0 ], [ 72.218407513603722, 31.244206237042651, 150.0 ], [ 72.218055758931527, 31.24427848601438, 150.0 ], [ 72.217829240190682, 31.24434287226703, 150.0 ], [ 72.217564201617037, 31.24439824323089, 150.0 ], [ 72.217324856725682, 31.244499023814061, 150.0 ], [ 72.217097966614432, 31.24456123951337, 150.0 ], [ 72.216832788615989, 31.244613606524339, 150.0 ], [ 72.216692800060244, 31.244661155494441, 150.0 ], [ 72.216475788658926, 31.244691172796081, 150.0 ], [ 72.216156771263613, 31.2447766525706, 150.0 ], [ 72.215926891921953, 31.24484247322081, 150.0 ], [ 72.215595880582384, 31.24496026102161, 150.0 ], [ 72.215365136266755, 31.24502606531065, 150.0 ], [ 72.215160160472479, 31.24513700791282, 150.0 ], [ 72.21491733362987, 31.24523637715226, 150.0 ], [ 72.214659603230757, 31.24537637633652, 150.0 ], [ 72.214335013085361, 31.245584989072, 150.0 ], [ 72.214178883014469, 31.245670750627131, 150.0 ], [ 72.214022477839379, 31.245756662579069, 150.0 ], [ 72.213918211463479, 31.24581368131501, 150.0 ], [ 72.213801124176598, 31.245907022076281, 150.0 ], [ 72.213607542845594, 31.245979140358209, 150.0 ], [ 72.213451028660202, 31.246063793545719, 150.0 ], [ 72.212517284407681, 31.2460794636476, 150.0 ], [ 72.211569787966113, 31.24589313866915, 150.0 ], [ 72.211297466153496, 31.245827677894908, 150.0 ], [ 72.210895596389093, 31.245653249498751, 150.0 ], [ 72.210700995945828, 31.245606741942861, 150.0 ], [ 72.210407508266925, 31.245373345233439, 150.0 ], [ 72.210258250755686, 31.245211000232459, 150.0 ], [ 72.210033312070621, 31.24502788953702, 150.0 ], [ 72.209931964681317, 31.2449616755097, 150.0 ], [ 72.209719498554563, 31.244745659500889, 150.0 ], [ 72.209695074433128, 31.24469932559505, 150.0 ], [ 72.209597803986284, 31.24451380132334, 150.0 ], [ 72.209525335489957, 31.244374414194802, 150.0 ], [ 72.209390332483537, 31.244179589824299, 150.0 ], [ 72.209241108086246, 31.244022097263009, 150.0 ], [ 72.209053622283534, 31.243855554102009, 150.0 ], [ 72.208852033233228, 31.24372580298914, 150.0 ], [ 72.208780705943667, 31.243587316144811, 150.0 ], [ 72.208579714506371, 31.243457676212561, 150.0 ], [ 72.208470351912112, 31.243310266765121, 150.0 ], [ 72.208423051901235, 31.24321841498702, 150.0 ], [ 72.208352198840018, 31.243080824835602, 150.0 ], [ 72.208204983684737, 31.242924752979469, 150.0 ], [ 72.208072736728255, 31.24273262963159, 150.0 ], [ 72.208017090814437, 31.242559592379109, 150.0 ], [ 72.207908510945529, 31.24241398822598, 150.0 ], [ 72.207799515494756, 31.242269307070419, 150.0 ], [ 72.207705660780107, 31.242088614906109, 150.0 ], [ 72.207612890905594, 31.241907305814589, 150.0 ], [ 72.207543178859751, 31.241771885680741, 150.0 ], [ 72.20741259657683, 31.241582252524729, 150.0 ], [ 72.207343146417728, 31.241447387581619, 150.0 ], [ 72.207250587447575, 31.241268053435661, 150.0 ], [ 72.207089877253424, 31.241151792698989, 150.0 ], [ 72.206996669335993, 31.240974153016062, 150.0 ], [ 72.206903700016127, 31.240796818028059, 150.0 ], [ 72.206734853030625, 31.24060199899731, 150.0 ], [ 72.206680849062408, 31.2404337929792, 150.0 ], [ 72.206530623220843, 31.24020158597915, 150.0 ], [ 72.206448149806661, 31.24010330847085, 150.0 ], [ 72.206328288013182, 31.239995851825519, 150.0 ], [ 72.206142168633875, 31.239754987979872, 150.0 ], [ 72.205987084812719, 31.239637094683051, 150.0 ], [ 72.205927328781229, 31.239583727302701, 150.0 ], [ 72.205769876940607, 31.239468407935099, 150.0 ], [ 72.205515089748516, 31.239291298814809, 150.0 ], [ 72.205395206330266, 31.239185723240411, 150.0 ], [ 72.205253600313839, 31.239036188799329, 150.0 ], [ 72.205112192761007, 31.238886914864519, 150.0 ], [ 72.204933538772323, 31.23872888312712, 150.0 ], [ 72.204851992159846, 31.238632720109411, 150.0 ], [ 72.204710875352546, 31.238484365167029, 150.0 ], [ 72.204606961470532, 31.238345540424039, 150.0 ], [ 72.204532988393581, 31.238139211546361, 150.0 ], [ 72.204489439018431, 31.238052513351619, 150.0 ], [ 72.204417322991006, 31.237845722175809, 150.0 ], [ 72.204351379011825, 31.237716842613601, 150.0 ], [ 72.20434733701633, 31.237452163585932, 150.0 ], [ 72.204356527524965, 31.237341371927229, 150.0 ], [ 72.204410769729137, 31.237130075582069, 150.0 ], [ 72.204429592167614, 31.236909278767062, 150.0 ], [ 72.204483755358311, 31.236699173422831, 150.0 ], [ 72.204552583423066, 31.236456596252211, 150.0 ], [ 72.204606457451163, 31.236247868557939, 150.0 ], [ 72.204630062744613, 31.236106091033371, 150.0 ], [ 72.204712390335501, 31.235833226514789, 150.0 ], [ 72.204818351470109, 31.23560170589699, 150.0 ], [ 72.204906250904742, 31.235405652623609, 150.0 ], [ 72.205008314032185, 31.23517772571838, 150.0 ], [ 72.205083843147477, 31.23501363586028, 150.0 ], [ 72.205231464007667, 31.234688484432741, 150.0 ], [ 72.205290214362876, 31.234558945499181, 150.0 ], [ 72.205526403306891, 31.234219922837479, 150.0 ], [ 72.20570052230471, 31.234012618655321, 150.0 ], [ 72.205780697842485, 31.233924925890982, 150.0 ], [ 72.205888784968124, 31.233773883249871, 150.0 ], [ 72.206046091362538, 31.233600655797471, 150.0 ], [ 72.206231207048475, 31.2333646439258, 150.0 ], [ 72.206401940486387, 31.233160832395079, 150.0 ], [ 72.206535485977028, 31.23294950201344, 150.0 ], [ 72.206628406028514, 31.232831951000762, 150.0 ], [ 72.206720678844093, 31.23271488954375, 150.0 ], [ 72.206863430975972, 31.23257488024969, 150.0 ], [ 72.206956197182848, 31.23245783149817, 150.0 ], [ 72.207134090757961, 31.23232701776822, 150.0 ], [ 72.207290754876482, 31.23215633213124, 150.0 ], [ 72.207482855509681, 31.23199456360371, 150.0 ], [ 72.207653168988955, 31.231793557365449, 150.0 ], [ 72.207828501710225, 31.231664740130441, 150.0 ], [ 72.207917086018526, 31.231550893143549, 150.0 ], [ 72.208042899193245, 31.231444749597731, 150.0 ], [ 72.20828275914738, 31.231164865091021, 150.0 ], [ 72.208433090471516, 31.230999315064491, 150.0 ], [ 72.208535656694067, 31.230855519584988, 150.0 ], [ 72.208700677410576, 31.230659498521941, 150.0 ], [ 72.208913192087351, 31.230442567360789, 150.0 ], [ 72.209050746609933, 31.23030809847581, 150.0 ], [ 72.209166361407398, 31.230135432117549, 150.0 ], [ 72.209314979908086, 31.229972443315461, 150.0 ], [ 72.209501844216632, 31.22972065974848, 150.0 ], [ 72.209640197826332, 31.229491270858649, 150.0 ], [ 72.20973035134304, 31.22928400929041, 150.0 ], [ 72.209807488864072, 31.22910686519749, 150.0 ], [ 72.209885214185306, 31.228929888878181, 150.0 ], [ 72.210000953423418, 31.22866558340154, 150.0 ], [ 72.210089775611266, 31.22846115142794, 150.0 ], [ 72.210166842754546, 31.228286013335211, 150.0 ], [ 72.210230123233828, 31.22814075387695, 150.0 ], [ 72.210319161482843, 31.22793771898063, 150.0 ], [ 72.210398660947675, 31.227669541513841, 150.0 ], [ 72.210474485720013, 31.227496825607439, 150.0 ], [ 72.210506964596178, 31.227250875830201, 150.0 ], [ 72.21060716842436, 31.227022390576529, 150.0 ], [ 72.210731108554299, 31.226738248570911, 150.0 ], [ 72.210843300692261, 31.226483348134671, 150.0 ], [ 72.210944016824072, 31.22625734553484, 150.0 ], [ 72.211007232124189, 31.226116446974341, 150.0 ], [ 72.211848606200974, 31.225549154519449, 150.0 ] ] ] } },
{ "type": "Feature", "properties": { "Name": "Untitled Polygon", "description": null, "timestamp": null, "begin": null, "end": null, "altitudeMode": "relativeToGround", "tessellate": 1, "extrude": 1, "visibility": -1, "drawOrder": null, "icon": null }, "geometry": { "type": "Polygon", "coordinates": [ [ [ 72.233623057643115, 31.91372630104625, 150.0 ], [ 72.233689520402805, 31.913840957535559, 150.0 ], [ 72.233778176424195, 31.913994134934939, 150.0 ], [ 72.233923736856894, 31.914195866146571, 150.0 ], [ 72.233968130814475, 31.91427267072245, 150.0 ], [ 72.234123770979949, 31.914541932093261, 150.0 ], [ 72.234200349376621, 31.914724678459571, 150.0 ], [ 72.234289606722115, 31.914879132663959, 150.0 ], [ 72.234356636826149, 31.914995123016091, 150.0 ], [ 72.234398886442079, 31.915168693434129, 150.0 ], [ 72.23447627430528, 31.915352594438769, 150.0 ], [ 72.234575147988295, 31.91557569849412, 150.0 ], [ 72.234595443121407, 31.915711285404981, 150.0 ], [ 72.234721182077081, 31.915877231094839, 150.0 ], [ 72.234786973650188, 31.916091311268811, 150.0 ], [ 72.234807439582468, 31.916227548807012, 150.0 ], [ 72.23486312262159, 31.916374046212301, 150.0 ], [ 72.234931337161996, 31.916491611421971, 150.0 ], [ 72.234986635057638, 31.91663863815652, 150.0 ], [ 72.235052051640366, 31.916854552914309, 150.0 ], [ 72.235107421865834, 31.917002565861779, 150.0 ], [ 72.235127890505026, 31.91713966016448, 150.0 ], [ 72.235182415632764, 31.91738557590989, 150.0 ], [ 72.235238995743359, 31.917533535134659, 150.0 ], [ 72.235305962340533, 31.917750920949899, 150.0 ], [ 72.235372359028389, 31.917969129827231, 150.0 ], [ 72.235416359467123, 31.918147697919931, 150.0 ], [ 72.23550856981376, 31.918306865561451, 150.0 ], [ 72.23558989047099, 31.918396937797979, 150.0 ], [ 72.235704891444001, 31.91859680251245, 150.0 ], [ 72.235855608114107, 31.9188072773639, 150.0 ], [ 72.235983489320148, 31.918977986710448, 150.0 ], [ 72.236135890640696, 31.919089518624158, 150.0 ], [ 72.236286566268589, 31.919301649373089, 150.0 ], [ 72.236426851287192, 31.919443712531901, 150.0 ], [ 72.236556102376213, 31.919614843686059, 150.0 ], [ 72.236779702230038, 31.919847817548099, 150.0 ], [ 72.236966804532429, 31.920072689658369, 150.0 ], [ 72.237072029509548, 31.920205926866061, 150.0 ], [ 72.237177480304211, 31.920339292980682, 150.0 ], [ 72.237378823086843, 31.92053321041487, 150.0 ], [ 72.237521240529617, 31.920676077335269, 150.0 ], [ 72.237734777611351, 31.92094172612871, 150.0 ], [ 72.237853933194913, 31.921044129605161, 150.0 ], [ 72.237937259223145, 31.921136296847301, 150.0 ], [ 72.238127832999496, 31.921361844812989, 150.0 ], [ 72.238235150809189, 31.9214953058035, 150.0 ], [ 72.238426283606842, 31.92172151854108, 150.0 ], [ 72.238546073849648, 31.921824536244721, 150.0 ], [ 72.238629887746782, 31.921917308561369, 150.0 ], [ 72.238809633595608, 31.92217524833541, 150.0 ], [ 72.238917691556011, 31.922309607088511, 150.0 ], [ 72.238965717426396, 31.922392349002781, 150.0 ], [ 72.239110098998395, 31.922537343054682, 150.0 ], [ 72.239146164726932, 31.922651341149521, 150.0 ], [ 72.239302867854249, 31.92276548285059, 150.0 ], [ 72.239447659037168, 31.922910893246609, 150.0 ], [ 72.239568414817526, 31.923014856602549, 150.0 ], [ 72.239653038943487, 31.923108493821388, 150.0 ], [ 72.239834459526151, 31.923264692268081, 150.0 ], [ 72.240040312644837, 31.923462827839661, 150.0 ], [ 72.240161690847685, 31.923567209945379, 150.0 ], [ 72.240283005740864, 31.923671669011849, 150.0 ], [ 72.240368556498524, 31.923868328081319, 150.0 ], [ 72.240430749883814, 31.92412929363655, 150.0 ], [ 72.24052864492819, 31.924295368078329, 150.0 ], [ 72.24060288949768, 31.924526063755469, 150.0 ], [ 72.24068930541543, 31.924729260624112, 150.0 ], [ 72.240750955111238, 31.924888261106279, 150.0 ], [ 72.24074093819344, 31.92513585961095, 150.0 ], [ 72.240754504946096, 31.925316521533851, 150.0 ], [ 72.240731471513413, 31.925487004967248, 150.0 ], [ 72.240733108260969, 31.925700428063969, 150.0 ], [ 72.240746710122508, 31.92588216473969, 150.0 ], [ 72.240784256982991, 31.925999804649582, 150.0 ], [ 72.240676444275564, 31.926289949630721, 150.0 ], [ 72.240616407023566, 31.926451781646989, 150.0 ], [ 72.24056829088704, 31.926581453615761, 150.0 ], [ 72.24050798906913, 31.92674160187503, 150.0 ], [ 72.240422848663997, 31.926861064436409, 150.0 ], [ 72.240301196663424, 31.927078651249161, 150.0 ], [ 72.240203008336835, 31.927122837251229, 150.0 ], [ 72.240093067173206, 31.927307626998491, 150.0 ], [ 72.239884356404417, 31.92753600178844, 150.0 ], [ 72.239724399160565, 31.92774392885724, 150.0 ], [ 72.239489692047457, 31.927931697634879, 150.0 ], [ 72.239291548132201, 31.928130809276851, 150.0 ], [ 72.23908039619927, 31.928363733337651, 150.0 ], [ 72.238943428050902, 31.928508334215941, 150.0 ], [ 72.238769089664558, 31.92864071361997, 150.0 ], [ 72.238444727346035, 31.928839392600519, 150.0 ], [ 72.238319396784107, 31.928951215421979, 150.0 ], [ 72.238043535143191, 31.929130884936569, 150.0 ], [ 72.237867333993051, 31.929266449725279, 150.0 ], [ 72.23765325653001, 31.92939149886945, 150.0 ], [ 72.237336421592858, 31.929675579771182, 150.0 ], [ 72.237209284551426, 31.92978972574965, 150.0 ], [ 72.237082262609604, 31.929902602635909, 150.0 ], [ 72.236904413699378, 31.930038354465449, 150.0 ], [ 72.236763891464918, 31.930185518765011, 150.0 ], [ 72.236572306209396, 31.93035576788855, 150.0 ], [ 72.236380199618196, 31.930526663969339, 150.0 ], [ 72.23625180358016, 31.930641200639862, 150.0 ], [ 72.236174306655784, 31.930732659960519, 150.0 ], [ 72.235981162640243, 31.93090488317825, 150.0 ], [ 72.235799046942233, 31.931156512415821, 150.0 ], [ 72.235669638127234, 31.93127206301611, 150.0 ], [ 72.235564772097291, 31.93143279507068, 150.0 ], [ 72.235318616168399, 31.931629846893639, 150.0 ], [ 72.235240108492192, 31.931722287073459, 150.0 ], [ 72.235069276217203, 31.931942307006139, 150.0 ], [ 72.234963302794995, 31.93210463360813, 150.0 ], [ 72.234843670488033, 31.932301498158669, 150.0 ], [ 72.234723802445643, 31.932498810524759, 150.0 ], [ 72.234669026664264, 31.932638661671358, 150.0 ], [ 72.234509834719645, 31.93282735141624, 150.0 ], [ 72.234496004474408, 31.93286250574911, 150.0 ], [ 72.234399833865908, 31.933107718772298, 150.0 ], [ 72.234344401689299, 31.93324905250353, 150.0 ], [ 72.23424786906655, 31.93349503893684, 150.0 ], [ 72.2341787569258, 31.93367115282113, 150.0 ], [ 72.234148041776251, 31.933858877161772, 150.0 ], [ 72.234089410704811, 31.934117932385721, 150.0 ], [ 72.234047552207414, 31.934224809358529, 150.0 ], [ 72.233963988348791, 31.934438108900231, 150.0 ], [ 72.233880243878403, 31.934651786107899, 150.0 ], [ 72.233810121582451, 31.934830777513088, 150.0 ], [ 72.233753922059492, 31.934974229207899, 150.0 ], [ 72.233683903972832, 31.935152792261551, 150.0 ], [ 72.23359985633833, 31.935367094623661, 150.0 ], [ 72.233514959261583, 31.93558386266395, 150.0 ], [ 72.233391474744593, 31.935788047076059, 150.0 ], [ 72.233334921161372, 31.93593220028129, 150.0 ], [ 72.233200578237785, 31.93605293539186, 150.0 ], [ 72.233144045889148, 31.936196803388409, 150.0 ], [ 72.233047933926557, 31.936330740002528, 150.0 ], [ 72.232951669193497, 31.936464886578278, 150.0 ], [ 72.232841428980933, 31.936634192526519, 150.0 ], [ 72.232716224406985, 31.936841468655231, 150.0 ], [ 72.232629198909493, 31.937062767555989, 150.0 ], [ 72.232517818584142, 31.937234608383289, 150.0 ], [ 72.232449377604311, 31.93729723320752, 150.0 ], [ 72.232377362992437, 31.937479771622961, 150.0 ], [ 72.232290412362943, 31.93770048576145, 150.0 ], [ 72.232147842002831, 31.93795103158385, 150.0 ], [ 72.232059296644437, 31.938175761807109, 150.0 ], [ 72.231960653694955, 31.938314351139809, 150.0 ], [ 72.231754004869998, 31.938502770952201, 150.0 ], [ 72.231616041832339, 31.938628435676598, 150.0 ], [ 72.231492215445257, 31.93871812805552, 150.0 ], [ 72.231259500458322, 31.938858994966608, 150.0 ], [ 72.231025852938771, 31.939001408237701, 150.0 ], [ 72.230766808754751, 31.939095393803392, 150.0 ], [ 72.230562339166582, 31.939162991476231, 150.0 ], [ 72.230302618366551, 31.939256995860848, 150.0 ], [ 72.23011326848065, 31.939285826045811, 150.0 ], [ 72.229993712855645, 31.93925149558298, 150.0 ], [ 72.229793929409965, 31.939195468199951, 150.0 ], [ 72.229689461195107, 31.939123824560209, 150.0 ], [ 72.229539352371006, 31.938946645390821, 150.0 ], [ 72.229360951111005, 31.938729573213191, 150.0 ], [ 72.229287221153726, 31.938583560960339, 150.0 ], [ 72.229109311568919, 31.93836691464853, 150.0 ], [ 72.229036128975551, 31.938220699745159, 150.0 ], [ 72.228923392404852, 31.938063199196211, 150.0 ], [ 72.22890538376852, 31.937891565118601, 150.0 ], [ 72.228823778127534, 31.937659816483059, 150.0 ], [ 72.228775297779052, 31.937562795109521, 150.0 ], [ 72.228702628013593, 31.937417465938559, 150.0 ], [ 72.228621196281367, 31.937187092243381, 150.0 ], [ 72.228524862800896, 31.936993519038101, 150.0 ], [ 72.228388905922671, 31.936789566396399, 150.0 ], [ 72.228332124902124, 31.936608369386679, 150.0 ], [ 72.228196854409589, 31.936404476982489, 150.0 ], [ 72.228061917277699, 31.936200755810159, 150.0 ], [ 72.227911101255856, 31.936035061933779, 150.0 ], [ 72.22781524135624, 31.935844307189839, 150.0 ], [ 72.227704159629312, 31.93569015878635, 150.0 ], [ 72.22748245442672, 31.93538231849314, 150.0 ], [ 72.227434849727786, 31.935287321546149, 150.0 ], [ 72.227301014677678, 31.93508561171576, 150.0 ], [ 72.227191280321222, 31.934931316054591, 150.0 ], [ 72.227081940795102, 31.93477686332654, 150.0 ], [ 72.226926167421638, 31.934527240792359, 150.0 ], [ 72.22680243011618, 31.93440816555843, 150.0 ], [ 72.226793112463696, 31.93432690766754, 150.0 ], [ 72.226641858391986, 31.93416675605409, 150.0 ], [ 72.226415517004625, 31.93398048939666, 150.0 ], [ 72.226353121200248, 31.933922207047981, 150.0 ], [ 72.226228405659427, 31.933805709062739, 150.0 ], [ 72.226064858316562, 31.933678054061481, 150.0 ], [ 72.225955974522009, 31.933526124195598, 150.0 ], [ 72.225823962155758, 31.933327580795051, 150.0 ], [ 72.225660818960208, 31.933200429509402, 150.0 ], [ 72.225529390180625, 31.933002159036281, 150.0 ], [ 72.225382224334339, 31.932839920467991, 150.0 ], [ 72.22529715704141, 31.9327355882142, 150.0 ], [ 72.225166028947072, 31.932538323742179, 150.0 ], [ 72.224872847711879, 31.932215164196961, 150.0 ], [ 72.224765251641543, 31.93206500538723, 150.0 ], [ 72.224626162140936, 31.93198530350702, 150.0 ], [ 72.224564552811515, 31.93192789434044, 150.0 ], [ 72.224403091306769, 31.931801621684169, 150.0 ], [ 72.224240460291369, 31.93167679259339, 150.0 ], [ 72.22401794551611, 31.931493384455081, 150.0 ], [ 72.223917893917246, 31.93142506065201, 150.0 ], [ 72.22382710137893, 31.931240826674522, 150.0 ], [ 72.223659260074783, 31.931034704544061, 150.0 ], [ 72.223623343874564, 31.93082735788979, 150.0 ], [ 72.223548980618517, 31.930609354652859, 150.0 ], [ 72.223458718004309, 31.930426492917601, 150.0 ], [ 72.223384651434316, 31.930209272416541, 150.0 ], [ 72.2232947091954, 31.93002702377143, 150.0 ], [ 72.223214214247761, 31.92973096694806, 150.0 ], [ 72.223156348952827, 31.929480986393429, 150.0 ], [ 72.223105075941689, 31.92931099488878, 150.0 ], [ 72.223041771523214, 31.928982171603071, 150.0 ], [ 72.223006311870236, 31.92877917458776, 150.0 ], [ 72.222993772741219, 31.928621038982609, 150.0 ], [ 72.222965293777946, 31.928497135176929, 150.0 ], [ 72.222908437587037, 31.928249767697849, 150.0 ], [ 72.222889800485888, 31.928013892807279, 150.0 ], [ 72.222886960532293, 31.927744974610832, 150.0 ], [ 72.222874326593001, 31.927588640659799, 150.0 ], [ 72.222839524801671, 31.927388158408348, 150.0 ], [ 72.22283316264668, 31.927310284274078, 150.0 ], [ 72.222852142151766, 31.92708778442223, 150.0 ], [ 72.222839651006908, 31.92693241643768, 150.0 ], [ 72.22287429408938, 31.926677536805471, 150.0 ], [ 72.222871113383434, 31.926412499649739, 150.0 ], [ 72.222858523450512, 31.92625826366023, 150.0 ], [ 72.222846205223334, 31.926104109827961, 150.0 ], [ 72.222833907181382, 31.925950192391209, 150.0 ], [ 72.222853108361008, 31.925730564118361, 150.0 ], [ 72.222840795898719, 31.92557725549938, 150.0 ], [ 72.22287543416634, 31.925325808555439, 150.0 ], [ 72.222938213253727, 31.92519464268776, 150.0 ], [ 72.222988173469105, 31.92491163707173, 150.0 ], [ 72.223110160238264, 31.924390991085129, 150.0 ], [ 72.223153374998731, 31.924035090757311, 150.0 ], [ 72.223224266554666, 31.92379862323418, 150.0 ], [ 72.223264089783029, 31.92362708737241, 150.0 ], [ 72.223341610010706, 31.92346623775634, 150.0 ], [ 72.22335113040937, 31.923359115761642, 150.0 ], [ 72.223400116845866, 31.92308166446178, 150.0 ], [ 72.223470023962591, 31.922847838920411, 150.0 ], [ 72.223527731838317, 31.922466015600349, 150.0 ], [ 72.223581755835497, 31.922265520529301, 150.0 ], [ 72.223657901680781, 31.922107391247149, 150.0 ], [ 72.223718733691413, 31.92198109364368, 150.0 ], [ 72.223793936288118, 31.921823771744499, 150.0 ], [ 72.223854136616879, 31.921698062772681, 150.0 ], [ 72.223975352289614, 31.921446780423889, 150.0 ], [ 72.224020966202488, 31.921352647773539, 150.0 ], [ 72.224045284288934, 31.921216680006449, 150.0 ], [ 72.224137051022169, 31.92102876946328, 150.0 ], [ 72.224192646731055, 31.920830574682451, 150.0 ], [ 72.224251836169174, 31.920706466514812, 150.0 ], [ 72.224332616180718, 31.920448526554729, 150.0 ], [ 72.224370775486889, 31.9202832765877, 150.0 ], [ 72.224520334920967, 31.919974424968949, 150.0 ], [ 72.224610352255795, 31.91978951001142, 150.0 ], [ 72.224684448005348, 31.91963595475028, 150.0 ], [ 72.22481780183476, 31.919360184017648, 150.0 ], [ 72.224950666272321, 31.919085348015241, 150.0 ], [ 72.22499511189028, 31.918993839583639, 150.0 ], [ 72.225068731090303, 31.91884173879826, 150.0 ], [ 72.225141284549665, 31.91869009258545, 150.0 ], [ 72.225243151249273, 31.918478124785359, 150.0 ], [ 72.225295030206823, 31.918286343300959, 150.0 ], [ 72.225274042044319, 31.918074458675381, 150.0 ], [ 72.22536929507001, 31.917793465681431, 150.0 ], [ 72.225471689142182, 31.917583485667961, 150.0 ], [ 72.225573913719742, 31.917374047087691, 150.0 ], [ 72.225617663300909, 31.917284458720449, 150.0 ], [ 72.225711823606204, 31.91717543421294, 150.0 ], [ 72.225847273395601, 31.91697760071872, 150.0 ], [ 72.225940232008256, 31.91686912112128, 150.0 ], [ 72.226027043801764, 31.916691196197821, 150.0 ], [ 72.22615607572078, 31.916593295883938, 150.0 ], [ 72.226333968877213, 31.916476328981599, 150.0 ], [ 72.226503330940048, 31.91629050347084, 150.0 ], [ 72.226645038419107, 31.916163829037579, 150.0 ], [ 72.226722890969071, 31.916085887858561, 150.0 ], [ 72.226942133131516, 31.915881841876988, 150.0 ], [ 72.227069666715252, 31.91578511204052, 150.0 ], [ 72.227232898051057, 31.915698688400919, 150.0 ], [ 72.227388579891851, 31.915543904425039, 150.0 ], [ 72.22755028997004, 31.91545785285108, 150.0 ], [ 72.22757812337818, 31.915399642090801, 150.0 ], [ 72.227780774691908, 31.915226654870789, 150.0 ], [ 72.227941743499997, 31.915141024273211, 150.0 ], [ 72.22808061671239, 31.91501644237934, 150.0 ], [ 72.228204970692858, 31.91492095240703, 150.0 ], [ 72.228294285182898, 31.914815481650479, 150.0 ], [ 72.228445465085258, 31.914662575823421, 150.0 ], [ 72.228549935858766, 31.914528778227389, 150.0 ], [ 72.22863073570025, 31.914356305031621, 150.0 ], [ 72.228700039207965, 31.914213034707039, 150.0 ], [ 72.228756391512917, 31.91409872348266, 150.0 ], [ 72.228812644175392, 31.913984615322139, 150.0 ], [ 72.228908886771023, 31.91378515687278, 150.0 ], [ 72.228990258606515, 31.913614501617442, 150.0 ], [ 72.229084965447029, 31.913415878928731, 150.0 ], [ 72.229129941781025, 31.91323583866572, 150.0 ], [ 72.229161765747989, 31.91308444466268, 150.0 ], [ 72.229124105465104, 31.912913360914999, 150.0 ], [ 72.229073029992605, 31.91277068526928, 150.0 ], [ 72.229048479884568, 31.91257197524115, 150.0 ], [ 72.229102299510771, 31.912459813968582, 150.0 ], [ 72.229210063188589, 31.91223610473612, 150.0 ], [ 72.229322525062017, 31.912077915372912, 150.0 ], [ 72.229564198790015, 31.911893848747209, 150.0 ], [ 72.229657909144706, 31.91185745630025, 150.0 ], [ 72.229874766334675, 31.911730166121881, 150.0 ], [ 72.23007899298662, 31.911631203437171, 150.0 ], [ 72.230508052424867, 31.911471474475491, 150.0 ], [ 72.230542592695429, 31.911481401837591, 150.0 ], [ 72.230896136621766, 31.911551129838571, 150.0 ], [ 72.230965416848235, 31.91157106455281, 150.0 ], [ 72.23117322395224, 31.911630855015879, 150.0 ], [ 72.231483959970063, 31.911720169715501, 150.0 ], [ 72.231621646492187, 31.911759698651629, 150.0 ], [ 72.231802583579778, 31.911874441615279, 150.0 ], [ 72.232018211438643, 31.911999203177409, 150.0 ], [ 72.232130976349211, 31.91209451771395, 150.0 ], [ 72.232243199486959, 31.912189650507251, 150.0 ], [ 72.232277701460546, 31.912199532723129, 150.0 ], [ 72.232545990244418, 31.91246561582069, 150.0 ], [ 72.232728607986843, 31.912581253818399, 150.0 ], [ 72.232964090706815, 31.912838449650788, 150.0 ], [ 72.233623057643115, 31.91372630104625, 150.0 ] ] ] } },
{ "type": "Feature", "properties": { "Name": "Untitled Polygon", "description": null, "timestamp": null, "begin": null, "end": null, "altitudeMode": "relativeToGround", "tessellate": 1, "extrude": 1, "visibility": -1, "drawOrder": null, "icon": null }, "geometry": { "type": "Polygon", "coordinates": [ [ [ 72.524830551372318, 32.3742729915718, 150.0 ], [ 72.524732506804909, 32.3743431513074, 150.0 ], [ 72.524586369779115, 32.374396549779412, 150.0 ], [ 72.524378327420166, 32.374483317976363, 150.0 ], [ 72.524278975391709, 32.374552309132852, 150.0 ], [ 72.524072134786337, 32.374712468092781, 150.0 ], [ 72.523873671840164, 32.374924732518373, 150.0 ], [ 72.523671024802852, 32.375065890159163, 150.0 ], [ 72.523500875149367, 32.37526702374246, 150.0 ], [ 72.523273083228958, 32.375478755371127, 150.0 ], [ 72.523115001719319, 32.37563700225634, 150.0 ], [ 72.522948211907661, 32.375819463664392, 150.0 ], [ 72.522868253121445, 32.375899133193528, 150.0 ], [ 72.522732236370487, 32.376066270217471, 150.0 ], [ 72.522570546403472, 32.376227661683487, 150.0 ], [ 72.522489304889973, 32.37630874471305, 150.0 ], [ 72.522432775189358, 32.376396137812122, 150.0 ], [ 72.52232691136669, 32.376549978751157, 150.0 ], [ 72.522187378187226, 32.376721368238393, 150.0 ], [ 72.522047017824562, 32.376893309387157, 150.0 ], [ 72.521930367246085, 32.377076798998978, 150.0 ], [ 72.521863586626509, 32.377192471392362, 150.0 ], [ 72.521788136611335, 32.377333355481433, 150.0 ], [ 72.521669944817063, 32.377518009072197, 150.0 ], [ 72.521611022940988, 32.377608068892627, 150.0 ], [ 72.521534583338422, 32.377749835995637, 150.0 ], [ 72.521440281253732, 32.377944062905982, 150.0 ], [ 72.521328350799877, 32.378107216534218, 150.0 ], [ 72.521233113899598, 32.378301986688001, 150.0 ], [ 72.521119430047435, 32.378550123532541, 150.0 ], [ 72.521058185722353, 32.378645465685928, 150.0 ], [ 72.520977468328567, 32.378880663631897, 150.0 ], [ 72.520906575744803, 32.379003519957628, 150.0 ], [ 72.520852122266817, 32.379161915993947, 150.0 ], [ 72.520789339978037, 32.379261434872987, 150.0 ], [ 72.520680700005713, 32.379492888532972, 150.0 ], [ 72.520626323059815, 32.379648536113869, 150.0 ], [ 72.520598880753923, 32.379727381359338, 150.0 ], [ 72.520507427888816, 32.379908063046813, 150.0 ], [ 72.520488806209443, 32.379961769694951, 150.0 ], [ 72.520387750617175, 32.380168694120009, 150.0 ], [ 72.520331108807824, 32.3803320859355, 150.0 ], [ 72.520283564106222, 32.380469413919073, 150.0 ], [ 72.520216644443877, 32.380662705789568, 150.0 ], [ 72.52015138691678, 32.380766248683187, 150.0 ], [ 72.520093275276579, 32.380934074010042, 150.0 ], [ 72.520044783057415, 32.381073848800412, 150.0 ], [ 72.520015619143095, 32.381157856103172, 150.0 ], [ 72.519920139902865, 32.381347413170083, 150.0 ], [ 72.519890621399171, 32.381432408368248, 150.0 ], [ 72.519851139007855, 32.381546095081717, 150.0 ], [ 72.519774375525756, 32.381681121946663, 150.0 ], [ 72.519704839264861, 32.381880664619381, 150.0 ], [ 72.519644678097549, 32.382053570238703, 150.0 ], [ 72.51957688673555, 32.38216199898276, 150.0 ], [ 72.519526334566322, 32.382307007204062, 150.0 ], [ 72.519424758206071, 32.38259806360346, 150.0 ], [ 72.519325529570267, 32.382795111683343, 150.0 ], [ 72.519232443308752, 32.383061720022482, 150.0 ], [ 72.519117814256461, 32.383389730594388, 150.0 ], [ 72.519005327330106, 32.383623877526098, 150.0 ], [ 72.518934869939542, 32.383737082869438, 150.0 ], [ 72.518881306525245, 32.38389040055246, 150.0 ], [ 72.518810296434538, 32.384004640254467, 150.0 ], [ 72.518728242870552, 32.384150000315351, 150.0 ], [ 72.518645805768529, 32.384296036525853, 150.0 ], [ 72.518584790059194, 32.384380832305062, 150.0 ], [ 72.518473221502759, 32.384520054227799, 150.0 ], [ 72.518349942398245, 32.384691666673312, 150.0 ], [ 72.518106135937174, 32.384935562112823, 150.0 ], [ 72.517963699132054, 32.385069223450408, 150.0 ], [ 72.517872698616003, 32.385146023796473, 150.0 ], [ 72.517711696021749, 32.385241089485021, 150.0 ], [ 72.51757338289751, 32.385272056934397, 150.0 ], [ 72.517364793476503, 32.38532072097734, 150.0 ], [ 72.517157361806795, 32.385363752048278, 150.0 ], [ 72.516878520671142, 32.385425799355517, 150.0 ], [ 72.516552475849835, 32.38544013048724, 150.0 ], [ 72.516412000895144, 32.38547175627054, 150.0 ], [ 72.516254522483592, 32.385462810441346, 150.0 ], [ 72.516055410574239, 32.385477967223053, 150.0 ], [ 72.515697669811303, 32.385484529558873, 150.0 ], [ 72.515609862850042, 32.385460909900402, 150.0 ], [ 72.515439349602019, 32.385482911144777, 150.0 ], [ 72.515252226123394, 32.385464168857119, 150.0 ], [ 72.514950880039322, 32.385486888804323, 150.0 ], [ 72.514707153442743, 32.385526278757503, 150.0 ], [ 72.514489216681199, 32.385500672655368, 150.0 ], [ 72.514372185884525, 32.385467446981202, 150.0 ], [ 72.514183223817767, 32.385450185877367, 150.0 ], [ 72.514036672487407, 32.385409068823748, 150.0 ], [ 72.513801844871224, 32.38534401379156, 150.0 ], [ 72.513597493003417, 32.385284643043221, 150.0 ], [ 72.513450873034458, 32.385243629297591, 150.0 ], [ 72.513245733080936, 32.385185941831807, 150.0 ], [ 72.512983405731504, 32.385108895565203, 150.0 ], [ 72.512807565023181, 32.385059492308883, 150.0 ], [ 72.512543699524386, 32.384985537120301, 150.0 ], [ 72.51225012696878, 32.384904077090241, 150.0 ], [ 72.511987759209077, 32.384827322385959, 150.0 ], [ 72.511929297555895, 32.384810566136387, 150.0 ], [ 72.511782747408347, 32.384769387476688, 150.0 ], [ 72.511562844137373, 32.384744032579214, 150.0 ], [ 72.511313354047303, 32.384710443854992, 150.0 ], [ 72.511166534725902, 32.38466940738931, 150.0 ], [ 72.510960977157254, 32.38461195205138, 150.0 ], [ 72.510755547185198, 32.384554264631333, 150.0 ], [ 72.5105547306745, 32.384489163101527, 150.0 ], [ 72.51020916284601, 32.384380160623387, 150.0 ], [ 72.509966467921359, 32.384265223536772, 150.0 ], [ 72.50956556059532, 32.384196545624832, 150.0 ], [ 72.509056995648166, 32.384139297896212, 150.0 ], [ 72.508746085965981, 32.384090281883537, 150.0 ], [ 72.508494912031907, 32.384055972340327, 150.0 ], [ 72.508232533370375, 32.383978584101797, 150.0 ], [ 72.507970143155461, 32.383901311049932, 150.0 ], [ 72.50773539910314, 32.383834646942383, 150.0 ], [ 72.50750065898292, 32.383767982296227, 150.0 ], [ 72.507353947147877, 32.383726317741584, 150.0 ], [ 72.507176209148724, 32.383678398804797, 150.0 ], [ 72.506984220029736, 32.383592613666487, 150.0 ], [ 72.506749944918852, 32.383525485471971, 150.0 ], [ 72.506649874403792, 32.383460301042867, 150.0 ], [ 72.506462179283545, 32.383369987165111, 150.0 ], [ 72.506303902555047, 32.383288158680507, 150.0 ], [ 72.506132848986809, 32.383167757409403, 150.0 ], [ 72.506044932201647, 32.383142971987994, 150.0 ], [ 72.505827964883522, 32.383045468267227, 150.0 ], [ 72.505669760379135, 32.382964564345798, 150.0 ], [ 72.505599501423561, 32.38290848851647, 150.0 ], [ 72.50552930840054, 32.382852467256043, 150.0 ], [ 72.505376877791008, 32.382701914652323, 150.0 ], [ 72.505306589138186, 32.382646453502147, 150.0 ], [ 72.505138798894833, 32.382525619852721, 150.0 ], [ 72.505044504107047, 32.382393519833371, 150.0 ], [ 72.504978569030342, 32.382270988950062, 150.0 ], [ 72.504943112428009, 32.382155700437231, 150.0 ], [ 72.504880832686325, 32.382030419733567, 150.0 ], [ 72.504841594627578, 32.38198248212008, 150.0 ], [ 72.504700981343802, 32.381762695464957, 150.0 ], [ 72.50470788337519, 32.3816936081328, 150.0 ], [ 72.504596075329928, 32.381484230220408, 150.0 ], [ 72.504492965769472, 32.381316639737989, 150.0 ], [ 72.504429217732422, 32.381196365449782, 150.0 ], [ 72.504355584752432, 32.381037754015203, 150.0 ], [ 72.504272724355047, 32.380840806798467, 150.0 ], [ 72.504167730685452, 32.380739187717211, 150.0 ], [ 72.504146412927085, 32.38066392562861, 150.0 ], [ 72.504065121958149, 32.380468080733401, 150.0 ], [ 72.503987679596989, 32.380376721169043, 150.0 ], [ 72.503899902987882, 32.380248304654287, 150.0 ], [ 72.503840411721058, 32.38012856143294, 150.0 ], [ 72.503798417889442, 32.379980682202842, 150.0 ], [ 72.503739126250167, 32.379861832509647, 150.0 ], [ 72.503697949047194, 32.379714529063193, 150.0 ], [ 72.50362475926535, 32.379563126767003, 150.0 ], [ 72.503617944157213, 32.379464907671718, 150.0 ], [ 72.503577038029675, 32.37931917643003, 150.0 ], [ 72.503535357643656, 32.379277649739038, 150.0 ], [ 72.503481539397455, 32.379143106368993, 150.0 ], [ 72.503428830693977, 32.379022160895907, 150.0 ], [ 72.503411114228285, 32.378904124333481, 150.0 ], [ 72.503331040519981, 32.378775971958653, 150.0 ], [ 72.503245009533103, 32.378653024835778, 150.0 ], [ 72.503168473169438, 32.378566584127952, 150.0 ], [ 72.503102404238831, 32.378515586531712, 150.0 ], [ 72.502906393763865, 32.378461525048507, 150.0 ], [ 72.502849864956644, 32.378446463555719, 150.0 ], [ 72.502698378127988, 32.378373544636098, 150.0 ], [ 72.502576778503453, 32.378307084746588, 150.0 ], [ 72.502371526001923, 32.37821740826233, 150.0 ], [ 72.502287765792389, 32.378194134348668, 150.0 ], [ 72.502092311114808, 32.378139821374077, 150.0 ], [ 72.501915302502084, 32.378057951570177, 150.0 ], [ 72.501775797968975, 32.378019118520591, 150.0 ], [ 72.501664189608334, 32.377988050196358, 150.0 ], [ 72.501489642888401, 32.377904779283902, 150.0 ], [ 72.50134688305792, 32.377868175225238, 150.0 ], [ 72.501135454203521, 32.377783298724779, 150.0 ], [ 72.500987092194649, 32.377709263165777, 150.0 ], [ 72.500850724117129, 32.377668478261917, 150.0 ], [ 72.50073368505933, 32.377600202893568, 150.0 ], [ 72.500616783218902, 32.377532006477722, 150.0 ], [ 72.500445303686945, 32.377447785361163, 150.0 ], [ 72.50036350032974, 32.377423473968562, 150.0 ], [ 72.500254095895485, 32.377391275867303, 150.0 ], [ 72.500098102289158, 32.377282611602332, 150.0 ], [ 72.49995026133594, 32.377209274874112, 150.0 ], [ 72.499804882210213, 32.377134610549987, 150.0 ], [ 72.499640303246494, 32.377086923292786, 150.0 ], [ 72.499495493855164, 32.377012163394987, 150.0 ], [ 72.499350835008343, 32.376937480273163, 150.0 ], [ 72.499206326767862, 32.376862875460567, 150.0 ], [ 72.499191052827513, 32.376793286858437, 150.0 ], [ 72.499090821745625, 32.376701742993383, 150.0 ], [ 72.498945625789446, 32.376628080187842, 150.0 ], [ 72.498902450942168, 32.376551461250571, 150.0 ], [ 72.498831954199943, 32.376467157484633, 150.0 ], [ 72.49878105199717, 32.376356684985403, 150.0 ], [ 72.498695101380008, 32.376204697430737, 150.0 ], [ 72.498628305538432, 32.376119364763902, 150.0 ], [ 72.49861420319202, 32.376050791538667, 150.0 ], [ 72.498485960190777, 32.375916199471348, 150.0 ], [ 72.498411426286225, 32.375798043923403, 150.0 ], [ 72.498361644419163, 32.375689313065443, 150.0 ], [ 72.498308241638497, 32.375582767459711, 150.0 ], [ 72.498225129683462, 32.375470126279353, 150.0 ], [ 72.498178988669949, 32.375397672068907, 150.0 ], [ 72.49816722259915, 32.375239724395072, 150.0 ], [ 72.498158964639003, 32.375080800978033, 150.0 ], [ 72.498154603852868, 32.37495723174991, 150.0 ], [ 72.498177473151941, 32.374841572661367, 150.0 ], [ 72.498180985693523, 32.374751354491103, 150.0 ], [ 72.498220730773795, 32.374612510634982, 150.0 ], [ 72.498237472508805, 32.374500749275192, 150.0 ], [ 72.498266648757721, 32.374331800478259, 150.0 ], [ 72.498284016980222, 32.374185024984122, 150.0 ], [ 72.498307369635, 32.374071545961222, 150.0 ], [ 72.498330720675938, 32.373958442761023, 150.0 ], [ 72.498375646151132, 32.373820244083483, 150.0 ], [ 72.49844664693758, 32.37369023706038, 150.0 ], [ 72.498517323963497, 32.373560821300437, 150.0 ], [ 72.498651119038414, 32.37339167433344, 150.0 ], [ 72.498781637670135, 32.373224614247533, 150.0 ], [ 72.498851313172224, 32.373131446443139, 150.0 ], [ 72.498925014287096, 32.373036845114733, 150.0 ], [ 72.499093249944266, 32.372823848161893, 150.0 ], [ 72.499148817238961, 32.372753301140897, 150.0 ], [ 72.499270357155638, 32.372558749812029, 150.0 ], [ 72.499325285848258, 32.372488942155783, 150.0 ], [ 72.499427463907523, 32.372319279875043, 150.0 ], [ 72.499499469755492, 32.372227340665063, 150.0 ], [ 72.499571947325478, 32.372135364240599, 150.0 ], [ 72.49969709017742, 32.371975617161759, 150.0 ], [ 72.499804710356059, 32.371839085075791, 150.0 ], [ 72.499917189718843, 32.371733960867481, 150.0 ], [ 72.499987772663573, 32.371643868634507, 150.0 ], [ 72.500093473220403, 32.371509228378699, 150.0 ], [ 72.500189492464884, 32.371426894906023, 150.0 ], [ 72.500338216125954, 32.371277882525497, 150.0 ], [ 72.500525323366389, 32.371115964839433, 150.0 ], [ 72.500644872529193, 32.370962432392353, 150.0 ], [ 72.500799870133449, 32.370844703548343, 150.0 ], [ 72.500865149724504, 32.370758573133003, 150.0 ], [ 72.500973902730408, 32.370657529115192, 150.0 ], [ 72.501181744335227, 32.370506618959467, 150.0 ], [ 72.501232530798688, 32.370442019334483, 150.0 ], [ 72.501357126738867, 32.370320613002939, 150.0 ], [ 72.501449203921112, 32.370242011509852, 150.0 ], [ 72.501565822315371, 32.370170635424628, 150.0 ], [ 72.50168133767275, 32.370099741278871, 150.0 ], [ 72.501738951716163, 32.370064380040382, 150.0 ], [ 72.501976219904179, 32.369951701062092, 150.0 ], [ 72.502153804851304, 32.369875113842262, 150.0 ], [ 72.502290719863936, 32.369812597753167, 150.0 ], [ 72.502355594171945, 32.369805642749441, 150.0 ], [ 72.502533728741525, 32.369728988731239, 150.0 ], [ 72.50263856142611, 32.369708226524118, 150.0 ], [ 72.502814789831319, 32.369632228882381, 150.0 ], [ 72.503063473946639, 32.369577206983557, 150.0 ], [ 72.50332655014607, 32.369501830297658, 150.0 ], [ 72.503493908830919, 32.369474600284818, 150.0 ], [ 72.503597199415864, 32.369454191971712, 150.0 ], [ 72.503978444981172, 32.369413738425457, 150.0 ], [ 72.504233201028299, 32.36938620548009, 150.0 ], [ 72.504423060914149, 32.369366058078363, 150.0 ], [ 72.50458907131754, 32.369338784962061, 150.0 ], [ 72.504676121169879, 32.369338832591552, 150.0 ], [ 72.504826081966755, 32.369332224427247, 150.0 ], [ 72.505086046066367, 32.369332679109647, 150.0 ], [ 72.505334646615253, 32.369306540346628, 150.0 ], [ 72.505492644025708, 32.369327142925208, 150.0 ], [ 72.505618036954971, 32.369313519097453, 150.0 ], [ 72.505690063520902, 32.369333787233622, 150.0 ], [ 72.505776227291676, 32.369333885566327, 150.0 ], [ 72.505947741377739, 32.369334311653702, 150.0 ], [ 72.506276426171056, 32.369355154511553, 150.0 ], [ 72.506410845462753, 32.369368423081433, 150.0 ], [ 72.506558136407648, 32.369361862680108, 150.0 ], [ 72.506823125919169, 32.369389560357376, 150.0 ], [ 72.507103632689521, 32.369396221918713, 150.0 ], [ 72.507307875731613, 32.369429925597061, 150.0 ], [ 72.507416515090142, 32.369436791519291, 150.0 ], [ 72.507620084434407, 32.369470643410423, 150.0 ], [ 72.507823657338022, 32.3695043971763, 150.0 ], [ 72.507979495189332, 32.369524686991639, 150.0 ], [ 72.508229889221838, 32.36957200286755, 150.0 ], [ 72.508324832554251, 32.369598978310869, 150.0 ], [ 72.508432749116551, 32.369605782369369, 150.0 ], [ 72.508575898168004, 32.369645852244624, 150.0 ], [ 72.508909893036133, 32.369693126160207, 150.0 ], [ 72.509160166234295, 32.369740030384932, 150.0 ], [ 72.509339274770156, 32.369766640929022, 150.0 ], [ 72.509518124071249, 32.369793354466182, 150.0 ], [ 72.509660223088048, 32.369833659268089, 150.0 ], [ 72.509873414974507, 32.369894108869637, 150.0 ], [ 72.510087764609267, 32.369907287332573, 150.0 ], [ 72.510289805592492, 32.369940651663427, 150.0 ], [ 72.510503461186403, 32.370000597516587, 150.0 ], [ 72.510763870873063, 32.370027445703322, 150.0 ], [ 72.510988019470432, 32.370067893467457, 150.0 ], [ 72.511118175141291, 32.370081145096982, 150.0 ], [ 72.511248452592611, 32.370094262957913, 150.0 ], [ 72.511390592580511, 32.370134149428232, 150.0 ], [ 72.511543414844013, 32.370154460204041, 150.0 ], [ 72.511685058018244, 32.37019461180823, 150.0 ], [ 72.511909254745746, 32.370234508488643, 150.0 ], [ 72.512309772700874, 32.370300966419798, 150.0 ], [ 72.512462664269123, 32.370320792132667, 150.0 ], [ 72.512604045088906, 32.370360905958847, 150.0 ], [ 72.512781253221391, 32.370386746916537, 150.0 ], [ 72.513077061813021, 32.3704452095484, 150.0 ], [ 72.513206090671815, 32.370458150199838, 150.0 ], [ 72.513287896711802, 32.370457788273107, 150.0 ], [ 72.51355633883631, 32.370463426615551, 150.0 ], [ 72.513732539531404, 32.370489167123928, 150.0 ], [ 72.513931242830751, 32.370522167436008, 150.0 ], [ 72.514117131954123, 32.370528163203673, 150.0 ], [ 72.514351529238198, 32.370545896542097, 150.0 ], [ 72.514617619925701, 32.370600616544337, 150.0 ], [ 72.514731364501515, 32.370587481942657, 150.0 ], [ 72.514928872933027, 32.370620551075589, 150.0 ], [ 72.515113185485845, 32.370626691172603, 150.0 ], [ 72.515227178854047, 32.370612864814873, 150.0 ], [ 72.515410451451487, 32.370619498572196, 150.0 ], [ 72.515513508571928, 32.370626269908243, 150.0 ], [ 72.515626450706065, 32.370612984781253, 150.0 ], [ 72.515833344094574, 32.370625373224442, 150.0 ], [ 72.515970626994815, 32.370617323494038, 150.0 ], [ 72.516106693906721, 32.370610267356703, 150.0 ], [ 72.516345157536918, 32.370609739411442, 150.0 ], [ 72.516560791050708, 32.370601654002499, 150.0 ], [ 72.516696400709421, 32.370594200820079, 150.0 ], [ 72.516822025272461, 32.3706070552482, 150.0 ], [ 72.516933944730425, 32.370593205933012, 150.0 ], [ 72.517115133322832, 32.370599155949328, 150.0 ], [ 72.51736536820637, 32.370624937860782, 150.0 ], [ 72.517624935173927, 32.370630102336577, 150.0 ], [ 72.51804957870128, 32.370614719656267, 150.0 ], [ 72.518385262220505, 32.370619896546998, 150.0 ], [ 72.518596242147993, 32.37061212343653, 150.0 ], [ 72.518783674941474, 32.370597969879398, 150.0 ], [ 72.518925002171486, 32.370570421801489, 150.0 ], [ 72.519048500993264, 32.370582988005459, 150.0 ], [ 72.519249308611947, 32.370595190356617, 150.0 ], [ 72.519380891143413, 32.370588106635829, 150.0 ], [ 72.519634799666278, 32.370594385187623, 150.0 ], [ 72.519888067649092, 32.370600892609872, 150.0 ], [ 72.520240256456319, 32.370613648980473, 150.0 ], [ 72.520523405433721, 32.370606389442599, 150.0 ], [ 72.520676043647072, 32.370606019816961, 150.0 ], [ 72.520820665746513, 32.37062511659807, 150.0 ], [ 72.521117450344747, 32.370643264612092, 150.0 ], [ 72.521246714732499, 32.37063608770157, 150.0 ], [ 72.52133767588569, 32.370661826910727, 150.0 ], [ 72.521489471589703, 32.370660863303208, 150.0 ], [ 72.521656165720316, 32.370685968135163, 150.0 ], [ 72.52190585874034, 32.370690794553013, 150.0 ], [ 72.522019346176009, 32.370722653831827, 150.0 ], [ 72.522215605821501, 32.370734419624142, 150.0 ], [ 72.522358940570626, 32.370753110342427, 150.0 ], [ 72.522532028600068, 32.370758515952701, 150.0 ], [ 72.522720286410916, 32.370790285166102, 150.0 ], [ 72.522833425450557, 32.370822399472502, 150.0 ], [ 72.523021521938702, 32.370854149403932, 150.0 ], [ 72.523179857772092, 32.370899167600193, 150.0 ], [ 72.523315580076968, 32.370937753791679, 150.0 ], [ 72.523496494765354, 32.370989183897898, 150.0 ], [ 72.523625449269076, 32.371047424686139, 150.0 ], [ 72.523738617250331, 32.371079635782948, 150.0 ], [ 72.523851786983585, 32.371111902397473, 150.0 ], [ 72.523987584211426, 32.371150618150267, 150.0 ], [ 72.52410075361243, 32.371182881947277, 150.0 ], [ 72.524207300689952, 32.371234879166167, 150.0 ], [ 72.524521007868685, 32.37141063863637, 150.0 ], [ 72.524666858111317, 32.371495364116953, 150.0 ], [ 72.524751166705613, 32.371540973208973, 150.0 ], [ 72.524783739907051, 32.37159366752735, 150.0 ], [ 72.52489459639051, 32.371712265061483, 150.0 ], [ 72.524950126534193, 32.371771755888673, 150.0 ], [ 72.525028532460396, 32.371837735263291, 150.0 ], [ 72.525202212605009, 32.371996763802557, 150.0 ], [ 72.525281011882569, 32.372063205630468, 150.0 ], [ 72.52532454962406, 32.372163825093978, 150.0 ], [ 72.525430738725277, 32.372304701933572, 150.0 ], [ 72.525518686543862, 32.372507672922382, 150.0 ], [ 72.525523028807271, 32.372575925605787, 150.0 ], [ 72.525556620816744, 32.372630205579583, 150.0 ], [ 72.525559192329567, 32.372787747436867, 150.0 ], [ 72.525580413199663, 32.37288370996874, 150.0 ], [ 72.525589369419777, 32.373022552794033, 150.0 ], [ 72.525575140960228, 32.373155526778334, 150.0 ], [ 72.525543836336567, 32.373261251101532, 150.0 ], [ 72.525548200607162, 32.373330764520652, 150.0 ], [ 72.525539872287226, 32.373441953924711, 150.0 ], [ 72.525514743860455, 32.373528117466407, 150.0 ], [ 72.525506651774819, 32.373642892913679, 150.0 ], [ 72.525481349203517, 32.373729454026723, 150.0 ], [ 72.525408839228305, 32.373801778234977, 150.0 ], [ 72.525323206684888, 32.373917339637003, 150.0 ], [ 72.525226675653954, 32.373984534056277, 150.0 ], [ 72.525159934324407, 32.374036258271893, 150.0 ], [ 72.524830551372318, 32.3742729915718, 150.0 ] ] ] } },
{ "type": "Feature", "properties": { "Name": "Untitled Polygon", "description": null, "timestamp": null, "begin": null, "end": null, "altitudeMode": "relativeToGround", "tessellate": 1, "extrude": 1, "visibility": -1, "drawOrder": null, "icon": null }, "geometry": { "type": "Polygon", "coordinates": [ [ [ 71.046988407991719, 31.98609519100653, 150.0 ], [ 71.046898258889215, 31.985919221930072, 150.0 ], [ 71.046781416017424, 31.985514359885961, 150.0 ], [ 71.046776585938488, 31.985330709482859, 150.0 ], [ 71.046680958716777, 31.98497525406092, 150.0 ], [ 71.046626417635366, 31.98481408796669, 150.0 ], [ 71.046523832013293, 31.98438053584842, 150.0 ], [ 71.046453337106868, 31.984065650972891, 150.0 ], [ 71.046374187092454, 31.983676437744158, 150.0 ], [ 71.046245808123231, 31.983309725031319, 150.0 ], [ 71.04615245219685, 31.98295721259548, 150.0 ], [ 71.046103829189079, 31.98269094887214, 150.0 ], [ 71.046041559014782, 31.982457378006249, 150.0 ], [ 71.04597886572023, 31.982225138807909, 150.0 ], [ 71.04591558955515, 31.981994418720301, 150.0 ], [ 71.0458681887973, 31.98172844458281, 150.0 ], [ 71.045794319922933, 31.9815253126587, 150.0 ], [ 71.045712651559214, 31.981247606213049, 150.0 ], [ 71.045625225229756, 31.981077254652291, 150.0 ], [ 71.045528706422587, 31.980834715346688, 150.0 ], [ 71.045402503809129, 31.980476271297409, 150.0 ], [ 71.045306939609617, 31.98023395162032, 150.0 ], [ 71.04525494419569, 31.9800765163411, 150.0 ], [ 71.045066677468768, 31.979772077590191, 150.0 ], [ 71.044962403947068, 31.979459505520499, 150.0 ], [ 71.044853004379746, 31.97925133872624, 150.0 ], [ 71.044721964439702, 31.979001861839251, 150.0 ], [ 71.044675310331968, 31.978743128185339, 150.0 ], [ 71.044672261419493, 31.97856777232856, 150.0 ], [ 71.044669465398229, 31.97839236098293, 150.0 ], [ 71.044729769910958, 31.978165391398729, 150.0 ], [ 71.044740854556792, 31.97795947963461, 150.0 ], [ 71.044821741905992, 31.97777560134729, 150.0 ], [ 71.044867300542819, 31.977581519423001, 150.0 ], [ 71.044940225124392, 31.97732612627965, 150.0 ], [ 71.045102621238485, 31.976959147957611, 150.0 ], [ 71.045344202382822, 31.97641205307281, 150.0 ], [ 71.045473279575617, 31.976210100644561, 150.0 ], [ 71.045633902704225, 31.975847063454239, 150.0 ], [ 71.045943889151417, 31.975133624079859, 150.0 ], [ 71.046097570584095, 31.974874667667539, 150.0 ], [ 71.046203571753068, 31.97463522077221, 150.0 ], [ 71.046370011903761, 31.974347474928891, 150.0 ], [ 71.046496899419196, 31.974149435683518, 150.0 ], [ 71.046614910841413, 31.97388233865108, 150.0 ], [ 71.04677382911656, 31.973697208325721, 150.0 ], [ 71.046872452846856, 31.97356066490412, 150.0 ], [ 71.046936955144773, 31.973413540497891, 150.0 ], [ 71.047048672020793, 31.973247618833302, 150.0 ], [ 71.047280323952833, 31.972985462341249, 150.0 ], [ 71.047537209999064, 31.972665343026279, 150.0 ], [ 71.04770744683205, 31.972452934642721, 150.0 ], [ 71.047878329133624, 31.97224019991814, 150.0 ], [ 71.048035970514903, 31.972057153886261, 150.0 ], [ 71.048277544096223, 31.971769218464811, 150.0 ], [ 71.048518606842833, 31.971481824139431, 150.0 ], [ 71.048759008732631, 31.971195356037001, 150.0 ], [ 71.048927104431812, 31.970985715584241, 150.0 ], [ 71.049010942990677, 31.97088112519576, 150.0 ], [ 71.049085893701118, 31.970708717120729, 150.0 ], [ 71.049185669252978, 31.970479480228679, 150.0 ], [ 71.049260376282419, 31.97030784394688, 150.0 ], [ 71.049360725151615, 31.970078940819299, 150.0 ], [ 71.049404869335021, 31.96980207733138, 150.0 ], [ 71.049473036038947, 31.969469392937551, 150.0 ], [ 71.049500883180642, 31.969317561745751, 150.0 ], [ 71.049482589371749, 31.96918404276742, 150.0 ], [ 71.049544362579482, 31.969042697827621, 150.0 ], [ 71.049538823093769, 31.96888120004461, 150.0 ], [ 71.04954550745812, 31.968691821739, 150.0 ], [ 71.049621723061421, 31.96842864196887, 150.0 ], [ 71.049639700330971, 31.968211897603862, 150.0 ], [ 71.049671119402859, 31.967967695606859, 150.0 ], [ 71.049700926592138, 31.967723836292429, 150.0 ], [ 71.049719944525478, 31.967508535391371, 150.0 ], [ 71.049756699542371, 31.967425023107499, 150.0 ], [ 71.04975409967102, 31.96717242650935, 150.0 ], [ 71.049805984055524, 31.966968178606809, 150.0 ], [ 71.049800164334002, 31.966809636162921, 150.0 ], [ 71.049806499915817, 31.966623692150229, 150.0 ], [ 71.049791479969258, 31.966400276378391, 150.0 ], [ 71.04979757605939, 31.966214958143748, 150.0 ], [ 71.049791565060573, 31.96605735054117, 150.0 ], [ 71.049719136197197, 31.965879979884459, 150.0 ], [ 71.049625599623056, 31.965665380915802, 150.0 ], [ 71.049607671171458, 31.96553587415718, 150.0 ], [ 71.049559729933335, 31.965304565999311, 150.0 ], [ 71.049574735265821, 31.965185196778759, 150.0 ], [ 71.0496017341232, 31.96503861561699, 150.0 ], [ 71.049616700743883, 31.964919493079432, 150.0 ], [ 71.049712578758502, 31.964701251791201, 150.0 ], [ 71.04984263518736, 31.964494780132011, 150.0 ], [ 71.049927397461261, 31.9643056578354, 150.0 ], [ 71.050032475092607, 31.964153524167429, 150.0 ], [ 71.050160649386413, 31.963946758507401, 150.0 ], [ 71.050354488239762, 31.9637601112053, 150.0 ], [ 71.050526813758978, 31.96353683346258, 150.0 ], [ 71.050618944417039, 31.963412134021119, 150.0 ], [ 71.050744700093986, 31.963298619592511, 150.0 ], [ 71.050914846266437, 31.96316910226712, 150.0 ], [ 71.051051995871504, 31.96302961912842, 150.0 ], [ 71.051286847678995, 31.962919298638319, 150.0 ], [ 71.051512018429321, 31.962746168269671, 150.0 ], [ 71.051701575940839, 31.962652895251079, 150.0 ], [ 71.051935140807629, 31.962542784243741, 150.0 ], [ 71.052123989859894, 31.962449709224991, 150.0 ], [ 71.052289529515392, 31.96240905341212, 150.0 ], [ 71.052487493729558, 31.962378118974542, 150.0 ], [ 71.052608525415849, 31.962354279128821, 150.0 ], [ 71.052729535646307, 31.96233064269337, 150.0 ], [ 71.05291589291987, 31.962327544370691, 150.0 ], [ 71.053222871649325, 31.962300267396209, 150.0 ], [ 71.053506747281148, 31.962325657440271, 150.0 ], [ 71.053660020845072, 31.962311642323201, 150.0 ], [ 71.053889830012707, 31.962291323149621, 150.0 ], [ 71.054271108005011, 31.96234660775071, 150.0 ], [ 71.054565515506681, 31.962346837202819, 150.0 ], [ 71.054706975750761, 31.962360109071671, 150.0 ], [ 71.054924821988934, 31.962366603614662, 150.0 ], [ 71.054968602544747, 31.962349916503779, 150.0 ], [ 71.05521925977736, 31.962364183162251, 150.0 ], [ 71.055393512598371, 31.962385775980991, 150.0 ], [ 71.055567471591928, 31.962408264937729, 150.0 ], [ 71.055827992908888, 31.96248662409047, 150.0 ], [ 71.055936770214402, 31.96248955122951, 150.0 ], [ 71.056392654601069, 31.962626670498199, 150.0 ], [ 71.05662072843613, 31.962695039170281, 150.0 ], [ 71.056783253465099, 31.96274449998548, 150.0 ], [ 71.056978550196021, 31.962803379282271, 150.0 ], [ 71.057293406021643, 31.96292770724104, 150.0 ], [ 71.057738751427934, 31.963091194014819, 150.0 ], [ 71.057966817574425, 31.963159639612378, 150.0 ], [ 71.058259921610329, 31.96324796750265, 150.0 ], [ 71.058488328148812, 31.96331620968293, 150.0 ], [ 71.058749207644169, 31.963394229692959, 150.0 ], [ 71.059010677273633, 31.963472354420212, 150.0 ], [ 71.059173792604483, 31.963521173258549, 150.0 ], [ 71.059239042300007, 31.96354070232054, 150.0 ], [ 71.059695286370726, 31.96367782233088, 150.0 ], [ 71.060053166644551, 31.963786090803001, 150.0 ], [ 71.060378467807169, 31.96388450055743, 150.0 ], [ 71.060693292311385, 31.964009499070791, 150.0 ], [ 71.060955769650846, 31.964087029162229, 150.0 ], [ 71.061174783343162, 31.96418159803239, 150.0 ], [ 71.061360115690889, 31.96426729399446, 150.0 ], [ 71.061587457448368, 31.964336229704159, 150.0 ], [ 71.06187034235036, 31.96445133835482, 150.0 ], [ 71.062119425148509, 31.964557235768879, 150.0 ], [ 71.062467680032896, 31.964691962836319, 150.0 ], [ 71.062645672461173, 31.96480342274473, 150.0 ], [ 71.062899451272258, 31.96490780774915, 150.0 ], [ 71.063088010252883, 31.96508347614143, 150.0 ], [ 71.063284962029854, 31.965233165902301, 150.0 ], [ 71.063425902453886, 31.965336692642051, 150.0 ], [ 71.06361105342981, 31.965513930977949, 150.0 ], [ 71.063776009523139, 31.965745130252909, 150.0 ], [ 71.063908561805533, 31.965875356368869, 150.0 ], [ 71.064121657975235, 31.96608873597064, 150.0 ], [ 71.064189509479576, 31.966199417903962, 150.0 ], [ 71.064334885009032, 31.96639396002093, 150.0 ], [ 71.064425986382801, 31.96654178289603, 150.0 ], [ 71.064572931940475, 31.966736627185622, 150.0 ], [ 71.064674670317842, 31.966857556267339, 150.0 ], [ 71.064869732371108, 31.967126893471001, 150.0 ], [ 71.064975912247775, 31.96733986531509, 150.0 ], [ 71.065079222085245, 31.967461209290889, 150.0 ], [ 71.065194159178887, 31.967647521720352, 150.0 ], [ 71.065323149281426, 31.967898834001549, 150.0 ], [ 71.065429210784572, 31.968113230745491, 150.0 ], [ 71.065534931528262, 31.968327915560302, 150.0 ], [ 71.065593461509764, 31.968467988489731, 150.0 ], [ 71.065721207079832, 31.968720772342429, 150.0 ], [ 71.065815808502819, 31.968964032662679, 150.0 ], [ 71.065899494588649, 31.969235365481278, 150.0 ], [ 71.065993485345203, 31.969479401227499, 150.0 ], [ 71.066097999884406, 31.96969600195143, 150.0 ], [ 71.066123339476079, 31.969827223775159, 150.0 ], [ 71.066194725427138, 31.97003427617496, 150.0 ], [ 71.066276455026596, 31.970213677567731, 150.0 ], [ 71.066295758327314, 31.970374043258769, 150.0 ], [ 71.066362889106344, 31.97061104251582, 150.0 ], [ 71.066450502081878, 31.97088574920679, 150.0 ], [ 71.066489912157763, 31.971084525935041, 150.0 ], [ 71.066529375687551, 31.971283588755639, 150.0 ], [ 71.066571168116823, 31.97157756539324, 150.0 ], [ 71.066613228439962, 31.971777996692381, 150.0 ], [ 71.06664531640881, 31.97200715594456, 150.0 ], [ 71.066697178420839, 31.972179829342249, 150.0 ], [ 71.066729408222358, 31.972409811323139, 150.0 ], [ 71.066764262232155, 31.97273573398213, 150.0 ], [ 71.066738110752723, 31.972917507492109, 150.0 ], [ 71.066724324148836, 31.9732614306714, 150.0 ], [ 71.066697514800325, 31.973538721928801, 150.0 ], [ 71.066652316337411, 31.973779775728769, 150.0 ], [ 71.066669509444225, 31.974072836106409, 150.0 ], [ 71.066630053701118, 31.97441341793591, 150.0 ], [ 71.066617822848855, 31.974666454790601, 150.0 ], [ 71.066565070544712, 31.975036677987831, 150.0 ], [ 71.066556341845967, 31.975389128658691, 150.0 ], [ 71.066567702813941, 31.97568400512418, 150.0 ], [ 71.066533163921378, 31.975901063428811, 150.0 ], [ 71.066572100030427, 31.97601063613509, 150.0 ], [ 71.066525361080494, 31.976256891436091, 150.0 ], [ 71.066523021076151, 31.976484512445118, 150.0 ], [ 71.066486729648048, 31.97670244427098, 150.0 ], [ 71.066484344105845, 31.976930959357531, 150.0 ], [ 71.0664124735613, 31.9771386446502, 150.0 ], [ 71.066304465013744, 31.977432266702309, 150.0 ], [ 71.066197400995549, 31.97772726376602, 150.0 ], [ 71.066151700823326, 31.977978471954771, 150.0 ], [ 71.066101725361108, 31.978129380761061, 150.0 ], [ 71.066020415286445, 31.978370560009779, 150.0 ], [ 71.066072280279556, 31.978552218007781, 150.0 ], [ 71.066030622668208, 31.97867234472745, 150.0 ], [ 71.065967618342384, 31.978852438690311, 150.0 ], [ 71.065950331575152, 31.979013819022931, 150.0 ], [ 71.065897942613844, 31.979164522547489, 150.0 ], [ 71.065845480749928, 31.979315416476719, 150.0 ], [ 71.065782439137735, 31.97949674383365, 150.0 ], [ 71.065641935586996, 31.97968996849065, 150.0 ], [ 71.065503051844416, 31.97998424232091, 150.0 ], [ 71.06541406921032, 31.980124402678619, 150.0 ], [ 71.065370698206408, 31.98024513177343, 150.0 ], [ 71.065273837188059, 31.98041902266327, 150.0 ], [ 71.065233523971074, 31.9805434201275, 150.0 ], [ 71.064999696755166, 31.980777826516071, 150.0 ], [ 71.064855215155276, 31.980971193914659, 150.0 ], [ 71.064710475804219, 31.981164905667612, 150.0 ], [ 71.064532524912096, 31.98135069462807, 150.0 ], [ 71.064364975986422, 31.981506079695379, 150.0 ], [ 71.064287747910029, 31.981619991436219, 150.0 ], [ 71.064231772630876, 31.98167191898586, 150.0 ], [ 71.064037698540361, 31.981884275966681, 150.0 ], [ 71.063911261896067, 31.98201505414502, 150.0 ], [ 71.063846516878058, 31.98220160071487, 150.0 ], [ 71.063768112615449, 31.98231541593962, 150.0 ], [ 71.063689623789614, 31.982429352221761, 150.0 ], [ 71.063580828327559, 31.982640513674198, 150.0 ], [ 71.063403496164199, 31.982934838373112, 150.0 ], [ 71.063337990979463, 31.983122965877321, 150.0 ], [ 71.063271009115496, 31.98330935061745, 150.0 ], [ 71.063180278190714, 31.983454927696791, 150.0 ], [ 71.063112119307405, 31.983538725916301, 150.0 ], [ 71.062977602029108, 31.983811347349519, 150.0 ], [ 71.06285525600353, 31.984055522075579, 150.0 ], [ 71.062650217736547, 31.984309726189029, 150.0 ], [ 71.062528159893319, 31.984556952294611, 150.0 ], [ 71.062436543204512, 31.984704354695111, 150.0 ], [ 71.06240286733069, 31.984799434020829, 150.0 ], [ 71.062289178000754, 31.985011918633472, 150.0 ], [ 71.062256317645605, 31.985109022165091, 150.0 ], [ 71.062225929043407, 31.985313985702451, 150.0 ], [ 71.06214915446418, 31.98554149031958, 150.0 ], [ 71.06216387940114, 31.985722758668221, 150.0 ], [ 71.06215392099088, 31.985860731533549, 150.0 ], [ 71.062156100774345, 31.986071934965828, 150.0 ], [ 71.062145404893158, 31.98620873361477, 150.0 ], [ 71.06213579444514, 31.986347934516999, 150.0 ], [ 71.062079460006132, 31.98650936488249, 150.0 ], [ 71.062022585638019, 31.986669908053599, 150.0 ], [ 71.06196659766637, 31.986833068827, 150.0 ], [ 71.061899537300249, 31.98702953018709, 150.0 ], [ 71.061854636845283, 31.987160411985201, 150.0 ], [ 71.061786275860115, 31.987354968147169, 150.0 ], [ 71.06174064258407, 31.987484849328741, 150.0 ], [ 71.061694959100336, 31.987614894261601, 150.0 ], [ 71.061590489065111, 31.987799511761249, 150.0 ], [ 71.061508778121706, 31.987919174142551, 150.0 ], [ 71.061309351645264, 31.988148606260449, 150.0 ], [ 71.061085093281463, 31.988335216160898, 150.0 ], [ 71.060930899533204, 31.98843397112346, 150.0 ], [ 71.06071734922628, 31.988587817109071, 150.0 ], [ 71.060479012886518, 31.988698251395061, 150.0 ], [ 71.060324088664828, 31.988797211467858, 150.0 ], [ 71.060096990803444, 31.988875218953488, 150.0 ], [ 71.059953500262196, 31.98894166067252, 150.0 ], [ 71.059641845397181, 31.98903109784057, 150.0 ], [ 71.059316605700729, 31.98914891906141, 150.0 ], [ 71.059052186982015, 31.98921658016415, 150.0 ], [ 71.058679358171943, 31.98925387539472, 150.0 ], [ 71.058595133941992, 31.989265960286769, 150.0 ], [ 71.058342212752649, 31.989301857130179, 150.0 ], [ 71.058112652445416, 31.989269527025211, 150.0 ], [ 71.057847440494598, 31.989229552578021, 150.0 ], [ 71.05772694069006, 31.98923192862603, 150.0 ], [ 71.057376393178146, 31.989201274973048, 150.0 ], [ 71.05707265496784, 31.98913988361663, 150.0 ], [ 71.05672051563397, 31.989100560538379, 150.0 ], [ 71.05657510400043, 31.98905518428586, 150.0 ], [ 71.056417852278969, 31.989045595231079, 150.0 ], [ 71.056260496998163, 31.989035635884331, 150.0 ], [ 71.056079007101289, 31.98898078013336, 150.0 ], [ 71.055812889599835, 31.98893979782455, 150.0 ], [ 71.055655442479335, 31.98893053717066, 150.0 ], [ 71.055376641370145, 31.988922560543639, 150.0 ], [ 71.055182715076114, 31.988902731463149, 150.0 ], [ 71.055025009999738, 31.9888934538176, 150.0 ], [ 71.05486718907575, 31.988883474144711, 150.0 ], [ 71.054781930800615, 31.988893914172909, 150.0 ], [ 71.05451496019495, 31.988850895836801, 150.0 ], [ 71.054356972926726, 31.988839609518038, 150.0 ], [ 71.054211536392344, 31.988795629406919, 150.0 ], [ 71.054053465408387, 31.988784965264269, 150.0 ], [ 71.053726211298553, 31.98868689007378, 150.0 ], [ 71.053544396903831, 31.988632402581569, 150.0 ], [ 71.053326214804983, 31.988566803736781, 150.0 ], [ 71.053035306881952, 31.988479570531361, 150.0 ], [ 71.05267165937768, 31.988370499809459, 150.0 ], [ 71.052526245492771, 31.988325883567249, 150.0 ], [ 71.052308122286789, 31.988259332162759, 150.0 ], [ 71.05198091659328, 31.988160088366399, 150.0 ], [ 71.051690119345494, 31.988071852553521, 150.0 ], [ 71.051472105282429, 31.988004779656581, 150.0 ], [ 71.051254086624098, 31.98793808047828, 150.0 ], [ 71.050890442189583, 31.98782922931186, 150.0 ], [ 71.050708356549919, 31.987776624982651, 150.0 ], [ 71.05052648952126, 31.98772256121314, 150.0 ], [ 71.050271879842342, 31.987646424738141, 150.0 ], [ 71.050054100596938, 31.98757857990989, 150.0 ], [ 71.049763392738114, 31.98749024626429, 150.0 ], [ 71.049436374559377, 31.987390877199179, 150.0 ], [ 71.049254708744741, 31.987335674966449, 150.0 ], [ 71.049036725566054, 31.987269436783151, 150.0 ], [ 71.048745938849933, 31.987181811269881, 150.0 ], [ 71.048418809408176, 31.987083174488792, 150.0 ], [ 71.048237055781328, 31.987028371445081, 150.0 ], [ 71.047779104292715, 31.986849558410761, 150.0 ], [ 71.04756193277413, 31.986781199140559, 150.0 ], [ 71.047452836377914, 31.986748737292231, 150.0 ], [ 71.046988407991719, 31.98609519100653, 150.0 ] ] ] } }
]
}
