{"type": "FeatureCollection", "name": "indus", "crs": {"type": "name", "properties": {"name": "urn:ogc:def:crs:OGC:1.3:CRS84"}}, "features": [{"type": "Feature", "properties": {"gid": 0, "g_count": 3632, "g_area": 2191.528632498, "c_area": 71900.85945629099}, "geometry": {"type": "MultiPolygon", "coordinates": [[[[81.50625, 31.13875], [81.50958333333332, 31.137916666666673], [81.51541666666665, 31.13208333333334], [81.52208333333331, 31.127916666666668], [81.52208333333331, 31.123750000000012], [81.52041666666665, 31.119583333333335], [81.52041666666665, 31.117083333333337], [81.52374999999999, 31.112916666666674], [81.52791666666666, 31.11125], [81.52791666666666, 31.109583333333347], [81.52374999999999, 31.108749999999997], [81.52041666666665, 31.105416666666674], [81.52041666666665, 31.10125], [81.51874999999998, 31.101250000000004], [81.51124999999999, 31.10791666666668], [81.50958333333332, 31.107916666666675], [81.50625, 31.11208333333333], [81.50625, 31.11541666666667], [81.49708333333332, 31.115416666666672], [81.49708333333332, 31.114583333333336], [81.48874999999998, 31.114583333333336], [81.48541666666665, 31.116250000000004], [81.48291666666665, 31.11875], [81.48041666666666, 31.12291666666668], [81.47708333333333, 31.123750000000005], [81.47208333333333, 31.11875000000001], [81.46708333333332, 31.117916666666673], [81.46541666666666, 31.11625000000001], [81.46208333333333, 31.117083333333337], [81.45374999999999, 31.11708333333334], [81.45041666666665, 31.117916666666673], [81.45041666666665, 31.11875000000001], [81.44958333333332, 31.121250000000003], [81.44458333333333, 31.122083333333343], [81.44208333333333, 31.12458333333334], [81.43958333333332, 31.12458333333334], [81.43708333333332, 31.127083333333342], [81.43708333333332, 31.132083333333334], [81.43291666666666, 31.134583333333342], [81.43208333333332, 31.13958333333334], [81.42791666666666, 31.141250000000003], [81.42374999999998, 31.145416666666673], [81.42208333333332, 31.145416666666666], [81.41874999999999, 31.150416666666672], [81.41874999999999, 31.152916666666677], [81.42208333333332, 31.155416666666678], [81.42624999999998, 31.155416666666685], [81.42541666666665, 31.16041666666667], [81.42374999999998, 31.16458333333334], [81.42791666666666, 31.168750000000006], [81.42541666666665, 31.171250000000008], [81.42708333333331, 31.172916666666676], [81.42124999999999, 31.17875], [81.41624999999999, 31.184583333333343], [81.41624999999999, 31.185416666666676], [81.41458333333333, 31.18375], [81.40958333333333, 31.18875], [81.40708333333332, 31.18958333333333], [81.40291666666666, 31.194583333333338], [81.40291666666666, 31.199583333333344], [81.40208333333332, 31.20208333333335], [81.39624999999998, 31.207916666666673], [81.39624999999998, 31.210416666666674], [81.39374999999998, 31.212083333333336], [81.39291666666665, 31.212083333333343], [81.39208333333332, 31.212083333333336], [81.39124999999999, 31.210416666666674], [81.38541666666666, 31.210416666666674], [81.37124999999999, 31.196250000000006], [81.36708333333334, 31.196250000000006], [81.36625, 31.197916666666675], [81.35874999999999, 31.199583333333344], [81.35458333333332, 31.199583333333344], [81.35374999999999, 31.197916666666668], [81.35041666666666, 31.197083333333342], [81.34875, 31.19458333333335], [81.34374999999999, 31.19375], [81.33791666666666, 31.193750000000005], [81.33541666666666, 31.193749999999994], [81.33374999999998, 31.19375], [81.32958333333332, 31.192083333333336], [81.32624999999999, 31.18875], [81.32291666666666, 31.187916666666677], [81.32124999999999, 31.18958333333334], [81.31708333333334, 31.187916666666677], [81.31791666666666, 31.185416666666683], [81.31708333333334, 31.18208333333334], [81.31208333333332, 31.181250000000006], [81.31124999999999, 31.17791666666667], [81.30958333333332, 31.17708333333334], [81.30874999999999, 31.17375000000001], [81.30791666666666, 31.17375000000001], [81.30291666666665, 31.172916666666662], [81.29958333333332, 31.175416666666678], [81.30041666666665, 31.182916666666664], [81.29541666666665, 31.183749999999993], [81.28875000000001, 31.18375], [81.28625, 31.18625], [81.28291666666665, 31.18791666666667], [81.27708333333332, 31.182083333333345], [81.27374999999999, 31.18041666666667], [81.27124999999998, 31.177916666666682], [81.27458333333333, 31.17125], [81.27458333333333, 31.167083333333338], [81.27291666666666, 31.16458333333334], [81.26874999999998, 31.163750000000007], [81.26541666666665, 31.16125000000001], [81.26458333333332, 31.157916666666665], [81.26208333333332, 31.15458333333334], [81.26208333333332, 31.147916666666685], [81.25874999999999, 31.14541666666666], [81.25375, 31.145416666666673], [81.24624999999999, 31.145416666666666], [81.24208333333333, 31.149583333333347], [81.23374999999999, 31.14958333333334], [81.22874999999999, 31.150416666666672], [81.22458333333333, 31.154583333333328], [81.22375, 31.154583333333335], [81.22625, 31.15875000000001], [81.22874999999999, 31.159583333333334], [81.23041666666666, 31.162083333333346], [81.23041666666666, 31.16458333333334], [81.23291666666665, 31.167083333333338], [81.23374999999999, 31.171250000000008], [81.22958333333332, 31.174583333333345], [81.22541666666666, 31.17291666666667], [81.22041666666665, 31.172916666666676], [81.21874999999999, 31.17625], [81.21624999999999, 31.178750000000015], [81.21374999999999, 31.18375], [81.21374999999999, 31.18875], [81.21291666666666, 31.19125], [81.20958333333331, 31.194583333333345], [81.20624999999998, 31.19541666666667], [81.20624999999998, 31.19708333333333], [81.19708333333332, 31.19708333333334], [81.19458333333333, 31.200416666666676], [81.19041666666666, 31.19875], [81.18625, 31.195416666666674], [81.18374999999999, 31.192083333333336], [81.18374999999999, 31.18958333333333], [81.18041666666666, 31.18875], [81.18041666666666, 31.185416666666676], [81.17875, 31.182916666666657], [81.17208333333332, 31.18375], [81.16291666666666, 31.179583333333333], [81.16291666666666, 31.178750000000008], [81.15708333333332, 31.181250000000002], [81.15624999999999, 31.18291666666667], [81.15624999999999, 31.187916666666677], [81.15124999999999, 31.19291666666667], [81.15208333333332, 31.19291666666667], [81.15708333333332, 31.197916666666675], [81.15708333333332, 31.202083333333338], [81.15958333333333, 31.204583333333332], [81.16125, 31.20875], [81.16541666666666, 31.212916666666676], [81.16541666666666, 31.216250000000006], [81.15958333333333, 31.221250000000005], [81.15458333333332, 31.227083333333336], [81.15874999999998, 31.227916666666673], [81.16125, 31.230416666666674], [81.16125, 31.232916666666664], [81.15958333333333, 31.23291666666668], [81.15374999999999, 31.234583333333333], [81.15374999999999, 31.236250000000002], [81.14791666666666, 31.240416666666672], [81.14791666666666, 31.24541666666667], [81.14624999999998, 31.24875000000001], [81.14291666666665, 31.24875000000001], [81.13874999999999, 31.25041666666667], [81.13791666666665, 31.252083333333346], [81.13291666666666, 31.252083333333335], [81.13041666666666, 31.255416666666676], [81.12708333333332, 31.25458333333334], [81.12374999999999, 31.252083333333346], [81.11958333333332, 31.25208333333334], [81.11458333333331, 31.253750000000007], [81.11291666666665, 31.25708333333334], [81.11208333333333, 31.257083333333334], [81.11374999999998, 31.261249999999997], [81.11708333333333, 31.261249999999997], [81.11958333333332, 31.26375000000001], [81.12374999999999, 31.265416666666678], [81.12291666666665, 31.270416666666677], [81.11875, 31.272916666666678], [81.11875, 31.273750000000014], [81.11541666666665, 31.276250000000008], [81.11291666666665, 31.28041666666667], [81.10958333333332, 31.280416666666675], [81.10791666666665, 31.28208333333334], [81.10291666666666, 31.28375000000001], [81.09791666666666, 31.28708333333334], [81.09291666666665, 31.28708333333334], [81.08958333333332, 31.289583333333336], [81.08208333333332, 31.289583333333326], [81.07541666666665, 31.29291666666667], [81.07208333333332, 31.29791666666667], [81.07208333333332, 31.302916666666675], [81.06958333333333, 31.30541666666667], [81.06374999999998, 31.30708333333334], [81.06374999999998, 31.307916666666667], [81.06041666666665, 31.307916666666674], [81.05708333333332, 31.30708333333333], [81.05458333333333, 31.307916666666667], [81.04791666666665, 31.31375], [81.03791666666666, 31.31875000000002], [81.03791666666666, 31.320416666666674], [81.04041666666667, 31.322083333333335], [81.04041666666667, 31.329583333333343], [81.04291666666666, 31.33041666666667], [81.04541666666665, 31.33291666666668], [81.04541666666665, 31.335416666666674], [81.04291666666666, 31.33791666666668], [81.04291666666666, 31.342083333333342], [81.04874999999998, 31.34624999999999], [81.05208333333331, 31.346249999999998], [81.05624999999999, 31.352916666666673], [81.05708333333332, 31.35791666666668], [81.05624999999999, 31.35875], [81.05208333333331, 31.358750000000008], [81.04458333333332, 31.365416666666672], [81.03958333333333, 31.366250000000008], [81.03958333333333, 31.375416666666677], [81.03291666666665, 31.378750000000007], [81.02458333333333, 31.378750000000007], [81.02208333333333, 31.38125000000001], [81.02124999999998, 31.383750000000006], [81.01708333333332, 31.386250000000008], [81.01624999999999, 31.386250000000008], [81.01458333333332, 31.386250000000008], [81.00874999999999, 31.38375], [81.00708333333333, 31.38041666666667], [81.00791666666666, 31.376250000000002], [81.00791666666666, 31.371250000000007], [81.00874999999999, 31.369583333333345], [80.99958333333332, 31.36958333333334], [80.99708333333332, 31.367083333333333], [80.99541666666666, 31.363750000000003], [80.99208333333333, 31.363750000000014], [80.98791666666666, 31.36708333333334], [80.98458333333332, 31.36625], [80.98374999999999, 31.36458333333334], [80.97874999999999, 31.36458333333334], [80.97541666666666, 31.365416666666682], [80.97458333333333, 31.362083333333338], [80.97208333333332, 31.35875], [80.97208333333332, 31.353749999999998], [80.96874999999999, 31.35208333333334], [80.96874999999999, 31.344583333333336], [80.96458333333332, 31.34291666666667], [80.96124999999999, 31.342916666666678], [80.95541666666665, 31.34958333333334], [80.95291666666665, 31.35375], [80.94958333333332, 31.353749999999998], [80.94624999999999, 31.349583333333335], [80.92958333333333, 31.349583333333328], [80.92958333333333, 31.351250000000004], [80.92374999999998, 31.351250000000004], [80.92374999999998, 31.347916666666666], [80.91625, 31.34458333333334], [80.91541666666666, 31.341250000000002], [80.90958333333333, 31.341250000000002], [80.90458333333332, 31.34708333333334], [80.90291666666666, 31.35041666666668], [80.89791666666666, 31.350416666666685], [80.89041666666665, 31.34291666666667], [80.89041666666665, 31.33458333333334], [80.88708333333332, 31.332083333333337], [80.88624999999999, 31.331249999999997], [80.88541666666666, 31.332083333333337], [80.87791666666665, 31.33208333333333], [80.87291666666665, 31.336250000000017], [80.86874999999999, 31.337083333333343], [80.86458333333331, 31.340416666666673], [80.86124999999998, 31.340416666666666], [80.85791666666665, 31.338750000000005], [80.85791666666665, 31.335416666666674], [80.86041666666665, 31.33208333333333], [80.85791666666665, 31.329583333333336], [80.85541666666666, 31.329583333333336], [80.85125, 31.326250000000005], [80.84624999999998, 31.32125], [80.84624999999998, 31.320416666666667], [80.83708333333333, 31.311250000000005], [80.83874999999999, 31.310416666666676], [80.83874999999999, 31.30625], [80.83708333333333, 31.305416666666673], [80.83708333333333, 31.302083333333332], [80.83541666666666, 31.300416666666667], [80.83541666666666, 31.297083333333337], [80.83291666666665, 31.29458333333334], [80.82874999999999, 31.29375], [80.82624999999999, 31.289583333333336], [80.82291666666666, 31.28708333333334], [80.82291666666666, 31.28291666666667], [80.82124999999999, 31.28291666666667], [80.81708333333333, 31.284583333333337], [80.80874999999999, 31.284583333333345], [80.80458333333333, 31.291250000000012], [80.80041666666665, 31.295416666666675], [80.79958333333332, 31.302083333333336], [80.79708333333332, 31.302083333333336], [80.79624999999999, 31.30625], [80.79208333333334, 31.309583333333343], [80.78875, 31.311250000000012], [80.77708333333332, 31.311250000000012], [80.77125, 31.313750000000006], [80.76874999999998, 31.31625], [80.76874999999998, 31.319583333333338], [80.76291666666665, 31.322083333333342], [80.76041666666666, 31.322083333333342], [80.75791666666666, 31.32541666666668], [80.75791666666666, 31.32708333333335], [80.74958333333332, 31.327916666666674], [80.74874999999999, 31.331250000000004], [80.74541666666666, 31.333750000000016], [80.73624999999998, 31.333750000000006], [80.73041666666666, 31.335416666666678], [80.73041666666666, 31.33625000000001], [80.72541666666666, 31.33958333333334], [80.72041666666665, 31.33958333333334], [80.71624999999999, 31.342083333333342], [80.71208333333333, 31.342083333333342], [80.70708333333332, 31.343750000000004], [80.70541666666665, 31.34624999999999], [80.70541666666665, 31.35208333333334], [80.70374999999999, 31.353749999999998], [80.70374999999999, 31.355416666666663], [80.69874999999999, 31.357083333333332], [80.69791666666666, 31.358750000000008], [80.69375, 31.361250000000016], [80.68541666666665, 31.362083333333338], [80.67791666666666, 31.35958333333334], [80.67791666666666, 31.358750000000008], [80.67541666666665, 31.35958333333334], [80.67541666666665, 31.362083333333345], [80.67124999999999, 31.365416666666675], [80.66458333333333, 31.365416666666672], [80.66041666666666, 31.36625], [80.65958333333333, 31.36791666666667], [80.65374999999999, 31.36875000000001], [80.65208333333332, 31.37208333333334], [80.65291666666666, 31.37791666666667], [80.65124999999999, 31.38041666666667], [80.65124999999999, 31.387083333333337], [80.65291666666666, 31.389583333333352], [80.65124999999999, 31.392916666666682], [80.65041666666666, 31.397083333333338], [80.64708333333333, 31.398750000000007], [80.64708333333333, 31.401250000000005], [80.64458333333332, 31.403750000000006], [80.64458333333332, 31.406250000000007], [80.64124999999999, 31.410416666666666], [80.64041666666665, 31.415416666666673], [80.63958333333333, 31.41541666666668], [80.63791666666665, 31.41541666666668], [80.63541666666666, 31.414583333333344], [80.62875, 31.408749999999998], [80.62875, 31.40791666666667], [80.62875, 31.40458333333335], [80.62958333333333, 31.397083333333338], [80.63125, 31.392916666666682], [80.62291666666665, 31.38458333333334], [80.62124999999999, 31.38458333333333], [80.61458333333333, 31.37375000000001], [80.61458333333333, 31.37208333333334], [80.60708333333332, 31.36458333333334], [80.60208333333333, 31.35791666666667], [80.60125, 31.352916666666676], [80.60125, 31.347916666666666], [80.60291666666666, 31.347083333333327], [80.60208333333333, 31.342083333333335], [80.59375, 31.342083333333342], [80.59041666666666, 31.34125], [80.58874999999999, 31.337916666666672], [80.58458333333333, 31.33625000000001], [80.57874999999999, 31.33625000000001], [80.57124999999999, 31.340416666666677], [80.56791666666666, 31.340416666666673], [80.56625, 31.342083333333342], [80.56208333333332, 31.342916666666667], [80.55874999999999, 31.344583333333336], [80.55624999999999, 31.347083333333334], [80.55291666666666, 31.347083333333334], [80.55041666666665, 31.35041666666667], [80.54791666666665, 31.35208333333334], [80.54375, 31.352083333333347], [80.54375, 31.354583333333327], [80.53958333333333, 31.359583333333333], [80.53791666666666, 31.36041666666667], [80.53708333333333, 31.35958333333334], [80.52791666666666, 31.35958333333334], [80.52541666666666, 31.357083333333346], [80.52291666666666, 31.35708333333334], [80.51958333333332, 31.35375], [80.51708333333332, 31.353749999999998], [80.51374999999999, 31.35208333333334], [80.51291666666665, 31.348749999999995], [80.50874999999999, 31.35041666666668], [80.50208333333332, 31.350416666666685], [80.49791666666667, 31.349583333333335], [80.49458333333332, 31.352083333333333], [80.48708333333332, 31.352916666666673], [80.48374999999999, 31.356250000000003], [80.47874999999999, 31.357083333333332], [80.47291666666666, 31.357083333333332], [80.46791666666665, 31.35791666666668], [80.46541666666666, 31.35708333333334], [80.46374999999999, 31.35875], [80.46374999999999, 31.35958333333334], [80.46291666666666, 31.362916666666685], [80.46208333333333, 31.362916666666678], [80.46124999999999, 31.362916666666678], [80.45958333333333, 31.365416666666672], [80.45458333333332, 31.365416666666675], [80.45208333333332, 31.362083333333338], [80.44791666666667, 31.362083333333338], [80.44541666666666, 31.358750000000008], [80.44291666666666, 31.360416666666666], [80.43874999999998, 31.35958333333334], [80.43374999999999, 31.359583333333347], [80.43208333333332, 31.362916666666678], [80.42875, 31.36625], [80.42875, 31.36958333333334], [80.42458333333332, 31.372916666666676], [80.42124999999999, 31.372916666666676], [80.41708333333332, 31.375416666666677], [80.41624999999999, 31.37958333333334], [80.41541666666666, 31.379583333333333], [80.41458333333333, 31.37958333333334], [80.41458333333333, 31.378750000000007], [80.40624999999999, 31.378750000000007], [80.40541666666665, 31.37708333333334], [80.40208333333332, 31.376250000000006], [80.39958333333333, 31.37375000000001], [80.39625, 31.372916666666676], [80.39541666666665, 31.367083333333333], [80.39125, 31.362916666666663], [80.38624999999999, 31.363750000000003], [80.38041666666666, 31.363750000000014], [80.37624999999998, 31.36625], [80.37041666666666, 31.366250000000008], [80.36541666666666, 31.36875000000001], [80.36541666666666, 31.36958333333333], [80.36041666666665, 31.364583333333332], [80.35708333333332, 31.36291666666667], [80.35708333333332, 31.35958333333334], [80.35541666666666, 31.35791666666667], [80.35041666666666, 31.35875], [80.34875, 31.35541666666667], [80.34374999999999, 31.352916666666673], [80.34374999999999, 31.351249999999997], [80.33958333333332, 31.347083333333348], [80.33708333333333, 31.347916666666666], [80.33375, 31.345416666666665], [80.32958333333332, 31.340416666666673], [80.32708333333332, 31.340416666666673], [80.32291666666666, 31.33625000000001], [80.31958333333333, 31.336250000000003], [80.31625, 31.33958333333333], [80.31291666666665, 31.33625000000001], [80.30458333333333, 31.332916666666666], [80.30208333333334, 31.332916666666666], [80.29958333333332, 31.329583333333343], [80.29541666666667, 31.329583333333336], [80.29124999999999, 31.32791666666666], [80.28875, 31.327916666666667], [80.28541666666666, 31.337083333333336], [80.28208333333332, 31.33375000000001], [80.27541666666666, 31.338749999999997], [80.27208333333333, 31.340416666666666], [80.27125, 31.345416666666672], [80.27041666666666, 31.345416666666672], [80.26958333333332, 31.345416666666665], [80.26708333333333, 31.346250000000005], [80.26541666666665, 31.344583333333336], [80.26041666666666, 31.342083333333335], [80.25958333333332, 31.339583333333334], [80.25375, 31.339583333333334], [80.24958333333333, 31.34125], [80.24541666666666, 31.340416666666673], [80.24374999999999, 31.340416666666666], [80.24374999999999, 31.341250000000002], [80.24458333333332, 31.344583333333336], [80.24291666666666, 31.348750000000003], [80.23874999999998, 31.352083333333347], [80.23624999999998, 31.352916666666665], [80.23458333333332, 31.355416666666677], [80.23458333333332, 31.35791666666668], [80.23041666666666, 31.36125000000001], [80.21708333333332, 31.36625], [80.21541666666666, 31.367916666666662], [80.20875, 31.37125], [80.20458333333332, 31.37208333333334], [80.20458333333332, 31.375416666666677], [80.20541666666665, 31.375416666666677], [80.21374999999999, 31.38375], [80.21374999999999, 31.386250000000015], [80.21708333333332, 31.389583333333338], [80.22041666666665, 31.389583333333345], [80.22291666666666, 31.387083333333344], [80.22791666666667, 31.387083333333344], [80.23291666666665, 31.386250000000015], [80.23541666666665, 31.388750000000005], [80.23791666666665, 31.389583333333352], [80.24458333333332, 31.389583333333338], [80.25291666666666, 31.397916666666667], [80.25291666666666, 31.398750000000007], [80.25291666666666, 31.399583333333336], [80.24208333333333, 31.399583333333336], [80.24041666666666, 31.40208333333335], [80.23541666666665, 31.405416666666667], [80.22874999999999, 31.406250000000007], [80.22541666666666, 31.407916666666676], [80.22208333333333, 31.412083333333342], [80.21624999999999, 31.41791666666668], [80.21541666666666, 31.42125000000001], [80.20708333333332, 31.429583333333337], [80.20374999999999, 31.42958333333334], [80.20291666666665, 31.427916666666672], [80.19541666666666, 31.431250000000006], [80.19041666666666, 31.434583333333343], [80.18958333333332, 31.434583333333347], [80.19624999999999, 31.441249999999997], [80.19874999999999, 31.44791666666667], [80.20374999999999, 31.452916666666678], [80.20374999999999, 31.458750000000002], [80.19958333333334, 31.46125000000001], [80.19791666666666, 31.463749999999997], [80.19791666666666, 31.46625000000001], [80.19541666666666, 31.467916666666664], [80.19125, 31.475416666666675], [80.19041666666666, 31.475416666666664], [80.18791666666665, 31.47541666666667], [80.18374999999999, 31.475416666666675], [80.17958333333333, 31.479583333333338], [80.17624999999998, 31.481250000000014], [80.17374999999998, 31.485416666666683], [80.16874999999999, 31.485416666666683], [80.16375, 31.48791666666667], [80.16291666666666, 31.49208333333333], [80.16125, 31.492083333333326], [80.15874999999998, 31.497916666666676], [80.15041666666666, 31.499583333333344], [80.14874999999999, 31.502916666666675], [80.14958333333334, 31.508750000000006], [80.14708333333333, 31.511250000000004], [80.14625, 31.51541666666666], [80.14541666666666, 31.51541666666666], [80.14374999999998, 31.515416666666667], [80.14041666666665, 31.517916666666675], [80.13624999999999, 31.517916666666668], [80.13291666666666, 31.519583333333344], [80.13291666666666, 31.520416666666673], [80.13041666666666, 31.52625000000001], [80.12875, 31.52708333333334], [80.13041666666666, 31.530416666666678], [80.12958333333333, 31.53708333333335], [80.12958333333333, 31.53791666666667], [80.12541666666667, 31.53875000000001], [80.12208333333332, 31.540416666666673], [80.12041666666666, 31.542916666666667], [80.12041666666666, 31.547083333333347], [80.11625, 31.55125000000001], [80.11458333333333, 31.551250000000003], [80.11458333333333, 31.552916666666672], [80.11124999999998, 31.555416666666673], [80.11124999999998, 31.557083333333342], [80.10874999999999, 31.56208333333334], [80.10958333333332, 31.56541666666667], [80.10958333333332, 31.567916666666672], [80.10958333333332, 31.569583333333345], [80.10624999999999, 31.575416666666666], [80.10624999999999, 31.583750000000002], [80.10291666666666, 31.585416666666678], [80.09541666666665, 31.58541666666667], [80.09208333333332, 31.587083333333332], [80.09208333333332, 31.59541666666667], [80.09124999999999, 31.595416666666676], [80.09124999999999, 31.597916666666674], [80.08541666666666, 31.59958333333334], [80.07958333333332, 31.59875], [80.07291666666666, 31.598750000000006], [80.06875, 31.602083333333333], [80.06541666666666, 31.602083333333333], [80.06208333333332, 31.605416666666674], [80.05791666666666, 31.605416666666667], [80.05458333333333, 31.602083333333333], [80.05458333333333, 31.600416666666675], [80.05124999999998, 31.597083333333345], [80.04708333333333, 31.598749999999995], [80.04041666666666, 31.59875], [80.03875, 31.602083333333333], [80.03625, 31.60291666666667], [80.03625, 31.604583333333345], [80.03458333333333, 31.617083333333344], [80.03291666666665, 31.617916666666673], [80.02458333333333, 31.62875000000001], [80.02458333333333, 31.632083333333334], [80.02125, 31.633749999999992], [80.02125, 31.639583333333334], [80.02291666666666, 31.64291666666667], [80.02291666666666, 31.643750000000004], [80.01708333333332, 31.650416666666672], [80.01374999999999, 31.652083333333334], [80.01208333333332, 31.655416666666685], [80.01208333333332, 31.659583333333348], [80.01041666666666, 31.664583333333333], [80.00958333333332, 31.66458333333334], [80.00375000000001, 31.66958333333334], [80.00208333333332, 31.672916666666676], [79.99874999999999, 31.672916666666676], [79.99708333333332, 31.674583333333334], [79.99708333333332, 31.677916666666682], [79.99541666666666, 31.67958333333334], [79.99374999999999, 31.679583333333344], [79.99041666666666, 31.67958333333334], [79.98708333333332, 31.68208333333334], [79.98708333333332, 31.684583333333325], [79.98291666666665, 31.68458333333334], [79.98124999999999, 31.68625], [79.97958333333334, 31.692916666666676], [79.97958333333334, 31.698750000000008], [79.97458333333333, 31.699583333333333], [79.97208333333333, 31.70208333333333], [79.97208333333333, 31.70708333333335], [79.97124999999998, 31.710416666666674], [79.96624999999999, 31.71125], [79.96374999999999, 31.71708333333333], [79.96041666666666, 31.71791666666666], [79.95541666666665, 31.717916666666675], [79.95291666666665, 31.72041666666668], [79.94541666666666, 31.722916666666674], [79.94208333333333, 31.724583333333342], [79.93958333333332, 31.724583333333335], [79.93624999999999, 31.728749999999998], [79.93624999999999, 31.730416666666667], [79.93041666666666, 31.735416666666666], [79.92875, 31.735416666666673], [79.92875, 31.737916666666667], [79.92708333333333, 31.747916666666658], [79.92541666666665, 31.74958333333334], [79.92541666666665, 31.754583333333347], [79.92958333333334, 31.758750000000003], [79.92958333333334, 31.76291666666666], [79.92708333333333, 31.76541666666667], [79.92708333333333, 31.76791666666668], [79.92124999999999, 31.772916666666678], [79.91624999999999, 31.774583333333332], [79.91208333333333, 31.774583333333332], [79.91125, 31.77291666666667], [79.90874999999998, 31.77291666666667], [79.90791666666665, 31.775416666666665], [79.90541666666665, 31.777916666666663], [79.90541666666665, 31.784583333333337], [79.90624999999999, 31.788750000000007], [79.90291666666666, 31.790416666666662], [79.90041666666666, 31.792916666666663], [79.89625, 31.794583333333332], [79.89291666666665, 31.79791666666667], [79.89374999999998, 31.799583333333338], [79.89374999999998, 31.807916666666667], [79.89541666666666, 31.807916666666667], [79.89541666666666, 31.80875], [79.90208333333332, 31.815416666666675], [79.90791666666665, 31.816250000000007], [79.91291666666666, 31.81791666666668], [79.91874999999999, 31.822916666666675], [79.93208333333332, 31.822916666666668], [79.93458333333332, 31.822083333333342], [79.93624999999999, 31.82375], [79.93708333333332, 31.829583333333343], [79.93874999999998, 31.830416666666675], [79.93874999999998, 31.83458333333334], [79.93708333333332, 31.836250000000003], [79.93291666666666, 31.83625000000001], [79.93208333333332, 31.84125000000001], [79.93208333333332, 31.847083333333323], [79.93624999999999, 31.85208333333334], [79.93624999999999, 31.85458333333334], [79.93374999999999, 31.85625000000001], [79.93208333333332, 31.860416666666673], [79.93208333333332, 31.863750000000014], [79.92791666666666, 31.86625], [79.92708333333333, 31.868750000000002], [79.92374999999998, 31.86875000000001], [79.92124999999999, 31.871250000000003], [79.91208333333333, 31.871250000000007], [79.91041666666666, 31.87208333333334], [79.91041666666666, 31.87791666666667], [79.90791666666665, 31.881249999999994], [79.90624999999999, 31.88125], [79.90624999999999, 31.88291666666667], [79.90708333333332, 31.882916666666684], [79.90791666666665, 31.890416666666678], [79.90791666666665, 31.89875], [79.90458333333332, 31.904583333333346], [79.90208333333332, 31.907083333333333], [79.90208333333332, 31.912916666666668], [79.90624999999999, 31.91375], [79.91375, 31.913750000000007], [79.91375, 31.916249999999998], [79.91624999999999, 31.917916666666663], [79.91874999999999, 31.92125], [79.92208333333332, 31.92125], [79.92374999999998, 31.92458333333333], [79.92374999999998, 31.927916666666675], [79.92624999999998, 31.929583333333348], [79.92958333333334, 31.929583333333337], [79.93374999999999, 31.93208333333333], [79.93458333333332, 31.932916666666674], [79.93291666666666, 31.933750000000003], [79.93208333333332, 31.940416666666675], [79.93624999999999, 31.944583333333334], [79.93874999999998, 31.948750000000004], [79.93791666666665, 31.948749999999997], [79.93291666666666, 31.948750000000004], [79.93041666666666, 31.94625], [79.92374999999998, 31.945416666666667], [79.91291666666666, 31.945416666666674], [79.91291666666666, 31.957083333333333], [79.90958333333333, 31.962083333333336], [79.90458333333332, 31.96374999999999], [79.90541666666665, 31.968750000000007], [79.90291666666666, 31.968750000000007], [79.90291666666666, 31.969583333333347], [79.89874999999999, 31.96958333333334], [79.89208333333332, 31.975416666666664], [79.88874999999999, 31.97541666666668], [79.88708333333332, 31.977083333333333], [79.88125, 31.977916666666665], [79.88125, 31.980416666666663], [79.87875, 31.982916666666675], [79.88208333333333, 31.98958333333334], [79.87624999999998, 31.995416666666657], [79.87458333333332, 32.00041666666667], [79.87041666666666, 32.00458333333334], [79.87124999999999, 32.006250000000016], [79.87124999999999, 32.00708333333335], [79.86708333333333, 32.00958333333333], [79.86291666666665, 32.01041666666667], [79.86041666666665, 32.007916666666674], [79.85208333333333, 32.007916666666674], [79.85208333333333, 32.00875], [79.84208333333332, 32.008750000000006], [79.84041666666666, 32.00708333333334], [79.83791666666666, 32.00708333333334], [79.83458333333333, 32.010416666666664], [79.83375000000001, 32.017083333333346], [79.82958333333332, 32.02125000000002], [79.82874999999999, 32.02708333333333], [79.82791666666665, 32.02708333333332], [79.82874999999999, 32.03124999999999], [79.82291666666666, 32.03625000000001], [79.82291666666666, 32.04041666666667], [79.82041666666666, 32.04041666666666], [79.81875, 32.043749999999996], [79.81875, 32.048750000000005], [79.81374999999998, 32.05208333333332], [79.81291666666665, 32.055416666666666], [79.80874999999999, 32.057916666666664], [79.80874999999999, 32.06125], [79.80958333333332, 32.062916666666666], [79.81791666666666, 32.06291666666667], [79.81958333333333, 32.06458333333334], [79.82041666666666, 32.06791666666666], [79.82041666666666, 32.073750000000004], [79.81541666666666, 32.07875], [79.81208333333332, 32.08541666666668], [79.81208333333332, 32.087916666666665], [79.81708333333333, 32.091249999999995], [79.82041666666666, 32.09208333333335], [79.82041666666666, 32.099583333333335], [79.82124999999999, 32.09958333333334], [79.81875, 32.10208333333334], [79.81875, 32.10291666666667], [79.81791666666666, 32.108750000000015], [79.81458333333332, 32.11375], [79.81458333333332, 32.11958333333335], [79.81291666666665, 32.12041666666666], [79.80958333333332, 32.12541666666667], [79.80958333333332, 32.128750000000004], [79.80541666666667, 32.13291666666667], [79.80541666666667, 32.13458333333334], [79.80708333333332, 32.13708333333334], [79.80958333333332, 32.13791666666667], [79.80958333333332, 32.13875], [79.80958333333332, 32.14041666666668], [79.80541666666667, 32.14541666666668], [79.80541666666667, 32.14791666666667], [79.80541666666667, 32.15041666666667], [79.80375, 32.15458333333334], [79.80624999999999, 32.15708333333335], [79.80375, 32.15958333333334], [79.80375, 32.163750000000014], [79.80708333333332, 32.16708333333333], [79.80708333333332, 32.17041666666667], [79.80541666666667, 32.17208333333334], [79.80291666666666, 32.17208333333334], [79.79958333333332, 32.17541666666667], [79.79791666666665, 32.17958333333334], [79.79374999999999, 32.17958333333335], [79.78541666666666, 32.18708333333334], [79.78458333333333, 32.18708333333334], [79.78375000000001, 32.19291666666667], [79.77791666666666, 32.19375000000001], [79.77708333333334, 32.19708333333333], [79.77291666666666, 32.198750000000004], [79.77208333333333, 32.202083333333334], [79.76958333333332, 32.20208333333334], [79.76541666666665, 32.20458333333334], [79.76124999999999, 32.20458333333334], [79.75541666666666, 32.206250000000004], [79.75375, 32.20791666666667], [79.75458333333333, 32.21208333333334], [79.75458333333333, 32.218750000000014], [79.75208333333332, 32.21958333333333], [79.74541666666666, 32.21958333333333], [79.74458333333332, 32.22291666666667], [79.74208333333333, 32.22541666666667], [79.73875, 32.22708333333333], [79.73458333333332, 32.22708333333334], [79.73458333333332, 32.232083333333335], [79.73208333333332, 32.23291666666667], [79.73041666666666, 32.23708333333333], [79.73041666666666, 32.24041666666667], [79.72208333333333, 32.24541666666667], [79.71958333333332, 32.247916666666676], [79.71958333333332, 32.25208333333334], [79.71374999999999, 32.25791666666667], [79.69458333333333, 32.257916666666674], [79.68624999999999, 32.26375], [79.67625, 32.26375], [79.67291666666665, 32.266250000000014], [79.66708333333332, 32.266250000000014], [79.66291666666666, 32.27125], [79.66208333333333, 32.27125], [79.66041666666666, 32.280416666666675], [79.65958333333334, 32.280416666666675], [79.66041666666666, 32.28541666666668], [79.65875, 32.28958333333334], [79.65624999999999, 32.29041666666666], [79.65208333333332, 32.293749999999996], [79.65208333333332, 32.29541666666667], [79.64874999999999, 32.29875], [79.64458333333332, 32.30041666666667], [79.64041666666665, 32.30041666666667], [79.63541666666666, 32.30458333333333], [79.63541666666666, 32.30625], [79.63874999999999, 32.309583333333336], [79.64374999999998, 32.31125000000001], [79.65041666666666, 32.31708333333333], [79.65124999999999, 32.320416666666674], [79.65541666666665, 32.32458333333333], [79.65541666666665, 32.33041666666667], [79.65958333333334, 32.33458333333334], [79.66041666666666, 32.33458333333334], [79.66041666666666, 32.33791666666667], [79.66208333333333, 32.34041666666668], [79.66208333333333, 32.34708333333333], [79.66208333333333, 32.34791666666667], [79.65875, 32.350416666666675], [79.65624999999999, 32.35041666666668], [79.65291666666667, 32.353750000000005], [79.65124999999999, 32.35375000000001], [79.65124999999999, 32.35458333333332], [79.64708333333333, 32.35208333333334], [79.64708333333333, 32.34125], [79.64124999999999, 32.34125], [79.63791666666665, 32.342916666666675], [79.63624999999999, 32.34625], [79.63125, 32.349583333333335], [79.62708333333332, 32.34958333333335], [79.62208333333332, 32.35125000000001], [79.62124999999999, 32.35291666666667], [79.61541666666666, 32.353750000000005], [79.61124999999998, 32.35541666666667], [79.60791666666665, 32.358750000000015], [79.60541666666666, 32.357083333333335], [79.60125, 32.35708333333333], [79.59791666666666, 32.36041666666666], [79.59791666666666, 32.36125], [79.59625, 32.36125000000001], [79.59208333333332, 32.35958333333334], [79.58624999999999, 32.35958333333333], [79.58541666666667, 32.357083333333335], [79.58208333333332, 32.35458333333333], [79.57708333333332, 32.35541666666668], [79.57374999999999, 32.35791666666667], [79.57208333333332, 32.36291666666667], [79.56708333333333, 32.36291666666667], [79.56625, 32.36041666666667], [79.56458333333332, 32.360416666666666], [79.56291666666665, 32.36291666666666], [79.55958333333332, 32.36458333333334], [79.56041666666665, 32.36791666666667], [79.55791666666666, 32.37041666666668], [79.55291666666666, 32.370416666666664], [79.54958333333332, 32.37291666666667], [79.54874999999998, 32.37708333333334], [79.54374999999999, 32.37875], [79.54291666666666, 32.38125000000001], [79.54291666666666, 32.38791666666666], [79.54041666666666, 32.38875], [79.53875, 32.392916666666665], [79.53541666666668, 32.396250000000016], [79.53124999999999, 32.39625], [79.52875, 32.39791666666667], [79.52541666666666, 32.397916666666674], [79.52041666666666, 32.40291666666666], [79.52041666666666, 32.40375], [79.51791666666665, 32.40375], [79.51458333333332, 32.40041666666667], [79.50874999999999, 32.40041666666668], [79.50458333333333, 32.402916666666655], [79.50458333333333, 32.41208333333334], [79.50208333333332, 32.41375000000001], [79.50208333333332, 32.41791666666667], [79.49791666666665, 32.42208333333334], [79.49791666666665, 32.43041666666667], [79.49458333333332, 32.43458333333333], [79.49041666666666, 32.43541666666667], [79.48708333333332, 32.44125], [79.48458333333332, 32.44208333333333], [79.48208333333332, 32.444583333333334], [79.48208333333332, 32.44791666666667], [79.48458333333332, 32.45125000000001], [79.48458333333332, 32.45374999999999], [79.48791666666665, 32.45791666666667], [79.48791666666665, 32.46458333333333], [79.49458333333332, 32.473749999999995], [79.49374999999999, 32.47708333333334], [79.49374999999999, 32.48458333333334], [79.49708333333332, 32.486250000000005], [79.49958333333332, 32.488749999999996], [79.49958333333332, 32.48958333333334], [79.49958333333332, 32.49041666666667], [79.49791666666665, 32.49125000000001], [79.49708333333332, 32.49458333333333], [79.48958333333334, 32.49458333333334], [79.48875, 32.49791666666666], [79.48374999999999, 32.49791666666667], [79.48041666666666, 32.501250000000006], [79.48041666666666, 32.502916666666664], [79.47541666666666, 32.502916666666664], [79.47125, 32.502083333333346], [79.46458333333332, 32.50541666666667], [79.46041666666666, 32.505416666666676], [79.46041666666666, 32.50375000000001], [79.45624999999998, 32.50041666666667], [79.45208333333332, 32.50041666666667], [79.44708333333332, 32.505416666666676], [79.43874999999998, 32.507916666666674], [79.43208333333332, 32.51208333333333], [79.42791666666666, 32.51208333333333], [79.42374999999998, 32.514583333333334], [79.41791666666666, 32.51708333333334], [79.41375, 32.51958333333333], [79.41375, 32.52041666666667], [79.41125000000001, 32.518750000000004], [79.40624999999999, 32.51875], [79.40291666666666, 32.52125000000001], [79.40291666666666, 32.522916666666674], [79.39708333333333, 32.52458333333334], [79.39208333333332, 32.52458333333333], [79.38958333333332, 32.52541666666667], [79.38374999999999, 32.52541666666667], [79.38291666666666, 32.52708333333333], [79.37875, 32.52791666666666], [79.37541666666665, 32.529583333333335], [79.37041666666666, 32.529583333333335], [79.36791666666666, 32.53208333333335], [79.36124999999998, 32.53208333333334], [79.35958333333332, 32.528749999999995], [79.35708333333332, 32.52624999999999], [79.35541666666666, 32.52624999999999], [79.35041666666666, 32.52791666666666], [79.34791666666666, 32.53208333333334], [79.34291666666665, 32.53458333333332], [79.33958333333332, 32.53791666666667], [79.33541666666666, 32.53958333333333], [79.33375, 32.542083333333345], [79.33375, 32.54874999999999], [79.33541666666666, 32.55041666666667], [79.33958333333332, 32.55208333333334], [79.33958333333332, 32.55458333333333], [79.33375, 32.557916666666664], [79.33375, 32.562083333333334], [79.33124999999998, 32.56458333333333], [79.33124999999998, 32.565416666666664], [79.32541666666665, 32.56291666666667], [79.32541666666665, 32.56041666666666], [79.32208333333332, 32.55875], [79.31208333333332, 32.55875000000001], [79.31041666666665, 32.559583333333336], [79.30791666666666, 32.55708333333334], [79.30791666666666, 32.55041666666668], [79.30458333333333, 32.55041666666667], [79.30375, 32.547916666666666], [79.29958333333332, 32.54625000000001], [79.29958333333332, 32.54291666666667], [79.29541666666665, 32.54125000000001], [79.29208333333332, 32.538750000000014], [79.28958333333333, 32.541250000000005], [79.28875, 32.54375], [79.28541666666666, 32.543749999999996], [79.28291666666665, 32.54625000000001], [79.28291666666665, 32.55125], [79.28041666666667, 32.55208333333334], [79.27624999999999, 32.55541666666668], [79.27624999999999, 32.553750000000015], [79.27458333333333, 32.55041666666668], [79.27041666666666, 32.54625], [79.26791666666665, 32.537916666666675], [79.26374999999999, 32.53625], [79.25874999999999, 32.53625], [79.25708333333333, 32.53708333333335], [79.25375, 32.53208333333334], [79.25375, 32.52791666666668], [79.25291666666666, 32.52791666666667], [79.25124999999998, 32.52625], [79.25208333333333, 32.521250000000016], [79.24708333333332, 32.51708333333334], [79.23958333333333, 32.517083333333325], [79.23708333333332, 32.518750000000004], [79.23208333333332, 32.51958333333333], [79.22375, 32.52375], [79.22375, 32.522916666666674], [79.22208333333333, 32.521250000000016], [79.22125, 32.516250000000014], [79.22125, 32.50958333333334], [79.21041666666666, 32.511250000000004], [79.20791666666666, 32.50958333333334], [79.20458333333332, 32.510416666666664], [79.20291666666665, 32.51041666666665], [79.20124999999999, 32.51208333333334], [79.20124999999999, 32.51125], [79.19375, 32.51541666666667], [79.18958333333333, 32.515416666666674], [79.18708333333332, 32.51291666666667], [79.18291666666666, 32.51208333333332], [79.18291666666666, 32.50375], [79.17708333333333, 32.502916666666664], [79.17291666666665, 32.49875], [79.16958333333332, 32.497083333333336], [79.16791666666666, 32.49458333333333], [79.16208333333333, 32.49458333333334], [79.16041666666666, 32.49625], [79.15958333333333, 32.496249999999996], [79.15875, 32.49625000000001], [79.15625, 32.495416666666664], [79.15374999999999, 32.49125], [79.15374999999999, 32.48958333333334], [79.15041666666666, 32.48708333333334], [79.15041666666666, 32.48208333333332], [79.14958333333333, 32.48208333333333], [79.14625, 32.478750000000005], [79.14291666666665, 32.47791666666666], [79.14124999999999, 32.47958333333334], [79.13374999999999, 32.47958333333334], [79.13041666666666, 32.481249999999996], [79.12958333333333, 32.47458333333334], [79.13208333333333, 32.46875], [79.12875, 32.46458333333332], [79.12791666666666, 32.46125000000001], [79.12624999999998, 32.46125000000001], [79.12208333333332, 32.45958333333334], [79.11958333333332, 32.45708333333334], [79.11874999999999, 32.45458333333333], [79.11791666666666, 32.454583333333346], [79.11958333333332, 32.45125], [79.12041666666666, 32.44708333333334], [79.11791666666666, 32.44208333333333], [79.11708333333334, 32.43791666666667], [79.12208333333332, 32.43541666666667], [79.12291666666665, 32.42875], [79.12541666666665, 32.42458333333333], [79.12541666666665, 32.418749999999996], [79.12124999999999, 32.41791666666668], [79.11375, 32.41791666666668], [79.11208333333332, 32.41541666666667], [79.11291666666665, 32.41125000000001], [79.10791666666665, 32.40958333333333], [79.10541666666666, 32.40708333333333], [79.10541666666666, 32.40291666666667], [79.10374999999999, 32.40208333333334], [79.10041666666666, 32.39625000000001], [79.10041666666666, 32.39375000000001], [79.10541666666666, 32.390416666666674], [79.10208333333333, 32.386250000000004], [79.10291666666666, 32.383750000000006], [79.10291666666666, 32.377916666666664], [79.10458333333332, 32.37708333333333], [79.10458333333332, 32.37375000000001], [79.10208333333333, 32.371249999999996], [79.09875, 32.370416666666664], [79.09875, 32.36958333333333], [79.09458333333332, 32.37041666666667], [79.09208333333332, 32.372083333333336], [79.08708333333333, 32.372083333333336], [79.08291666666666, 32.376250000000006], [79.08208333333333, 32.37958333333334], [79.07624999999999, 32.38041666666667], [79.07291666666666, 32.38375], [79.06625, 32.38458333333334], [79.06458333333333, 32.38625], [79.05708333333332, 32.38708333333334], [79.05375, 32.38458333333334], [79.04791666666665, 32.38291666666668], [79.03541666666666, 32.38291666666668], [79.03375, 32.38125000000001], [79.02791666666666, 32.380416666666676], [79.02374999999999, 32.38375], [79.02125, 32.383750000000006], [79.01791666666665, 32.382083333333334], [79.01791666666665, 32.380416666666676], [79.01208333333332, 32.38041666666667], [79.00708333333333, 32.37458333333333], [78.99874999999999, 32.374583333333334], [78.99041666666666, 32.37125], [78.98958333333333, 32.36875000000001], [78.98708333333332, 32.36625], [78.98708333333332, 32.363749999999996], [78.98458333333332, 32.361250000000005], [78.97625, 32.34458333333334], [78.97375, 32.34125], [78.97291666666666, 32.33791666666667], [78.96874999999999, 32.33541666666667], [78.96708333333332, 32.33541666666667], [78.96041666666666, 32.341249999999995], [78.95791666666666, 32.34125], [78.95624999999998, 32.34458333333335], [78.95291666666665, 32.34791666666667], [78.94874999999999, 32.34875], [78.94458333333333, 32.35291666666668], [78.93958333333333, 32.35458333333333], [78.93958333333333, 32.357083333333335], [78.93708333333332, 32.359583333333326], [78.93124999999999, 32.35958333333334], [78.93041666666666, 32.36291666666667], [78.92625, 32.36375000000001], [78.92041666666665, 32.36625], [78.91708333333332, 32.36625], [78.91541666666666, 32.36791666666667], [78.91291666666666, 32.36791666666667], [78.91125, 32.37124999999999], [78.90708333333332, 32.372083333333336], [78.90624999999999, 32.378750000000004], [78.90208333333332, 32.38041666666667], [78.90208333333332, 32.386250000000004], [78.90458333333332, 32.38875], [78.90541666666665, 32.38875000000001], [78.90374999999999, 32.39208333333334], [78.90124999999999, 32.394583333333344], [78.89541666666666, 32.39458333333334], [78.89541666666666, 32.39708333333335], [78.89374999999998, 32.39958333333334], [78.88874999999999, 32.39958333333333], [78.88624999999999, 32.397916666666674], [78.88125, 32.39791666666667], [78.87958333333333, 32.400416666666665], [78.87624999999998, 32.401250000000005], [78.87374999999999, 32.40708333333333], [78.87208333333332, 32.40791666666667], [78.87124999999999, 32.41125000000001], [78.86958333333332, 32.41291666666667], [78.85874999999999, 32.412916666666675], [78.85708333333332, 32.41458333333334], [78.85291666666666, 32.41291666666668], [78.84708333333334, 32.41291666666667], [78.84374999999999, 32.41125], [78.84374999999999, 32.41041666666668], [78.83958333333332, 32.41208333333335], [78.83708333333333, 32.41458333333333], [78.83541666666666, 32.41458333333334], [78.83291666666666, 32.41708333333334], [78.83291666666666, 32.426249999999996], [78.83124999999998, 32.427916666666675], [78.82541666666665, 32.427916666666675], [78.81958333333333, 32.431250000000006], [78.81625, 32.431250000000006], [78.80958333333332, 32.43791666666668], [78.80874999999999, 32.437916666666666], [78.80791666666666, 32.44125], [78.80624999999999, 32.44208333333334], [78.80624999999999, 32.44958333333333], [78.80375, 32.452083333333334], [78.80208333333333, 32.455416666666665], [78.80208333333333, 32.46041666666667], [78.79791666666665, 32.463750000000005], [78.79791666666665, 32.47041666666667], [78.79624999999999, 32.47125], [78.79624999999999, 32.47458333333334], [78.79291666666666, 32.47625000000001], [78.78958333333333, 32.47625000000001], [78.78458333333333, 32.47791666666667], [78.78124999999999, 32.481249999999996], [78.78041666666665, 32.486250000000005], [78.78041666666665, 32.48875], [78.77874999999999, 32.49208333333334], [78.77958333333332, 32.49958333333334], [78.77958333333332, 32.50791666666667], [78.77874999999999, 32.51375000000001], [78.78041666666665, 32.516250000000014], [78.77125, 32.52458333333333], [78.77041666666666, 32.52458333333334], [78.77041666666666, 32.52875], [78.76791666666665, 32.530416666666675], [78.76791666666665, 32.53708333333335], [78.77125, 32.540416666666665], [78.76374999999999, 32.54791666666665], [78.76291666666665, 32.55291666666667], [78.76041666666666, 32.55541666666668], [78.76041666666666, 32.55708333333334], [78.76124999999999, 32.55958333333334], [78.75791666666666, 32.56708333333333], [78.75958333333332, 32.56958333333334], [78.75958333333332, 32.57208333333335], [78.76208333333332, 32.57375], [78.76208333333332, 32.57875000000001], [78.76958333333333, 32.58125], [78.77291666666666, 32.584583333333335], [78.77458333333333, 32.584583333333335], [78.77458333333333, 32.59041666666666], [78.77708333333332, 32.592083333333335], [78.77791666666666, 32.596250000000005], [78.77791666666666, 32.60791666666667], [78.78041666666665, 32.61041666666667], [78.78041666666665, 32.613749999999996], [78.78208333333332, 32.61625000000001], [78.78124999999999, 32.616250000000015], [78.77874999999999, 32.61791666666667], [78.77541666666666, 32.61791666666667], [78.77208333333333, 32.62291666666667], [78.77125, 32.62958333333332], [78.76624999999999, 32.633750000000006], [78.75625, 32.63875], [78.75291666666666, 32.642083333333346], [78.75208333333333, 32.64208333333334], [78.75208333333333, 32.64625000000001], [78.74958333333332, 32.64708333333334], [78.74208333333333, 32.655416666666675], [78.74041666666666, 32.66041666666667], [78.74125, 32.66375000000001], [78.74458333333334, 32.66791666666666], [78.74458333333334, 32.67291666666668], [78.74624999999999, 32.67875000000001], [78.74958333333332, 32.68541666666667], [78.74958333333332, 32.68625000000001], [78.74958333333332, 32.68791666666667], [78.74541666666666, 32.692083333333336], [78.74291666666666, 32.692083333333336], [78.74041666666666, 32.694583333333334], [78.73958333333333, 32.694583333333334], [78.74041666666666, 32.69708333333334], [78.74374999999999, 32.69875], [78.74374999999999, 32.69958333333333], [78.73208333333332, 32.70958333333334], [78.72791666666666, 32.708750000000016], [78.72625, 32.70875000000001], [78.72375, 32.71208333333333], [78.71874999999999, 32.71541666666667], [78.71374999999999, 32.71625], [78.71208333333333, 32.717916666666675], [78.71124999999999, 32.71791666666667], [78.71124999999999, 32.72958333333333], [78.71208333333333, 32.732083333333335], [78.71041666666666, 32.735416666666666], [78.70624999999998, 32.73541666666667], [78.70958333333333, 32.74125000000001], [78.70958333333333, 32.74791666666666], [78.71124999999999, 32.74958333333335], [78.71041666666666, 32.75625000000001], [78.70958333333333, 32.75625], [78.70958333333333, 32.75708333333334], [78.70124999999999, 32.75958333333334], [78.69791666666666, 32.76125], [78.69291666666666, 32.76125], [78.69291666666666, 32.76541666666667], [78.68708333333332, 32.77291666666667], [78.67875, 32.78125], [78.67875, 32.783750000000005], [78.67625, 32.78541666666667], [78.67625, 32.791250000000005], [78.67208333333332, 32.79625], [78.67208333333332, 32.797916666666666], [78.67541666666666, 32.80041666666667], [78.67458333333332, 32.80958333333333], [78.67625, 32.812083333333334], [78.67708333333333, 32.817916666666676], [78.67791666666666, 32.81875000000001], [78.67875, 32.81875000000001], [78.67958333333333, 32.821250000000006], [78.67958333333333, 32.82708333333334], [78.67708333333333, 32.82958333333334], [78.67791666666666, 32.83208333333334], [78.67791666666666, 32.838750000000005], [78.68041666666666, 32.84125000000001], [78.68041666666666, 32.84458333333335], [78.67791666666666, 32.84541666666667], [78.66874999999999, 32.84541666666667], [78.66291666666666, 32.84458333333334], [78.66125, 32.84625], [78.65708333333332, 32.84791666666666], [78.65374999999999, 32.84791666666667], [78.65208333333332, 32.85291666666666], [78.65291666666666, 32.86041666666666], [78.65124999999999, 32.87041666666667], [78.65124999999999, 32.877916666666664], [78.65291666666666, 32.88125], [78.65291666666666, 32.88208333333333], [78.65291666666666, 32.882916666666674], [78.64958333333333, 32.88208333333334], [78.63874999999999, 32.87125000000001], [78.63208333333333, 32.87041666666668], [78.62624999999998, 32.87041666666666], [78.62458333333332, 32.868750000000006], [78.61458333333333, 32.86875], [78.61458333333333, 32.867916666666666], [78.60541666666666, 32.867916666666666], [78.60291666666666, 32.864583333333336], [78.59541666666667, 32.865416666666675], [78.59458333333332, 32.865416666666675], [78.59124999999999, 32.865416666666675], [78.58874999999999, 32.86708333333333], [78.58541666666666, 32.86708333333335], [78.57874999999999, 32.86041666666667], [78.57874999999999, 32.861250000000005], [78.57291666666666, 32.862083333333324], [78.57208333333332, 32.865416666666675], [78.56875, 32.868750000000006], [78.56541666666666, 32.869583333333345], [78.56458333333333, 32.87125], [78.55791666666666, 32.876250000000006], [78.55375, 32.87625000000001], [78.54374999999999, 32.87791666666667], [78.53625, 32.880416666666676], [78.53124999999999, 32.880416666666676], [78.52708333333332, 32.88458333333333], [78.52374999999999, 32.88541666666667], [78.52708333333332, 32.88875000000001], [78.52791666666666, 32.89125000000001], [78.52791666666666, 32.897916666666674], [78.52541666666666, 32.90291666666667], [78.52541666666666, 32.90541666666668], [78.52374999999999, 32.90791666666667], [78.51458333333332, 32.91708333333333], [78.51208333333332, 32.916250000000005], [78.50708333333333, 32.916250000000005], [78.50208333333333, 32.92041666666667], [78.50208333333333, 32.92125], [78.50041666666665, 32.91958333333333], [78.49708333333332, 32.92125000000001], [78.49374999999999, 32.92125000000001], [78.49208333333333, 32.92291666666667], [78.48541666666665, 32.92291666666667], [78.48458333333332, 32.92458333333333], [78.47874999999999, 32.92458333333335], [78.47791666666666, 32.926249999999996], [78.47041666666667, 32.92625000000001], [78.46708333333332, 32.92875000000001], [78.46124999999999, 32.92958333333334], [78.45708333333333, 32.932916666666664], [78.45708333333333, 32.93958333333334], [78.45958333333333, 32.94208333333333], [78.45624999999998, 32.945416666666674], [78.45458333333332, 32.94875], [78.45374999999999, 32.95291666666668], [78.44625, 32.96041666666667], [78.45208333333332, 32.960416666666674], [78.45624999999998, 32.96208333333333], [78.45958333333333, 32.96541666666667], [78.45958333333333, 32.97625], [78.45791666666666, 32.97708333333333], [78.45875, 32.98041666666666], [78.46291666666666, 32.98541666666666], [78.46958333333332, 32.99208333333333], [78.47125, 32.99458333333334], [78.47874999999999, 32.99541666666668], [78.48041666666666, 32.99541666666668], [78.48041666666666, 32.99624999999998], [78.47291666666666, 33.00375], [78.47041666666667, 33.00375], [78.46708333333332, 33.00625000000001], [78.46791666666667, 33.01125000000001], [78.46458333333332, 33.01458333333334], [78.46708333333332, 33.01458333333335], [78.46791666666667, 33.01458333333334], [78.47625, 33.02291666666668], [78.47458333333334, 33.02625], [78.47541666666666, 33.02875], [78.47541666666666, 33.03458333333334], [78.47291666666666, 33.038750000000014], [78.46708333333332, 33.04208333333333], [78.46708333333332, 33.04708333333335], [78.47041666666667, 33.048750000000005], [78.48041666666666, 33.048750000000005], [78.48208333333332, 33.05124999999999], [78.48458333333332, 33.052083333333336], [78.49041666666666, 33.05208333333333], [78.49208333333333, 33.05291666666668], [78.49374999999999, 33.062083333333334], [78.49125, 33.066250000000004], [78.49125, 33.07208333333333], [78.48791666666666, 33.07541666666667], [78.48708333333332, 33.078750000000014], [78.48458333333332, 33.080416666666665], [78.48041666666666, 33.08124999999999], [78.48041666666666, 33.08291666666666], [78.47625, 33.08708333333334], [78.47208333333333, 33.08708333333334], [78.46958333333332, 33.08958333333334], [78.46374999999999, 33.08958333333334], [78.46208333333333, 33.099583333333335], [78.46208333333333, 33.100416666666675], [78.46041666666666, 33.100416666666675], [78.45541666666665, 33.09791666666668], [78.45208333333332, 33.09708333333333], [78.44541666666666, 33.09708333333333], [78.44291666666666, 33.10041666666667], [78.43541666666665, 33.100416666666675], [78.43374999999999, 33.09708333333334], [78.43374999999999, 33.09375000000001], [78.43208333333332, 33.091249999999995], [78.42708333333333, 33.08958333333334], [78.42208333333332, 33.085416666666674], [78.41125, 33.08541666666667], [78.40708333333332, 33.09041666666667], [78.39874999999999, 33.09458333333333], [78.39541666666666, 33.09458333333333], [78.39291666666665, 33.09708333333334], [78.38374999999999, 33.09708333333334], [78.38041666666666, 33.100416666666675], [78.37708333333333, 33.10208333333333], [78.36458333333333, 33.10208333333334], [78.36458333333333, 33.10291666666668], [78.36291666666666, 33.106249999999996], [78.36458333333333, 33.10791666666666], [78.36458333333333, 33.11125], [78.36291666666666, 33.11291666666667], [78.36291666666666, 33.11791666666667], [78.36041666666665, 33.11958333333333], [78.36291666666666, 33.12291666666666], [78.36541666666666, 33.12458333333334], [78.36541666666666, 33.13125000000001], [78.36708333333333, 33.13375], [78.36458333333333, 33.13625], [78.36541666666666, 33.139583333333334], [78.36124999999998, 33.143750000000004], [78.35541666666666, 33.14375000000001], [78.35291666666666, 33.14708333333334], [78.34875, 33.14541666666667], [78.34458333333332, 33.14125000000001], [78.33708333333333, 33.13958333333334], [78.33124999999998, 33.13708333333334], [78.32624999999999, 33.13708333333334], [78.32291666666666, 33.13791666666667], [78.30624999999999, 33.137916666666676], [78.29708333333332, 33.14041666666668], [78.29208333333332, 33.14541666666666], [78.28958333333333, 33.143750000000004], [78.28791666666666, 33.14375000000001], [78.28708333333333, 33.14375], [78.28458333333333, 33.14541666666666], [78.28208333333332, 33.13958333333335], [78.27874999999999, 33.139583333333334], [78.27791666666666, 33.14291666666667], [78.27458333333333, 33.143750000000004], [78.27208333333334, 33.14625000000001], [78.26958333333333, 33.14625000000001], [78.26874999999998, 33.14291666666668], [78.26374999999999, 33.14125000000001], [78.26208333333332, 33.143750000000004], [78.25708333333333, 33.143750000000004], [78.25458333333333, 33.14458333333333], [78.24958333333332, 33.141250000000014], [78.24041666666666, 33.14125000000001], [78.23875, 33.139583333333334], [78.23291666666665, 33.13958333333334], [78.22874999999999, 33.138749999999995], [78.21958333333333, 33.12958333333333], [78.21791666666665, 33.12375], [78.21291666666666, 33.12458333333335], [78.20624999999998, 33.12375], [78.20124999999999, 33.128750000000004], [78.20041666666665, 33.13291666666667], [78.19291666666666, 33.13291666666667], [78.19125, 33.13375], [78.18708333333332, 33.12958333333334], [78.17791666666666, 33.13791666666666], [78.17374999999998, 33.137916666666655], [78.17374999999998, 33.13958333333334], [78.17291666666665, 33.14291666666667], [78.17041666666665, 33.14458333333334], [78.17041666666665, 33.14875], [78.16874999999999, 33.150416666666665], [78.16874999999999, 33.154583333333335], [78.17124999999999, 33.15625], [78.16541666666666, 33.162083333333335], [78.16624999999999, 33.16791666666667], [78.16541666666666, 33.17375], [78.16375, 33.17875000000001], [78.16208333333333, 33.181250000000006], [78.15624999999999, 33.18125], [78.15374999999999, 33.18208333333333], [78.14958333333333, 33.186250000000015], [78.14041666666665, 33.190416666666664], [78.13791666666665, 33.18791666666668], [78.13458333333332, 33.181250000000006], [78.13208333333333, 33.18208333333334], [78.11791666666666, 33.18208333333333], [78.11791666666666, 33.18375], [78.11708333333333, 33.191250000000004], [78.12041666666666, 33.19291666666666], [78.12041666666666, 33.20541666666667], [78.12124999999999, 33.20875000000001], [78.12041666666666, 33.21208333333333], [78.12375, 33.21541666666666], [78.12291666666665, 33.22208333333333], [78.12791666666666, 33.22208333333333], [78.13125, 33.22625000000001], [78.13208333333333, 33.23291666666666], [78.13291666666666, 33.23291666666667], [78.13374999999999, 33.235416666666666], [78.13791666666665, 33.23458333333334], [78.14041666666665, 33.23625], [78.14375, 33.23625], [78.14541666666666, 33.238749999999996], [78.15208333333332, 33.23875], [78.15458333333332, 33.24208333333334], [78.16125, 33.24125], [78.16541666666666, 33.24541666666668], [78.16624999999999, 33.249583333333334], [78.19291666666666, 33.276250000000005], [78.19291666666666, 33.28041666666668], [78.19458333333333, 33.28125000000001], [78.18958333333333, 33.28625], [78.19125, 33.290416666666665], [78.19458333333333, 33.29375], [78.19958333333332, 33.29625], [78.20041666666665, 33.30208333333334], [78.20124999999999, 33.302083333333336], [78.19791666666667, 33.309583333333336], [78.19375, 33.31291666666667], [78.18374999999999, 33.31291666666667], [78.18291666666666, 33.316250000000004], [78.17708333333333, 33.320416666666674], [78.17458333333332, 33.320416666666674], [78.17374999999998, 33.32041666666667], [78.16874999999999, 33.316250000000004], [78.16041666666666, 33.31625], [78.15875, 33.31791666666667], [78.15791666666667, 33.32291666666667], [78.15458333333332, 33.32291666666668], [78.14791666666667, 33.328750000000014], [78.14291666666665, 33.329583333333346], [78.14041666666665, 33.333749999999995], [78.13708333333332, 33.33375000000001], [78.13374999999999, 33.33208333333333], [78.12375, 33.33208333333333], [78.12124999999999, 33.330416666666665], [78.11708333333333, 33.32958333333334], [78.10791666666665, 33.32958333333334], [78.10791666666665, 33.328750000000014], [78.10624999999999, 33.32875000000001], [78.10374999999999, 33.33208333333334], [78.10374999999999, 33.33791666666667], [78.10125, 33.339583333333344], [78.09958333333333, 33.34375000000001], [78.09958333333333, 33.34791666666667], [78.09708333333333, 33.34958333333334], [78.09374999999999, 33.34958333333333], [78.08958333333332, 33.35291666666668], [78.08708333333333, 33.35291666666667], [78.08458333333333, 33.35541666666668], [78.08041666666665, 33.356249999999996], [78.08041666666665, 33.35791666666667], [78.07458333333332, 33.36208333333334], [78.06458333333333, 33.37125000000001], [78.06458333333333, 33.374583333333334], [78.07041666666666, 33.379583333333336], [78.07041666666666, 33.38875], [78.07458333333332, 33.39125000000001], [78.07708333333332, 33.393750000000004], [78.07624999999999, 33.40125000000001], [78.07874999999999, 33.40375], [78.07958333333332, 33.40625], [78.08291666666666, 33.40791666666666], [78.09041666666666, 33.408750000000005], [78.10125, 33.408750000000005], [78.10541666666666, 33.41125], [78.10708333333332, 33.411249999999995], [78.10208333333334, 33.41625000000001], [78.09708333333333, 33.422083333333326], [78.09708333333333, 33.42541666666667], [78.08624999999999, 33.436249999999994], [78.08291666666666, 33.436249999999994], [78.08208333333333, 33.43875000000001], [78.07624999999999, 33.43541666666666], [78.07291666666666, 33.434583333333336], [78.06791666666666, 33.43458333333334], [78.06541666666666, 33.43375], [78.06375, 33.43541666666667], [78.06041666666665, 33.43541666666666], [78.05708333333332, 33.43875000000001], [78.05458333333333, 33.43875000000001], [78.05208333333334, 33.441250000000004], [78.04708333333332, 33.442083333333336], [78.04708333333332, 33.442916666666676], [78.04541666666667, 33.44375000000001], [78.04541666666667, 33.44708333333334], [78.04208333333332, 33.448750000000004], [78.04208333333332, 33.450416666666676], [78.04208333333332, 33.451249999999995], [78.03708333333333, 33.45375], [78.03124999999999, 33.459583333333335], [78.02958333333332, 33.459583333333335], [78.02874999999999, 33.46458333333333], [78.02624999999999, 33.467916666666675], [78.02624999999999, 33.47458333333334], [78.02375, 33.47958333333334], [78.01875, 33.48458333333332], [78.01791666666665, 33.48458333333333], [78.01374999999999, 33.48458333333333], [78.01124999999999, 33.48708333333334], [78.00791666666666, 33.48875], [78.00458333333333, 33.48875], [78.00041666666665, 33.49208333333333], [77.99874999999999, 33.492083333333326], [77.99791666666665, 33.49208333333334], [77.98791666666666, 33.482083333333335], [77.98624999999998, 33.48125], [77.98624999999998, 33.46958333333335], [77.98541666666665, 33.467916666666675], [77.98041666666666, 33.467083333333335], [77.97708333333333, 33.47041666666667], [77.97375, 33.470416666666665], [77.96958333333332, 33.467916666666675], [77.95875, 33.46791666666667], [77.95791666666666, 33.466249999999995], [77.95625000000001, 33.466249999999995], [77.95625000000001, 33.467916666666675], [77.95291666666665, 33.47208333333333], [77.94958333333334, 33.47458333333333], [77.94125, 33.47125], [77.93708333333332, 33.46708333333333], [77.93124999999999, 33.46541666666668], [77.93124999999999, 33.46208333333334], [77.93291666666666, 33.46208333333334], [77.93958333333333, 33.45625000000002], [77.93958333333333, 33.44708333333334], [77.93291666666666, 33.439583333333346], [77.93291666666666, 33.43541666666666], [77.93458333333332, 33.433749999999996], [77.93458333333332, 33.428750000000015], [77.93208333333332, 33.427083333333336], [77.93124999999999, 33.42041666666666], [77.93374999999999, 33.41791666666667], [77.93458333333332, 33.41791666666667], [77.93041666666666, 33.41375000000001], [77.92541666666666, 33.41125], [77.92374999999998, 33.40791666666667], [77.91958333333332, 33.403749999999995], [77.91874999999999, 33.40125], [77.91291666666666, 33.39541666666666], [77.90708333333332, 33.39458333333333], [77.90124999999999, 33.38875], [77.90124999999999, 33.38791666666667], [77.89208333333332, 33.38791666666667], [77.89041666666665, 33.38958333333335], [77.88374999999999, 33.38958333333334], [77.87958333333333, 33.38791666666667], [77.86791666666666, 33.38791666666667], [77.86708333333333, 33.388749999999995], [77.86708333333333, 33.38708333333334], [77.86041666666665, 33.37875], [77.85958333333332, 33.37541666666667], [77.85375, 33.369583333333345], [77.85208333333333, 33.36958333333334], [77.84875, 33.36625000000001], [77.84875, 33.36291666666667], [77.84875, 33.35875000000001], [77.85458333333332, 33.35208333333334], [77.85458333333332, 33.34791666666666], [77.85291666666666, 33.345416666666665], [77.85291666666666, 33.338750000000005], [77.85541666666666, 33.33708333333335], [77.85541666666666, 33.331250000000004], [77.85624999999999, 33.32874999999999], [77.85958333333332, 33.32541666666667], [77.85541666666666, 33.32208333333334], [77.84958333333333, 33.319583333333334], [77.84541666666667, 33.31625], [77.84041666666666, 33.31708333333333], [77.83874999999999, 33.31708333333333], [77.83791666666666, 33.317083333333336], [77.83624999999999, 33.31458333333333], [77.83291666666666, 33.31208333333335], [77.83291666666666, 33.31125], [77.82874999999999, 33.311250000000015], [77.82624999999999, 33.309583333333336], [77.81625, 33.309583333333336], [77.81458333333333, 33.307916666666664], [77.81208333333332, 33.308749999999996], [77.79458333333332, 33.30875000000002], [77.79208333333332, 33.30708333333334], [77.78791666666666, 33.30625], [77.78791666666666, 33.305416666666666], [77.78791666666666, 33.30375], [77.78958333333333, 33.29875], [77.79458333333332, 33.29708333333334], [77.79624999999999, 33.294583333333335], [77.79708333333333, 33.287916666666675], [77.80125, 33.282916666666665], [77.80125, 33.276250000000005], [77.80375000000001, 33.27208333333333], [77.80291666666666, 33.272083333333335], [77.79791666666665, 33.26708333333334], [77.79624999999999, 33.26375], [77.79291666666666, 33.26458333333334], [77.77958333333332, 33.26458333333334], [77.77125, 33.261250000000004], [77.76708333333332, 33.26291666666667], [77.76458333333332, 33.26041666666667], [77.76041666666666, 33.25875], [77.75791666666666, 33.25625000000001], [77.75291666666666, 33.25625], [77.75291666666666, 33.25125], [77.75125, 33.24958333333334], [77.75125, 33.243750000000006], [77.74958333333332, 33.24208333333334], [77.75041666666665, 33.23375], [77.75208333333333, 33.23291666666667], [77.75208333333333, 33.22625000000001], [77.75041666666665, 33.22291666666667], [77.74958333333332, 33.22291666666667], [77.75041666666665, 33.22041666666667], [77.75291666666666, 33.21958333333333], [77.75291666666666, 33.21875], [77.75291666666666, 33.217916666666675], [77.75541666666666, 33.21291666666668], [77.75958333333332, 33.21125], [77.76041666666666, 33.20791666666666], [77.76374999999999, 33.20541666666667], [77.76624999999999, 33.19958333333334], [77.76708333333332, 33.19958333333334], [77.76791666666665, 33.19625], [77.76958333333333, 33.19541666666668], [77.77624999999999, 33.18291666666667], [77.77624999999999, 33.17875], [77.77958333333332, 33.16791666666667], [77.78208333333332, 33.16375000000001], [77.78208333333332, 33.15624999999999], [77.78541666666666, 33.15291666666667], [77.78625, 33.14708333333334], [77.78958333333333, 33.14125000000001], [77.78958333333333, 33.13958333333334], [77.79708333333333, 33.140416666666674], [77.80208333333333, 33.14625000000001], [77.80375000000001, 33.14291666666667], [77.80958333333332, 33.14291666666667], [77.80958333333332, 33.14458333333334], [77.81375, 33.14458333333334], [77.81625, 33.14708333333334], [77.81958333333333, 33.14541666666666], [77.82541666666667, 33.14458333333334], [77.83041666666665, 33.14958333333334], [77.83375, 33.151250000000005], [77.83458333333333, 33.15624999999999], [77.83791666666666, 33.15958333333333], [77.84041666666666, 33.15958333333334], [77.85458333333332, 33.17208333333333], [77.86041666666665, 33.17458333333334], [77.86291666666666, 33.17708333333333], [77.86958333333332, 33.17958333333334], [77.87458333333332, 33.184583333333336], [77.87791666666666, 33.18625000000001], [77.87791666666666, 33.18708333333335], [77.88125, 33.184583333333336], [77.88624999999999, 33.18374999999999], [77.88958333333332, 33.18041666666666], [77.88958333333332, 33.17791666666668], [77.89291666666665, 33.17625], [77.89541666666666, 33.173750000000005], [77.89874999999999, 33.17375], [77.90541666666665, 33.16958333333333], [77.91041666666666, 33.16458333333333], [77.91541666666666, 33.16208333333334], [77.91541666666666, 33.16041666666667], [77.92041666666665, 33.154583333333335], [77.92374999999998, 33.15291666666666], [77.93458333333332, 33.150416666666665], [77.93541666666665, 33.150416666666665], [77.93624999999999, 33.150416666666665], [77.93624999999999, 33.15125], [77.94541666666666, 33.15125], [77.95208333333332, 33.155416666666675], [77.95208333333332, 33.157916666666665], [77.95374999999999, 33.15791666666667], [77.95625000000001, 33.155416666666675], [77.96041666666666, 33.154583333333335], [77.96208333333333, 33.15041666666667], [77.96208333333333, 33.144583333333344], [77.96291666666666, 33.143750000000004], [77.97458333333333, 33.14375], [77.98208333333332, 33.14958333333334], [77.99208333333333, 33.147916666666674], [77.99291666666666, 33.140416666666674], [77.99041666666666, 33.13458333333333], [77.98958333333333, 33.12958333333333], [77.99125, 33.128750000000004], [77.99125, 33.126250000000006], [77.99125, 33.12541666666667], [77.99458333333332, 33.12208333333333], [77.99708333333332, 33.12125000000001], [77.99708333333332, 33.113749999999996], [77.99791666666665, 33.11041666666667], [77.99708333333332, 33.10791666666667], [77.99874999999999, 33.106249999999996], [78.00208333333333, 33.10625], [78.00291666666666, 33.10291666666668], [78.00458333333333, 33.101250000000014], [78.00458333333333, 33.09791666666667], [78.00208333333333, 33.09625], [78.00291666666666, 33.09375000000001], [78.00208333333333, 33.08708333333334], [78.00208333333333, 33.084583333333335], [77.99874999999999, 33.08291666666666], [77.99458333333332, 33.08208333333334], [77.98875, 33.08208333333333], [77.98624999999998, 33.08041666666667], [77.98041666666666, 33.08041666666667], [77.97958333333332, 33.07958333333334], [77.97874999999999, 33.07458333333333], [77.97708333333333, 33.07291666666667], [77.97708333333333, 33.067916666666676], [77.97791666666667, 33.06375], [77.97458333333333, 33.06125000000001], [77.97458333333333, 33.056250000000006], [77.97208333333333, 33.053750000000015], [77.97041666666667, 33.04791666666668], [77.97041666666667, 33.04291666666667], [77.96708333333332, 33.03875], [77.96458333333332, 33.037916666666675], [77.96458333333332, 33.03541666666667], [77.96874999999999, 33.030416666666675], [77.96624999999999, 33.02791666666667], [77.96458333333332, 33.02458333333335], [77.96458333333332, 33.02208333333334], [77.96208333333333, 33.01958333333334], [77.96208333333333, 33.01625000000001], [77.96458333333332, 33.01291666666666], [77.96458333333332, 33.00208333333333], [77.97041666666667, 32.99875], [77.97291666666666, 32.99875], [77.97791666666667, 32.996249999999996], [77.98291666666665, 32.99208333333334], [77.98291666666665, 32.989583333333336], [77.98708333333332, 32.98708333333334], [77.98791666666666, 32.982083333333335], [77.98875, 32.982083333333335], [77.98791666666666, 32.98125], [77.98791666666666, 32.97375], [77.98374999999999, 32.97458333333334], [77.97958333333332, 32.970416666666665], [77.97458333333333, 32.96875000000001], [77.97208333333333, 32.96708333333333], [77.97208333333333, 32.96458333333334], [77.96708333333332, 32.96458333333333], [77.96291666666666, 32.960416666666674], [77.96041666666666, 32.95958333333334], [77.95625000000001, 32.96458333333334], [77.95625000000001, 32.966249999999995], [77.95291666666665, 32.96791666666666], [77.94375, 32.967916666666675], [77.94375, 32.96958333333335], [77.93875, 32.97375], [77.93458333333332, 32.974583333333335], [77.92625, 32.977916666666665], [77.91874999999999, 32.97708333333334], [77.91791666666666, 32.97708333333334], [77.91791666666666, 32.97291666666666], [77.92041666666665, 32.97208333333333], [77.92291666666665, 32.96958333333333], [77.92291666666665, 32.96208333333334], [77.92458333333332, 32.96041666666667], [77.92458333333332, 32.94958333333334], [77.92625, 32.94458333333334], [77.92374999999998, 32.94208333333332], [77.92291666666665, 32.93958333333333], [77.92291666666665, 32.93791666666667], [77.91458333333333, 32.93791666666667], [77.90791666666667, 32.93625], [77.90541666666665, 32.93458333333333], [77.90041666666666, 32.93458333333333], [77.90124999999999, 32.93041666666667], [77.90374999999999, 32.92791666666667], [77.90458333333332, 32.92458333333333], [77.90041666666666, 32.919583333333335], [77.90041666666666, 32.91541666666667], [77.89791666666666, 32.91375000000001], [77.89791666666666, 32.911249999999995], [77.90041666666666, 32.908750000000005], [77.90041666666666, 32.90291666666667], [77.90124999999999, 32.89625000000001], [77.90458333333332, 32.89458333333334], [77.90458333333332, 32.88708333333334], [77.90624999999999, 32.88624999999999], [77.90708333333332, 32.88125000000001], [77.90875, 32.87791666666667], [77.90624999999999, 32.87625000000001], [77.90624999999999, 32.86625000000001], [77.90124999999999, 32.86208333333334], [77.90124999999999, 32.86125], [77.90124999999999, 32.85791666666667], [77.90124999999999, 32.85541666666667], [77.90541666666665, 32.850416666666675], [77.90624999999999, 32.850416666666675], [77.90624999999999, 32.839583333333344], [77.91041666666666, 32.83875], [77.91375, 32.83625], [77.91375, 32.82958333333334], [77.91624999999999, 32.82708333333334], [77.91708333333332, 32.822083333333325], [77.91541666666666, 32.820416666666674], [77.91541666666666, 32.81625000000001], [77.91874999999999, 32.815416666666664], [77.91791666666666, 32.81125000000001], [77.91791666666666, 32.80208333333334], [77.91874999999999, 32.800416666666656], [77.91958333333332, 32.80041666666667], [77.91541666666666, 32.79791666666667], [77.91541666666666, 32.794583333333335], [77.91375, 32.793749999999996], [77.91208333333333, 32.78875000000001], [77.91208333333333, 32.78541666666666], [77.91541666666666, 32.78125000000001], [77.91541666666666, 32.77458333333334], [77.91458333333333, 32.77375000000001], [77.91791666666666, 32.77291666666667], [77.91874999999999, 32.77124999999999], [77.92625, 32.77125], [77.92625, 32.766250000000014], [77.92875, 32.762916666666676], [77.93041666666666, 32.76291666666667], [77.93374999999999, 32.759583333333346], [77.93374999999999, 32.752083333333346], [77.93208333333332, 32.751250000000006], [77.93208333333332, 32.74541666666667], [77.92958333333333, 32.74291666666667], [77.93041666666666, 32.73791666666666], [77.92625, 32.73541666666667], [77.92791666666668, 32.732916666666675], [77.93208333333332, 32.73208333333334], [77.93208333333332, 32.728750000000005], [77.93374999999999, 32.72708333333334], [77.93041666666666, 32.725416666666675], [77.92791666666668, 32.72291666666666], [77.92708333333333, 32.71958333333333], [77.92458333333332, 32.717916666666675], [77.92458333333332, 32.71125], [77.92291666666665, 32.70958333333334], [77.92291666666665, 32.704583333333325], [77.92125, 32.70375000000001], [77.92125, 32.697916666666664], [77.91874999999999, 32.69708333333333], [77.91874999999999, 32.69624999999999], [77.91874999999999, 32.691250000000004], [77.92374999999998, 32.68708333333334], [77.92625, 32.687083333333334], [77.92958333333333, 32.68458333333334], [77.93041666666666, 32.68208333333334], [77.93374999999999, 32.68208333333334], [77.93541666666665, 32.67958333333334], [77.94125, 32.67375], [77.94208333333333, 32.665416666666665], [77.94624999999999, 32.66125], [77.95041666666665, 32.65875000000001], [77.95708333333333, 32.65708333333334], [77.96708333333332, 32.65708333333333], [77.97208333333333, 32.653749999999995], [77.97208333333333, 32.64875000000001], [77.97375, 32.64625000000001], [77.97708333333333, 32.64458333333333], [77.98124999999999, 32.64125000000001], [77.98458333333332, 32.64124999999999], [77.98624999999998, 32.63958333333335], [77.98791666666666, 32.63458333333334], [77.99208333333333, 32.63041666666668], [77.98958333333333, 32.630416666666676], [77.98541666666665, 32.62791666666667], [77.98541666666665, 32.62458333333334], [77.98374999999999, 32.62291666666667], [77.98041666666666, 32.622916666666654], [77.97958333333332, 32.620416666666664], [77.97541666666666, 32.616250000000015], [77.97208333333333, 32.615416666666675], [77.97208333333333, 32.607083333333335], [77.97541666666666, 32.60291666666667], [77.97958333333332, 32.60124999999999], [77.98041666666666, 32.59708333333334], [77.98291666666665, 32.59458333333333], [77.98291666666665, 32.58291666666667], [77.98041666666666, 32.58041666666667], [77.98041666666666, 32.578750000000014], [77.97541666666666, 32.57875000000001], [77.97125, 32.58125], [77.96791666666665, 32.58125], [77.96374999999999, 32.57875000000001], [77.96124999999999, 32.58375000000001], [77.95708333333333, 32.58375], [77.94874999999999, 32.58208333333334], [77.94208333333333, 32.58208333333334], [77.93958333333333, 32.57958333333333], [77.93708333333332, 32.57875000000001], [77.93124999999999, 32.57875], [77.92875, 32.58125], [77.92374999999998, 32.58375000000001], [77.92125, 32.58291666666668], [77.91541666666666, 32.58291666666666], [77.91375, 32.57958333333334], [77.91041666666666, 32.57958333333334], [77.90624999999999, 32.57541666666666], [77.90374999999999, 32.57541666666666], [77.90541666666665, 32.57041666666667], [77.90791666666667, 32.56875000000001], [77.90791666666667, 32.566250000000004], [77.90458333333332, 32.56458333333334], [77.90458333333332, 32.56041666666666], [77.90041666666666, 32.55791666666668], [77.90041666666666, 32.55125], [77.90208333333332, 32.54958333333334], [77.90208333333332, 32.538750000000014], [77.90291666666666, 32.53875], [77.90291666666666, 32.53541666666666], [77.89874999999999, 32.535416666666656], [77.89791666666666, 32.53375000000001], [77.89375, 32.53458333333333], [77.89041666666665, 32.53625], [77.88541666666666, 32.53625], [77.88208333333333, 32.53875000000001], [77.88208333333333, 32.541250000000005], [77.87958333333333, 32.54291666666667], [77.87875, 32.54625], [77.87541666666667, 32.54625000000001], [77.87124999999999, 32.54375000000001], [77.86458333333333, 32.543749999999996], [77.86458333333333, 32.537916666666675], [77.86291666666666, 32.53708333333334], [77.86291666666666, 32.532916666666665], [77.86041666666665, 32.53208333333335], [77.85708333333332, 32.53541666666666], [77.84791666666666, 32.53541666666666], [77.84541666666667, 32.53791666666667], [77.84208333333332, 32.537916666666675], [77.84041666666666, 32.53625], [77.84041666666666, 32.53541666666666], [77.83708333333333, 32.53874999999999], [77.83291666666666, 32.541250000000005], [77.83375, 32.54458333333333], [77.83291666666666, 32.55041666666666], [77.83208333333334, 32.55041666666666], [77.83125, 32.55041666666667], [77.83041666666665, 32.54874999999999], [77.82541666666667, 32.54875000000001], [77.82291666666666, 32.55208333333334], [77.82041666666666, 32.552083333333336], [77.81958333333333, 32.54958333333334], [77.81708333333333, 32.548750000000005], [77.81458333333333, 32.54541666666667], [77.80958333333332, 32.54541666666667], [77.80291666666666, 32.54208333333334], [77.79958333333332, 32.545416666666675], [77.79374999999999, 32.54708333333334], [77.79124999999999, 32.54958333333333], [77.78708333333333, 32.55125000000001], [77.78208333333332, 32.552083333333336], [77.77541666666667, 32.552083333333336], [77.77208333333333, 32.55458333333334], [77.77125, 32.55708333333334], [77.77125, 32.56208333333334], [77.76791666666665, 32.56291666666667], [77.76541666666665, 32.56541666666667], [77.76208333333332, 32.572083333333346], [77.75125, 32.57208333333335], [77.74791666666665, 32.57541666666666], [77.74708333333332, 32.57875000000001], [77.74458333333332, 32.58125], [77.74208333333333, 32.58124999999999], [77.73875, 32.583750000000016], [77.73708333333332, 32.58958333333333], [77.73791666666666, 32.59458333333334], [77.73791666666666, 32.60375], [77.73458333333332, 32.605416666666656], [77.73458333333332, 32.61208333333333], [77.73708333333332, 32.61625], [77.73291666666665, 32.62041666666667], [77.73708333333332, 32.62458333333334], [77.73708333333332, 32.62708333333333], [77.73124999999999, 32.63291666666667], [77.73124999999999, 32.633750000000006], [77.73124999999999, 32.63458333333333], [77.72874999999999, 32.63625], [77.71874999999999, 32.63208333333333], [77.71541666666666, 32.63375000000001], [77.70791666666668, 32.63374999999999], [77.70708333333333, 32.63541666666667], [77.70208333333332, 32.63708333333333], [77.69458333333333, 32.63708333333334], [77.69041666666666, 32.63458333333334], [77.68791666666665, 32.631250000000016], [77.68708333333332, 32.62541666666668], [77.68124999999999, 32.62208333333333], [77.67625, 32.622083333333336], [77.67208333333332, 32.62291666666667], [77.66708333333332, 32.62791666666668], [77.66125, 32.62875], [77.65541666666665, 32.63375], [77.65374999999999, 32.63375], [77.65291666666666, 32.633750000000006], [77.64958333333333, 32.63125], [77.64375, 32.631250000000016], [77.63791666666665, 32.63625], [77.63624999999999, 32.636250000000004], [77.62958333333333, 32.642916666666665], [77.62875, 32.64458333333333], [77.62541666666665, 32.64541666666667], [77.62541666666665, 32.647916666666674], [77.62291666666665, 32.65041666666667], [77.62291666666665, 32.65375000000001], [77.62041666666666, 32.65541666666668], [77.61874999999999, 32.66125], [77.60458333333332, 32.66125], [77.60458333333332, 32.66208333333335], [77.60291666666666, 32.662083333333335], [77.60208333333333, 32.66791666666666], [77.60041666666666, 32.67208333333335], [77.59791666666666, 32.67458333333333], [77.59708333333333, 32.67791666666667], [77.59541666666667, 32.67958333333334], [77.58958333333332, 32.67958333333334], [77.58791666666666, 32.68625000000001], [77.60041666666666, 32.69208333333333], [77.60125, 32.69958333333333], [77.60458333333332, 32.70375], [77.60624999999999, 32.70375000000001], [77.60624999999999, 32.70458333333333], [77.60624999999999, 32.70541666666667], [77.60458333333332, 32.706250000000004], [77.60458333333332, 32.71291666666667], [77.60624999999999, 32.71375], [77.60624999999999, 32.71875], [77.60291666666666, 32.72125], [77.60041666666666, 32.72458333333334], [77.60041666666666, 32.72958333333334], [77.59708333333333, 32.73458333333334], [77.59458333333333, 32.73458333333334], [77.59124999999999, 32.73208333333333], [77.57708333333333, 32.73208333333333], [77.57291666666666, 32.73041666666667], [77.56708333333333, 32.736250000000005], [77.56625, 32.73958333333334], [77.56208333333332, 32.74458333333334], [77.56124999999999, 32.74791666666666], [77.55708333333332, 32.75291666666667], [77.54875, 32.76124999999999], [77.54875, 32.76458333333333], [77.54875, 32.765416666666674], [77.54624999999999, 32.76791666666667], [77.54541666666665, 32.77125], [77.54458333333332, 32.77125], [77.54374999999999, 32.77125], [77.53708333333333, 32.76458333333334], [77.53291666666667, 32.763749999999995], [77.53124999999999, 32.76458333333335], [77.52708333333334, 32.76041666666667], [77.52125, 32.75958333333334], [77.51875, 32.762916666666676], [77.51708333333332, 32.75958333333334], [77.51958333333333, 32.752083333333346], [77.51875, 32.74541666666667], [77.51291666666665, 32.74208333333334], [77.51041666666666, 32.735416666666666], [77.50791666666666, 32.732916666666675], [77.50791666666666, 32.732083333333335], [77.50625, 32.73208333333333], [77.50291666666666, 32.73125000000001], [77.49791666666665, 32.72875], [77.49624999999999, 32.72625000000001], [77.49041666666666, 32.72541666666666], [77.48875, 32.72791666666667], [77.49041666666666, 32.73125], [77.48958333333333, 32.733750000000015], [77.48958333333333, 32.740416666666675], [77.48708333333333, 32.74458333333334], [77.47625, 32.74625], [77.47291666666666, 32.74958333333335], [77.46374999999999, 32.74791666666666], [77.46208333333333, 32.74791666666666], [77.46208333333333, 32.74541666666667], [77.45958333333334, 32.74208333333334], [77.45541666666665, 32.738749999999996], [77.44958333333332, 32.73875], [77.43791666666665, 32.72708333333334], [77.43541666666665, 32.72625], [77.43125, 32.72875], [77.43041666666666, 32.73125], [77.42291666666665, 32.73125000000001], [77.41874999999999, 32.73375], [77.41375, 32.73375000000001], [77.41208333333333, 32.736250000000005], [77.40791666666667, 32.736250000000005], [77.40791666666667, 32.73791666666666], [77.41791666666666, 32.744583333333324], [77.42291666666665, 32.749583333333334], [77.42291666666665, 32.753750000000004], [77.42124999999999, 32.75375], [77.41958333333332, 32.758750000000006], [77.41208333333333, 32.766250000000014], [77.41125, 32.76958333333334], [77.40708333333333, 32.77291666666667], [77.40124999999999, 32.77541666666667], [77.39708333333333, 32.77624999999999], [77.39291666666665, 32.780416666666675], [77.39291666666665, 32.78208333333333], [77.38874999999999, 32.78375000000001], [77.38624999999999, 32.78375000000001], [77.38125, 32.787083333333335], [77.38125, 32.791250000000005], [77.38374999999999, 32.79208333333334], [77.38458333333332, 32.79541666666666], [77.38208333333333, 32.80125], [77.38208333333333, 32.80458333333335], [77.38041666666666, 32.80541666666667], [77.38041666666666, 32.81041666666666], [77.38125, 32.812083333333334], [77.38041666666666, 32.81208333333335], [77.37875, 32.81875000000001], [77.37458333333332, 32.82291666666667], [77.37374999999999, 32.822916666666664], [77.37291666666665, 32.822916666666664], [77.37124999999999, 32.821250000000006], [77.36708333333333, 32.82125], [77.36124999999998, 32.81875], [77.35125, 32.816250000000004], [77.34291666666665, 32.81958333333334], [77.34124999999999, 32.817083333333336], [77.33791666666666, 32.81708333333334], [77.33624999999999, 32.82125000000001], [77.33624999999999, 32.82541666666667], [77.33291666666666, 32.82541666666667], [77.32875, 32.829583333333346], [77.32624999999999, 32.834583333333335], [77.32624999999999, 32.83958333333334], [77.32708333333332, 32.84208333333332], [77.32458333333332, 32.84541666666667], [77.32374999999999, 32.85125], [77.32208333333332, 32.85208333333333], [77.31791666666666, 32.85125000000001], [77.30791666666666, 32.85125], [77.30541666666666, 32.84875], [77.30041666666666, 32.84958333333333], [77.30041666666666, 32.85125000000001], [77.29708333333332, 32.85208333333334], [77.29624999999999, 32.85375000000001], [77.29124999999999, 32.85541666666667], [77.28958333333333, 32.85791666666667], [77.28958333333333, 32.86041666666667], [77.28625, 32.86708333333334], [77.28625, 32.87041666666668], [77.27875, 32.877916666666664], [77.27791666666666, 32.877916666666664], [77.27458333333333, 32.87291666666668], [77.26791666666665, 32.870416666666664], [77.26208333333332, 32.86375000000001], [77.25708333333333, 32.86375000000001], [77.25541666666666, 32.86791666666666], [77.25208333333333, 32.87124999999999], [77.24624999999999, 32.87125], [77.24374999999999, 32.872083333333336], [77.24374999999999, 32.87375], [77.24291666666666, 32.87375000000001], [77.23708333333333, 32.879583333333336], [77.23875, 32.882916666666674], [77.23875, 32.885416666666664], [77.24125, 32.88791666666667], [77.23624999999998, 32.89291666666667], [77.23291666666667, 32.89458333333334], [77.22708333333333, 32.89958333333335], [77.22625, 32.89958333333334], [77.22375, 32.89958333333333], [77.21958333333333, 32.903749999999995], [77.21541666666666, 32.90458333333333], [77.20791666666666, 32.90458333333333], [77.20708333333333, 32.90625000000001], [77.20291666666665, 32.90625], [77.20208333333332, 32.90958333333333], [77.19874999999999, 32.90958333333334], [77.19291666666666, 32.91541666666667], [77.19125, 32.91791666666666], [77.19125, 32.92458333333333], [77.18875, 32.927083333333336], [77.18541666666665, 32.92708333333333], [77.17875, 32.92458333333334], [77.17708333333333, 32.92208333333334], [77.17458333333333, 32.91541666666667], [77.17458333333333, 32.91291666666668], [77.17041666666665, 32.91041666666666], [77.16624999999999, 32.91041666666667], [77.16041666666666, 32.91208333333334], [77.15958333333333, 32.91208333333334], [77.15791666666667, 32.91541666666668], [77.16208333333333, 32.919583333333335], [77.16291666666666, 32.922916666666666], [77.16291666666666, 32.928750000000015], [77.15958333333333, 32.93291666666667], [77.15958333333333, 32.941250000000004], [77.15541666666665, 32.94458333333335], [77.15541666666665, 32.947083333333346], [77.15374999999999, 32.95041666666667], [77.14958333333333, 32.95125], [77.14625, 32.95458333333334], [77.14874999999999, 32.95541666666667], [77.14874999999999, 32.956250000000004], [77.14874999999999, 32.95708333333333], [77.14874999999999, 32.97041666666667], [77.14958333333333, 32.977916666666665], [77.14708333333333, 32.977916666666665], [77.14291666666665, 32.981249999999996], [77.13874999999999, 32.979583333333345], [77.13208333333333, 32.97958333333334], [77.12791666666666, 32.98125], [77.12374999999999, 32.98125000000001], [77.12208333333332, 32.982916666666675], [77.11625, 32.982083333333335], [77.11291666666666, 32.978750000000005], [77.11208333333333, 32.97458333333335], [77.10541666666666, 32.97375], [77.10125, 32.971250000000005], [77.09374999999999, 32.97125], [77.09041666666666, 32.97291666666666], [77.08458333333333, 32.97291666666666], [77.08291666666666, 32.97458333333334], [77.08291666666666, 32.97791666666667], [77.08125, 32.982916666666675], [77.07624999999999, 32.98375], [77.07124999999999, 32.98375], [77.06875, 32.98708333333333], [77.06375, 32.98791666666666], [77.06291666666667, 32.98958333333334], [77.05958333333332, 32.99041666666667], [77.05875, 32.99208333333333], [77.04958333333333, 32.99708333333334], [77.04958333333333, 32.99791666666667], [77.04791666666665, 32.99791666666666], [77.04041666666666, 32.997916666666676], [77.03875, 32.997083333333336], [77.03291666666667, 32.99125000000001], [77.03291666666667, 32.990416666666675], [77.01791666666666, 32.990416666666675], [77.01458333333332, 32.98875000000001], [77.01458333333332, 32.98791666666666], [77.00874999999999, 32.98958333333334], [77.00541666666666, 32.99291666666666], [77.00208333333333, 32.99291666666667], [76.99874999999999, 32.99625], [76.99708333333332, 32.99625], [76.99291666666666, 33.00041666666668], [76.99208333333333, 33.00291666666668], [76.98875, 33.00208333333334], [76.98208333333332, 33.00208333333333], [76.97625, 32.99875000000001], [76.97291666666666, 33.00208333333334], [76.96958333333335, 33.002916666666664], [76.96874999999999, 33.004583333333336], [76.96541666666666, 33.00541666666666], [76.96541666666666, 33.006250000000016], [76.96374999999999, 33.00625], [76.96124999999999, 33.00958333333334], [76.96124999999999, 33.01291666666667], [76.95958333333333, 33.016250000000014], [76.95458333333332, 33.017916666666665], [76.95041666666665, 33.01791666666666], [76.94624999999999, 33.02541666666667], [76.94208333333333, 33.02875], [76.93041666666666, 33.02875], [76.92791666666666, 33.03208333333334], [76.92625, 33.036249999999995], [76.92625, 33.04375000000001], [76.91791666666666, 33.05458333333333], [76.91791666666666, 33.05791666666668], [76.91458333333333, 33.06208333333334], [76.91458333333333, 33.06875000000001], [76.91208333333333, 33.07125000000001], [76.91125, 33.07708333333334], [76.90708333333333, 33.07791666666667], [76.90541666666665, 33.079583333333346], [76.90541666666665, 33.084583333333335], [76.90791666666667, 33.08625], [76.91125, 33.09041666666666], [76.91041666666666, 33.09291666666668], [76.91041666666666, 33.09375000000001], [76.90875, 33.095416666666665], [76.90041666666666, 33.09958333333334], [76.89791666666666, 33.09958333333334], [76.89791666666666, 33.10041666666668], [76.89458333333333, 33.103750000000005], [76.89375, 33.10708333333333], [76.89375, 33.11291666666668], [76.89041666666665, 33.116250000000015], [76.89041666666665, 33.12208333333333], [76.88874999999999, 33.12208333333333], [76.88874999999999, 33.12291666666667], [76.88624999999999, 33.12291666666666], [76.87791666666666, 33.11874999999999], [76.87291666666665, 33.11375], [76.87291666666665, 33.11291666666667], [76.87124999999999, 33.113749999999996], [76.85541666666666, 33.11375], [76.85041666666666, 33.11875], [76.84875, 33.12125], [76.85125, 33.123749999999994], [76.85208333333333, 33.12708333333333], [76.84958333333333, 33.129583333333336], [76.84374999999999, 33.130416666666676], [76.84374999999999, 33.13625000000001], [76.84458333333333, 33.13875], [76.83958333333332, 33.14124999999999], [76.83291666666666, 33.14125000000001], [76.82958333333332, 33.14375], [76.82958333333332, 33.14625000000001], [76.82874999999999, 33.147083333333335], [76.82624999999999, 33.14708333333334], [76.82291666666666, 33.15041666666668], [76.82124999999999, 33.155416666666675], [76.81875, 33.15625], [76.81791666666666, 33.15958333333334], [76.81791666666666, 33.16625], [76.81625, 33.167083333333316], [76.81375, 33.17208333333334], [76.81375, 33.17708333333333], [76.81541666666666, 33.17708333333333], [76.81708333333334, 33.17958333333334], [76.82124999999999, 33.181250000000006], [76.82291666666666, 33.18375000000001], [76.82291666666666, 33.18625000000001], [76.81958333333333, 33.190416666666664], [76.81958333333333, 33.19375000000001], [76.81791666666666, 33.19541666666667], [76.82124999999999, 33.19791666666667], [76.82541666666665, 33.19875000000001], [76.82541666666665, 33.202083333333334], [76.82874999999999, 33.20375000000001], [76.83291666666666, 33.20791666666667], [76.83208333333333, 33.20958333333334], [76.83208333333333, 33.212083333333325], [76.82874999999999, 33.212916666666665], [76.82874999999999, 33.221250000000005], [76.82708333333332, 33.22291666666667], [76.83041666666666, 33.22541666666667], [76.82958333333332, 33.22541666666668], [76.82624999999999, 33.22875000000002], [76.82624999999999, 33.23041666666666], [76.81625, 33.23875], [76.81291666666667, 33.23958333333334], [76.80958333333332, 33.24208333333334], [76.80541666666666, 33.247083333333336], [76.80458333333333, 33.25125], [76.80041666666666, 33.25541666666666], [76.79208333333332, 33.25625], [76.78791666666666, 33.25375000000001], [76.77958333333332, 33.253750000000004], [76.77624999999999, 33.25041666666667], [76.77208333333333, 33.249583333333334], [76.76875, 33.24791666666666], [76.75791666666666, 33.24791666666667], [76.75208333333333, 33.251250000000006], [76.74791666666665, 33.25541666666666], [76.73791666666666, 33.260416666666664], [76.73791666666666, 33.265416666666674], [76.73875, 33.26791666666666], [76.73541666666665, 33.27125], [76.73291666666665, 33.275416666666665], [76.73291666666665, 33.27958333333333], [76.73124999999999, 33.282916666666665], [76.72874999999999, 33.28291666666667], [76.72874999999999, 33.28708333333334], [76.73041666666666, 33.294583333333335], [76.73124999999999, 33.30124999999999], [76.72874999999999, 33.302916666666675], [76.72874999999999, 33.30875000000001], [76.72874999999999, 33.309583333333336], [76.72625, 33.31041666666666], [76.72708333333333, 33.313750000000006], [76.72541666666666, 33.318749999999994], [76.72125000000001, 33.323750000000004], [76.72125000000001, 33.32708333333335], [76.71708333333332, 33.331250000000004], [76.71624999999999, 33.33125], [76.71374999999999, 33.331250000000004], [76.70875, 33.33041666666667], [76.70541666666666, 33.327916666666674], [76.69708333333332, 33.327916666666674], [76.69291666666668, 33.32458333333333], [76.68958333333333, 33.32541666666667], [76.68958333333333, 33.32875000000001], [76.68625, 33.33291666666668], [76.68374999999999, 33.334583333333335], [76.67458333333333, 33.33875000000001], [76.67041666666665, 33.34125000000001], [76.67041666666665, 33.34958333333334], [76.66708333333332, 33.35208333333334], [76.66291666666666, 33.35208333333334], [76.65791666666667, 33.35791666666667], [76.65708333333333, 33.35791666666667], [76.65791666666667, 33.36291666666667], [76.65208333333332, 33.369583333333345], [76.65208333333332, 33.37708333333334], [76.65208333333332, 33.37875], [76.65041666666666, 33.38375000000001], [76.64541666666666, 33.38541666666667], [76.64208333333332, 33.38875], [76.64124999999999, 33.39541666666667], [76.63874999999999, 33.39708333333335], [76.63624999999999, 33.40041666666667], [76.63624999999999, 33.404583333333335], [76.63208333333333, 33.408750000000005], [76.63624999999999, 33.412916666666675], [76.63624999999999, 33.41708333333332], [76.63208333333333, 33.41875], [76.62958333333333, 33.42208333333333], [76.62958333333333, 33.431250000000006], [76.62791666666666, 33.43375], [76.62791666666666, 33.43458333333334], [76.62791666666666, 33.435416666666654], [76.62291666666665, 33.43791666666667], [76.61791666666666, 33.437916666666666], [76.61458333333333, 33.438750000000006], [76.61208333333333, 33.43708333333335], [76.61041666666665, 33.43291666666667], [76.60791666666665, 33.432916666666664], [76.60458333333332, 33.43041666666667], [76.60041666666666, 33.43041666666667], [76.59958333333333, 33.42875], [76.59625, 33.427916666666675], [76.59375, 33.423750000000005], [76.58874999999999, 33.42375], [76.58874999999999, 33.424583333333345], [76.58041666666666, 33.42458333333334], [76.57791666666665, 33.42708333333333], [76.57791666666665, 33.430416666666666], [76.58208333333333, 33.43541666666666], [76.57874999999999, 33.438750000000006], [76.57708333333332, 33.44291666666666], [76.57624999999999, 33.44958333333334], [76.57374999999999, 33.45625000000001], [76.56875000000001, 33.46125], [76.56875000000001, 33.46291666666668], [76.56875000000001, 33.46375], [76.56625, 33.463750000000005], [76.56625, 33.46291666666668], [76.55791666666666, 33.46291666666667], [76.55541666666666, 33.46458333333334], [76.55041666666666, 33.46458333333333], [76.54624999999999, 33.46875], [76.54041666666667, 33.47041666666667], [76.53708333333333, 33.47708333333334], [76.53625, 33.482083333333335], [76.52791666666666, 33.48208333333334], [76.52458333333333, 33.488749999999996], [76.52458333333333, 33.49291666666668], [76.51875000000001, 33.49458333333333], [76.51374999999999, 33.49458333333333], [76.51124999999999, 33.495416666666664], [76.50958333333332, 33.49791666666666], [76.50958333333332, 33.50291666666666], [76.50708333333333, 33.50541666666666], [76.50625, 33.51041666666668], [76.50125, 33.515416666666674], [76.49541666666666, 33.515416666666674], [76.49125, 33.51624999999999], [76.49041666666666, 33.51791666666667], [76.48708333333333, 33.51875], [76.48625, 33.52041666666666], [76.48541666666665, 33.52041666666666], [76.48041666666666, 33.52541666666667], [76.47041666666667, 33.525416666666665], [76.46625, 33.53041666666668], [76.46374999999999, 33.53041666666667], [76.45958333333333, 33.533750000000005], [76.46041666666666, 33.53791666666667], [76.46458333333332, 33.54208333333334], [76.46374999999999, 33.548750000000005], [76.45708333333333, 33.555416666666666], [76.45291666666665, 33.55791666666667], [76.45208333333332, 33.561249999999994], [76.44958333333332, 33.563750000000006], [76.44624999999999, 33.56375], [76.44375, 33.56041666666667], [76.44208333333333, 33.55541666666667], [76.44208333333333, 33.55375], [76.44041666666666, 33.54708333333334], [76.43708333333332, 33.54541666666667], [76.43708333333332, 33.54291666666667], [76.42875, 33.53875000000001], [76.42291666666665, 33.53708333333334], [76.42124999999999, 33.53875], [76.41625, 33.53875], [76.41375, 33.54125000000001], [76.41208333333333, 33.54125], [76.41125, 33.54291666666666], [76.40708333333333, 33.54291666666666], [76.39708333333333, 33.54625], [76.39541666666666, 33.547916666666666], [76.38541666666666, 33.55125], [76.38208333333333, 33.55125], [76.38208333333333, 33.552083333333336], [76.37875, 33.55624999999999], [76.37875, 33.56041666666666], [76.37625, 33.563750000000006], [76.37625, 33.56958333333334], [76.38041666666666, 33.57458333333333], [76.38041666666666, 33.57791666666667], [76.37625, 33.57875000000001], [76.37124999999999, 33.58375], [76.36625, 33.58375], [76.36458333333333, 33.58791666666667], [76.36458333333333, 33.59041666666666], [76.36041666666665, 33.592916666666675], [76.35874999999999, 33.596250000000005], [76.35874999999999, 33.602916666666665], [76.35874999999999, 33.60375000000001], [76.35624999999999, 33.60541666666666], [76.34708333333333, 33.60541666666666], [76.34208333333333, 33.60875], [76.33791666666666, 33.60958333333334], [76.33624999999999, 33.60958333333333], [76.33541666666666, 33.60958333333334], [76.33375, 33.60541666666667], [76.32458333333332, 33.60125000000001], [76.32208333333332, 33.60125000000001], [76.31708333333333, 33.60625], [76.31458333333333, 33.60791666666668], [76.30874999999999, 33.60875000000001], [76.30624999999999, 33.60875000000001], [76.30541666666666, 33.61125000000001], [76.30125, 33.61458333333333], [76.29791666666665, 33.61458333333334], [76.29374999999999, 33.61625], [76.29124999999999, 33.61875], [76.29041666666666, 33.62708333333334], [76.28625, 33.62875000000001], [76.28458333333333, 33.632916666666674], [76.27374999999999, 33.642083333333346], [76.27208333333333, 33.64208333333333], [76.27374999999999, 33.64708333333335], [76.27374999999999, 33.65208333333333], [76.27958333333332, 33.65375], [76.28291666666667, 33.65708333333335], [76.28458333333333, 33.66041666666667], [76.28541666666666, 33.66041666666667], [76.28208333333333, 33.66125], [76.27791666666666, 33.66541666666668], [76.27791666666666, 33.667083333333345], [76.27374999999999, 33.66875], [76.27291666666666, 33.67208333333334], [76.27125, 33.67291666666667], [76.27125, 33.67708333333333], [76.26875, 33.67958333333334], [76.26875, 33.68541666666667], [76.26624999999999, 33.686249999999994], [76.26458333333332, 33.688750000000006], [76.26458333333332, 33.691250000000004], [76.26541666666665, 33.69458333333334], [76.26541666666665, 33.70124999999999], [76.26791666666666, 33.70375000000001], [76.26624999999999, 33.70875], [76.26291666666665, 33.70958333333333], [76.26291666666665, 33.71375000000001], [76.26708333333332, 33.71708333333333], [76.26708333333332, 33.72291666666667], [76.26958333333333, 33.72791666666667], [76.26791666666666, 33.732083333333335], [76.26541666666665, 33.73291666666666], [76.26624999999999, 33.73791666666667], [76.26624999999999, 33.743750000000006], [76.26541666666665, 33.74625], [76.26124999999999, 33.74958333333334], [76.25541666666666, 33.74958333333335], [76.25041666666667, 33.75125000000001], [76.24625, 33.75541666666667], [76.24625, 33.75625000000001], [76.24125, 33.75708333333334], [76.23625, 33.75958333333333], [76.22874999999999, 33.75875], [76.21708333333332, 33.75875], [76.21458333333332, 33.76041666666667], [76.21208333333333, 33.76041666666667], [76.21124999999999, 33.767083333333346], [76.20958333333333, 33.77041666666667], [76.20374999999999, 33.77208333333334], [76.19958333333332, 33.77458333333334], [76.19958333333332, 33.78041666666667], [76.20041666666665, 33.78125], [76.19958333333332, 33.78125000000001], [76.19458333333333, 33.79125], [76.18958333333333, 33.79541666666667], [76.18624999999999, 33.79625], [76.18458333333332, 33.80041666666667], [76.17875, 33.80041666666667], [76.17625, 33.79875], [76.17041666666665, 33.79958333333334], [76.16458333333333, 33.79875], [76.16125, 33.802916666666675], [76.15958333333333, 33.806250000000006], [76.15875, 33.806250000000006], [76.16291666666666, 33.81125000000001], [76.16291666666666, 33.81041666666666], [76.16958333333332, 33.80791666666667], [76.17375, 33.80458333333333], [76.18624999999999, 33.817083333333336], [76.18791666666667, 33.81958333333335], [76.18708333333332, 33.821250000000006], [76.19125, 33.82541666666667], [76.19375, 33.83125000000001], [76.19625, 33.83375], [76.19874999999999, 33.838750000000005], [76.19874999999999, 33.84874999999999], [76.19791666666666, 33.85458333333334], [76.19458333333333, 33.857916666666675], [76.19458333333333, 33.85958333333334], [76.19291666666666, 33.85958333333334], [76.19125, 33.864583333333336], [76.18791666666667, 33.86541666666667], [76.18541666666665, 33.86791666666667], [76.18458333333332, 33.874583333333334], [76.18208333333332, 33.877916666666664], [76.18208333333332, 33.88374999999999], [76.17875, 33.88541666666667], [76.17458333333335, 33.885416666666664], [76.17291666666665, 33.88708333333333], [76.17375, 33.893750000000004], [76.17625, 33.89541666666667], [76.17541666666666, 33.89791666666667], [76.17208333333332, 33.90124999999998], [76.17041666666665, 33.908750000000005], [76.17041666666665, 33.91458333333334], [76.16791666666667, 33.91791666666666], [76.16958333333332, 33.92041666666667], [76.16958333333332, 33.92208333333335], [76.16958333333332, 33.922916666666666], [76.16708333333332, 33.92625], [76.16208333333333, 33.92875000000001], [76.16375, 33.937916666666666], [76.16125, 33.940416666666664], [76.16125, 33.941250000000004], [76.15875, 33.94208333333333], [76.14541666666666, 33.94208333333332], [76.14208333333332, 33.93958333333334], [76.14041666666665, 33.93708333333333], [76.13041666666666, 33.93708333333334], [76.12041666666666, 33.940416666666664], [76.11708333333333, 33.94375], [76.11625, 33.94375], [76.11541666666666, 33.94541666666666], [76.10708333333332, 33.95375000000002], [76.10708333333332, 33.95541666666667], [76.10374999999999, 33.95791666666666], [76.09958333333333, 33.95958333333334], [76.09291666666665, 33.960416666666674], [76.09291666666665, 33.96208333333334], [76.08874999999999, 33.967083333333335], [76.08291666666666, 33.96958333333334], [76.07958333333332, 33.96958333333334], [76.07541666666665, 33.973749999999995], [76.07291666666666, 33.97458333333334], [76.06458333333333, 33.98291666666667], [76.06291666666667, 33.982916666666675], [76.05958333333332, 33.98708333333334], [76.06124999999999, 33.99375], [76.04958333333333, 33.987083333333345], [76.04458333333332, 33.98708333333334], [76.04124999999999, 33.98958333333333], [76.03291666666667, 33.98958333333333], [76.02874999999999, 33.98875], [76.02624999999999, 33.98708333333334], [76.01958333333333, 33.98041666666667], [76.01624999999999, 33.97958333333332], [76.01291666666665, 33.975416666666675], [75.99708333333332, 33.975416666666675], [75.99458333333332, 33.97375], [75.98875, 33.973749999999995], [75.98625, 33.97208333333334], [75.98041666666666, 33.97291666666665], [75.97791666666666, 33.971250000000005], [75.97791666666666, 33.97208333333333], [75.97291666666666, 33.973749999999995], [75.97041666666667, 33.97625000000001], [75.96958333333333, 33.976250000000014], [75.96875, 33.97625], [75.96708333333332, 33.978750000000005], [75.95958333333333, 33.977916666666665], [75.95875, 33.97625000000001], [75.95041666666665, 33.976250000000014], [75.94458333333333, 33.97708333333334], [75.94208333333333, 33.97958333333334], [75.93458333333332, 33.98291666666667], [75.93041666666666, 33.98291666666666], [75.92375, 33.98624999999999], [75.91708333333332, 33.98708333333334], [75.90958333333333, 33.989583333333336], [75.90291666666666, 33.99291666666665], [75.89791666666667, 33.99458333333334], [75.89458333333333, 33.997916666666676], [75.89291666666666, 33.997916666666676], [75.88874999999999, 34.001250000000006], [75.88624999999999, 34.007916666666674], [75.88624999999999, 34.010416666666686], [75.87958333333333, 34.01125], [75.87875, 34.01291666666666], [75.87791666666666, 34.01291666666666], [75.87625, 34.01291666666667], [75.87541666666667, 34.01125], [75.87208333333332, 34.011250000000004], [75.87041666666666, 34.00958333333335], [75.86625, 34.008750000000006], [75.86125, 34.009583333333346], [75.85374999999999, 34.00958333333333], [75.85291666666666, 34.011250000000004], [75.84958333333333, 34.01124999999999], [75.84375, 34.00625000000001], [75.82375, 34.006250000000016], [75.81541666666666, 34.01291666666667], [75.81041666666665, 34.01791666666667], [75.80624999999999, 34.01958333333334], [75.80208333333334, 34.01958333333334], [75.79791666666665, 34.022916666666674], [75.79791666666665, 34.02458333333333], [75.79208333333332, 34.02875], [75.78541666666666, 34.02875], [75.78458333333333, 34.03125000000001], [75.77958333333332, 34.03541666666666], [75.77708333333332, 34.03541666666666], [75.77541666666666, 34.03791666666667], [75.77208333333333, 34.037916666666675], [75.76875, 34.03958333333334], [75.76875, 34.04375000000001], [75.76791666666666, 34.04374999999999], [75.76875, 34.04541666666666], [75.76875, 34.05291666666667], [75.76624999999999, 34.05458333333334], [75.76124999999999, 34.05541666666667], [75.74791666666665, 34.05541666666667], [75.74374999999999, 34.05958333333333], [75.74041666666666, 34.06125], [75.73958333333333, 34.06125], [75.74208333333333, 34.06708333333333], [75.74208333333333, 34.06958333333334], [75.74374999999999, 34.07291666666667], [75.73791666666666, 34.077083333333334], [75.73208333333332, 34.08291666666666], [75.72708333333333, 34.08208333333334], [75.72208333333333, 34.08541666666668], [75.72458333333333, 34.08875], [75.72375, 34.09208333333333], [75.72125, 34.094583333333325], [75.72125, 34.10125], [75.72041666666667, 34.10125000000001], [75.72041666666667, 34.10208333333333], [75.72041666666667, 34.102916666666665], [75.71291666666666, 34.106249999999996], [75.71041666666666, 34.106249999999996], [75.70625000000001, 34.10791666666666], [75.70291666666665, 34.11125], [75.70291666666665, 34.11291666666667], [75.69624999999999, 34.11958333333334], [75.69874999999999, 34.12208333333334], [75.69541666666666, 34.125416666666666], [75.69291666666666, 34.12625], [75.68875, 34.13041666666667], [75.68374999999999, 34.13208333333334], [75.68291666666666, 34.136250000000004], [75.67458333333333, 34.14458333333333], [75.67375, 34.14458333333334], [75.68374999999999, 34.154583333333335], [75.68958333333333, 34.15958333333333], [75.69125, 34.15958333333333], [75.69125, 34.16458333333334], [75.68708333333333, 34.16541666666667], [75.68374999999999, 34.16791666666667], [75.68291666666666, 34.17208333333335], [75.68541666666665, 34.17541666666666], [75.68541666666665, 34.17958333333333], [75.68708333333333, 34.18041666666666], [75.68875, 34.18458333333333], [75.68875, 34.18791666666666], [75.69041666666666, 34.18958333333334], [75.69041666666666, 34.19375], [75.69208333333333, 34.194583333333334], [75.69208333333333, 34.198750000000004], [75.69041666666666, 34.201249999999995], [75.68958333333333, 34.20125], [75.68791666666667, 34.20125000000001], [75.68374999999999, 34.20208333333334], [75.67708333333333, 34.20041666666667], [75.67541666666666, 34.198750000000004], [75.66375, 34.19875], [75.65791666666667, 34.20458333333334], [75.65791666666667, 34.20708333333333], [75.65208333333332, 34.21208333333334], [75.64625, 34.21208333333334], [75.64541666666666, 34.21041666666667], [75.63791666666665, 34.210416666666674], [75.63208333333333, 34.205416666666665], [75.62958333333333, 34.20458333333334], [75.62708333333333, 34.201249999999995], [75.62041666666666, 34.20125], [75.61874999999999, 34.19958333333333], [75.61458333333333, 34.198750000000004], [75.61458333333333, 34.19708333333334], [75.60874999999999, 34.195416666666674], [75.59958333333333, 34.197916666666664], [75.59458333333333, 34.19791666666667], [75.59458333333333, 34.198750000000004], [75.59291666666667, 34.19958333333334], [75.58624999999999, 34.20625], [75.58458333333333, 34.21125000000001], [75.58125, 34.21375], [75.57958333333333, 34.21375], [75.57708333333332, 34.21374999999999], [75.57208333333332, 34.21125000000001], [75.55458333333333, 34.211250000000014], [75.55291666666666, 34.212916666666665], [75.55041666666666, 34.212916666666665], [75.55041666666666, 34.21375], [75.54458333333332, 34.219583333333325], [75.53958333333333, 34.22375], [75.53375, 34.22375000000001], [75.53041666666667, 34.22708333333333], [75.52708333333332, 34.22791666666668], [75.52624999999999, 34.22791666666667], [75.52541666666666, 34.22791666666668], [75.52041666666666, 34.228750000000005], [75.51541666666665, 34.22791666666669], [75.51041666666666, 34.228750000000005], [75.50625, 34.23291666666666], [75.50041666666667, 34.23375], [75.49624999999999, 34.23374999999999], [75.49624999999999, 34.23875], [75.49541666666666, 34.24125000000001], [75.49125, 34.244583333333345], [75.48875, 34.245416666666664], [75.48708333333333, 34.24874999999999], [75.48374999999999, 34.252083333333346], [75.48291666666665, 34.256249999999994], [75.48374999999999, 34.25875000000001], [75.48124999999999, 34.26125], [75.48208333333332, 34.265416666666674], [75.48374999999999, 34.26791666666667], [75.47375, 34.27791666666667], [75.47125, 34.27875], [75.46458333333332, 34.28541666666667], [75.45958333333333, 34.28875000000001], [75.45625, 34.28875000000001], [75.45625, 34.28625], [75.45041666666665, 34.283750000000005], [75.44041666666666, 34.28375000000001], [75.43791666666667, 34.28208333333334], [75.42541666666666, 34.28208333333333], [75.42458333333333, 34.283750000000005], [75.42041666666665, 34.282916666666665], [75.42041666666665, 34.28125000000001], [75.41791666666666, 34.282916666666665], [75.41458333333333, 34.28291666666667], [75.41291666666666, 34.28458333333334], [75.40791666666668, 34.284583333333345], [75.40541666666667, 34.283750000000005], [75.40041666666666, 34.28875000000001], [75.39708333333333, 34.29375], [75.39375, 34.29625000000001], [75.39375, 34.299583333333345], [75.39541666666666, 34.30458333333333], [75.40291666666666, 34.31208333333334], [75.40291666666666, 34.31375], [75.39958333333333, 34.316250000000004], [75.39541666666666, 34.316250000000004], [75.39208333333333, 34.31958333333334], [75.39458333333333, 34.323750000000004], [75.38791666666665, 34.32375], [75.38791666666665, 34.324583333333344], [75.38374999999999, 34.32875], [75.38374999999999, 34.33374999999999], [75.38291666666666, 34.33791666666667], [75.37708333333333, 34.34291666666667], [75.38291666666666, 34.34541666666666], [75.38291666666666, 34.34791666666667], [75.38624999999999, 34.34958333333334], [75.38125, 34.35625], [75.38125, 34.360416666666666], [75.38291666666666, 34.36125], [75.38541666666666, 34.36625], [75.38374999999999, 34.366250000000015], [75.38041666666666, 34.367916666666666], [75.37791666666666, 34.37041666666668], [75.37374999999999, 34.37125], [75.37791666666666, 34.37625000000001], [75.37791666666666, 34.38625], [75.37208333333332, 34.38791666666666], [75.36874999999999, 34.39041666666666], [75.36708333333333, 34.39041666666667], [75.36541666666666, 34.39374999999999], [75.37208333333332, 34.400416666666686], [75.37208333333332, 34.40208333333333], [75.37791666666666, 34.40791666666667], [75.37374999999999, 34.40958333333334], [75.37291666666665, 34.412083333333335], [75.36625, 34.41791666666667], [75.36541666666666, 34.41791666666667], [75.35708333333332, 34.41791666666667], [75.35541666666667, 34.422916666666666], [75.35291666666666, 34.42541666666668], [75.34791666666666, 34.427083333333336], [75.34458333333333, 34.427083333333336], [75.33874999999999, 34.43291666666667], [75.33375000000001, 34.432916666666664], [75.33208333333333, 34.435416666666676], [75.32791666666665, 34.43708333333333], [75.32708333333333, 34.43958333333332], [75.32874999999999, 34.44124999999998], [75.33291666666666, 34.442083333333336], [75.33291666666666, 34.447083333333346], [75.33208333333333, 34.44958333333334], [75.33541666666666, 34.45208333333333], [75.33874999999999, 34.452916666666674], [75.33874999999999, 34.45791666666666], [75.34124999999999, 34.46125000000001], [75.33624999999999, 34.46208333333334], [75.34458333333333, 34.47041666666668], [75.34458333333333, 34.47208333333334], [75.35208333333333, 34.479583333333345], [75.34375, 34.486250000000005], [75.34375, 34.49041666666666], [75.34708333333333, 34.49375], [75.34791666666666, 34.49625], [75.34791666666666, 34.50291666666666], [75.35125, 34.510416666666664], [75.35208333333333, 34.51708333333334], [75.35541666666667, 34.52041666666666], [75.36041666666667, 34.52208333333333], [75.36625, 34.522083333333335], [75.36625, 34.52458333333335], [75.36458333333333, 34.52625], [75.36458333333333, 34.53291666666666], [75.36625, 34.533750000000005], [75.36625, 34.53791666666668], [75.36541666666666, 34.537916666666675], [75.36125, 34.53958333333333], [75.35458333333332, 34.54791666666667], [75.35208333333333, 34.55291666666667], [75.34791666666666, 34.55791666666667], [75.34791666666666, 34.55958333333333], [75.34458333333333, 34.56291666666667], [75.33958333333332, 34.56458333333334], [75.33458333333333, 34.567083333333336], [75.32791666666665, 34.568749999999994], [75.32374999999999, 34.56541666666668], [75.31958333333333, 34.565416666666664], [75.31625, 34.56875], [75.31541666666666, 34.56875], [75.31458333333333, 34.572916666666664], [75.30958333333332, 34.57875000000001], [75.30624999999999, 34.57875000000001], [75.30291666666666, 34.58208333333334], [75.30291666666666, 34.58458333333333], [75.30041666666666, 34.58708333333334], [75.29541666666665, 34.58708333333334], [75.29041666666666, 34.588750000000005], [75.28791666666666, 34.59125000000001], [75.28708333333333, 34.59541666666667], [75.28458333333333, 34.59458333333334], [75.27708333333332, 34.59541666666667], [75.27125, 34.59791666666666], [75.26875, 34.59791666666667], [75.26708333333333, 34.60208333333333], [75.26041666666666, 34.603750000000005], [75.25541666666666, 34.60375], [75.25291666666666, 34.60458333333334], [75.25291666666666, 34.607083333333335], [75.25458333333333, 34.60958333333334], [75.25791666666666, 34.61208333333334], [75.25791666666666, 34.62125], [75.25541666666666, 34.62291666666667], [75.25625, 34.626250000000006], [75.25125, 34.63041666666667], [75.24791666666665, 34.63125], [75.24208333333333, 34.63708333333334], [75.23791666666668, 34.63708333333334], [75.23541666666667, 34.63541666666667], [75.23208333333332, 34.635416666666664], [75.22791666666666, 34.63291666666668], [75.22625, 34.63458333333333], [75.21958333333333, 34.633750000000006], [75.21708333333332, 34.63625], [75.21291666666666, 34.636250000000004], [75.21041666666666, 34.63875], [75.20708333333333, 34.63875], [75.20541666666666, 34.642083333333346], [75.20458333333333, 34.64208333333334], [75.20541666666666, 34.643750000000004], [75.20625, 34.643750000000004], [75.20791666666666, 34.64625], [75.21624999999999, 34.65208333333333], [75.21958333333333, 34.65291666666666], [75.22208333333333, 34.655416666666675], [75.22541666666666, 34.66041666666668], [75.22541666666666, 34.663750000000014], [75.22874999999999, 34.66875], [75.22874999999999, 34.671249999999986], [75.23208333333332, 34.673750000000005], [75.23541666666667, 34.67375], [75.23791666666668, 34.67541666666668], [75.23875, 34.67958333333333], [75.24458333333332, 34.683749999999996], [75.24791666666665, 34.68375], [75.25041666666667, 34.68541666666667], [75.25625, 34.685416666666654], [75.25625, 34.690416666666664], [75.25208333333333, 34.69458333333333], [75.25041666666667, 34.70291666666667], [75.25208333333333, 34.70291666666667], [75.25625, 34.70708333333334], [75.25541666666666, 34.71291666666667], [75.25791666666666, 34.716249999999995], [75.26124999999999, 34.71875], [75.26124999999999, 34.72458333333333], [75.26291666666665, 34.727916666666665], [75.26208333333332, 34.72791666666668], [75.25708333333333, 34.731249999999996], [75.25541666666666, 34.73791666666666], [75.25541666666666, 34.74875], [75.25208333333333, 34.75125], [75.25208333333333, 34.75375], [75.24958333333333, 34.755416666666676], [75.25041666666667, 34.757916666666674], [75.25041666666667, 34.765416666666674], [75.25375, 34.76791666666667], [75.25291666666666, 34.76958333333334], [75.24541666666666, 34.77708333333333], [75.24541666666666, 34.78208333333334], [75.24791666666665, 34.783750000000005], [75.24708333333332, 34.78791666666665], [75.24291666666666, 34.79208333333333], [75.23708333333333, 34.795416666666675], [75.23625, 34.79958333333333], [75.23041666666666, 34.80458333333335], [75.22208333333333, 34.80708333333334], [75.22208333333333, 34.81041666666667], [75.21791666666667, 34.81458333333333], [75.21124999999999, 34.81541666666667], [75.20958333333334, 34.81708333333333], [75.20541666666666, 34.81791666666667], [75.20041666666665, 34.81791666666667], [75.19708333333332, 34.82375], [75.18958333333333, 34.82708333333334], [75.18624999999999, 34.82958333333333], [75.18041666666666, 34.830416666666665], [75.17541666666666, 34.835416666666674], [75.16791666666666, 34.833749999999995], [75.16291666666666, 34.834583333333335], [75.15458333333332, 34.834583333333335], [75.15208333333332, 34.83291666666667], [75.14958333333333, 34.83291666666667], [75.14625, 34.835416666666674], [75.14541666666666, 34.835416666666674], [75.14458333333333, 34.83708333333334], [75.14458333333333, 34.846250000000005], [75.14625, 34.84708333333334], [75.14708333333333, 34.850416666666675], [75.14208333333333, 34.85541666666666], [75.14208333333333, 34.85958333333333], [75.14375, 34.86041666666667], [75.14458333333333, 34.863749999999996], [75.14041666666665, 34.86791666666668], [75.13374999999999, 34.87291666666667], [75.12708333333333, 34.87958333333332], [75.12458333333333, 34.87958333333333], [75.12208333333332, 34.877083333333346], [75.11874999999999, 34.87624999999999], [75.11874999999999, 34.879583333333336], [75.11625, 34.88125000000001], [75.11541666666666, 34.88458333333334], [75.11208333333333, 34.88458333333333], [75.11041666666667, 34.88708333333334], [75.10708333333334, 34.887083333333344], [75.10458333333332, 34.89124999999999], [75.10458333333332, 34.89708333333333], [75.10291666666666, 34.900416666666665], [75.10541666666666, 34.90041666666667], [75.11708333333333, 34.908750000000005], [75.12625, 34.90874999999999], [75.12708333333333, 34.910416666666656], [75.13791666666665, 34.91041666666667], [75.14041666666665, 34.91208333333333], [75.14208333333333, 34.915416666666665], [75.14708333333333, 34.915416666666665], [75.15041666666666, 34.91791666666666], [75.15041666666666, 34.92291666666665], [75.15374999999999, 34.922916666666666], [75.15458333333332, 34.92458333333334], [75.15458333333332, 34.92958333333334], [75.15625, 34.92958333333334], [75.15625, 34.93041666666667], [75.15791666666667, 34.93041666666667], [75.15875, 34.93208333333334], [75.17124999999999, 34.93208333333333], [75.17124999999999, 34.931250000000006], [75.18291666666666, 34.93125000000001], [75.18791666666668, 34.93291666666666], [75.18875, 34.934583333333336], [75.19458333333333, 34.93541666666666], [75.19791666666666, 34.938750000000006], [75.19958333333332, 34.93875000000001], [75.20708333333333, 34.94624999999999], [75.20708333333333, 34.950416666666655], [75.20374999999999, 34.95458333333334], [75.20124999999999, 34.95458333333333], [75.19874999999999, 34.95791666666667], [75.20208333333332, 34.962916666666665], [75.19708333333332, 34.96958333333333], [75.19708333333332, 34.97208333333334], [75.19791666666666, 34.97208333333333], [75.20124999999999, 34.97541666666667], [75.20625, 34.98291666666667], [75.20625, 34.98458333333334], [75.21291666666666, 34.98541666666666], [75.21791666666667, 34.99125000000001], [75.22208333333333, 34.99458333333334], [75.22791666666666, 34.99708333333333], [75.22625, 35.00041666666668], [75.22791666666666, 35.00374999999999], [75.23208333333332, 35.007916666666674], [75.23208333333332, 35.00875000000001], [75.23208333333332, 35.00958333333334], [75.23041666666666, 35.00958333333334], [75.22625, 35.012916666666676], [75.22291666666666, 35.021250000000016], [75.22208333333333, 35.026250000000005], [75.21374999999999, 35.02625], [75.21041666666666, 35.03125], [75.20374999999999, 35.03125000000001], [75.20208333333332, 35.03375], [75.19708333333332, 35.03374999999999], [75.19708333333332, 35.03875], [75.19791666666666, 35.03875000000001], [75.19958333333332, 35.040416666666665], [75.20291666666667, 35.04041666666667], [75.20708333333333, 35.04208333333334], [75.20708333333333, 35.04541666666667], [75.20541666666666, 35.051249999999996], [75.20958333333334, 35.052083333333336], [75.21374999999999, 35.05708333333334], [75.21374999999999, 35.06291666666667], [75.21624999999999, 35.06375], [75.21374999999999, 35.067083333333336], [75.21458333333332, 35.07208333333334], [75.20708333333333, 35.07458333333334], [75.20374999999999, 35.07458333333334], [75.20041666666665, 35.077083333333334], [75.19958333333332, 35.080416666666665], [75.19708333333332, 35.082916666666655], [75.19458333333333, 35.08708333333335], [75.19458333333333, 35.09541666666667], [75.19291666666666, 35.098749999999995], [75.19291666666666, 35.10374999999999], [75.19791666666666, 35.10625000000001], [75.20291666666667, 35.10625], [75.20458333333333, 35.10791666666666], [75.21041666666666, 35.10791666666666], [75.21374999999999, 35.10791666666666], [75.21374999999999, 35.10958333333334], [75.21708333333332, 35.112083333333345], [75.21708333333332, 35.11541666666667], [75.21458333333332, 35.11625], [75.21041666666666, 35.11958333333334], [75.21041666666666, 35.121249999999996], [75.21374999999999, 35.12375], [75.21541666666666, 35.12708333333334], [75.22125, 35.127083333333346], [75.22291666666666, 35.128750000000004], [75.22208333333333, 35.135416666666664], [75.21875, 35.13625000000001], [75.22041666666667, 35.14125], [75.22291666666666, 35.14458333333334], [75.22625, 35.146249999999995], [75.23291666666665, 35.14625], [75.23291666666665, 35.14958333333333], [75.23625, 35.151250000000005], [75.24125, 35.15541666666667], [75.24458333333332, 35.15541666666667], [75.24708333333332, 35.157083333333325], [75.25041666666667, 35.15708333333334], [75.25041666666667, 35.15791666666667], [75.26208333333332, 35.15791666666666], [75.26624999999999, 35.15958333333333], [75.26958333333333, 35.15958333333334], [75.27208333333333, 35.15625], [75.27374999999999, 35.15625], [75.27374999999999, 35.15541666666667], [75.27708333333332, 35.158750000000005], [75.27958333333332, 35.15958333333334], [75.27958333333332, 35.16291666666666], [75.28208333333333, 35.16458333333335], [75.28291666666667, 35.16708333333333], [75.28291666666667, 35.17291666666669], [75.28541666666666, 35.17625], [75.29374999999999, 35.17541666666667], [75.30291666666666, 35.17125], [75.30375, 35.17291666666668], [75.31041666666665, 35.17541666666667], [75.31375, 35.178749999999994], [75.31875, 35.18208333333333], [75.32208333333332, 35.18208333333334], [75.32374999999999, 35.17958333333334], [75.32374999999999, 35.17875], [75.33208333333333, 35.17791666666666], [75.34041666666666, 35.174583333333345], [75.34375, 35.17125], [75.35041666666666, 35.16791666666666], [75.35874999999999, 35.16791666666666], [75.36041666666667, 35.16958333333333], [75.36541666666666, 35.17041666666667], [75.36541666666666, 35.17208333333333], [75.36958333333332, 35.17541666666667], [75.37791666666666, 35.17541666666668], [75.38125, 35.17375], [75.38708333333332, 35.173750000000005], [75.38708333333332, 35.17458333333334], [75.39625, 35.17875], [75.40124999999999, 35.178749999999994], [75.40625, 35.17791666666667], [75.40791666666668, 35.17625000000001], [75.41375, 35.17708333333333], [75.42124999999999, 35.17708333333332], [75.42708333333333, 35.17875000000001], [75.43041666666666, 35.175416666666685], [75.43624999999999, 35.17541666666667], [75.44041666666666, 35.17791666666667], [75.44291666666666, 35.17791666666666], [75.44541666666666, 35.18041666666668], [75.44791666666666, 35.18041666666668], [75.45208333333332, 35.177083333333336], [75.45208333333332, 35.178749999999994], [75.45374999999999, 35.17958333333334], [75.45374999999999, 35.183749999999996], [75.45875, 35.18375], [75.46291666666666, 35.18125000000001], [75.46541666666666, 35.178749999999994], [75.47125, 35.17791666666666], [75.47208333333333, 35.17541666666667], [75.48041666666666, 35.18291666666667], [75.48458333333332, 35.182916666666664], [75.48625000000001, 35.18125000000001], [75.49041666666666, 35.18125000000001], [75.49291666666666, 35.184583333333336], [75.49874999999999, 35.183749999999996], [75.50958333333332, 35.183749999999996], [75.50958333333332, 35.18458333333333], [75.51124999999999, 35.184583333333336], [75.51541666666665, 35.18208333333333], [75.52125, 35.18208333333333], [75.52458333333333, 35.181250000000006], [75.52541666666666, 35.178749999999994], [75.52874999999999, 35.17791666666667], [75.52874999999999, 35.17541666666667], [75.53125, 35.17458333333333], [75.53208333333335, 35.17208333333334], [75.53291666666667, 35.17208333333334], [75.53208333333335, 35.16958333333334], [75.52874999999999, 35.16625], [75.52624999999999, 35.16541666666667], [75.52791666666666, 35.16291666666667], [75.52791666666666, 35.158750000000005], [75.52624999999999, 35.15541666666667], [75.52958333333332, 35.15125000000001], [75.53291666666667, 35.149583333333325], [75.53208333333335, 35.14458333333334], [75.52874999999999, 35.14125000000001], [75.53041666666667, 35.139583333333334], [75.53208333333335, 35.139583333333334], [75.53291666666667, 35.13541666666668], [75.53791666666666, 35.12874999999999], [75.53208333333335, 35.122916666666676], [75.52958333333332, 35.12125], [75.53041666666667, 35.11791666666667], [75.53041666666667, 35.11291666666667], [75.52791666666666, 35.111250000000005], [75.52624999999999, 35.10541666666667], [75.52374999999999, 35.10625000000001], [75.51791666666666, 35.10625], [75.51374999999999, 35.10458333333334], [75.51124999999999, 35.10208333333334], [75.51124999999999, 35.09458333333334], [75.51374999999999, 35.09458333333334], [75.51958333333333, 35.08875000000001], [75.51791666666666, 35.08208333333334], [75.52041666666666, 35.07958333333334], [75.53208333333335, 35.07958333333334], [75.53791666666666, 35.07458333333333], [75.54374999999999, 35.06875], [75.54291666666666, 35.067916666666676], [75.54791666666665, 35.06375], [75.55375000000001, 35.06374999999999], [75.55791666666666, 35.05958333333333], [75.55791666666666, 35.05875], [75.55791666666666, 35.05791666666667], [75.56458333333333, 35.05125000000001], [75.56708333333333, 35.05125], [75.57124999999999, 35.04291666666667], [75.57624999999999, 35.03791666666667], [75.57791666666665, 35.03458333333334], [75.58291666666666, 35.03458333333334], [75.58458333333333, 35.03625], [75.58958333333332, 35.03625000000001], [75.59208333333332, 35.03541666666667], [75.59458333333333, 35.03208333333333], [75.60458333333332, 35.032083333333325], [75.60791666666665, 35.03458333333334], [75.61041666666665, 35.03208333333334], [75.61708333333333, 35.03291666666667], [75.63374999999999, 35.03291666666668], [75.63791666666665, 35.03791666666667], [75.64375, 35.037083333333335], [75.64458333333333, 35.03291666666667], [75.64791666666666, 35.03041666666666], [75.65124999999999, 35.03041666666666], [75.65625000000001, 35.02708333333334], [75.65958333333333, 35.023750000000014], [75.65958333333333, 35.02208333333334], [75.66541666666666, 35.01625000000001], [75.66708333333332, 35.016250000000014], [75.67541666666666, 35.007916666666674], [75.68374999999999, 35.007916666666674], [75.68458333333332, 35.00708333333335], [75.68458333333332, 35.007916666666674], [75.68875, 35.01125], [75.68875, 35.01375], [75.69125, 35.01708333333334], [75.69541666666666, 35.01791666666667], [75.69624999999999, 35.01791666666667], [75.69708333333332, 35.017916666666665], [75.70124999999999, 35.02125], [75.70208333333332, 35.02541666666667], [75.69958333333334, 35.028749999999995], [75.69874999999999, 35.03208333333333], [75.69541666666666, 35.03541666666666], [75.69041666666666, 35.037083333333335], [75.68875, 35.03875], [75.68291666666666, 35.040416666666665], [75.67958333333333, 35.040416666666665], [75.67625, 35.04208333333334], [75.67541666666666, 35.04541666666666], [75.66958333333332, 35.04541666666667], [75.66791666666666, 35.04958333333333], [75.66874999999999, 35.05708333333334], [75.66708333333332, 35.058749999999996], [75.66708333333332, 35.07291666666668], [75.66624999999999, 35.077916666666674], [75.67041666666665, 35.08041666666667], [75.67125, 35.08291666666667], [75.67041666666665, 35.08291666666666], [75.66624999999999, 35.08458333333334], [75.66541666666666, 35.08624999999999], [75.66125, 35.08791666666667], [75.66041666666666, 35.09125], [75.65958333333333, 35.09125], [75.65708333333333, 35.09708333333334], [75.65958333333333, 35.100416666666675], [75.65625000000001, 35.10041666666667], [75.65208333333332, 35.103750000000005], [75.64041666666665, 35.107916666666654], [75.63541666666666, 35.11125000000001], [75.63458333333332, 35.11125], [75.63708333333332, 35.11625], [75.64124999999999, 35.120416666666664], [75.64458333333333, 35.121249999999996], [75.64541666666666, 35.12708333333334], [75.64708333333333, 35.13208333333335], [75.64874999999999, 35.13208333333334], [75.65541666666665, 35.135416666666664], [75.65541666666665, 35.13791666666666], [75.66208333333333, 35.14208333333333], [75.66541666666666, 35.146249999999995], [75.66541666666666, 35.14708333333333], [75.68541666666665, 35.14708333333332], [75.69208333333333, 35.147916666666674], [75.69624999999999, 35.14958333333333], [75.69708333333332, 35.15125000000001], [75.70041666666665, 35.151250000000005], [75.70208333333332, 35.15291666666666], [75.70541666666666, 35.15208333333334], [75.71291666666666, 35.15208333333333], [75.71791666666665, 35.15625], [75.71541666666666, 35.158750000000005], [75.71291666666666, 35.16541666666667], [75.70708333333333, 35.17208333333334], [75.70541666666666, 35.178749999999994], [75.70541666666666, 35.18041666666668], [75.70875, 35.182916666666664], [75.71541666666666, 35.18291666666667], [75.71875, 35.18541666666666], [75.71875, 35.18625], [75.71875, 35.187916666666666], [75.71624999999999, 35.19041666666667], [75.71708333333332, 35.19541666666667], [75.71875, 35.197083333333346], [75.72458333333333, 35.20041666666667], [75.72791666666667, 35.20125], [75.72958333333332, 35.206250000000004], [75.73291666666665, 35.20791666666668], [75.73374999999999, 35.21375000000001], [75.73291666666665, 35.217083333333335], [75.73625, 35.22041666666667], [75.74374999999999, 35.22041666666667], [75.75125, 35.218749999999986], [75.75208333333333, 35.217083333333335], [75.76958333333333, 35.21708333333334], [75.77291666666666, 35.21791666666667], [75.77375, 35.219583333333325], [75.78125, 35.21958333333333], [75.78458333333333, 35.21874999999999], [75.79041666666666, 35.214583333333344], [75.79374999999999, 35.21458333333334], [75.79624999999999, 35.21291666666667], [75.81124999999999, 35.21291666666667], [75.81625, 35.211250000000014], [75.82958333333333, 35.21125000000001], [75.83375, 35.21208333333334], [75.83541666666666, 35.21375000000001], [75.83708333333333, 35.213750000000005], [75.84041666666666, 35.21208333333334], [75.84791666666666, 35.209583333333335], [75.84791666666666, 35.208749999999995], [75.85291666666666, 35.20875], [75.85541666666666, 35.20708333333334], [75.86041666666665, 35.20708333333334], [75.86208333333333, 35.20458333333334], [75.86791666666666, 35.203750000000014], [75.87124999999999, 35.20375], [75.87625, 35.20375000000001], [75.88458333333332, 35.21208333333334], [75.88874999999999, 35.21541666666667], [75.89208333333333, 35.21458333333333], [75.89708333333333, 35.21458333333334], [75.90374999999999, 35.21958333333334], [75.91208333333333, 35.22708333333335], [75.91624999999999, 35.22791666666667], [75.91624999999999, 35.228750000000005], [75.92041666666665, 35.224583333333335], [75.92124999999999, 35.21958333333334], [75.92291666666665, 35.21958333333334], [75.92375, 35.21791666666667], [75.92708333333333, 35.21541666666667], [75.92708333333333, 35.21375000000001], [75.93041666666666, 35.21041666666667], [75.93291666666666, 35.21041666666668], [75.93624999999999, 35.20458333333334], [75.93541666666665, 35.20125], [75.93541666666665, 35.19458333333335], [75.93624999999999, 35.192916666666676], [75.93791666666667, 35.19291666666666], [75.94125, 35.18958333333334], [75.95625, 35.18041666666668], [75.95958333333333, 35.17708333333332], [75.96458333333332, 35.177083333333336], [75.96791666666665, 35.17541666666667], [75.97375, 35.17541666666667], [75.97958333333332, 35.173750000000005], [75.98041666666666, 35.17208333333334], [75.98625, 35.17124999999999], [75.98708333333333, 35.16958333333333], [75.99041666666666, 35.16875], [75.99374999999999, 35.16541666666667], [75.99791666666667, 35.16458333333334], [76.00041666666667, 35.155416666666675], [76.00041666666667, 35.151250000000005], [76.00125, 35.15125000000001], [76.00291666666666, 35.149583333333325], [76.00708333333333, 35.14958333333333], [76.01208333333332, 35.147083333333335], [76.01708333333333, 35.145416666666655], [76.01791666666666, 35.139583333333334], [76.02624999999999, 35.137083333333344], [76.03041666666665, 35.132916666666674], [76.03375, 35.13208333333335], [76.03791666666666, 35.127916666666664], [76.03958333333333, 35.12791666666667], [76.04375, 35.127916666666664], [76.04624999999999, 35.12958333333333], [76.05541666666666, 35.12958333333333], [76.05958333333332, 35.12791666666667], [76.06124999999999, 35.12458333333334], [76.06708333333333, 35.12125], [76.06708333333333, 35.120416666666664], [76.07208333333334, 35.12125000000001], [76.07374999999999, 35.119583333333345], [76.07874999999999, 35.11958333333334], [76.08541666666666, 35.11625], [76.09708333333333, 35.116249999999994], [76.10208333333333, 35.118750000000006], [76.10208333333333, 35.11958333333334], [76.10458333333332, 35.11708333333333], [76.10624999999999, 35.11291666666667], [76.10958333333332, 35.112083333333345], [76.11708333333333, 35.112083333333345], [76.11791666666666, 35.10958333333334], [76.12458333333333, 35.106249999999996], [76.13125, 35.10625], [76.13791666666665, 35.10291666666667], [76.14124999999999, 35.102916666666665], [76.14291666666666, 35.09958333333333], [76.14541666666666, 35.097083333333345], [76.14958333333333, 35.096250000000005], [76.15458333333332, 35.092083333333335], [76.15958333333333, 35.09208333333333], [76.16125, 35.08875], [76.16125, 35.08541666666667], [76.16708333333332, 35.084583333333335], [76.16874999999999, 35.08125], [76.17291666666665, 35.081250000000004], [76.17625, 35.07958333333334], [76.18041666666666, 35.078750000000014], [76.18958333333333, 35.078750000000014], [76.18958333333333, 35.07791666666667], [76.19041666666666, 35.07791666666667], [76.19458333333333, 35.07791666666666], [76.20041666666665, 35.076249999999995], [76.20541666666666, 35.07291666666667], [76.21374999999999, 35.07291666666668], [76.21374999999999, 35.07375], [76.22125, 35.07208333333333], [76.22291666666666, 35.07041666666668], [76.23041666666666, 35.07041666666668], [76.23291666666665, 35.06875], [76.23708333333333, 35.068749999999994], [76.24041666666666, 35.07041666666668], [76.24791666666665, 35.07041666666668], [76.25208333333333, 35.06791666666666], [76.25708333333333, 35.066250000000004], [76.26958333333333, 35.06625000000001], [76.27291666666666, 35.063750000000006], [76.27541666666666, 35.06041666666667], [76.28625, 35.06041666666667], [76.29041666666666, 35.06124999999999], [76.29374999999999, 35.06041666666667], [76.29541666666665, 35.056250000000006], [76.29708333333332, 35.05625000000001], [76.30375, 35.05291666666667], [76.30541666666666, 35.05041666666667], [76.30541666666666, 35.045416666666675], [76.30958333333332, 35.041250000000005], [76.31958333333333, 35.041250000000005], [76.33458333333333, 35.04291666666666], [76.33624999999999, 35.04125], [76.33624999999999, 35.03958333333334], [76.33874999999999, 35.03291666666666], [76.33874999999999, 35.028749999999995], [76.34124999999999, 35.025416666666665], [76.33874999999999, 35.022083333333335], [76.34208333333333, 35.018750000000004], [76.34208333333333, 35.017916666666665], [76.34541666666667, 35.01208333333334], [76.35125, 35.007916666666674], [76.35208333333333, 35.003750000000004], [76.35708333333332, 35.00208333333334], [76.36541666666666, 35.00208333333334], [76.36541666666666, 34.99875], [76.36874999999999, 34.99875000000001], [76.37041666666667, 34.99541666666667], [76.37041666666667, 34.99208333333333], [76.36874999999999, 34.99208333333334], [76.36541666666666, 34.99041666666666], [76.36541666666666, 34.98375], [76.36958333333332, 34.98125000000001], [76.37208333333332, 34.97708333333333], [76.37625, 34.97625000000001], [76.37625, 34.970416666666665], [76.37958333333333, 34.96791666666665], [76.38374999999999, 34.967083333333335], [76.38708333333332, 34.963750000000005], [76.38624999999999, 34.95875000000001], [76.38458333333332, 34.956250000000004], [76.38041666666666, 34.95541666666667], [76.37958333333333, 34.950416666666655], [76.38041666666666, 34.95041666666667], [76.38624999999999, 34.94458333333334], [76.39291666666666, 34.94458333333333], [76.39458333333334, 34.94291666666667], [76.39541666666666, 34.93791666666667], [76.39541666666666, 34.93625], [76.39375, 34.935416666666654], [76.39375, 34.93041666666667], [76.39541666666666, 34.92541666666666], [76.40041666666666, 34.91958333333333], [76.40458333333332, 34.91708333333334], [76.40458333333332, 34.91208333333334], [76.40708333333333, 34.91125], [76.41041666666666, 34.90791666666667], [76.41125, 34.90375], [76.40791666666667, 34.90208333333332], [76.40708333333333, 34.89625], [76.41208333333333, 34.89291666666667], [76.41125, 34.89291666666667], [76.41125, 34.88625000000001], [76.41291666666666, 34.88541666666667], [76.41291666666666, 34.882083333333334], [76.41458333333333, 34.878750000000004], [76.41208333333333, 34.87708333333333], [76.41208333333333, 34.87375], [76.41375, 34.87291666666666], [76.41375, 34.86958333333334], [76.41125, 34.86791666666667], [76.41125, 34.86458333333334], [76.41625, 34.86208333333333], [76.41791666666666, 34.85791666666666], [76.41458333333333, 34.85458333333335], [76.41541666666666, 34.85125], [76.42041666666665, 34.84708333333334], [76.42541666666666, 34.84708333333334], [76.42875, 34.846250000000005], [76.42875, 34.84208333333332], [76.42708333333333, 34.83875], [76.42458333333333, 34.83708333333334], [76.42458333333333, 34.83208333333334], [76.42625, 34.82958333333333], [76.42708333333333, 34.82291666666668], [76.43208333333332, 34.81875000000001], [76.43208333333332, 34.80708333333334], [76.43374999999999, 34.802083333333336], [76.43374999999999, 34.80041666666666], [76.44291666666666, 34.798750000000005], [76.44624999999999, 34.79625], [76.45124999999999, 34.79625], [76.45208333333332, 34.794583333333335], [76.45208333333332, 34.787083333333335], [76.45708333333333, 34.78541666666667], [76.46291666666666, 34.78458333333334], [76.46625, 34.78625], [76.46958333333333, 34.78625], [76.47125, 34.78791666666667], [76.47874999999999, 34.78791666666666], [76.48208333333332, 34.790416666666665], [76.48374999999999, 34.79458333333334], [76.48625, 34.79541666666667], [76.48625, 34.79625], [76.48958333333333, 34.79375], [76.50041666666667, 34.793749999999996], [76.50375, 34.79291666666668], [76.51208333333332, 34.78958333333334], [76.51291666666665, 34.78791666666666], [76.51624999999999, 34.78791666666666], [76.51875000000001, 34.786249999999995], [76.51958333333333, 34.786249999999995], [76.51791666666666, 34.78458333333334], [76.51791666666666, 34.77875], [76.51958333333333, 34.776250000000005], [76.52374999999999, 34.77458333333333], [76.52541666666666, 34.77041666666667], [76.52791666666666, 34.76958333333333], [76.52791666666666, 34.76708333333334], [76.53708333333333, 34.76375], [76.54041666666667, 34.761250000000004], [76.54041666666667, 34.76041666666667], [76.54208333333332, 34.76291666666666], [76.54791666666665, 34.76291666666666], [76.54958333333333, 34.761250000000004], [76.55375, 34.76208333333334], [76.55874999999999, 34.76458333333334], [76.56208333333333, 34.764583333333334], [76.56208333333333, 34.762916666666676], [76.56541666666666, 34.75875000000001], [76.57791666666665, 34.75875], [76.57791666666665, 34.75375000000001], [76.58041666666666, 34.75041666666667], [76.58541666666666, 34.75041666666667], [76.58791666666666, 34.74875], [76.59124999999999, 34.74875], [76.59458333333333, 34.747083333333336], [76.60125, 34.74624999999999], [76.60958333333332, 34.74625], [76.61291666666666, 34.747083333333336], [76.61375, 34.752083333333324], [76.61791666666666, 34.75375000000001], [76.62208333333332, 34.75791666666667], [76.62208333333332, 34.761250000000004], [76.62708333333333, 34.76374999999999], [76.63291666666666, 34.763749999999995], [76.63374999999999, 34.76458333333333], [76.63374999999999, 34.763749999999995], [76.63624999999999, 34.76291666666666], [76.63541666666666, 34.757916666666674], [76.63291666666666, 34.75625], [76.63208333333333, 34.75125], [76.63708333333332, 34.749583333333334], [76.64041666666665, 34.747083333333336], [76.64041666666665, 34.73791666666667], [76.64208333333332, 34.73375], [76.64625, 34.73374999999999], [76.65208333333332, 34.73625000000001], [76.65791666666667, 34.736250000000005], [76.66208333333333, 34.73958333333334], [76.66291666666666, 34.73958333333334], [76.66458333333334, 34.74208333333335], [76.66958333333332, 34.74208333333334], [76.67291666666665, 34.74541666666667], [76.67791666666666, 34.74625], [76.68124999999999, 34.74458333333334], [76.68708333333332, 34.74458333333334], [76.68791666666667, 34.746249999999996], [76.69208333333333, 34.747083333333336], [76.69375, 34.74958333333333], [76.69791666666666, 34.74958333333333], [76.69958333333332, 34.74791666666666], [76.70124999999999, 34.74375], [76.70124999999999, 34.74041666666666], [76.70291666666665, 34.736250000000005], [76.70458333333332, 34.735416666666666], [76.70708333333333, 34.729583333333345], [76.70958333333333, 34.72875], [76.70958333333333, 34.727916666666665], [76.71291666666666, 34.72708333333334], [76.71624999999999, 34.723749999999995], [76.71458333333334, 34.721250000000005], [76.71541666666666, 34.717083333333335], [76.71708333333332, 34.71624999999999], [76.71624999999999, 34.712916666666665], [76.71874999999999, 34.71041666666667], [76.72375, 34.70791666666668], [76.72874999999999, 34.70458333333333], [76.72708333333333, 34.70208333333333], [76.72708333333333, 34.69791666666668], [76.72874999999999, 34.69791666666667], [76.73541666666665, 34.694583333333334], [76.73875, 34.69375], [76.73958333333333, 34.69208333333333], [76.74041666666666, 34.69208333333334], [76.74041666666666, 34.68875], [76.74208333333333, 34.68791666666666], [76.74291666666667, 34.68374999999999], [76.74291666666667, 34.67708333333333], [76.74624999999999, 34.67291666666667], [76.74624999999999, 34.66791666666666], [76.74374999999999, 34.66458333333334], [76.74458333333332, 34.66458333333335], [76.75125, 34.66125], [76.75541666666666, 34.65708333333333], [76.75541666666666, 34.65291666666667], [76.75291666666666, 34.65291666666666], [76.74958333333332, 34.65041666666668], [76.75541666666666, 34.64458333333333], [76.75541666666666, 34.63958333333334], [76.75625, 34.635416666666664], [76.76041666666666, 34.632083333333334], [76.76041666666666, 34.62708333333333], [76.76291666666665, 34.62458333333333], [76.76458333333332, 34.62125000000001], [76.76458333333332, 34.618750000000006], [76.76875, 34.61458333333333], [76.77624999999999, 34.61458333333333], [76.77791666666666, 34.61625000000001], [76.79458333333332, 34.61625], [76.79958333333333, 34.61208333333334], [76.80041666666666, 34.60791666666668], [76.80291666666666, 34.60541666666666], [76.80375, 34.60541666666668], [76.80291666666666, 34.600416666666675], [76.80624999999999, 34.596250000000005], [76.80958333333332, 34.596250000000005], [76.81208333333332, 34.595416666666665], [76.81208333333332, 34.59125], [76.81041666666667, 34.58958333333334], [76.81041666666667, 34.58291666666667], [76.80708333333332, 34.581250000000004], [76.80708333333332, 34.57875], [76.80208333333333, 34.57708333333334], [76.79874999999998, 34.57458333333333], [76.79874999999998, 34.57291666666667], [76.80208333333333, 34.570416666666674], [76.80541666666666, 34.56958333333335], [76.80541666666666, 34.56541666666667], [76.80708333333332, 34.56375], [76.80791666666666, 34.559583333333336], [76.81458333333333, 34.559583333333336], [76.83041666666666, 34.55958333333334], [76.83541666666666, 34.56041666666666], [76.83624999999999, 34.55541666666667], [76.83875, 34.55291666666666], [76.83958333333332, 34.54875000000001], [76.84208333333332, 34.54708333333335], [76.84625, 34.54624999999999], [76.84625, 34.54708333333335], [76.85125, 34.54791666666667], [76.85541666666666, 34.54958333333334], [76.86041666666667, 34.55291666666666], [76.86458333333333, 34.55791666666667], [76.86458333333333, 34.559583333333336], [76.87041666666666, 34.557916666666664], [76.87708333333333, 34.55458333333334], [76.87708333333333, 34.55291666666667], [76.88041666666666, 34.55041666666668], [76.88041666666666, 34.543749999999996], [76.88458333333332, 34.54291666666666], [76.88874999999999, 34.538750000000014], [76.90374999999999, 34.53875], [76.90708333333333, 34.54041666666668], [76.91208333333333, 34.54041666666667], [76.91208333333333, 34.53958333333335], [76.91458333333333, 34.53541666666666], [76.91791666666666, 34.53208333333333], [76.91791666666666, 34.528749999999995], [76.92041666666665, 34.526250000000005], [76.92541666666666, 34.526250000000005], [76.92708333333333, 34.52125], [76.93291666666666, 34.514583333333334], [76.93458333333334, 34.514583333333334], [76.94541666666666, 34.50875000000001], [76.95041666666665, 34.508750000000006], [76.95124999999999, 34.51708333333334], [76.95291666666665, 34.52041666666666], [76.95541666666666, 34.522083333333335], [76.96041666666666, 34.522083333333335], [76.96624999999999, 34.517083333333346], [76.97791666666666, 34.51708333333334], [76.98041666666666, 34.51541666666667], [76.98124999999999, 34.51208333333333], [76.98291666666665, 34.511250000000004], [76.98374999999999, 34.507916666666674], [76.98374999999999, 34.50458333333333], [76.98624999999998, 34.50458333333333], [76.98958333333333, 34.50208333333334], [76.99374999999999, 34.50041666666667], [76.99458333333332, 34.49875], [76.99791666666665, 34.49791666666666], [76.99874999999999, 34.496249999999996], [77.00458333333333, 34.497083333333336], [77.00458333333333, 34.50041666666667], [77.00791666666666, 34.503750000000004], [77.01374999999999, 34.50708333333335], [77.01374999999999, 34.50625000000001], [77.01875, 34.504583333333336], [77.02041666666666, 34.50208333333334], [77.02958333333332, 34.49791666666666], [77.03208333333333, 34.49541666666667], [77.03208333333333, 34.49291666666667], [77.03458333333333, 34.49041666666666], [77.03791666666666, 34.49208333333333], [77.04124999999999, 34.49208333333333], [77.04374999999999, 34.49791666666666], [77.04708333333332, 34.501250000000006], [77.04791666666665, 34.50125], [77.04958333333333, 34.49708333333333], [77.05208333333333, 34.49541666666667], [77.05291666666666, 34.488749999999996], [77.05458333333333, 34.48708333333333], [77.05541666666666, 34.481249999999996], [77.05541666666666, 34.47291666666668], [77.05708333333332, 34.471250000000005], [77.05791666666666, 34.46625], [77.06124999999999, 34.46541666666667], [77.06875, 34.45791666666667], [77.06958333333333, 34.45458333333334], [77.07374999999999, 34.449583333333344], [77.07708333333332, 34.44291666666666], [77.07874999999999, 34.442083333333336], [77.08541666666666, 34.42958333333333], [77.08624999999999, 34.430416666666666], [77.08791666666666, 34.430416666666666], [77.08791666666666, 34.42958333333334], [77.09041666666666, 34.42708333333334], [77.09374999999999, 34.42541666666668], [77.09374999999999, 34.42291666666667], [77.10208333333333, 34.41958333333332], [77.10458333333332, 34.417083333333345], [77.11124999999998, 34.41708333333333], [77.11375, 34.412916666666675], [77.12374999999999, 34.412916666666675], [77.12625, 34.41458333333334], [77.12958333333333, 34.41458333333334], [77.13125, 34.41708333333333], [77.13374999999999, 34.41708333333334], [77.13708333333332, 34.41291666666668], [77.13791666666665, 34.412916666666675], [77.13958333333332, 34.412916666666675], [77.14375, 34.41541666666668], [77.14625, 34.41791666666667], [77.14958333333333, 34.41791666666667], [77.15374999999999, 34.41958333333334], [77.15624999999999, 34.41791666666667], [77.16291666666666, 34.417916666666656], [77.16541666666666, 34.419583333333335], [77.16541666666666, 34.423750000000005], [77.16874999999999, 34.42625000000001], [77.17124999999999, 34.42625000000001], [77.17458333333333, 34.42958333333334], [77.17708333333333, 34.42958333333333], [77.18041666666666, 34.427916666666675], [77.18791666666667, 34.42791666666667], [77.18958333333335, 34.42541666666667], [77.18958333333335, 34.41625], [77.19375, 34.41375000000001], [77.19375, 34.41458333333333], [77.19791666666666, 34.41458333333335], [77.20124999999999, 34.41708333333333], [77.20541666666665, 34.41708333333334], [77.20875, 34.41458333333334], [77.21125, 34.41458333333334], [77.21374999999999, 34.41708333333333], [77.21958333333333, 34.41791666666668], [77.22208333333333, 34.41791666666667], [77.22708333333333, 34.416250000000005], [77.23208333333332, 34.41375000000001], [77.23624999999998, 34.408750000000005], [77.23875, 34.40375], [77.23875, 34.401250000000005], [77.24374999999999, 34.397916666666674], [77.24541666666666, 34.39541666666668], [77.25041666666665, 34.39541666666668], [77.25375, 34.39708333333334], [77.25375, 34.39958333333334], [77.25625, 34.40291666666667], [77.26124999999999, 34.40291666666667], [77.26124999999999, 34.40125], [77.26458333333332, 34.398750000000014], [77.26624999999999, 34.39875000000001], [77.26958333333333, 34.392916666666665], [77.26958333333333, 34.389583333333334], [77.26708333333332, 34.38875], [77.26708333333332, 34.38041666666667], [77.26791666666665, 34.380416666666676], [77.26958333333333, 34.37875], [77.28875, 34.37875], [77.29624999999999, 34.372916666666654], [77.29624999999999, 34.37375], [77.29874999999998, 34.37625000000001], [77.30375, 34.37875], [77.30874999999999, 34.37875], [77.31208333333332, 34.37708333333334], [77.31625, 34.376250000000006], [77.31625, 34.373749999999994], [77.31875, 34.36958333333333], [77.32208333333332, 34.36875], [77.32958333333332, 34.36875], [77.33541666666667, 34.36291666666666], [77.34875, 34.36291666666666], [77.35125, 34.36041666666668], [77.35458333333332, 34.36041666666667], [77.35708333333334, 34.36208333333333], [77.36124999999998, 34.360416666666666], [77.36874999999999, 34.36041666666668], [77.36874999999999, 34.35958333333335], [77.37124999999999, 34.35458333333334], [77.37791666666666, 34.35458333333333], [77.38041666666666, 34.350416666666675], [77.38374999999999, 34.349583333333335], [77.38791666666665, 34.34625000000001], [77.38874999999999, 34.34291666666667], [77.39458333333333, 34.34041666666667], [77.39791666666666, 34.33708333333334], [77.39791666666666, 34.33125], [77.40124999999999, 34.32875], [77.40791666666667, 34.328750000000014], [77.41375, 34.32708333333333], [77.41458333333333, 34.32541666666667], [77.41541666666666, 34.325416666666676], [77.41874999999999, 34.32291666666667], [77.43041666666666, 34.322916666666664], [77.43374999999999, 34.323750000000004], [77.43791666666665, 34.32625], [77.43875, 34.330416666666665], [77.44125, 34.33041666666666], [77.44791666666666, 34.32374999999999], [77.45291666666667, 34.322916666666664], [77.45291666666667, 34.320416666666674], [77.45541666666665, 34.31708333333333], [77.45541666666665, 34.312083333333334], [77.45708333333333, 34.308749999999996], [77.45791666666666, 34.308749999999996], [77.45875, 34.308749999999996], [77.46041666666666, 34.31125], [77.46541666666666, 34.31375000000001], [77.47125, 34.312083333333334], [77.47541666666666, 34.30874999999999], [77.48125, 34.308749999999996], [77.48708333333333, 34.30708333333334], [77.48791666666668, 34.30541666666667], [77.49125, 34.30458333333335], [77.49624999999999, 34.307916666666664], [77.49624999999999, 34.31125000000001], [77.49708333333332, 34.31125], [77.50125, 34.31458333333334], [77.50541666666666, 34.31458333333334], [77.51208333333332, 34.31291666666666], [77.51624999999999, 34.30958333333333], [77.51624999999999, 34.301249999999996], [77.51875, 34.29958333333334], [77.52541666666666, 34.29958333333334], [77.52541666666666, 34.30125], [77.52958333333332, 34.30458333333335], [77.53375000000001, 34.30458333333334], [77.53625, 34.302083333333336], [77.54624999999999, 34.30208333333332], [77.54958333333333, 34.30291666666666], [77.55458333333333, 34.30125], [77.55874999999999, 34.297916666666666], [77.55874999999999, 34.294583333333335], [77.56041666666665, 34.29291666666666], [77.56041666666665, 34.29208333333333], [77.56124999999999, 34.29208333333334], [77.56124999999999, 34.29125000000002], [77.56458333333333, 34.28875000000001], [77.57291666666666, 34.28875000000001], [77.57708333333333, 34.283750000000005], [77.58375000000001, 34.283750000000005], [77.59208333333332, 34.283750000000005], [77.59708333333333, 34.28125], [77.59791666666666, 34.279583333333335], [77.60291666666666, 34.27958333333332], [77.60958333333332, 34.27625], [77.61541666666666, 34.276250000000005], [77.61791666666666, 34.27708333333334], [77.62291666666665, 34.27375000000001], [77.62541666666665, 34.27125000000001], [77.63458333333332, 34.271249999999995], [77.63874999999999, 34.272083333333335], [77.64041666666665, 34.27041666666666], [77.64041666666665, 34.26875], [77.64291666666665, 34.26458333333333], [77.64375, 34.257916666666674], [77.64625, 34.254583333333336], [77.64874999999999, 34.253750000000004], [77.64874999999999, 34.251250000000006], [77.65791666666668, 34.24625], [77.66208333333333, 34.24291666666668], [77.66708333333332, 34.24208333333334], [77.67124999999999, 34.24041666666667], [77.67124999999999, 34.24125], [77.67458333333332, 34.246249999999996], [77.67791666666666, 34.24708333333334], [77.67958333333334, 34.24708333333333], [77.68541666666665, 34.243750000000006], [77.68541666666665, 34.23875], [77.68791666666665, 34.23708333333334], [77.68791666666665, 34.23041666666667], [77.68958333333333, 34.22791666666668], [77.69458333333333, 34.22625], [77.69541666666666, 34.21958333333333], [77.69874999999999, 34.21625], [77.70208333333332, 34.21458333333334], [77.70458333333332, 34.210416666666674], [77.71041666666666, 34.20791666666667], [77.71291666666666, 34.20791666666668], [77.71458333333332, 34.20125], [77.71458333333332, 34.19541666666667], [77.71624999999999, 34.194583333333334], [77.71624999999999, 34.19375], [77.71624999999999, 34.192916666666676], [77.71708333333332, 34.190416666666664], [77.72125, 34.187916666666666], [77.72708333333333, 34.18708333333334], [77.73374999999999, 34.181250000000006], [77.73624999999998, 34.181250000000006], [77.73458333333332, 34.17708333333332], [77.73458333333332, 34.17374999999999], [77.73624999999998, 34.17208333333335], [77.73624999999998, 34.168749999999996], [77.73875, 34.16708333333333], [77.73875, 34.16375], [77.74208333333333, 34.15958333333333], [77.74874999999999, 34.15708333333335], [77.75458333333333, 34.15708333333335], [77.75791666666666, 34.15375], [77.76291666666665, 34.15375000000001], [77.76624999999999, 34.15291666666667], [77.77125, 34.14958333333333], [77.77125, 34.14458333333334], [77.77624999999999, 34.13875000000001], [77.77541666666667, 34.13458333333334], [77.77541666666667, 34.12875], [77.77374999999999, 34.12541666666668], [77.77458333333333, 34.12375], [77.77541666666667, 34.12375], [77.77541666666667, 34.12208333333334], [77.77874999999999, 34.11958333333334], [77.78124999999999, 34.11958333333334], [77.78291666666667, 34.11958333333333], [77.78708333333333, 34.12208333333334], [77.78958333333333, 34.124583333333334], [77.79958333333332, 34.12458333333334], [77.79958333333332, 34.12291666666666], [77.80125, 34.12291666666666], [77.80624999999999, 34.118750000000006], [77.80624999999999, 34.11375000000001], [77.80958333333332, 34.110416666666666], [77.80958333333332, 34.10875], [77.81458333333333, 34.10625], [77.81958333333333, 34.10125000000001], [77.82041666666666, 34.101250000000014], [77.82124999999999, 34.10291666666667], [77.82708333333332, 34.10541666666666], [77.83125, 34.10541666666666], [77.83291666666666, 34.107083333333335], [77.84041666666666, 34.106249999999996], [77.84291666666665, 34.103750000000005], [77.84625, 34.10541666666667], [77.85041666666666, 34.10625], [77.85208333333333, 34.10875], [77.85208333333333, 34.109583333333326], [77.85541666666666, 34.10708333333333], [77.85874999999999, 34.10708333333333], [77.86041666666665, 34.10208333333332], [77.86541666666666, 34.09708333333332], [77.86541666666666, 34.09458333333334], [77.86958333333332, 34.092083333333335], [77.87041666666666, 34.08791666666668], [77.87374999999999, 34.08708333333333], [77.87625, 34.08291666666666], [77.87625, 34.081250000000004], [77.88291666666666, 34.075416666666676], [77.88374999999999, 34.07541666666666], [77.88291666666666, 34.073750000000004], [77.88291666666666, 34.072916666666664], [77.88291666666666, 34.07125], [77.88624999999999, 34.06875000000001], [77.88541666666666, 34.06541666666667], [77.88541666666666, 34.06041666666667], [77.88458333333332, 34.05625], [77.88708333333332, 34.053750000000015], [77.89208333333332, 34.057916666666664], [77.89708333333333, 34.057916666666664], [77.90041666666666, 34.059583333333336], [77.90291666666666, 34.05791666666667], [77.90541666666665, 34.05375000000001], [77.90875, 34.052083333333336], [77.91874999999999, 34.05208333333334], [77.92041666666665, 34.05291666666667], [77.92708333333333, 34.04708333333333], [77.93875, 34.04708333333334], [77.93875, 34.033750000000005], [77.93541666666665, 34.031250000000014], [77.93541666666665, 34.02541666666667], [77.92708333333333, 34.02124999999999], [77.92374999999998, 34.02124999999999], [77.92291666666665, 34.01958333333334], [77.92291666666665, 34.012083333333344], [77.93124999999999, 34.01125], [77.93708333333332, 34.007083333333334], [77.94041666666666, 34.00375], [77.94125, 34.00375], [77.93708333333332, 33.99958333333333], [77.93708333333332, 33.99541666666667], [77.93541666666665, 33.99291666666667], [77.93124999999999, 33.99125], [77.93291666666666, 33.986250000000005], [77.93291666666666, 33.98291666666666], [77.93124999999999, 33.97958333333334], [77.92708333333333, 33.975416666666675], [77.92625, 33.97541666666668], [77.92541666666666, 33.97125000000002], [77.92541666666666, 33.96625], [77.92625, 33.962916666666665], [77.93291666666666, 33.95541666666667], [77.93624999999999, 33.94875], [77.93958333333333, 33.946250000000006], [77.93958333333333, 33.94291666666666], [77.93791666666665, 33.941250000000004], [77.93791666666665, 33.931250000000006], [77.94208333333333, 33.927083333333336], [77.94208333333333, 33.922916666666666], [77.94541666666666, 33.919583333333335], [77.94791666666666, 33.919583333333335], [77.94791666666666, 33.91458333333334], [77.94624999999999, 33.912916666666675], [77.94291666666666, 33.912916666666675], [77.94291666666666, 33.908750000000005], [77.94458333333333, 33.90791666666667], [77.94541666666666, 33.90458333333333], [77.94708333333332, 33.90374999999999], [77.94708333333332, 33.90291666666667], [77.95041666666665, 33.90291666666668], [77.95625000000001, 33.90125], [77.95875, 33.897083333333335], [77.96124999999999, 33.89458333333333], [77.96208333333333, 33.891250000000014], [77.96624999999999, 33.88708333333333], [77.96958333333332, 33.88541666666667], [77.97041666666667, 33.882083333333334], [77.97208333333333, 33.88125000000001], [77.97375, 33.876250000000006], [77.97874999999999, 33.87458333333333], [77.98124999999999, 33.87208333333334], [77.98124999999999, 33.867916666666666], [77.98624999999998, 33.865416666666675], [77.99374999999999, 33.863749999999996], [77.99624999999999, 33.86375], [77.99624999999999, 33.862083333333324], [77.99958333333333, 33.85875000000001], [78.00041666666665, 33.85625], [77.99874999999999, 33.853750000000005], [77.99541666666666, 33.852916666666665], [77.99541666666666, 33.850416666666675], [77.99791666666665, 33.84708333333333], [78.00291666666666, 33.84375000000001], [78.00458333333333, 33.84375], [78.00791666666666, 33.83958333333334], [78.01124999999999, 33.83375], [78.01124999999999, 33.83291666666666], [78.01458333333332, 33.83291666666667], [78.02458333333333, 33.83291666666666], [78.02708333333332, 33.83125000000001], [78.03041666666665, 33.831250000000004], [78.03291666666667, 33.82875], [78.03791666666666, 33.82875000000001], [78.04374999999999, 33.827083333333334], [78.04708333333332, 33.827083333333334], [78.05041666666666, 33.83458333333334], [78.05541666666666, 33.83541666666667], [78.05874999999999, 33.833749999999995], [78.06124999999999, 33.83625000000001], [78.06291666666665, 33.83958333333334], [78.06875, 33.83958333333334], [78.07375, 33.842916666666675], [78.07375, 33.842083333333335], [78.07624999999999, 33.842083333333335], [78.08041666666665, 33.838750000000005], [78.08541666666666, 33.83791666666668], [78.08708333333333, 33.83625], [78.09458333333332, 33.83541666666667], [78.09458333333332, 33.83458333333334], [78.09625, 33.83291666666667], [78.09958333333333, 33.826249999999995], [78.10125, 33.820416666666674], [78.10125, 33.817083333333336], [78.10374999999999, 33.817083333333336], [78.10874999999999, 33.814583333333346], [78.11291666666666, 33.810416666666676], [78.11791666666666, 33.80791666666667], [78.11958333333332, 33.806250000000006], [78.12541666666665, 33.805416666666666], [78.12541666666665, 33.80291666666668], [78.13125, 33.796250000000015], [78.13291666666666, 33.791250000000005], [78.13708333333332, 33.790416666666665], [78.13958333333332, 33.78791666666667], [78.14291666666665, 33.78791666666668], [78.14791666666667, 33.78708333333333], [78.15041666666666, 33.78875000000001], [78.15458333333332, 33.789583333333326], [78.16208333333333, 33.78958333333333], [78.16624999999999, 33.78791666666667], [78.16708333333332, 33.78625], [78.16874999999999, 33.78625], [78.16958333333334, 33.78041666666666], [78.16874999999999, 33.77958333333333], [78.16291666666666, 33.77958333333333], [78.15958333333333, 33.77625], [78.15708333333332, 33.77125], [78.15708333333332, 33.764583333333334], [78.15875, 33.761250000000004], [78.16375, 33.75708333333334], [78.17041666666665, 33.754583333333336], [78.17708333333333, 33.754583333333336], [78.18791666666665, 33.75458333333333], [78.18791666666665, 33.75375], [78.18958333333333, 33.75208333333334], [78.19125, 33.74625], [78.19208333333333, 33.73875], [78.19624999999999, 33.733750000000015], [78.20124999999999, 33.728750000000005], [78.20124999999999, 33.724583333333335], [78.19708333333332, 33.71958333333333], [78.19708333333332, 33.71708333333332], [78.19791666666667, 33.71708333333333], [78.20041666666665, 33.71625], [78.20124999999999, 33.713750000000005], [78.20374999999999, 33.711250000000014], [78.20624999999998, 33.70458333333334], [78.21791666666665, 33.697916666666664], [78.22458333333333, 33.70541666666667], [78.23041666666666, 33.70375000000001], [78.23458333333332, 33.70375000000001], [78.23875, 33.70125], [78.24624999999999, 33.701249999999995], [78.24874999999999, 33.697916666666664], [78.25125, 33.69791666666666], [78.25291666666666, 33.69291666666667], [78.25291666666666, 33.69041666666666], [78.25708333333333, 33.68875], [78.26041666666666, 33.68458333333333], [78.26041666666666, 33.68208333333334], [78.26208333333332, 33.68041666666668], [78.26208333333332, 33.674583333333345], [78.26458333333332, 33.67208333333333], [78.26458333333332, 33.66791666666667], [78.26624999999999, 33.66291666666667], [78.27208333333334, 33.66125], [78.27541666666666, 33.65875], [78.27541666666666, 33.65708333333334], [78.28208333333332, 33.65208333333334], [78.28875, 33.64875000000001], [78.29124999999999, 33.64541666666665], [78.29124999999999, 33.643750000000004], [78.29791666666665, 33.643750000000004], [78.30208333333333, 33.642083333333346], [78.30375, 33.63791666666667], [78.30624999999999, 33.63708333333334], [78.30708333333332, 33.63125000000001], [78.31041666666665, 33.62875000000001], [78.31708333333333, 33.62875000000001], [78.32291666666666, 33.62708333333334], [78.32541666666665, 33.62958333333333], [78.33541666666666, 33.62958333333333], [78.33958333333332, 33.63125000000001], [78.33958333333332, 33.627083333333346], [78.34291666666665, 33.62291666666667], [78.34708333333333, 33.62291666666666], [78.35041666666667, 33.62041666666666], [78.35708333333332, 33.62041666666667], [78.35791666666665, 33.61708333333334], [78.36041666666665, 33.61458333333333], [78.36124999999998, 33.61458333333333], [78.36208333333332, 33.610416666666666], [78.36208333333332, 33.60041666666668], [78.36124999999998, 33.59708333333334], [78.35958333333332, 33.596250000000005], [78.35958333333332, 33.592083333333335], [78.35458333333332, 33.58791666666667], [78.35458333333332, 33.585416666666674], [78.35874999999999, 33.57958333333333], [78.36041666666665, 33.57875000000001], [78.35458333333332, 33.57375], [78.35458333333332, 33.56958333333335], [78.35291666666666, 33.56458333333333], [78.35125, 33.56208333333334], [78.34875, 33.56125], [78.34958333333333, 33.556250000000006], [78.35291666666666, 33.552083333333336], [78.35541666666666, 33.552083333333336], [78.35874999999999, 33.548750000000005], [78.36041666666665, 33.544583333333335], [78.36041666666665, 33.54291666666666], [78.36458333333333, 33.54208333333334], [78.37374999999999, 33.53708333333334], [78.37374999999999, 33.529583333333335], [78.37624999999998, 33.526250000000005], [78.37624999999998, 33.52541666666667], [78.38041666666666, 33.52375000000001], [78.40041666666666, 33.52375], [78.40041666666666, 33.525416666666665], [78.40458333333332, 33.526250000000005], [78.40624999999999, 33.52375000000001], [78.41125, 33.52375], [78.41375, 33.52708333333333], [78.41874999999999, 33.52541666666667], [78.42041666666665, 33.52208333333335], [78.42208333333332, 33.52208333333335], [78.42374999999998, 33.52041666666668], [78.42875, 33.52125000000001], [78.44125, 33.52125000000001], [78.44708333333332, 33.52041666666667], [78.45208333333332, 33.52208333333335], [78.45624999999998, 33.526250000000005], [78.45791666666666, 33.526250000000005], [78.46458333333332, 33.51958333333333], [78.46541666666666, 33.51791666666667], [78.46541666666666, 33.514583333333334], [78.46958333333332, 33.51041666666667], [78.47125, 33.51041666666667], [78.47125, 33.50458333333333], [78.48041666666666, 33.495416666666664], [78.48208333333332, 33.492916666666666], [78.48208333333332, 33.48208333333333], [78.48124999999999, 33.47875], [78.47291666666666, 33.46958333333334], [78.47208333333333, 33.463750000000005], [78.47541666666666, 33.46125], [78.47541666666666, 33.45291666666667], [78.47625, 33.450416666666676], [78.47291666666666, 33.44958333333334], [78.46624999999999, 33.44291666666667], [78.46624999999999, 33.442083333333336], [78.46541666666666, 33.442083333333336], [78.46624999999999, 33.43708333333335], [78.46458333333332, 33.43541666666666], [78.45624999999998, 33.43541666666666], [78.45541666666665, 33.430416666666666], [78.45708333333333, 33.42708333333333], [78.45291666666665, 33.42291666666667], [78.45458333333332, 33.42208333333333], [78.45458333333332, 33.418749999999996], [78.45291666666665, 33.41708333333334], [78.44958333333332, 33.41125], [78.45208333333332, 33.40958333333333], [78.45208333333332, 33.408750000000005], [78.45791666666666, 33.408750000000005], [78.46208333333333, 33.407916666666665], [78.46458333333332, 33.405416666666675], [78.46874999999999, 33.40375000000001], [78.47208333333333, 33.40708333333334], [78.47708333333333, 33.40708333333334], [78.48041666666666, 33.40791666666667], [78.48124999999999, 33.40958333333334], [78.48624999999998, 33.40958333333333], [78.48875, 33.40625], [78.49125, 33.40625000000001], [78.49625, 33.41125000000001], [78.49708333333332, 33.41458333333333], [78.50208333333333, 33.41791666666666], [78.50208333333333, 33.42125000000001], [78.50041666666665, 33.42291666666668], [78.50041666666665, 33.42791666666667], [78.50208333333333, 33.43041666666667], [78.50208333333333, 33.43375], [78.50041666666665, 33.434583333333336], [78.50124999999998, 33.438750000000006], [78.50458333333333, 33.442083333333336], [78.50458333333333, 33.445416666666674], [78.50291666666666, 33.44791666666667], [78.50458333333333, 33.451249999999995], [78.51041666666666, 33.45375000000001], [78.51708333333332, 33.45375], [78.52291666666666, 33.454583333333346], [78.52374999999999, 33.45625000000002], [78.52374999999999, 33.46291666666667], [78.52958333333332, 33.46291666666667], [78.53124999999999, 33.46458333333333], [78.53791666666666, 33.46125000000001], [78.54041666666666, 33.45875], [78.54208333333334, 33.45875], [78.54291666666666, 33.45625000000001], [78.54541666666665, 33.45375], [78.54541666666665, 33.43708333333334], [78.54874999999998, 33.43458333333334], [78.55291666666666, 33.43541666666666], [78.55874999999999, 33.43541666666666], [78.56291666666665, 33.43458333333334], [78.56458333333333, 33.432916666666664], [78.56875, 33.43208333333334], [78.56875, 33.42958333333334], [78.56458333333333, 33.42541666666667], [78.56541666666666, 33.42041666666666], [78.56875, 33.419583333333335], [78.57708333333332, 33.412916666666675], [78.58208333333333, 33.412916666666675], [78.58708333333333, 33.41041666666667], [78.59124999999999, 33.40958333333333], [78.59374999999999, 33.40625], [78.60041666666666, 33.40625000000001], [78.60374999999999, 33.403749999999995], [78.60958333333332, 33.397916666666674], [78.61375, 33.398750000000014], [78.62041666666667, 33.39875000000001], [78.62208333333332, 33.397916666666674], [78.62208333333332, 33.39541666666667], [78.62291666666665, 33.39291666666667], [78.61625, 33.386250000000004], [78.61708333333333, 33.383750000000006], [78.61708333333333, 33.38208333333334], [78.61708333333333, 33.38125], [78.62041666666667, 33.378750000000004], [78.62291666666665, 33.37875], [78.62708333333333, 33.375416666666666], [78.63624999999999, 33.37541666666667], [78.63958333333332, 33.373749999999994], [78.64791666666666, 33.373749999999994], [78.64874999999999, 33.37208333333333], [78.65708333333332, 33.37375], [78.66208333333333, 33.37375000000001], [78.66708333333332, 33.372083333333336], [78.67041666666665, 33.368750000000006], [78.67041666666665, 33.36375000000001], [78.67291666666665, 33.36291666666667], [78.67291666666665, 33.36208333333333], [78.67958333333333, 33.36208333333334], [78.68291666666666, 33.36458333333334], [78.68374999999999, 33.36708333333334], [78.68708333333332, 33.367083333333326], [78.69125, 33.364583333333336], [78.69208333333333, 33.361250000000005], [78.69458333333334, 33.35875000000001], [78.69958333333332, 33.35791666666667], [78.70208333333332, 33.35458333333334], [78.70708333333333, 33.352916666666665], [78.70708333333333, 33.350416666666675], [78.70958333333333, 33.34708333333333], [78.71791666666665, 33.345416666666665], [78.71874999999999, 33.345416666666665], [78.72125, 33.34041666666668], [78.72375, 33.33958333333334], [78.72874999999999, 33.33458333333335], [78.73208333333332, 33.33458333333334], [78.73208333333332, 33.33208333333333], [78.73541666666665, 33.327083333333334], [78.73541666666665, 33.326249999999995], [78.74041666666666, 33.324583333333344], [78.74708333333332, 33.32458333333333], [78.74874999999999, 33.326249999999995], [78.75041666666665, 33.326249999999995], [78.74958333333332, 33.32791666666667], [78.74958333333332, 33.334583333333335], [78.75208333333333, 33.33625], [78.75541666666666, 33.34125], [78.75541666666666, 33.345416666666665], [78.75708333333333, 33.34708333333333], [78.75791666666666, 33.35041666666667], [78.76291666666665, 33.350416666666675], [78.76624999999999, 33.35375], [78.76624999999999, 33.35875], [78.76958333333333, 33.35958333333333], [78.77125, 33.36375000000001], [78.77374999999999, 33.36541666666667], [78.77374999999999, 33.368750000000006], [78.77708333333332, 33.370416666666664], [78.78041666666665, 33.370416666666664], [78.78041666666665, 33.36958333333334], [78.78708333333333, 33.370416666666664], [78.79374999999999, 33.37708333333334], [78.79791666666665, 33.37875], [78.79958333333332, 33.38041666666667], [78.80958333333332, 33.38041666666667], [78.81208333333333, 33.37791666666667], [78.81708333333333, 33.377916666666664], [78.81791666666666, 33.38125000000001], [78.82124999999999, 33.38458333333334], [78.82541666666665, 33.38375000000001], [78.82541666666665, 33.382083333333334], [78.82874999999999, 33.38041666666667], [78.83375, 33.37541666666667], [78.83791666666666, 33.37375000000001], [78.83791666666666, 33.37208333333333], [78.84208333333332, 33.369583333333345], [78.84541666666665, 33.36958333333334], [78.84625, 33.36708333333334], [78.84958333333333, 33.364583333333336], [78.85458333333332, 33.36208333333334], [78.85874999999999, 33.361250000000005], [78.86791666666666, 33.361250000000005], [78.87458333333332, 33.36625000000001], [78.87708333333333, 33.36625000000001], [78.88541666666666, 33.374583333333334], [78.88374999999999, 33.378750000000004], [78.88374999999999, 33.38125], [78.88624999999999, 33.38375000000001], [78.88708333333332, 33.38791666666667], [78.89625, 33.38791666666667], [78.90208333333332, 33.39041666666668], [78.90708333333332, 33.39375], [78.90958333333333, 33.39708333333333], [78.90958333333333, 33.39958333333335], [78.91208333333333, 33.39958333333334], [78.92041666666665, 33.39541666666667], [78.92374999999998, 33.39458333333334], [78.92458333333332, 33.39208333333334], [78.92791666666666, 33.38875], [78.93291666666666, 33.38708333333334], [78.93708333333332, 33.38708333333334], [78.93708333333332, 33.386250000000004], [78.93958333333333, 33.38375000000001], [78.93958333333333, 33.379583333333336], [78.94708333333332, 33.37958333333333], [78.94958333333332, 33.37541666666666], [78.95291666666665, 33.37208333333333], [78.95291666666665, 33.36875000000001], [78.95041666666665, 33.36708333333334], [78.95041666666665, 33.36374999999999], [78.95541666666665, 33.358750000000015], [78.95374999999999, 33.356249999999996], [78.95708333333333, 33.350416666666675], [78.95708333333333, 33.348749999999995], [78.96041666666666, 33.34624999999999], [78.96041666666666, 33.342083333333335], [78.96291666666666, 33.33875], [78.96541666666666, 33.33875], [78.97041666666665, 33.33625000000001], [78.97708333333333, 33.33458333333334], [78.97708333333333, 33.33041666666667], [78.98124999999999, 33.32625000000001], [78.98541666666665, 33.325416666666676], [78.99458333333332, 33.325416666666676], [78.99458333333332, 33.32458333333334], [78.99958333333332, 33.32541666666667], [79.00124999999998, 33.32708333333334], [79.00541666666666, 33.32708333333334], [79.00958333333332, 33.323750000000004], [79.01291666666665, 33.32291666666667], [79.01791666666665, 33.32291666666667], [79.01874999999998, 33.32458333333334], [79.02125, 33.32458333333333], [79.02708333333332, 33.320416666666674], [79.02708333333332, 33.31708333333333], [79.02541666666666, 33.31541666666667], [79.02791666666666, 33.308749999999996], [79.03041666666665, 33.30708333333334], [79.03458333333333, 33.30708333333334], [79.03708333333333, 33.30541666666667], [79.03708333333333, 33.30291666666668], [79.03375, 33.297916666666666], [79.03291666666665, 33.29291666666666], [79.03875000000001, 33.29041666666667], [79.03875000000001, 33.28458333333334], [79.03708333333333, 33.28291666666667], [79.03458333333333, 33.27791666666667], [79.03541666666666, 33.27625], [79.03541666666666, 33.27208333333333], [79.03541666666666, 33.27125000000001], [79.03791666666666, 33.27041666666668], [79.04041666666666, 33.26791666666666], [79.04124999999999, 33.264583333333334], [79.04541666666665, 33.26125000000001], [79.04541666666665, 33.26041666666667], [79.04624999999999, 33.261250000000004], [79.05291666666666, 33.26125], [79.06208333333332, 33.253750000000004], [79.06708333333334, 33.253750000000004], [79.07124999999999, 33.25208333333334], [79.07791666666665, 33.24541666666667], [79.08041666666665, 33.24541666666668], [79.07458333333332, 33.239583333333336], [79.06708333333334, 33.237916666666656], [79.06708333333334, 33.232083333333335], [79.06958333333333, 33.23041666666668], [79.07124999999999, 33.22541666666667], [79.07374999999999, 33.22291666666667], [79.07874999999999, 33.22125], [79.08291666666666, 33.22125], [79.08624999999999, 33.21874999999999], [79.08791666666666, 33.21541666666667], [79.09291666666665, 33.214583333333344], [79.09458333333332, 33.21125], [79.09458333333332, 33.210416666666674], [79.09875, 33.20958333333334], [79.09958333333333, 33.207083333333344], [79.10291666666666, 33.20708333333334], [79.10458333333332, 33.20458333333333], [79.10458333333332, 33.20208333333334], [79.10708333333332, 33.19958333333333], [79.10874999999999, 33.20041666666667], [79.12208333333332, 33.20208333333334], [79.12708333333333, 33.20208333333334], [79.12958333333333, 33.20125000000001], [79.13208333333333, 33.19875000000001], [79.13291666666666, 33.195416666666674], [79.13624999999999, 33.19291666666667], [79.13958333333332, 33.19291666666667], [79.14458333333333, 33.188750000000006], [79.14458333333333, 33.186250000000015], [79.14541666666666, 33.18625000000001], [79.15124999999999, 33.18208333333334], [79.15208333333332, 33.18208333333334], [79.15291666666666, 33.18208333333333], [79.15374999999999, 33.18541666666667], [79.15541666666665, 33.187083333333334], [79.16041666666666, 33.18958333333334], [79.16208333333333, 33.191250000000004], [79.16375, 33.19125], [79.16458333333333, 33.19375], [79.17041666666665, 33.20041666666666], [79.17291666666665, 33.20041666666667], [79.17458333333332, 33.202916666666674], [79.17458333333332, 33.210416666666674], [79.17958333333333, 33.21041666666667], [79.18208333333332, 33.21208333333335], [79.18208333333332, 33.217916666666675], [79.18458333333334, 33.22041666666667], [79.19125000000001, 33.21958333333335], [79.19458333333333, 33.21708333333333], [79.19541666666666, 33.21458333333333], [79.19791666666666, 33.21458333333334], [79.20041666666665, 33.209583333333335], [79.20708333333333, 33.21041666666667], [79.21041666666666, 33.21291666666668], [79.20958333333333, 33.21624999999998], [79.21041666666666, 33.220416666666665], [79.21374999999999, 33.223749999999995], [79.21291666666667, 33.22708333333334], [79.21374999999999, 33.23375], [79.21708333333332, 33.237083333333345], [79.21708333333332, 33.23791666666668], [79.22291666666666, 33.23541666666667], [79.22708333333333, 33.23458333333333], [79.22874999999999, 33.232916666666675], [79.23124999999999, 33.233750000000015], [79.23791666666665, 33.23375000000001], [79.24291666666666, 33.22875], [79.24291666666666, 33.225416666666675], [79.24874999999999, 33.22208333333333], [79.25124999999998, 33.22208333333333], [79.25208333333333, 33.217083333333335], [79.25375, 33.21541666666668], [79.25958333333332, 33.21541666666667], [79.26291666666665, 33.21624999999999], [79.26458333333332, 33.21875000000001], [79.26958333333332, 33.21875000000001], [79.27208333333333, 33.22041666666667], [79.27208333333333, 33.21875000000001], [79.27291666666666, 33.212083333333325], [79.27791666666666, 33.209583333333335], [79.27958333333332, 33.20624999999999], [79.28541666666666, 33.205416666666665], [79.28791666666666, 33.202916666666674], [79.29541666666665, 33.202916666666674], [79.29874999999998, 33.198750000000004], [79.29958333333332, 33.19875], [79.30291666666666, 33.18958333333333], [79.31458333333333, 33.18958333333333], [79.32208333333332, 33.189583333333324], [79.32374999999999, 33.190416666666664], [79.32374999999999, 33.19458333333334], [79.32958333333332, 33.197916666666664], [79.33124999999998, 33.20125000000001], [79.33458333333333, 33.20208333333334], [79.33541666666666, 33.203750000000014], [79.33958333333332, 33.202916666666674], [79.34458333333332, 33.202916666666674], [79.34875, 33.20041666666666], [79.35458333333332, 33.201249999999995], [79.36041666666665, 33.19708333333334], [79.36541666666668, 33.197916666666664], [79.37958333333333, 33.197916666666664], [79.38291666666666, 33.20124999999999], [79.38624999999999, 33.202083333333334], [79.38708333333332, 33.20041666666667], [79.39124999999999, 33.20041666666666], [79.39458333333332, 33.198750000000004], [79.39874999999999, 33.19541666666667], [79.40124999999999, 33.195416666666674], [79.40708333333332, 33.18958333333333], [79.40708333333332, 33.188750000000006], [79.40875, 33.188750000000006], [79.40958333333333, 33.183749999999996], [79.41208333333333, 33.18041666666666], [79.41208333333333, 33.17208333333333], [79.41125000000001, 33.17041666666666], [79.40958333333333, 33.17041666666666], [79.40624999999999, 33.16791666666666], [79.40124999999999, 33.168749999999996], [79.39625, 33.168749999999996], [79.39541666666666, 33.162916666666675], [79.39374999999998, 33.162083333333335], [79.39374999999998, 33.15708333333335], [79.39291666666665, 33.15375], [79.39625, 33.15125], [79.39958333333333, 33.150416666666665], [79.39958333333333, 33.14208333333334], [79.39791666666666, 33.140416666666674], [79.39791666666666, 33.13791666666666], [79.38958333333332, 33.13791666666666], [79.38624999999999, 33.13458333333334], [79.38291666666666, 33.128750000000004], [79.38041666666666, 33.12625000000001], [79.37875, 33.122916666666676], [79.37624999999998, 33.120416666666664], [79.37291666666665, 33.118750000000006], [79.37291666666665, 33.11541666666667], [79.36958333333332, 33.10875], [79.36625, 33.106249999999996], [79.36458333333333, 33.106249999999996], [79.36708333333333, 33.101250000000014], [79.36541666666668, 33.09708333333334], [79.36541666666668, 33.092083333333335], [79.36791666666666, 33.08791666666667], [79.36791666666666, 33.08208333333334], [79.36708333333333, 33.08041666666667], [79.36625, 33.08041666666667], [79.36208333333332, 33.07625000000001], [79.36208333333332, 33.07208333333334], [79.35875, 33.069583333333334], [79.35208333333333, 33.06958333333334], [79.33624999999999, 33.05375000000001], [79.33458333333333, 33.05124999999999], [79.33458333333333, 33.047083333333326], [79.33124999999998, 33.03875000000001], [79.33708333333334, 33.03291666666667], [79.33874999999999, 33.030416666666675], [79.33874999999999, 33.02708333333334], [79.34208333333332, 33.02208333333334], [79.33791666666666, 33.017916666666665], [79.33791666666666, 33.013749999999995], [79.34041666666666, 33.011250000000004], [79.34041666666666, 33.007916666666674], [79.33874999999999, 33.00708333333335], [79.33874999999999, 33.002083333333346], [79.33291666666666, 33.001250000000006], [79.33291666666666, 33.00041666666668], [79.33291666666666, 32.99958333333335], [79.33541666666666, 32.99791666666666], [79.33541666666666, 32.99541666666668], [79.33791666666666, 32.992916666666666], [79.33791666666666, 32.98958333333333], [79.34041666666666, 32.986250000000005], [79.34541666666665, 32.982916666666675], [79.34791666666666, 32.98291666666668], [79.36458333333333, 32.96625], [79.36208333333332, 32.959583333333335], [79.36041666666665, 32.95791666666667], [79.35708333333332, 32.95791666666667], [79.35374999999999, 32.95624999999999], [79.35374999999999, 32.95125], [79.35958333333332, 32.94541666666667], [79.35958333333332, 32.94375000000001], [79.36375, 32.93958333333333], [79.36375, 32.937916666666666], [79.36625, 32.93791666666668], [79.36791666666666, 32.94041666666667], [79.37374999999999, 32.94041666666667], [79.37541666666665, 32.941250000000004], [79.37541666666665, 32.94541666666667], [79.37791666666666, 32.94791666666667], [79.38208333333333, 32.94708333333334], [79.38624999999999, 32.94375000000001], [79.39374999999998, 32.94375000000001], [79.39541666666666, 32.94208333333332], [79.40041666666666, 32.94125], [79.40041666666666, 32.937916666666666], [79.39874999999999, 32.93708333333334], [79.39874999999999, 32.93208333333333], [79.39708333333333, 32.93125000000001], [79.39708333333333, 32.927916666666675], [79.39458333333332, 32.92625], [79.39041666666665, 32.92125000000001], [79.39124999999999, 32.91625], [79.39374999999998, 32.91625], [79.39541666666666, 32.91458333333333], [79.40124999999999, 32.91208333333335], [79.40624999999999, 32.908750000000005], [79.40624999999999, 32.90625], [79.41291666666666, 32.902916666666655], [79.41541666666666, 32.900416666666665], [79.41791666666666, 32.89958333333335], [79.42124999999999, 32.89541666666668], [79.42458333333332, 32.89541666666667], [79.42708333333333, 32.89291666666668], [79.43624999999999, 32.89208333333334], [79.43708333333332, 32.89374999999999], [79.44208333333333, 32.889583333333334], [79.44624999999999, 32.89125], [79.44874999999999, 32.88875], [79.45291666666665, 32.888749999999995], [79.45291666666665, 32.88291666666666], [79.45541666666665, 32.88208333333334], [79.45624999999998, 32.879583333333336], [79.45958333333333, 32.87958333333333], [79.46125, 32.882083333333334], [79.46624999999999, 32.87958333333333], [79.46958333333332, 32.879583333333336], [79.47208333333333, 32.87791666666667], [79.47208333333333, 32.875416666666666], [79.47041666666665, 32.87375], [79.47041666666665, 32.86958333333334], [79.46874999999999, 32.86708333333335], [79.47291666666666, 32.865416666666675], [79.47208333333333, 32.85958333333333], [79.46958333333332, 32.857916666666654], [79.46874999999999, 32.85375000000001], [79.47125, 32.85208333333333], [79.47208333333333, 32.848749999999995], [79.47208333333333, 32.84375000000001], [79.46208333333333, 32.83375000000001], [79.46125, 32.83375], [79.46125, 32.83291666666667], [79.46125, 32.832083333333344], [79.46541666666666, 32.831250000000004], [79.46791666666665, 32.82875000000001], [79.46791666666665, 32.823750000000004], [79.46958333333332, 32.81958333333334], [79.47208333333333, 32.818749999999994], [79.48041666666666, 32.81291666666667], [79.48124999999999, 32.80958333333333], [79.48124999999999, 32.802916666666675], [79.48208333333332, 32.79875], [79.48374999999999, 32.79875], [79.48791666666665, 32.79458333333333], [79.48875, 32.794583333333335], [79.49374999999999, 32.79291666666667], [79.49374999999999, 32.79208333333333], [79.49541666666666, 32.790416666666665], [79.50208333333332, 32.78708333333333], [79.50291666666666, 32.78208333333334], [79.50458333333333, 32.78375], [79.50874999999999, 32.783750000000005], [79.51041666666666, 32.78208333333335], [79.51624999999999, 32.78208333333334], [79.51958333333332, 32.77875], [79.52291666666666, 32.77791666666666], [79.52958333333332, 32.77791666666667], [79.53041666666665, 32.77625], [79.53708333333333, 32.77458333333335], [79.54374999999999, 32.77458333333334], [79.54374999999999, 32.77375000000001], [79.54374999999999, 32.77041666666667], [79.53791666666666, 32.763749999999995], [79.53791666666666, 32.76125], [79.54124999999999, 32.76208333333333], [79.54374999999999, 32.764583333333334], [79.54874999999998, 32.76458333333334], [79.55208333333333, 32.763749999999995], [79.55208333333333, 32.76125], [79.56041666666665, 32.761250000000004], [79.56208333333332, 32.75875], [79.56708333333333, 32.757916666666674], [79.56791666666666, 32.75541666666668], [79.57291666666666, 32.75458333333333], [79.57708333333332, 32.752083333333346], [79.58041666666665, 32.752083333333346], [79.58624999999999, 32.74958333333334], [79.59124999999999, 32.749583333333334], [79.59625, 32.74791666666667], [79.59791666666666, 32.74625], [79.59791666666666, 32.74208333333333], [79.59625, 32.738749999999996], [79.59374999999999, 32.73625000000001], [79.59708333333333, 32.73291666666667], [79.60374999999999, 32.73041666666667], [79.60791666666665, 32.73041666666668], [79.61124999999998, 32.732083333333335], [79.61458333333333, 32.735416666666666], [79.61625, 32.73541666666666], [79.62208333333332, 32.72958333333333], [79.62541666666665, 32.72958333333334], [79.62875, 32.727916666666665], [79.63541666666666, 32.72791666666667], [79.63624999999999, 32.72458333333335], [79.64041666666665, 32.72125], [79.64041666666665, 32.72041666666668], [79.64124999999999, 32.72125], [79.65124999999999, 32.72125], [79.65208333333332, 32.72375], [79.66291666666666, 32.72208333333334], [79.66458333333333, 32.72041666666667], [79.66874999999999, 32.71958333333334], [79.66874999999999, 32.720416666666665], [79.66958333333332, 32.72041666666668], [79.67791666666666, 32.72875], [79.67791666666666, 32.73208333333333], [79.68458333333332, 32.738749999999996], [79.68458333333332, 32.73958333333333], [79.69125, 32.732083333333335], [79.69458333333333, 32.73125], [79.69541666666666, 32.72958333333334], [79.70374999999999, 32.72791666666667], [79.71291666666666, 32.72791666666668], [79.71541666666666, 32.727916666666665], [79.71541666666666, 32.72708333333334], [79.72041666666665, 32.72708333333333], [79.72458333333333, 32.72375], [79.72458333333333, 32.72208333333334], [79.72874999999999, 32.72125], [79.73374999999999, 32.71791666666667], [79.73958333333333, 32.71791666666668], [79.74541666666666, 32.714583333333344], [79.74791666666665, 32.71208333333335], [79.74874999999999, 32.71208333333333], [79.74958333333332, 32.71208333333334], [79.75291666666666, 32.71458333333334], [79.75791666666666, 32.71458333333334], [79.76374999999999, 32.71291666666667], [79.76791666666665, 32.71291666666667], [79.76874999999998, 32.71125000000001], [79.77458333333333, 32.71125], [79.77874999999999, 32.71208333333333], [79.78124999999999, 32.710416666666674], [79.78958333333333, 32.710416666666674], [79.79208333333332, 32.70791666666668], [79.80124999999998, 32.70791666666668], [79.80708333333332, 32.70791666666667], [79.80874999999999, 32.70458333333334], [79.81208333333332, 32.70125], [79.81374999999998, 32.701249999999995], [79.81708333333333, 32.70124999999999], [79.81791666666666, 32.69958333333334], [79.82124999999999, 32.698750000000004], [79.82541666666665, 32.69958333333334], [79.82958333333332, 32.698750000000004], [79.83958333333332, 32.698750000000004], [79.84041666666666, 32.69958333333334], [79.84291666666665, 32.70125], [79.84625, 32.705416666666665], [79.84625, 32.714583333333344], [79.84791666666666, 32.71541666666667], [79.84875, 32.71958333333334], [79.84875, 32.72708333333334], [79.85125, 32.728750000000005], [79.85125, 32.73208333333333], [79.85291666666666, 32.73291666666668], [79.85374999999999, 32.739583333333336], [79.85291666666666, 32.74458333333333], [79.85208333333333, 32.74458333333334], [79.85291666666666, 32.74625], [79.86124999999998, 32.747083333333336], [79.86625, 32.74541666666667], [79.87291666666665, 32.749583333333334], [79.87291666666665, 32.75041666666668], [79.87958333333334, 32.74958333333335], [79.88291666666666, 32.747083333333336], [79.88791666666665, 32.747083333333336], [79.89291666666665, 32.74541666666667], [79.89708333333333, 32.742916666666666], [79.90041666666666, 32.74291666666667], [79.90041666666666, 32.741250000000015], [79.91375, 32.741250000000015], [79.91958333333332, 32.73625000000001], [79.92291666666667, 32.73625000000001], [79.92624999999998, 32.73375000000001], [79.92875, 32.72958333333332], [79.93041666666666, 32.73041666666666], [79.93541666666665, 32.73041666666666], [79.93958333333332, 32.72708333333334], [79.94458333333333, 32.72708333333334], [79.94874999999999, 32.72291666666667], [79.95374999999999, 32.72291666666666], [79.95374999999999, 32.72208333333333], [79.96041666666666, 32.72041666666667], [79.96041666666666, 32.71791666666667], [79.96624999999999, 32.71208333333334], [79.96874999999999, 32.71208333333333], [79.97541666666666, 32.708750000000016], [79.98124999999999, 32.707916666666655], [79.98208333333332, 32.706250000000004], [79.98708333333332, 32.70541666666668], [79.99291666666666, 32.70541666666667], [79.99374999999999, 32.70541666666667], [80.00125, 32.704583333333325], [80.00208333333332, 32.70541666666667], [80.00208333333332, 32.70458333333333], [80.00791666666666, 32.70375000000001], [80.01291666666665, 32.70125], [80.01374999999999, 32.69875], [80.01624999999999, 32.69791666666667], [80.01958333333332, 32.69874999999999], [80.02541666666667, 32.698750000000004], [80.02958333333332, 32.696250000000006], [80.03041666666665, 32.693749999999994], [80.03124999999999, 32.69375], [80.03374999999998, 32.69375], [80.04374999999999, 32.703750000000014], [80.04374999999999, 32.70541666666667], [80.05041666666665, 32.711250000000014], [80.05208333333333, 32.71125], [80.06041666666665, 32.71125000000001], [80.06708333333333, 32.70958333333334], [80.06875, 32.70791666666668], [80.07208333333332, 32.70791666666668], [80.08041666666665, 32.703750000000014], [80.09124999999999, 32.70208333333334], [80.09791666666666, 32.69958333333333], [80.09958333333333, 32.69791666666668], [80.10458333333332, 32.69708333333333], [80.10624999999999, 32.69541666666668], [80.11374999999998, 32.695416666666674], [80.11791666666666, 32.69375], [80.12124999999999, 32.69125000000001], [80.12624999999998, 32.69125], [80.13041666666666, 32.68791666666667], [80.13291666666666, 32.68375], [80.13541666666666, 32.68375], [80.13791666666665, 32.68041666666667], [80.13874999999999, 32.68041666666667], [80.14124999999999, 32.68041666666667], [80.14374999999998, 32.682916666666664], [80.15208333333332, 32.68291666666667], [80.15458333333332, 32.68708333333334], [80.15958333333333, 32.69124999999999], [80.16458333333333, 32.691250000000004], [80.16791666666666, 32.69041666666667], [80.16874999999999, 32.68875], [80.17374999999998, 32.691250000000004], [80.17708333333333, 32.69125], [80.17791666666668, 32.69458333333335], [80.18041666666666, 32.695416666666674], [80.19208333333333, 32.70708333333333], [80.19125, 32.71125], [80.19125, 32.71625], [80.19375, 32.725416666666675], [80.19458333333333, 32.72541666666667], [80.20374999999999, 32.72541666666666], [80.20791666666666, 32.72291666666667], [80.21374999999999, 32.72208333333333], [80.21874999999999, 32.72208333333333], [80.22125, 32.72458333333334], [80.22458333333333, 32.72458333333334], [80.23124999999999, 32.72291666666666], [80.23208333333332, 32.724583333333335], [80.23708333333332, 32.724583333333335], [80.24125, 32.72541666666667], [80.24041666666666, 32.72708333333333], [80.24374999999999, 32.73125000000001], [80.24541666666666, 32.73541666666667], [80.25375, 32.73791666666667], [80.25375, 32.74208333333334], [80.25791666666666, 32.74541666666667], [80.26291666666665, 32.74541666666667], [80.26708333333333, 32.74708333333333], [80.27708333333332, 32.75708333333334], [80.28208333333332, 32.75208333333334], [80.28374999999998, 32.74958333333334], [80.29708333333332, 32.74458333333334], [80.29791666666665, 32.746249999999996], [80.30375, 32.747083333333336], [80.30541666666666, 32.748750000000015], [80.31208333333332, 32.74958333333334], [80.31458333333332, 32.74958333333334], [80.31374999999998, 32.747083333333336], [80.31374999999998, 32.741250000000015], [80.31791666666666, 32.739583333333336], [80.31875, 32.73708333333334], [80.32124999999999, 32.73708333333333], [80.32291666666666, 32.73375000000001], [80.32541666666665, 32.73208333333332], [80.32624999999999, 32.72708333333334], [80.32958333333332, 32.72458333333334], [80.32958333333332, 32.72541666666667], [80.33791666666666, 32.72541666666667], [80.34041666666666, 32.728750000000005], [80.34374999999999, 32.72708333333334], [80.34624999999998, 32.72708333333334], [80.34875, 32.72375], [80.35708333333332, 32.721250000000005], [80.36291666666665, 32.72708333333333], [80.36708333333333, 32.72708333333334], [80.36958333333332, 32.730416666666656], [80.36958333333332, 32.73375000000001], [80.37208333333332, 32.736250000000005], [80.37791666666666, 32.736250000000005], [80.37791666666666, 32.740416666666675], [80.38374999999999, 32.74541666666667], [80.38708333333332, 32.74541666666667], [80.39125, 32.74875000000001], [80.39791666666667, 32.75125], [80.40041666666666, 32.753750000000004], [80.40374999999999, 32.752083333333346], [80.41041666666666, 32.752083333333346], [80.41458333333333, 32.75375], [80.41624999999999, 32.75375000000001], [80.41624999999999, 32.75541666666668], [80.41874999999999, 32.76124999999999], [80.41874999999999, 32.76541666666667], [80.42041666666665, 32.76791666666668], [80.42041666666665, 32.76708333333333], [80.42291666666665, 32.766250000000014], [80.43124999999999, 32.766250000000014], [80.44041666666665, 32.76791666666667], [80.44375, 32.76708333333333], [80.44375, 32.76791666666666], [80.44708333333332, 32.77041666666667], [80.45124999999999, 32.77625], [80.45124999999999, 32.77958333333335], [80.45541666666665, 32.77958333333334], [80.45708333333332, 32.78208333333334], [80.46041666666666, 32.78291666666667], [80.46041666666666, 32.78458333333334], [80.46374999999999, 32.78541666666667], [80.46458333333332, 32.787083333333335], [80.47375, 32.78958333333334], [80.48458333333332, 32.78958333333333], [80.49624999999999, 32.78791666666667], [80.49958333333332, 32.79041666666667], [80.50041666666665, 32.79541666666667], [80.50874999999999, 32.798750000000005], [80.51291666666665, 32.79875], [80.51874999999998, 32.80541666666667], [80.51874999999998, 32.80458333333334], [80.52291666666666, 32.802083333333336], [80.52374999999999, 32.79958333333334], [80.54624999999999, 32.79958333333334], [80.54791666666665, 32.80125], [80.55375, 32.801249999999996], [80.55708333333332, 32.799583333333345], [80.56208333333332, 32.79958333333333], [80.56458333333332, 32.80291666666668], [80.56708333333333, 32.802916666666675], [80.56958333333333, 32.80458333333333], [80.57458333333332, 32.81291666666669], [80.57458333333332, 32.816250000000004], [80.57708333333332, 32.81875], [80.57874999999999, 32.82291666666666], [80.58874999999999, 32.83291666666667], [80.58874999999999, 32.837083333333325], [80.58874999999999, 32.84541666666668], [80.58958333333332, 32.85208333333334], [80.58624999999999, 32.85624999999999], [80.58624999999999, 32.86375], [80.58041666666665, 32.86958333333334], [80.57791666666665, 32.87458333333334], [80.57458333333332, 32.87791666666667], [80.57124999999999, 32.87958333333333], [80.57124999999999, 32.88125], [80.57541666666665, 32.88458333333333], [80.57874999999999, 32.88458333333333], [80.58041666666665, 32.88625], [80.58458333333333, 32.885416666666664], [80.58791666666666, 32.88208333333334], [80.59291666666665, 32.88125000000001], [80.59958333333333, 32.87791666666667], [80.59958333333333, 32.876250000000006], [80.59875, 32.871249999999996], [80.60374999999999, 32.86958333333334], [80.61208333333332, 32.86541666666668], [80.62291666666665, 32.865416666666675], [80.62624999999998, 32.86291666666667], [80.62791666666665, 32.85958333333335], [80.64208333333332, 32.85958333333335], [80.64291666666665, 32.86208333333333], [80.64791666666666, 32.86291666666666], [80.64791666666666, 32.865416666666675], [80.65041666666666, 32.867916666666666], [80.65041666666666, 32.87041666666668], [80.65458333333332, 32.87458333333334], [80.65958333333333, 32.877916666666664], [80.66708333333332, 32.87791666666667], [80.67208333333332, 32.87375], [80.67208333333332, 32.871249999999996], [80.67458333333332, 32.86875], [80.67875, 32.86708333333333], [80.68291666666666, 32.86708333333334], [80.68374999999999, 32.86458333333333], [80.68624999999999, 32.86375], [80.69125, 32.86458333333334], [80.69625, 32.864583333333336], [80.70208333333332, 32.866250000000015], [80.71041666666666, 32.876250000000006], [80.71041666666666, 32.87791666666666], [80.71541666666666, 32.87791666666666], [80.72124999999998, 32.87458333333334], [80.72458333333334, 32.871249999999996], [80.73124999999999, 32.87125], [80.73374999999999, 32.87208333333333], [80.73541666666665, 32.875416666666666], [80.73874999999998, 32.87708333333334], [80.74458333333332, 32.87708333333333], [80.74708333333332, 32.87875000000001], [80.74874999999999, 32.87875], [80.74708333333332, 32.88125], [80.74708333333332, 32.88625], [80.74791666666665, 32.89041666666668], [80.74708333333332, 32.89291666666667], [80.74291666666666, 32.897083333333335], [80.74291666666666, 32.90041666666668], [80.74041666666666, 32.903749999999995], [80.73708333333332, 32.90458333333333], [80.73958333333333, 32.90708333333334], [80.74125, 32.91041666666666], [80.74291666666666, 32.910416666666656], [80.74708333333332, 32.90791666666667], [80.75625, 32.90791666666667], [80.75958333333332, 32.90708333333334], [80.76208333333332, 32.90791666666668], [80.76708333333332, 32.90624999999999], [80.77041666666665, 32.908750000000005], [80.77541666666666, 32.90791666666667], [80.78041666666665, 32.90625000000001], [80.78208333333332, 32.90375], [80.80375, 32.90374999999999], [80.80624999999999, 32.90458333333334], [80.80791666666666, 32.90791666666666], [80.81124999999999, 32.90875000000001], [80.81208333333332, 32.91041666666667], [80.81541666666665, 32.91041666666667], [80.81541666666665, 32.91125], [80.81958333333333, 32.91041666666667], [80.82041666666667, 32.91208333333334], [80.82541666666665, 32.91208333333334], [80.82791666666665, 32.91375], [80.83124999999998, 32.91375], [80.83375, 32.91541666666667], [80.84374999999999, 32.91541666666667], [80.84791666666666, 32.91375], [80.85208333333333, 32.91791666666667], [80.85874999999999, 32.917916666666656], [80.85958333333332, 32.919583333333335], [80.86124999999998, 32.91958333333333], [80.86625, 32.91708333333333], [80.86625, 32.91625], [80.87541666666665, 32.916250000000005], [80.88208333333333, 32.91708333333333], [80.89041666666665, 32.91458333333333], [80.89124999999999, 32.91208333333334], [80.89124999999999, 32.90708333333333], [80.89374999999998, 32.905416666666675], [80.89458333333332, 32.90291666666668], [80.89458333333332, 32.89125], [80.89541666666665, 32.887083333333344], [80.89874999999999, 32.88291666666668], [80.89541666666665, 32.87875000000001], [80.90708333333332, 32.86708333333334], [80.90708333333332, 32.85291666666667], [80.90791666666665, 32.852916666666665], [80.90791666666665, 32.84291666666667], [80.90458333333332, 32.84041666666667], [80.90291666666666, 32.84041666666667], [80.90041666666666, 32.837916666666665], [80.90041666666666, 32.831250000000004], [80.90124999999999, 32.82875000000001], [80.90458333333332, 32.82708333333334], [80.91291666666666, 32.82708333333334], [80.91625, 32.82541666666667], [80.92541666666665, 32.82541666666667], [80.92541666666665, 32.824583333333344], [80.92875, 32.82458333333334], [80.93041666666666, 32.82208333333334], [80.93041666666666, 32.81541666666667], [80.93291666666666, 32.81541666666667], [80.94041666666665, 32.80875000000001], [80.94541666666666, 32.80875000000001], [80.94874999999999, 32.807083333333345], [80.95124999999999, 32.80458333333334], [80.95458333333332, 32.80291666666668], [80.95374999999999, 32.79625000000001], [80.95124999999999, 32.793749999999996], [80.94375, 32.79291666666666], [80.93874999999998, 32.78958333333334], [80.93708333333332, 32.78625], [80.93458333333332, 32.783750000000005], [80.92624999999998, 32.783750000000005], [80.92458333333332, 32.782916666666665], [80.91791666666666, 32.77625], [80.91791666666666, 32.775416666666665], [80.91791666666666, 32.76791666666667], [80.92124999999999, 32.76708333333334], [80.92374999999998, 32.762916666666676], [80.92291666666665, 32.75791666666667], [80.92291666666665, 32.752916666666664], [80.92541666666665, 32.74958333333335], [80.92791666666666, 32.74791666666667], [80.92791666666666, 32.738749999999996], [80.92291666666665, 32.732916666666675], [80.92624999999998, 32.72791666666667], [80.92624999999998, 32.72375000000001], [80.94208333333333, 32.72375], [80.94541666666666, 32.72125], [80.94708333333332, 32.71875], [80.95208333333332, 32.71874999999999], [80.95708333333332, 32.717083333333335], [80.96374999999999, 32.71708333333335], [80.96791666666665, 32.71625], [80.97041666666665, 32.714583333333344], [80.97041666666665, 32.708750000000016], [80.97124999999998, 32.70708333333333], [80.97708333333333, 32.70708333333334], [80.97958333333332, 32.706250000000004], [80.98708333333332, 32.70625], [80.98874999999998, 32.70541666666667], [80.98958333333331, 32.70208333333334], [80.98958333333331, 32.69708333333333], [80.98791666666666, 32.69708333333334], [80.97958333333332, 32.692916666666676], [80.97375, 32.692083333333336], [80.96958333333332, 32.68958333333334], [80.96791666666665, 32.68625], [80.97041666666665, 32.67791666666667], [80.97208333333332, 32.67958333333334], [80.97541666666666, 32.677916666666675], [80.97708333333333, 32.67541666666666], [80.98374999999999, 32.67541666666666], [80.98708333333332, 32.67208333333334], [80.98708333333332, 32.66708333333334], [80.99125, 32.66458333333334], [80.99374999999999, 32.66041666666668], [80.99374999999999, 32.65708333333334], [80.99541666666666, 32.65291666666668], [80.99874999999999, 32.65125], [80.99874999999999, 32.64875], [81.00208333333332, 32.64541666666667], [81.00708333333333, 32.643750000000004], [81.01124999999999, 32.64291666666667], [81.01374999999999, 32.64041666666667], [81.01624999999999, 32.641250000000014], [81.01958333333332, 32.64458333333333], [81.03041666666665, 32.64458333333334], [81.03124999999999, 32.64208333333334], [81.03375, 32.640416666666674], [81.03375, 32.63791666666666], [81.03791666666666, 32.63291666666667], [81.04291666666666, 32.63291666666668], [81.04374999999999, 32.63458333333334], [81.04708333333332, 32.63458333333333], [81.05375, 32.632083333333334], [81.06291666666665, 32.632083333333334], [81.06958333333333, 32.628750000000004], [81.07374999999999, 32.62791666666667], [81.07374999999999, 32.62041666666667], [81.07791666666665, 32.61791666666667], [81.08041666666665, 32.614583333333336], [81.08041666666665, 32.611250000000005], [81.08208333333332, 32.609583333333326], [81.08208333333332, 32.606249999999996], [81.08375, 32.60208333333333], [81.07708333333332, 32.59541666666667], [81.09041666666667, 32.59541666666667], [81.09791666666666, 32.58958333333333], [81.09791666666666, 32.58708333333333], [81.09958333333333, 32.58375], [81.10291666666666, 32.57958333333334], [81.10791666666665, 32.57458333333334], [81.10874999999999, 32.572083333333346], [81.11124999999998, 32.572083333333346], [81.11541666666665, 32.569583333333334], [81.11875, 32.56958333333334], [81.12541666666665, 32.56291666666667], [81.13374999999999, 32.55958333333333], [81.13458333333332, 32.55791666666666], [81.13791666666665, 32.55708333333334], [81.14458333333332, 32.55791666666667], [81.15124999999999, 32.557916666666664], [81.15124999999999, 32.55541666666667], [81.15458333333332, 32.55208333333334], [81.15541666666665, 32.547916666666666], [81.15791666666667, 32.54208333333334], [81.15624999999999, 32.541250000000005], [81.15624999999999, 32.53708333333334], [81.15874999999998, 32.53708333333334], [81.16375, 32.533750000000005], [81.16375, 32.53208333333334], [81.16708333333332, 32.52875000000001], [81.17458333333332, 32.52375], [81.17958333333333, 32.52208333333334], [81.18791666666665, 32.522083333333335], [81.18791666666665, 32.515416666666674], [81.18291666666666, 32.51375], [81.18041666666666, 32.50958333333333], [81.17958333333333, 32.503750000000004], [81.17708333333331, 32.50208333333333], [81.17708333333331, 32.49208333333334], [81.17458333333332, 32.48875], [81.17875, 32.48958333333334], [81.18625, 32.48958333333334], [81.19125, 32.48875], [81.19458333333333, 32.49125], [81.20208333333332, 32.49125], [81.20958333333331, 32.48375000000001], [81.21458333333334, 32.48291666666667], [81.21708333333332, 32.486250000000005], [81.22958333333332, 32.486250000000005], [81.22958333333332, 32.48458333333335], [81.23291666666665, 32.481249999999996], [81.23958333333331, 32.48041666666667], [81.24624999999999, 32.48125000000001], [81.25041666666665, 32.48541666666667], [81.25375, 32.48458333333334], [81.25375, 32.475416666666675], [81.25208333333332, 32.47375], [81.25541666666666, 32.470416666666665], [81.25791666666666, 32.46541666666667], [81.25791666666666, 32.46125000000001], [81.25958333333332, 32.460416666666674], [81.25958333333332, 32.45375000000001], [81.26041666666667, 32.44874999999999], [81.25625, 32.44375], [81.26041666666667, 32.439583333333346], [81.26458333333332, 32.440416666666664], [81.26291666666665, 32.43625000000001], [81.26291666666665, 32.433749999999996], [81.26374999999999, 32.433749999999996], [81.26708333333332, 32.43041666666667], [81.26958333333332, 32.42958333333333], [81.27458333333333, 32.42374999999999], [81.27208333333331, 32.417916666666684], [81.27374999999999, 32.41875], [81.27624999999999, 32.416250000000005], [81.27874999999999, 32.41625], [81.28041666666665, 32.41375000000001], [81.27958333333332, 32.41125], [81.27958333333332, 32.40458333333334], [81.28041666666665, 32.40291666666666], [81.28541666666666, 32.397916666666674], [81.28791666666666, 32.39625], [81.29124999999999, 32.39625], [81.29624999999999, 32.39291666666668], [81.30124999999998, 32.38708333333334], [81.30208333333331, 32.38375], [81.30458333333333, 32.383750000000006], [81.30958333333332, 32.37875], [81.30791666666666, 32.37791666666666], [81.31374999999998, 32.377916666666664], [81.31875, 32.377083333333324], [81.32624999999999, 32.37291666666667], [81.32874999999999, 32.37041666666667], [81.32958333333332, 32.36791666666668], [81.33291666666665, 32.367916666666666], [81.33541666666666, 32.36458333333334], [81.34041666666666, 32.36458333333334], [81.34208333333332, 32.36291666666666], [81.34624999999998, 32.36208333333334], [81.35541666666666, 32.36208333333333], [81.36458333333331, 32.35791666666666], [81.36791666666666, 32.35791666666667], [81.37541666666665, 32.350416666666675], [81.37374999999999, 32.346250000000005], [81.37374999999999, 32.342916666666675], [81.37624999999998, 32.34041666666666], [81.37875, 32.34041666666668], [81.38041666666666, 32.33708333333334], [81.38291666666666, 32.334583333333335], [81.38291666666666, 32.33125000000001], [81.38541666666666, 32.32958333333334], [81.38541666666666, 32.32541666666666], [81.37875, 32.32291666666667], [81.37458333333332, 32.31958333333335], [81.37124999999999, 32.319583333333334], [81.37041666666666, 32.316250000000004], [81.36791666666666, 32.31541666666667], [81.37041666666666, 32.31291666666667], [81.37041666666666, 32.309583333333336], [81.37208333333332, 32.30625], [81.37208333333332, 32.29791666666668], [81.37041666666666, 32.294583333333335], [81.36791666666666, 32.29208333333334], [81.36458333333331, 32.29125], [81.36208333333332, 32.28791666666667], [81.36208333333332, 32.28625], [81.36541666666665, 32.28541666666668], [81.36541666666665, 32.28458333333334], [81.36708333333334, 32.28541666666667], [81.37124999999999, 32.28458333333334], [81.38208333333333, 32.28458333333334], [81.39041666666665, 32.28541666666667], [81.39291666666665, 32.28875000000001], [81.39624999999998, 32.289583333333326], [81.40874999999998, 32.28958333333333], [81.41375, 32.287916666666675], [81.41708333333332, 32.284583333333345], [81.41708333333332, 32.282916666666665], [81.42041666666665, 32.27875], [81.42458333333332, 32.277083333333344], [81.42458333333332, 32.27375], [81.42624999999998, 32.272083333333335], [81.43124999999999, 32.272083333333335], [81.43374999999999, 32.26958333333334], [81.43791666666665, 32.268750000000004], [81.44375, 32.27541666666667], [81.44375, 32.279583333333335], [81.44541666666666, 32.28541666666667], [81.45208333333332, 32.28541666666667], [81.45708333333332, 32.28125000000001], [81.45958333333331, 32.28458333333334], [81.46208333333333, 32.284583333333345], [81.46291666666667, 32.28708333333334], [81.46624999999999, 32.291250000000005], [81.47375, 32.29125], [81.47541666666666, 32.287916666666675], [81.48541666666665, 32.28791666666667], [81.48958333333331, 32.28875000000001], [81.49541666666666, 32.28625000000001], [81.49874999999999, 32.29125], [81.50458333333333, 32.291250000000005], [81.50541666666666, 32.28958333333334], [81.50875, 32.28958333333334], [81.51291666666665, 32.287916666666675], [81.51624999999999, 32.28958333333333], [81.52124999999998, 32.28958333333334], [81.52374999999999, 32.28791666666667], [81.52874999999999, 32.287083333333335], [81.52958333333332, 32.28458333333333], [81.52874999999999, 32.27708333333334], [81.53541666666666, 32.27708333333334], [81.53875, 32.27458333333333], [81.54458333333332, 32.27458333333333], [81.54874999999998, 32.27791666666666], [81.55124999999998, 32.27708333333334], [81.55624999999999, 32.27708333333334], [81.56041666666665, 32.27541666666667], [81.56041666666665, 32.272916666666674], [81.56291666666665, 32.27041666666667], [81.56541666666668, 32.270416666666684], [81.56958333333333, 32.26708333333334], [81.57374999999999, 32.267916666666665], [81.57958333333332, 32.26208333333333], [81.57958333333332, 32.25958333333334], [81.58374999999998, 32.25875000000001], [81.58708333333334, 32.25708333333334], [81.58624999999999, 32.25125], [81.59208333333332, 32.244583333333345], [81.59291666666665, 32.23875], [81.59875, 32.23708333333334], [81.60208333333333, 32.23208333333333], [81.60291666666666, 32.22375000000001], [81.60708333333332, 32.22041666666667], [81.61041666666665, 32.22041666666667], [81.61041666666665, 32.21791666666667], [81.60541666666666, 32.21208333333333], [81.60791666666665, 32.21041666666666], [81.60791666666665, 32.20625], [81.60958333333332, 32.20458333333334], [81.60958333333332, 32.19958333333334], [81.60791666666665, 32.194583333333334], [81.60624999999999, 32.192916666666676], [81.60624999999999, 32.18791666666667], [81.60291666666666, 32.184583333333336], [81.59958333333333, 32.182916666666664], [81.59708333333333, 32.182916666666664], [81.59374999999999, 32.18125], [81.58124999999998, 32.168749999999996], [81.57624999999999, 32.16874999999999], [81.57041666666666, 32.17125], [81.56458333333332, 32.17208333333334], [81.56041666666665, 32.16791666666667], [81.55958333333332, 32.16458333333334], [81.55958333333332, 32.15958333333334], [81.55624999999999, 32.15458333333334], [81.55791666666666, 32.15458333333334], [81.56124999999999, 32.15125000000001], [81.56124999999999, 32.147083333333335], [81.56291666666665, 32.14208333333334], [81.56958333333333, 32.14208333333334], [81.57124999999999, 32.14041666666667], [81.57624999999999, 32.13791666666667], [81.57791666666665, 32.13458333333334], [81.58374999999998, 32.13541666666668], [81.58874999999999, 32.135416666666664], [81.59041666666666, 32.13125000000001], [81.59458333333332, 32.13625], [81.59791666666666, 32.136250000000004], [81.60125, 32.13791666666667], [81.60541666666666, 32.13791666666666], [81.61374999999998, 32.12958333333334], [81.61874999999999, 32.129583333333336], [81.62124999999999, 32.12708333333333], [81.62124999999999, 32.12375], [81.61874999999999, 32.12208333333332], [81.61625, 32.114583333333336], [81.61625, 32.107083333333335], [81.61458333333331, 32.10291666666667], [81.61874999999999, 32.09791666666668], [81.61874999999999, 32.08958333333333], [81.61958333333332, 32.08541666666668], [81.62291666666665, 32.081250000000004], [81.62291666666665, 32.07875000000001], [81.62708333333332, 32.072916666666664], [81.63041666666666, 32.070416666666674], [81.63041666666666, 32.06625], [81.63458333333332, 32.06125], [81.63374999999999, 32.05791666666667], [81.63374999999999, 32.05208333333335], [81.63958333333332, 32.04625000000001], [81.64208333333332, 32.04625], [81.64458333333332, 32.04375], [81.64291666666665, 32.03958333333333], [81.64041666666665, 32.03958333333333], [81.63708333333332, 32.03708333333334], [81.63541666666666, 32.029583333333335], [81.63208333333333, 32.026250000000005], [81.62708333333332, 32.02375], [81.62624999999998, 32.019583333333344], [81.62458333333332, 32.01625], [81.62541666666665, 32.01291666666667], [81.63041666666666, 32.007916666666674], [81.63291666666667, 32.007083333333334], [81.63291666666667, 32.00041666666668], [81.63541666666666, 31.996250000000007], [81.63541666666666, 31.98041666666667], [81.63874999999999, 31.981250000000006], [81.63791666666665, 31.976250000000007], [81.63958333333332, 31.97458333333334], [81.64041666666665, 31.97125], [81.64041666666665, 31.965416666666673], [81.64208333333332, 31.963749999999997], [81.64208333333332, 31.954583333333343], [81.64124999999999, 31.950416666666673], [81.64291666666665, 31.945416666666674], [81.64458333333332, 31.945416666666667], [81.64458333333332, 31.940416666666668], [81.65458333333333, 31.930416666666666], [81.65458333333333, 31.923750000000005], [81.65874999999998, 31.919583333333335], [81.65874999999998, 31.908750000000005], [81.66125000000001, 31.907916666666683], [81.66208333333333, 31.90291666666667], [81.66375, 31.901250000000008], [81.66375, 31.897083333333345], [81.66041666666666, 31.89208333333334], [81.65791666666665, 31.891250000000007], [81.65458333333333, 31.88541666666667], [81.65458333333333, 31.880416666666665], [81.64958333333333, 31.875416666666684], [81.64791666666666, 31.872083333333347], [81.64374999999998, 31.87125000000002], [81.63958333333332, 31.867083333333333], [81.63958333333332, 31.86375000000001], [81.63458333333332, 31.861250000000002], [81.63291666666667, 31.857083333333335], [81.63291666666667, 31.85375], [81.62958333333333, 31.851250000000004], [81.62624999999998, 31.85125000000001], [81.62124999999999, 31.847083333333334], [81.61958333333332, 31.84375000000001], [81.61958333333332, 31.841250000000006], [81.61708333333333, 31.839583333333323], [81.61708333333333, 31.832916666666673], [81.61374999999998, 31.831249999999997], [81.60958333333332, 31.827916666666674], [81.61124999999998, 31.82708333333335], [81.61124999999998, 31.820416666666688], [81.61208333333332, 31.817083333333343], [81.61374999999998, 31.816250000000007], [81.61374999999998, 31.81291666666668], [81.61791666666666, 31.808750000000007], [81.61791666666666, 31.804583333333337], [81.61958333333332, 31.802083333333332], [81.61958333333332, 31.799583333333338], [81.62291666666665, 31.79791666666667], [81.62708333333332, 31.797916666666676], [81.63041666666666, 31.795416666666682], [81.63458333333332, 31.79041666666667], [81.63541666666666, 31.787916666666675], [81.63791666666665, 31.786250000000006], [81.63874999999999, 31.781250000000014], [81.63874999999999, 31.776250000000015], [81.63624999999999, 31.772083333333338], [81.63624999999999, 31.76625000000001], [81.63708333333332, 31.762916666666666], [81.63874999999999, 31.761250000000004], [81.63458333333332, 31.75791666666667], [81.63458333333332, 31.75291666666667], [81.63291666666667, 31.75291666666667], [81.62791666666666, 31.74958333333334], [81.61708333333333, 31.749583333333334], [81.61708333333333, 31.750416666666673], [81.61625, 31.744583333333335], [81.61291666666665, 31.742916666666666], [81.60875, 31.738749999999996], [81.60875, 31.736250000000005], [81.60541666666666, 31.735416666666666], [81.60291666666666, 31.732916666666668], [81.60291666666666, 31.730416666666674], [81.60041666666666, 31.727916666666673], [81.59958333333333, 31.725416666666675], [81.59374999999999, 31.722916666666674], [81.58624999999999, 31.715416666666673], [81.58708333333334, 31.71291666666667], [81.58708333333334, 31.707916666666677], [81.58874999999999, 31.706250000000008], [81.58541666666666, 31.703750000000007], [81.58458333333331, 31.69625], [81.58458333333331, 31.688750000000002], [81.58541666666666, 31.68208333333333], [81.58208333333332, 31.67875], [81.58124999999998, 31.675416666666656], [81.57874999999999, 31.67541666666667], [81.57791666666665, 31.669583333333332], [81.57624999999999, 31.667916666666677], [81.57374999999999, 31.66291666666668], [81.56875, 31.66041666666667], [81.56875, 31.65875], [81.56458333333332, 31.655416666666678], [81.56541666666668, 31.652916666666666], [81.56791666666666, 31.650416666666665], [81.57124999999999, 31.64958333333334], [81.56791666666666, 31.64291666666667], [81.56291666666665, 31.64125000000001], [81.55875, 31.63875000000001], [81.55875, 31.634583333333342], [81.55541666666666, 31.631250000000005], [81.55291666666665, 31.630416666666672], [81.55291666666665, 31.62458333333333], [81.55458333333333, 31.622083333333336], [81.54708333333332, 31.61541666666667], [81.54541666666665, 31.612916666666667], [81.54208333333332, 31.61291666666666], [81.53708333333334, 31.61125], [81.53458333333333, 31.604583333333345], [81.52958333333332, 31.60291666666667], [81.52624999999999, 31.598749999999995], [81.52708333333332, 31.596250000000005], [81.52708333333332, 31.589583333333334], [81.52874999999999, 31.58625], [81.53208333333332, 31.584583333333338], [81.53374999999998, 31.581250000000008], [81.53708333333334, 31.579583333333332], [81.53958333333333, 31.57958333333334], [81.54124999999999, 31.572916666666664], [81.54458333333332, 31.57208333333333], [81.54874999999998, 31.572916666666664], [81.55375, 31.577916666666685], [81.55958333333332, 31.57791666666667], [81.56208333333332, 31.577083333333338], [81.56291666666665, 31.57458333333334], [81.56791666666666, 31.56875000000001], [81.56958333333333, 31.567916666666658], [81.57624999999999, 31.567916666666676], [81.58041666666666, 31.568750000000016], [81.58124999999998, 31.566250000000007], [81.58458333333331, 31.562916666666677], [81.58458333333331, 31.55958333333334], [81.58874999999999, 31.55791666666667], [81.59041666666666, 31.555416666666673], [81.59541666666665, 31.555416666666666], [81.59875, 31.552916666666672], [81.59875, 31.54875], [81.60125, 31.546250000000004], [81.60374999999999, 31.54208333333334], [81.60875, 31.541250000000005], [81.61291666666665, 31.537083333333342], [81.61625, 31.537083333333342], [81.61541666666665, 31.533749999999998], [81.61291666666665, 31.53125000000001], [81.61374999999998, 31.524583333333343], [81.61124999999998, 31.522083333333335], [81.61291666666665, 31.52208333333334], [81.61791666666666, 31.51791666666668], [81.61958333333332, 31.514583333333338], [81.61958333333332, 31.513750000000005], [81.62291666666665, 31.514583333333338], [81.62458333333332, 31.51208333333333], [81.63041666666666, 31.512083333333344], [81.63374999999999, 31.513750000000005], [81.63708333333332, 31.513750000000012], [81.64208333333332, 31.517916666666675], [81.65374999999999, 31.517916666666675], [81.65624999999999, 31.51875000000001], [81.66125000000001, 31.513749999999998], [81.66708333333332, 31.51291666666667], [81.66958333333332, 31.513750000000012], [81.67208333333332, 31.51125], [81.67541666666665, 31.50958333333333], [81.67958333333333, 31.508750000000006], [81.68208333333332, 31.502916666666675], [81.68208333333332, 31.491250000000008], [81.68624999999999, 31.488750000000007], [81.68708333333332, 31.484583333333326], [81.69041666666665, 31.484583333333337], [81.69291666666666, 31.482083333333332], [81.69624999999999, 31.481250000000006], [81.70208333333332, 31.481250000000006], [81.70458333333333, 31.477916666666665], [81.70874999999998, 31.47791666666667], [81.71291666666666, 31.475416666666664], [81.72124999999998, 31.475416666666682], [81.72541666666666, 31.476250000000007], [81.72541666666666, 31.47291666666667], [81.72375, 31.470416666666672], [81.72375, 31.464583333333334], [81.72874999999999, 31.460416666666678], [81.73208333333332, 31.458750000000002], [81.73041666666666, 31.454583333333336], [81.72708333333333, 31.452916666666667], [81.72708333333333, 31.45125], [81.72375, 31.448749999999997], [81.72541666666666, 31.446250000000017], [81.72874999999999, 31.445416666666674], [81.73124999999999, 31.442916666666658], [81.73124999999999, 31.44041666666667], [81.73541666666665, 31.439583333333342], [81.73958333333331, 31.44041666666668], [81.74208333333333, 31.439583333333342], [81.74458333333332, 31.43708333333333], [81.74791666666665, 31.43541666666668], [81.75041666666665, 31.432916666666667], [81.75791666666666, 31.432916666666678], [81.75874999999999, 31.42791666666667], [81.76124999999999, 31.424583333333334], [81.76458333333332, 31.422916666666673], [81.76708333333332, 31.420416666666675], [81.77041666666665, 31.420416666666675], [81.77291666666666, 31.417916666666674], [81.77624999999999, 31.417083333333323], [81.77958333333332, 31.414583333333344], [81.78291666666665, 31.410416666666666], [81.78875, 31.410416666666674], [81.79124999999999, 31.409583333333323], [81.79374999999999, 31.407083333333343], [81.79374999999999, 31.403750000000013], [81.79124999999999, 31.401250000000005], [81.78708333333333, 31.400416666666676], [81.78291666666665, 31.396250000000013], [81.78958333333333, 31.39041666666667], [81.79041666666666, 31.38458333333334], [81.78875, 31.38208333333333], [81.78875, 31.378750000000007], [81.79124999999999, 31.375416666666677], [81.78625, 31.370416666666678], [81.78541666666668, 31.36791666666667], [81.78124999999999, 31.36458333333334], [81.77791666666666, 31.362916666666678], [81.78041666666665, 31.35958333333334], [81.78291666666665, 31.352083333333347], [81.78958333333333, 31.351250000000007], [81.79208333333332, 31.34875000000001], [81.79458333333332, 31.34958333333334], [81.79708333333332, 31.35208333333333], [81.80124999999998, 31.35374999999999], [81.80708333333334, 31.358750000000015], [81.80958333333332, 31.358750000000015], [81.81291666666665, 31.35458333333334], [81.81458333333332, 31.346249999999998], [81.81875, 31.342083333333342], [81.82208333333332, 31.340416666666673], [81.82291666666666, 31.337916666666672], [81.82291666666666, 31.330416666666668], [81.82374999999999, 31.327916666666667], [81.81958333333333, 31.323750000000004], [81.82124999999999, 31.320416666666667], [81.81708333333333, 31.315416666666668], [81.81708333333333, 31.309583333333343], [81.81791666666666, 31.307083333333342], [81.81625, 31.304583333333344], [81.81124999999999, 31.30958333333335], [81.80541666666666, 31.309583333333343], [81.80541666666666, 31.312916666666666], [81.79791666666665, 31.317916666666672], [81.79458333333332, 31.317916666666672], [81.78958333333333, 31.315416666666668], [81.78708333333333, 31.317083333333343], [81.78374999999998, 31.317083333333343], [81.77875, 31.312083333333348], [81.77875, 31.309583333333343], [81.77458333333333, 31.307916666666667], [81.77291666666666, 31.304583333333344], [81.76624999999999, 31.301250000000007], [81.76624999999999, 31.29875], [81.76208333333332, 31.294583333333332], [81.76124999999999, 31.29041666666667], [81.76291666666665, 31.285416666666677], [81.76208333333332, 31.27791666666667], [81.76458333333332, 31.27541666666667], [81.76541666666665, 31.272083333333338], [81.76958333333332, 31.26791666666667], [81.77208333333333, 31.26375000000001], [81.77791666666666, 31.261250000000008], [81.77875, 31.26291666666667], [81.78291666666665, 31.26291666666667], [81.78374999999998, 31.260416666666664], [81.78374999999998, 31.25208333333334], [81.78625, 31.246249999999996], [81.78625, 31.23708333333334], [81.78458333333333, 31.236250000000002], [81.78458333333333, 31.232083333333335], [81.78708333333333, 31.229583333333334], [81.78791666666666, 31.221250000000005], [81.79041666666666, 31.218749999999993], [81.78625, 31.215416666666666], [81.78625, 31.20708333333335], [81.78458333333333, 31.20375], [81.77791666666666, 31.203750000000007], [81.77291666666666, 31.204583333333343], [81.76624999999999, 31.19875000000001], [81.76374999999999, 31.198750000000008], [81.76291666666665, 31.196250000000013], [81.75458333333333, 31.194583333333345], [81.75291666666665, 31.192916666666676], [81.74958333333332, 31.192916666666676], [81.74624999999999, 31.196250000000006], [81.74624999999999, 31.200416666666676], [81.74458333333332, 31.200416666666662], [81.74124999999998, 31.19708333333333], [81.73458333333332, 31.197916666666682], [81.72958333333332, 31.202916666666674], [81.72708333333333, 31.202916666666674], [81.72291666666666, 31.207083333333344], [81.72291666666666, 31.216250000000006], [81.72208333333333, 31.217916666666667], [81.71624999999999, 31.219583333333343], [81.71208333333333, 31.219583333333343], [81.70791666666665, 31.21625000000001], [81.70374999999999, 31.21625000000001], [81.70041666666665, 31.217916666666675], [81.70041666666665, 31.216250000000006], [81.68624999999999, 31.202083333333345], [81.67875, 31.202916666666674], [81.67708333333331, 31.202083333333338], [81.66874999999999, 31.21041666666668], [81.67291666666665, 31.214583333333344], [81.67208333333332, 31.21875000000001], [81.66375, 31.218750000000004], [81.66208333333333, 31.214583333333344], [81.66208333333333, 31.207916666666662], [81.65958333333333, 31.205416666666675], [81.65791666666665, 31.201250000000005], [81.65541666666665, 31.199583333333344], [81.65041666666666, 31.19958333333335], [81.64791666666666, 31.202916666666667], [81.64541666666665, 31.201250000000012], [81.64208333333332, 31.202083333333338], [81.63458333333332, 31.201249999999998], [81.63208333333333, 31.205416666666675], [81.62875, 31.20625000000001], [81.62875, 31.207083333333337], [81.62458333333332, 31.204583333333332], [81.61791666666666, 31.205416666666675], [81.61625, 31.207083333333337], [81.61208333333332, 31.207083333333344], [81.60541666666666, 31.202916666666667], [81.60541666666666, 31.197916666666675], [81.60125, 31.19625], [81.59875, 31.193750000000005], [81.59374999999999, 31.193750000000005], [81.59041666666666, 31.194583333333345], [81.58624999999999, 31.19291666666667], [81.58374999999998, 31.190416666666668], [81.58374999999998, 31.183750000000007], [81.58208333333332, 31.18291666666667], [81.58124999999998, 31.17625], [81.57708333333332, 31.172916666666676], [81.57708333333332, 31.16625], [81.57458333333332, 31.163750000000007], [81.56291666666665, 31.16375], [81.56124999999999, 31.16208333333334], [81.55458333333333, 31.164583333333333], [81.55208333333333, 31.16291666666668], [81.54374999999999, 31.16291666666668], [81.53791666666666, 31.158750000000015], [81.53458333333333, 31.15458333333334], [81.52458333333333, 31.154583333333335], [81.52458333333333, 31.153750000000002], [81.52291666666666, 31.150416666666665], [81.52041666666665, 31.14875000000001], [81.52041666666665, 31.143749999999997], [81.51124999999999, 31.14125000000001], [81.50708333333333, 31.142916666666665], [81.50625, 31.13875]]]]}}]}