{"type": "FeatureCollection", "name": "shyok", "crs": {"type": "name", "properties": {"name": "urn:ogc:def:crs:OGC:1.3:CRS84"}}, "features": [{"type": "Feature", "properties": {"gid": 0, "g_count": 4102, "g_area": 7477.176519471894, "c_area": 59643.85322337605}, "geometry": {"type": "MultiPolygon", "coordinates": [[[[80.23374999999999, 32.80041666666666], [80.23374999999999, 32.799583333333324], [80.23958333333333, 32.79375], [80.24125, 32.790416666666665], [80.24958333333333, 32.79041666666667], [80.25625, 32.78708333333333], [80.25625, 32.78208333333335], [80.25791666666666, 32.780416666666675], [80.26374999999999, 32.780416666666675], [80.26708333333333, 32.77874999999999], [80.27291666666666, 32.78458333333334], [80.27624999999999, 32.787083333333335], [80.28124999999999, 32.78708333333334], [80.28458333333333, 32.78375], [80.28791666666666, 32.78291666666666], [80.28875, 32.77875], [80.29124999999999, 32.776250000000005], [80.29458333333332, 32.776250000000005], [80.29541666666667, 32.77375000000001], [80.30124999999998, 32.77125000000001], [80.30124999999998, 32.765416666666674], [80.30291666666666, 32.764583333333334], [80.30375, 32.76041666666667], [80.30874999999999, 32.757916666666674], [80.30874999999999, 32.754583333333336], [80.31374999999998, 32.749583333333334], [80.31208333333332, 32.74958333333334], [80.30541666666666, 32.748750000000015], [80.30375, 32.747083333333336], [80.29791666666665, 32.746249999999996], [80.29708333333332, 32.74458333333334], [80.28374999999998, 32.74958333333334], [80.28208333333332, 32.75208333333334], [80.27708333333332, 32.75708333333334], [80.26708333333333, 32.74708333333333], [80.26291666666665, 32.74541666666667], [80.25791666666666, 32.74541666666667], [80.25375, 32.74208333333334], [80.25375, 32.73791666666667], [80.24541666666666, 32.73541666666667], [80.24374999999999, 32.73125000000001], [80.24041666666666, 32.72708333333333], [80.24125, 32.72541666666667], [80.23708333333332, 32.724583333333335], [80.23208333333332, 32.724583333333335], [80.23124999999999, 32.72291666666666], [80.22458333333333, 32.72458333333334], [80.22125, 32.72458333333334], [80.21874999999999, 32.72208333333333], [80.21374999999999, 32.72208333333333], [80.20791666666666, 32.72291666666667], [80.20374999999999, 32.72541666666666], [80.19458333333333, 32.72541666666667], [80.19375, 32.725416666666675], [80.19125, 32.71625], [80.19125, 32.71125], [80.19208333333333, 32.70708333333333], [80.18041666666666, 32.695416666666674], [80.17791666666668, 32.69458333333335], [80.17708333333333, 32.69125], [80.17374999999998, 32.691250000000004], [80.16874999999999, 32.68875], [80.16791666666666, 32.69041666666667], [80.16458333333333, 32.691250000000004], [80.15958333333333, 32.69124999999999], [80.15458333333332, 32.68708333333334], [80.15208333333332, 32.68291666666667], [80.14374999999998, 32.682916666666664], [80.14124999999999, 32.68041666666667], [80.13791666666665, 32.68041666666667], [80.13541666666666, 32.68375], [80.13291666666666, 32.68375], [80.13041666666666, 32.68791666666667], [80.12624999999998, 32.69125], [80.12124999999999, 32.69125000000001], [80.11791666666666, 32.69375], [80.11374999999998, 32.695416666666674], [80.10624999999999, 32.69541666666668], [80.10458333333332, 32.69708333333333], [80.09958333333333, 32.69791666666668], [80.09791666666666, 32.69958333333333], [80.09124999999999, 32.70208333333334], [80.08041666666665, 32.703750000000014], [80.07208333333332, 32.70791666666668], [80.06875, 32.70791666666668], [80.06708333333333, 32.70958333333334], [80.06041666666665, 32.71125000000001], [80.05208333333333, 32.71125], [80.05124999999998, 32.71125000000001], [80.05041666666665, 32.711250000000014], [80.04374999999999, 32.70541666666667], [80.04374999999999, 32.703750000000014], [80.03374999999998, 32.69375], [80.03041666666665, 32.693749999999994], [80.02958333333332, 32.696250000000006], [80.02541666666667, 32.698750000000004], [80.01958333333332, 32.69874999999999], [80.01624999999999, 32.69791666666667], [80.01374999999999, 32.69875], [80.01291666666665, 32.70125], [80.00791666666666, 32.70375000000001], [80.00208333333332, 32.70458333333333], [80.00208333333332, 32.70541666666667], [80.00125, 32.704583333333325], [79.99374999999999, 32.70541666666667], [79.98708333333332, 32.70541666666668], [79.98208333333332, 32.706250000000004], [79.98124999999999, 32.707916666666655], [79.97541666666666, 32.708750000000016], [79.96874999999999, 32.71208333333333], [79.96624999999999, 32.71208333333334], [79.96041666666666, 32.71791666666667], [79.96041666666666, 32.72041666666667], [79.95374999999999, 32.72208333333333], [79.95374999999999, 32.72291666666666], [79.94874999999999, 32.72291666666667], [79.94458333333333, 32.72708333333334], [79.93958333333332, 32.72708333333334], [79.93541666666665, 32.73041666666666], [79.93041666666666, 32.73041666666666], [79.92875, 32.72958333333332], [79.92624999999998, 32.73375000000001], [79.92291666666667, 32.73625000000001], [79.91958333333332, 32.73625000000001], [79.91375, 32.741250000000015], [79.90041666666666, 32.741250000000015], [79.90041666666666, 32.74291666666667], [79.89708333333333, 32.742916666666666], [79.89291666666665, 32.74541666666667], [79.88791666666665, 32.747083333333336], [79.88291666666666, 32.747083333333336], [79.87958333333334, 32.74958333333335], [79.87291666666665, 32.75041666666668], [79.87291666666665, 32.749583333333334], [79.86625, 32.74541666666667], [79.86124999999998, 32.747083333333336], [79.85291666666666, 32.74625], [79.85208333333333, 32.74458333333334], [79.85291666666666, 32.74458333333333], [79.85374999999999, 32.739583333333336], [79.85291666666666, 32.73291666666668], [79.85125, 32.73208333333333], [79.85125, 32.728750000000005], [79.84875, 32.72708333333334], [79.84875, 32.71958333333334], [79.84791666666666, 32.71541666666667], [79.84625, 32.714583333333344], [79.84625, 32.705416666666665], [79.84291666666665, 32.70125], [79.84041666666666, 32.69958333333334], [79.83958333333332, 32.698750000000004], [79.82958333333332, 32.698750000000004], [79.82541666666665, 32.69958333333334], [79.82124999999999, 32.698750000000004], [79.81791666666666, 32.69958333333334], [79.81708333333333, 32.70124999999999], [79.81208333333332, 32.70125], [79.80874999999999, 32.70458333333334], [79.80708333333332, 32.70791666666667], [79.80541666666667, 32.70791666666667], [79.80124999999998, 32.70791666666668], [79.79208333333332, 32.70791666666668], [79.78958333333333, 32.710416666666674], [79.78124999999999, 32.710416666666674], [79.77874999999999, 32.71208333333333], [79.77458333333333, 32.71125], [79.76874999999998, 32.71125000000001], [79.76791666666665, 32.71291666666667], [79.76374999999999, 32.71291666666667], [79.75791666666666, 32.71458333333334], [79.75291666666666, 32.71458333333334], [79.74958333333332, 32.71208333333334], [79.74791666666665, 32.71208333333335], [79.74541666666666, 32.714583333333344], [79.73958333333333, 32.71791666666668], [79.73374999999999, 32.71791666666667], [79.72874999999999, 32.72125], [79.72458333333333, 32.72208333333334], [79.72458333333333, 32.72375], [79.72041666666665, 32.72708333333333], [79.71541666666666, 32.72708333333334], [79.71541666666666, 32.727916666666665], [79.71291666666666, 32.72791666666668], [79.70374999999999, 32.72791666666667], [79.69541666666666, 32.72958333333334], [79.69458333333333, 32.73125], [79.69125, 32.732083333333335], [79.68458333333332, 32.73958333333333], [79.68458333333332, 32.738749999999996], [79.67791666666666, 32.73208333333333], [79.67791666666666, 32.72875], [79.66958333333332, 32.72041666666668], [79.66874999999999, 32.720416666666665], [79.66874999999999, 32.71958333333334], [79.66458333333333, 32.72041666666667], [79.66291666666666, 32.72208333333334], [79.65208333333332, 32.72375], [79.65124999999999, 32.72125], [79.64124999999999, 32.72125], [79.64041666666665, 32.72041666666668], [79.64041666666665, 32.72125], [79.63624999999999, 32.72458333333335], [79.63541666666666, 32.72791666666667], [79.62875, 32.727916666666665], [79.62541666666665, 32.72958333333334], [79.62208333333332, 32.72958333333333], [79.61625, 32.73541666666666], [79.61458333333333, 32.735416666666666], [79.61124999999998, 32.732083333333335], [79.60791666666665, 32.73041666666668], [79.60374999999999, 32.73041666666667], [79.59708333333333, 32.73291666666667], [79.59374999999999, 32.73625000000001], [79.59625, 32.738749999999996], [79.59791666666666, 32.74208333333333], [79.59791666666666, 32.74625], [79.59625, 32.74791666666667], [79.59124999999999, 32.749583333333334], [79.58624999999999, 32.74958333333334], [79.58041666666665, 32.752083333333346], [79.57708333333332, 32.752083333333346], [79.57291666666666, 32.75458333333333], [79.56791666666666, 32.75541666666668], [79.56708333333333, 32.757916666666674], [79.56208333333332, 32.75875], [79.56041666666665, 32.761250000000004], [79.55208333333333, 32.76125], [79.55208333333333, 32.763749999999995], [79.54874999999998, 32.76458333333334], [79.54374999999999, 32.764583333333334], [79.54124999999999, 32.76208333333333], [79.53791666666666, 32.76125], [79.53791666666666, 32.763749999999995], [79.54374999999999, 32.77041666666667], [79.54374999999999, 32.77375000000001], [79.54374999999999, 32.77458333333334], [79.53708333333333, 32.77458333333335], [79.53041666666665, 32.77625], [79.52958333333332, 32.77791666666667], [79.52291666666666, 32.77791666666666], [79.51958333333332, 32.77875], [79.51624999999999, 32.78208333333334], [79.51041666666666, 32.78208333333335], [79.50874999999999, 32.783750000000005], [79.50458333333333, 32.78375], [79.50291666666666, 32.78208333333334], [79.50208333333332, 32.78708333333333], [79.49541666666666, 32.790416666666665], [79.49374999999999, 32.79208333333333], [79.49374999999999, 32.79291666666667], [79.48875, 32.794583333333335], [79.48791666666665, 32.79458333333333], [79.48374999999999, 32.79875], [79.48208333333332, 32.79875], [79.48124999999999, 32.802916666666675], [79.48124999999999, 32.80958333333333], [79.48041666666666, 32.81291666666667], [79.47208333333333, 32.818749999999994], [79.46958333333332, 32.81958333333334], [79.46791666666665, 32.823750000000004], [79.46791666666665, 32.82875000000001], [79.46541666666666, 32.831250000000004], [79.46125, 32.832083333333344], [79.46125, 32.83375], [79.46208333333333, 32.83375000000001], [79.47208333333333, 32.84375000000001], [79.47208333333333, 32.848749999999995], [79.47125, 32.85208333333333], [79.46874999999999, 32.85375000000001], [79.46958333333332, 32.857916666666654], [79.47208333333333, 32.85958333333333], [79.47291666666666, 32.865416666666675], [79.46874999999999, 32.86708333333335], [79.47041666666665, 32.86958333333334], [79.47041666666665, 32.87375], [79.47208333333333, 32.875416666666666], [79.47208333333333, 32.87625000000001], [79.47208333333333, 32.87791666666667], [79.46958333333332, 32.879583333333336], [79.46624999999999, 32.87958333333333], [79.46125, 32.882083333333334], [79.45958333333333, 32.87958333333333], [79.45624999999998, 32.879583333333336], [79.45541666666665, 32.88208333333334], [79.45291666666665, 32.88291666666666], [79.45291666666665, 32.888749999999995], [79.44874999999999, 32.88875], [79.44624999999999, 32.89125], [79.44208333333333, 32.889583333333334], [79.43708333333332, 32.89374999999999], [79.43624999999999, 32.89208333333334], [79.42708333333333, 32.89291666666668], [79.42458333333332, 32.89541666666667], [79.42124999999999, 32.89541666666668], [79.41791666666666, 32.89958333333335], [79.41541666666666, 32.900416666666665], [79.41291666666666, 32.902916666666655], [79.40624999999999, 32.90625], [79.40624999999999, 32.908750000000005], [79.40124999999999, 32.91208333333335], [79.39541666666666, 32.91458333333333], [79.39374999999998, 32.91625], [79.39124999999999, 32.91625], [79.39041666666665, 32.92125000000001], [79.39458333333332, 32.92625], [79.39708333333333, 32.927916666666675], [79.39708333333333, 32.93125000000001], [79.39874999999999, 32.93208333333333], [79.39874999999999, 32.93708333333334], [79.40041666666666, 32.937916666666666], [79.40041666666666, 32.94041666666667], [79.40041666666666, 32.94125], [79.39541666666666, 32.94208333333332], [79.39374999999998, 32.94375000000001], [79.38624999999999, 32.94375000000001], [79.38208333333333, 32.94708333333334], [79.37791666666666, 32.94791666666667], [79.37541666666665, 32.94541666666667], [79.37541666666665, 32.941250000000004], [79.37374999999999, 32.94041666666667], [79.36791666666666, 32.94041666666667], [79.36625, 32.93791666666668], [79.36375, 32.937916666666666], [79.36375, 32.93958333333333], [79.35958333333332, 32.94375000000001], [79.35958333333332, 32.94541666666667], [79.35374999999999, 32.95125], [79.35374999999999, 32.95624999999999], [79.35708333333332, 32.95791666666667], [79.36041666666665, 32.95791666666667], [79.36208333333332, 32.959583333333335], [79.36458333333333, 32.96625], [79.34791666666666, 32.98291666666668], [79.34541666666665, 32.982916666666675], [79.34041666666666, 32.986250000000005], [79.33791666666666, 32.98958333333333], [79.33791666666666, 32.992916666666666], [79.33541666666666, 32.99541666666668], [79.33541666666666, 32.99791666666666], [79.33291666666666, 32.99958333333335], [79.33291666666666, 33.001250000000006], [79.33874999999999, 33.002083333333346], [79.33874999999999, 33.00291666666667], [79.33874999999999, 33.00708333333335], [79.34041666666666, 33.007916666666674], [79.34041666666666, 33.011250000000004], [79.33791666666666, 33.013749999999995], [79.33791666666666, 33.017916666666665], [79.34208333333332, 33.02208333333334], [79.33874999999999, 33.02708333333334], [79.33874999999999, 33.030416666666675], [79.33708333333334, 33.03291666666667], [79.33124999999998, 33.03875000000001], [79.33458333333333, 33.047083333333326], [79.33458333333333, 33.05124999999999], [79.33624999999999, 33.05375000000001], [79.35208333333333, 33.06958333333334], [79.35875, 33.069583333333334], [79.36208333333332, 33.07208333333334], [79.36208333333332, 33.07625000000001], [79.36625, 33.08041666666667], [79.36708333333333, 33.08041666666667], [79.36791666666666, 33.08208333333334], [79.36791666666666, 33.08791666666667], [79.36541666666668, 33.092083333333335], [79.36541666666668, 33.09708333333334], [79.36708333333333, 33.101250000000014], [79.36458333333333, 33.106249999999996], [79.36625, 33.106249999999996], [79.36958333333332, 33.10875], [79.37291666666665, 33.11541666666667], [79.37291666666665, 33.118750000000006], [79.37624999999998, 33.120416666666664], [79.37875, 33.122916666666676], [79.38041666666666, 33.12625000000001], [79.38291666666666, 33.128750000000004], [79.38624999999999, 33.13458333333334], [79.38958333333332, 33.13791666666666], [79.39791666666666, 33.13791666666666], [79.39791666666666, 33.140416666666674], [79.39958333333333, 33.14208333333334], [79.39958333333333, 33.150416666666665], [79.39625, 33.15125], [79.39291666666665, 33.15375], [79.39374999999998, 33.15708333333335], [79.39374999999998, 33.162083333333335], [79.39541666666666, 33.162916666666675], [79.39625, 33.168749999999996], [79.40124999999999, 33.168749999999996], [79.40624999999999, 33.16791666666666], [79.40958333333333, 33.17041666666666], [79.41125000000001, 33.17041666666666], [79.41208333333333, 33.17208333333333], [79.41208333333333, 33.18041666666666], [79.40958333333333, 33.183749999999996], [79.40875, 33.188750000000006], [79.40708333333332, 33.188750000000006], [79.40708333333332, 33.18958333333333], [79.40124999999999, 33.195416666666674], [79.39874999999999, 33.19541666666667], [79.39458333333332, 33.198750000000004], [79.39124999999999, 33.20041666666666], [79.38708333333332, 33.20041666666667], [79.38624999999999, 33.202083333333334], [79.38291666666666, 33.20124999999999], [79.37958333333333, 33.197916666666664], [79.36541666666668, 33.197916666666664], [79.36041666666665, 33.19708333333334], [79.35458333333332, 33.201249999999995], [79.34875, 33.20041666666666], [79.34458333333332, 33.202916666666674], [79.33958333333332, 33.202916666666674], [79.33541666666666, 33.203750000000014], [79.33458333333333, 33.20208333333334], [79.33124999999998, 33.20125000000001], [79.32958333333332, 33.197916666666664], [79.32374999999999, 33.19458333333334], [79.32374999999999, 33.190416666666664], [79.32208333333332, 33.189583333333324], [79.31458333333333, 33.18958333333333], [79.30291666666666, 33.18958333333333], [79.29958333333332, 33.19875], [79.30208333333333, 33.198750000000004], [79.30624999999999, 33.202916666666674], [79.30624999999999, 33.20708333333333], [79.30875, 33.20958333333334], [79.31041666666665, 33.21458333333334], [79.30875, 33.217916666666675], [79.31124999999999, 33.218750000000014], [79.31124999999999, 33.221250000000005], [79.30875, 33.22541666666667], [79.30875, 33.22875000000001], [79.31291666666665, 33.231249999999996], [79.31875, 33.231249999999996], [79.32291666666666, 33.23208333333334], [79.32541666666665, 33.23541666666667], [79.32541666666665, 33.23791666666667], [79.32791666666665, 33.240416666666675], [79.33124999999998, 33.24208333333334], [79.33124999999998, 33.24958333333335], [79.33291666666666, 33.25291666666667], [79.33874999999999, 33.25625000000001], [79.33874999999999, 33.25958333333334], [79.33708333333334, 33.26125], [79.33624999999999, 33.26625000000001], [79.33708333333334, 33.26875000000001], [79.33541666666666, 33.27041666666668], [79.33541666666666, 33.27458333333334], [79.33708333333334, 33.27458333333334], [79.33958333333332, 33.27791666666667], [79.33958333333332, 33.28375], [79.34208333333332, 33.28541666666666], [79.34208333333332, 33.287916666666675], [79.34541666666665, 33.28958333333334], [79.34708333333333, 33.29208333333334], [79.34791666666666, 33.29625], [79.34791666666666, 33.30125], [79.35041666666666, 33.302916666666675], [79.35208333333333, 33.30791666666667], [79.35208333333333, 33.309583333333336], [79.35208333333333, 33.31041666666667], [79.34958333333333, 33.31291666666667], [79.34958333333333, 33.31708333333333], [79.34708333333333, 33.32041666666667], [79.34708333333333, 33.32541666666668], [79.34541666666665, 33.328750000000014], [79.34541666666665, 33.335416666666674], [79.34124999999999, 33.33874999999999], [79.33958333333332, 33.338750000000005], [79.33458333333333, 33.34375], [79.32791666666665, 33.34791666666668], [79.32541666666665, 33.35291666666667], [79.32541666666665, 33.356249999999996], [79.32374999999999, 33.36125], [79.32124999999999, 33.36375000000001], [79.32124999999999, 33.36708333333333], [79.31875, 33.370416666666664], [79.31458333333333, 33.37041666666667], [79.31291666666665, 33.372916666666676], [79.31291666666665, 33.375416666666666], [79.31124999999999, 33.37958333333334], [79.30958333333332, 33.380416666666676], [79.31875, 33.38958333333335], [79.31875, 33.39375], [79.32041666666666, 33.39458333333333], [79.32041666666666, 33.397916666666674], [79.32291666666666, 33.401250000000005], [79.32291666666666, 33.40875], [79.32041666666666, 33.41125000000001], [79.32041666666666, 33.41458333333333], [79.31791666666666, 33.41708333333333], [79.31708333333333, 33.42125000000001], [79.31708333333333, 33.42625], [79.31625, 33.427916666666675], [79.30791666666666, 33.43625], [79.30541666666666, 33.43625000000001], [79.30375, 33.43875000000001], [79.30375, 33.44291666666666], [79.30125, 33.44458333333335], [79.30041666666665, 33.44708333333334], [79.30041666666665, 33.44958333333333], [79.30375, 33.45375], [79.30541666666666, 33.45708333333332], [79.30541666666666, 33.46208333333334], [79.30291666666666, 33.46541666666668], [79.30291666666666, 33.46875000000001], [79.30125, 33.47458333333334], [79.29624999999999, 33.47958333333333], [79.29458333333332, 33.48291666666667], [79.29458333333332, 33.484583333333326], [79.28625, 33.487083333333345], [79.28458333333333, 33.48874999999999], [79.28458333333333, 33.49208333333334], [79.28124999999999, 33.49708333333333], [79.27541666666666, 33.49958333333335], [79.27541666666666, 33.502083333333346], [79.27458333333333, 33.50625], [79.27208333333333, 33.508750000000006], [79.27541666666666, 33.512916666666676], [79.27541666666666, 33.51875000000001], [79.27708333333332, 33.52125], [79.27708333333332, 33.52208333333335], [79.27708333333332, 33.522916666666674], [79.27541666666666, 33.52541666666668], [79.27291666666666, 33.526250000000005], [79.26958333333332, 33.52958333333334], [79.26791666666665, 33.52958333333334], [79.26458333333332, 33.533750000000005], [79.26458333333332, 33.53791666666667], [79.26291666666665, 33.53875000000001], [79.26291666666665, 33.53958333333335], [79.25208333333333, 33.53958333333333], [79.25124999999998, 33.54124999999999], [79.24791666666665, 33.54208333333334], [79.24708333333332, 33.54458333333333], [79.23958333333333, 33.54625], [79.23291666666665, 33.54958333333334], [79.23124999999999, 33.54958333333333], [79.23041666666666, 33.54958333333334], [79.22791666666666, 33.54708333333334], [79.22458333333333, 33.54625], [79.21958333333332, 33.54708333333334], [79.21708333333332, 33.54958333333334], [79.21374999999999, 33.551249999999996], [79.21041666666666, 33.55125], [79.20708333333333, 33.55541666666667], [79.20541666666665, 33.556250000000006], [79.20041666666665, 33.56125], [79.19708333333332, 33.561249999999994], [79.19541666666666, 33.562916666666666], [79.19208333333333, 33.56291666666667], [79.19041666666666, 33.565416666666664], [79.18708333333332, 33.56708333333332], [79.18374999999999, 33.567083333333336], [79.17958333333333, 33.56875], [79.17958333333333, 33.571250000000006], [79.17124999999999, 33.57958333333333], [79.16708333333332, 33.58125], [79.16624999999999, 33.58458333333334], [79.16291666666667, 33.584583333333335], [79.16041666666666, 33.587083333333325], [79.15708333333332, 33.58875], [79.15541666666665, 33.58875000000001], [79.15291666666666, 33.59291666666667], [79.14708333333333, 33.59541666666666], [79.14708333333333, 33.59791666666667], [79.14458333333333, 33.60208333333334], [79.14374999999998, 33.60208333333334], [79.14291666666665, 33.60208333333334], [79.13874999999999, 33.60291666666667], [79.13541666666666, 33.60458333333333], [79.13541666666666, 33.60875], [79.13125, 33.611250000000005], [79.12708333333333, 33.61125000000001], [79.12291666666665, 33.613749999999996], [79.11791666666666, 33.613749999999996], [79.11625, 33.61708333333334], [79.11124999999998, 33.621249999999996], [79.11041666666667, 33.62125], [79.10874999999999, 33.62125], [79.10708333333332, 33.61958333333334], [79.09958333333333, 33.61541666666667], [79.09208333333332, 33.616250000000015], [79.08791666666666, 33.61625], [79.08624999999999, 33.61875], [79.08541666666666, 33.618750000000006], [79.07791666666665, 33.61875], [79.07458333333332, 33.62125], [79.06374999999998, 33.621249999999996], [79.06041666666667, 33.622083333333336], [79.05874999999999, 33.620416666666664], [79.05125, 33.62125], [79.04374999999999, 33.621249999999996], [79.04208333333332, 33.61958333333334], [79.02624999999999, 33.61958333333334], [79.02374999999999, 33.618750000000006], [79.01958333333333, 33.61291666666668], [79.01041666666666, 33.61291666666667], [79.00791666666666, 33.60874999999999], [79.00458333333333, 33.607083333333335], [79.00124999999998, 33.607083333333335], [78.99458333333332, 33.60958333333334], [78.97791666666666, 33.60958333333335], [78.97791666666666, 33.60874999999999], [78.97625, 33.60875], [78.97291666666666, 33.61041666666667], [78.97041666666665, 33.61291666666668], [78.96624999999999, 33.61291666666667], [78.96208333333333, 33.61541666666667], [78.95875, 33.61541666666667], [78.95708333333333, 33.61541666666668], [78.95374999999999, 33.61708333333334], [78.94624999999999, 33.617083333333326], [78.94375, 33.614583333333336], [78.93625, 33.614583333333336], [78.93208333333332, 33.61708333333333], [78.92958333333333, 33.619583333333345], [78.91958333333332, 33.621249999999996], [78.90708333333332, 33.621249999999996], [78.90458333333332, 33.62291666666667], [78.90041666666666, 33.62291666666667], [78.89708333333333, 33.626250000000006], [78.89625, 33.62625], [78.89541666666666, 33.626250000000006], [78.89541666666666, 33.627083333333346], [78.89458333333333, 33.627083333333346], [78.88791666666665, 33.62708333333334], [78.88791666666665, 33.62791666666667], [78.87541666666665, 33.62791666666667], [78.87124999999999, 33.63291666666668], [78.86708333333333, 33.63458333333334], [78.86375, 33.63458333333334], [78.86041666666665, 33.632916666666674], [78.85624999999999, 33.63291666666668], [78.84958333333333, 33.636250000000004], [78.84291666666665, 33.637916666666655], [78.84291666666665, 33.638749999999995], [78.84208333333332, 33.63875000000001], [78.83874999999999, 33.63875000000001], [78.83458333333333, 33.63958333333334], [78.83208333333333, 33.64125000000001], [78.82624999999999, 33.64125], [78.82374999999999, 33.63875], [78.81791666666666, 33.64208333333333], [78.81041666666665, 33.64541666666667], [78.80708333333332, 33.64541666666666], [78.80291666666666, 33.64541666666666], [78.80291666666666, 33.64458333333334], [78.80208333333333, 33.64458333333333], [78.80208333333333, 33.64125], [78.79958333333332, 33.636250000000004], [78.79041666666667, 33.627083333333346], [78.78291666666667, 33.62625], [78.78041666666665, 33.62375], [78.77624999999999, 33.62291666666667], [78.75791666666666, 33.62291666666666], [78.75791666666666, 33.622083333333336], [78.75375, 33.618750000000006], [78.75375, 33.611250000000005], [78.75041666666665, 33.60791666666667], [78.74958333333332, 33.60375000000001], [78.74291666666666, 33.59708333333334], [78.74291666666666, 33.59458333333334], [78.74041666666666, 33.59291666666667], [78.74125, 33.59041666666666], [78.74125, 33.581250000000004], [78.74291666666666, 33.576249999999995], [78.74791666666665, 33.576249999999995], [78.75041666666665, 33.57708333333334], [78.75375, 33.57458333333333], [78.75458333333333, 33.57125], [78.75874999999999, 33.56958333333334], [78.75708333333333, 33.56625], [78.75708333333333, 33.56291666666667], [78.75458333333333, 33.56124999999999], [78.75291666666666, 33.55708333333333], [78.75208333333333, 33.55208333333333], [78.74624999999999, 33.54791666666667], [78.74624999999999, 33.54125], [78.74208333333333, 33.53458333333334], [78.74624999999999, 33.530416666666675], [78.74874999999999, 33.530416666666675], [78.75208333333333, 33.52708333333334], [78.75208333333333, 33.522916666666674], [78.75291666666666, 33.522916666666674], [78.75541666666666, 33.52208333333334], [78.75874999999999, 33.51791666666667], [78.76458333333332, 33.51791666666668], [78.76958333333333, 33.518750000000004], [78.77374999999999, 33.51791666666667], [78.78208333333332, 33.50958333333334], [78.78291666666667, 33.507916666666674], [78.78291666666667, 33.50708333333334], [78.78541666666666, 33.504583333333336], [78.79124999999999, 33.502916666666664], [78.79374999999999, 33.50041666666668], [78.79708333333332, 33.499583333333334], [78.80041666666665, 33.50208333333334], [78.80041666666665, 33.49791666666667], [78.79874999999998, 33.49708333333333], [78.79958333333332, 33.492916666666666], [78.80375, 33.488749999999996], [78.80624999999999, 33.48875], [78.81458333333333, 33.482916666666675], [78.81458333333333, 33.482083333333335], [78.81041666666665, 33.47791666666668], [78.81041666666665, 33.47625000000001], [78.81041666666665, 33.473749999999995], [78.81291666666665, 33.46791666666668], [78.81625, 33.464583333333344], [78.81625, 33.459583333333335], [78.81958333333333, 33.45625000000002], [78.82624999999999, 33.45124999999999], [78.82624999999999, 33.44875], [78.82958333333332, 33.445416666666674], [78.82958333333332, 33.442916666666676], [78.83208333333333, 33.44041666666667], [78.83541666666666, 33.43875000000001], [78.83375, 33.43625], [78.83458333333333, 33.427916666666675], [78.83708333333333, 33.42541666666666], [78.84208333333332, 33.42541666666667], [78.84291666666665, 33.42208333333334], [78.84541666666665, 33.419583333333335], [78.84541666666665, 33.41875], [78.84791666666666, 33.41875], [78.85208333333333, 33.418749999999996], [78.85458333333332, 33.41625000000001], [78.86291666666665, 33.417916666666656], [78.86708333333333, 33.417916666666656], [78.86708333333333, 33.417083333333345], [78.86958333333332, 33.41458333333335], [78.89208333333332, 33.41458333333335], [78.89458333333333, 33.411249999999995], [78.90291666666666, 33.41041666666667], [78.90624999999999, 33.40791666666667], [78.90958333333333, 33.40208333333334], [78.90958333333333, 33.39708333333333], [78.90708333333332, 33.39375], [78.90208333333332, 33.39041666666668], [78.89625, 33.38791666666667], [78.88708333333332, 33.38791666666667], [78.88624999999999, 33.38375000000001], [78.88374999999999, 33.38125], [78.88374999999999, 33.378750000000004], [78.88541666666666, 33.374583333333334], [78.87708333333333, 33.36625000000001], [78.87458333333332, 33.36625000000001], [78.86791666666666, 33.361250000000005], [78.85874999999999, 33.361250000000005], [78.85458333333332, 33.36208333333334], [78.84958333333333, 33.364583333333336], [78.84625, 33.36708333333334], [78.84541666666665, 33.36958333333334], [78.84208333333332, 33.369583333333345], [78.83791666666666, 33.37208333333333], [78.83791666666666, 33.37375000000001], [78.83375, 33.37541666666667], [78.82874999999999, 33.38041666666667], [78.82541666666665, 33.382083333333334], [78.82541666666665, 33.38375000000001], [78.82124999999999, 33.38458333333334], [78.81791666666666, 33.38125000000001], [78.81708333333333, 33.377916666666664], [78.81208333333333, 33.37791666666667], [78.80958333333332, 33.38041666666667], [78.79958333333332, 33.38041666666667], [78.79791666666665, 33.37875], [78.79374999999999, 33.37708333333334], [78.78708333333333, 33.370416666666664], [78.78041666666665, 33.36958333333334], [78.78041666666665, 33.370416666666664], [78.77708333333332, 33.370416666666664], [78.77374999999999, 33.368750000000006], [78.77374999999999, 33.36541666666667], [78.77125, 33.36375000000001], [78.76958333333333, 33.35958333333333], [78.76624999999999, 33.35875], [78.76624999999999, 33.35375], [78.76291666666665, 33.350416666666675], [78.75791666666666, 33.35041666666667], [78.75708333333333, 33.34708333333333], [78.75541666666666, 33.345416666666665], [78.75541666666666, 33.34125], [78.75208333333333, 33.33625], [78.74958333333332, 33.334583333333335], [78.74958333333332, 33.32791666666667], [78.75041666666665, 33.326249999999995], [78.74874999999999, 33.326249999999995], [78.74708333333332, 33.32458333333333], [78.74041666666666, 33.324583333333344], [78.73541666666665, 33.326249999999995], [78.73541666666665, 33.327083333333334], [78.73208333333332, 33.33208333333333], [78.73208333333332, 33.33458333333334], [78.72874999999999, 33.33458333333335], [78.72375, 33.33958333333334], [78.72125, 33.34041666666668], [78.71874999999999, 33.345416666666665], [78.71791666666665, 33.345416666666665], [78.70958333333333, 33.34708333333333], [78.70708333333333, 33.350416666666675], [78.70708333333333, 33.352916666666665], [78.70208333333332, 33.35458333333334], [78.69958333333332, 33.35791666666667], [78.69458333333334, 33.35875000000001], [78.69208333333333, 33.361250000000005], [78.69125, 33.364583333333336], [78.68708333333332, 33.367083333333326], [78.68541666666665, 33.36708333333334], [78.68374999999999, 33.36708333333334], [78.68291666666666, 33.36458333333334], [78.67958333333333, 33.36208333333334], [78.67291666666665, 33.36208333333333], [78.67291666666665, 33.36291666666667], [78.67041666666665, 33.36375000000001], [78.67041666666665, 33.368750000000006], [78.66708333333332, 33.372083333333336], [78.66208333333333, 33.37375000000001], [78.65708333333332, 33.37375], [78.64874999999999, 33.37208333333333], [78.64791666666666, 33.373749999999994], [78.63958333333332, 33.373749999999994], [78.63624999999999, 33.37541666666667], [78.62708333333333, 33.375416666666666], [78.62291666666665, 33.37875], [78.62041666666667, 33.378750000000004], [78.61708333333333, 33.38125], [78.61708333333333, 33.383750000000006], [78.61625, 33.386250000000004], [78.62291666666665, 33.39291666666667], [78.62208333333332, 33.39541666666667], [78.62208333333332, 33.39875], [78.62624999999998, 33.40291666666666], [78.62791666666666, 33.40291666666666], [78.63125, 33.40625000000001], [78.63125, 33.415416666666665], [78.63291666666666, 33.41625000000001], [78.63291666666666, 33.419583333333335], [78.63458333333332, 33.42208333333333], [78.63708333333332, 33.42208333333333], [78.64124999999999, 33.42541666666667], [78.64124999999999, 33.42708333333333], [78.64124999999999, 33.42791666666667], [78.63458333333332, 33.43291666666667], [78.63041666666666, 33.43708333333334], [78.63125, 33.44041666666667], [78.62958333333333, 33.446250000000006], [78.63791666666665, 33.45458333333333], [78.63541666666666, 33.45708333333332], [78.63541666666666, 33.459583333333335], [78.63291666666666, 33.46125000000001], [78.62958333333333, 33.46541666666666], [78.63291666666666, 33.46958333333335], [78.63458333333332, 33.474583333333335], [78.63874999999999, 33.47875000000001], [78.63874999999999, 33.48041666666666], [78.63624999999999, 33.482083333333335], [78.63208333333333, 33.48125], [78.62458333333332, 33.48875], [78.62124999999999, 33.48875], [78.61958333333332, 33.490416666666675], [78.61291666666666, 33.490416666666675], [78.60541666666666, 33.48708333333334], [78.59958333333333, 33.48125], [78.59208333333333, 33.481249999999996], [78.58458333333333, 33.48041666666668], [78.57041666666667, 33.47791666666668], [78.56875, 33.47458333333334], [78.56875, 33.47208333333333], [78.56375, 33.47375], [78.56041666666665, 33.473749999999995], [78.55874999999999, 33.475416666666675], [78.55458333333333, 33.47625000000001], [78.55375, 33.48041666666667], [78.55125, 33.48041666666666], [78.54708333333332, 33.47875], [78.54541666666665, 33.47708333333333], [78.54541666666665, 33.46541666666667], [78.54124999999999, 33.45875], [78.54041666666666, 33.45875], [78.53791666666666, 33.46125000000001], [78.53124999999999, 33.46458333333333], [78.52958333333332, 33.46291666666667], [78.52374999999999, 33.46291666666667], [78.52374999999999, 33.45625000000002], [78.52291666666666, 33.454583333333346], [78.51708333333332, 33.45375], [78.51041666666666, 33.45375000000001], [78.50458333333333, 33.451249999999995], [78.50291666666666, 33.44791666666667], [78.50458333333333, 33.445416666666674], [78.50458333333333, 33.442083333333336], [78.50124999999998, 33.438750000000006], [78.50041666666665, 33.434583333333336], [78.50208333333333, 33.43375], [78.50208333333333, 33.43041666666667], [78.50041666666665, 33.42791666666667], [78.50041666666665, 33.42291666666668], [78.50208333333333, 33.42125000000001], [78.50208333333333, 33.41791666666666], [78.49708333333332, 33.41458333333333], [78.49625, 33.41125000000001], [78.49125, 33.40625000000001], [78.48875, 33.40625], [78.48624999999998, 33.40958333333333], [78.48124999999999, 33.40958333333334], [78.48041666666666, 33.40791666666667], [78.47708333333333, 33.40708333333334], [78.47208333333333, 33.40708333333334], [78.46874999999999, 33.40375000000001], [78.46458333333332, 33.405416666666675], [78.46208333333333, 33.407916666666665], [78.45791666666666, 33.408750000000005], [78.45208333333332, 33.408750000000005], [78.45208333333332, 33.40958333333333], [78.44958333333332, 33.41125], [78.45291666666665, 33.41708333333334], [78.45458333333332, 33.418749999999996], [78.45458333333332, 33.42208333333333], [78.45291666666665, 33.42291666666667], [78.45708333333333, 33.42708333333333], [78.45541666666665, 33.430416666666666], [78.45624999999998, 33.43541666666666], [78.46458333333332, 33.43541666666666], [78.46624999999999, 33.43708333333335], [78.46541666666666, 33.442083333333336], [78.46624999999999, 33.442083333333336], [78.46624999999999, 33.44291666666667], [78.47291666666666, 33.44958333333334], [78.47625, 33.450416666666676], [78.47541666666666, 33.45291666666667], [78.47541666666666, 33.46125], [78.47208333333333, 33.463750000000005], [78.47291666666666, 33.46958333333334], [78.48124999999999, 33.47875], [78.48208333333332, 33.48208333333333], [78.48208333333332, 33.492916666666666], [78.48041666666666, 33.495416666666664], [78.47125, 33.50458333333333], [78.47125, 33.51041666666667], [78.46958333333332, 33.51041666666667], [78.46541666666666, 33.514583333333334], [78.46541666666666, 33.51708333333333], [78.46541666666666, 33.51791666666667], [78.46458333333332, 33.51958333333333], [78.45791666666666, 33.526250000000005], [78.45624999999998, 33.526250000000005], [78.45208333333332, 33.52208333333335], [78.44708333333332, 33.52041666666667], [78.44125, 33.52125000000001], [78.42875, 33.52125000000001], [78.42374999999998, 33.52041666666668], [78.42208333333332, 33.52208333333335], [78.42041666666665, 33.52208333333335], [78.41874999999999, 33.52541666666667], [78.41375, 33.52708333333333], [78.41125, 33.52375], [78.40624999999999, 33.52375000000001], [78.40458333333332, 33.526250000000005], [78.40041666666666, 33.525416666666665], [78.40041666666666, 33.52375], [78.38041666666666, 33.52375000000001], [78.37624999999998, 33.52541666666667], [78.37624999999998, 33.526250000000005], [78.37374999999999, 33.529583333333335], [78.37374999999999, 33.53708333333334], [78.36458333333333, 33.54208333333334], [78.36041666666665, 33.54291666666666], [78.36041666666665, 33.544583333333335], [78.35874999999999, 33.548750000000005], [78.35541666666666, 33.552083333333336], [78.35291666666666, 33.552083333333336], [78.34958333333333, 33.556250000000006], [78.34875, 33.56125], [78.35125, 33.56208333333334], [78.35291666666666, 33.56458333333333], [78.35458333333332, 33.56958333333335], [78.35458333333332, 33.57375], [78.36041666666665, 33.57875000000001], [78.35874999999999, 33.57958333333333], [78.35458333333332, 33.585416666666674], [78.35458333333332, 33.58791666666667], [78.35958333333332, 33.592083333333335], [78.35958333333332, 33.596250000000005], [78.36124999999998, 33.59708333333334], [78.36208333333332, 33.60041666666668], [78.36208333333332, 33.610416666666666], [78.36124999999998, 33.61458333333333], [78.36041666666665, 33.61458333333333], [78.35791666666665, 33.61708333333334], [78.35708333333332, 33.62041666666667], [78.35041666666667, 33.62041666666666], [78.34708333333333, 33.62291666666666], [78.34291666666665, 33.62291666666667], [78.33958333333332, 33.627083333333346], [78.33958333333332, 33.63125000000001], [78.33541666666666, 33.62958333333333], [78.32541666666665, 33.62958333333333], [78.32291666666666, 33.62708333333334], [78.31708333333333, 33.62875000000001], [78.31041666666665, 33.62875000000001], [78.30708333333332, 33.63125000000001], [78.30624999999999, 33.63708333333334], [78.30375, 33.63791666666667], [78.30208333333333, 33.642083333333346], [78.29791666666665, 33.643750000000004], [78.29124999999999, 33.643750000000004], [78.29124999999999, 33.64541666666665], [78.28875, 33.64875000000001], [78.28208333333332, 33.65208333333334], [78.27541666666666, 33.65708333333334], [78.27541666666666, 33.65875], [78.27208333333334, 33.66125], [78.26624999999999, 33.66291666666667], [78.26458333333332, 33.66791666666667], [78.26458333333332, 33.67208333333333], [78.26208333333332, 33.674583333333345], [78.26208333333332, 33.68041666666668], [78.26041666666666, 33.68208333333334], [78.26041666666666, 33.68375], [78.26041666666666, 33.68458333333333], [78.25708333333333, 33.68875], [78.25291666666666, 33.69041666666666], [78.25291666666666, 33.69291666666667], [78.25125, 33.69791666666666], [78.24874999999999, 33.697916666666664], [78.24624999999999, 33.701249999999995], [78.23875, 33.70125], [78.23458333333332, 33.70375000000001], [78.23041666666666, 33.70375000000001], [78.22458333333333, 33.70541666666667], [78.21791666666665, 33.697916666666664], [78.20624999999998, 33.70458333333334], [78.20374999999999, 33.711250000000014], [78.20124999999999, 33.713750000000005], [78.20041666666665, 33.71625], [78.19791666666667, 33.71708333333333], [78.19708333333332, 33.71708333333332], [78.19708333333332, 33.71958333333333], [78.20124999999999, 33.724583333333335], [78.20124999999999, 33.728750000000005], [78.19624999999999, 33.733750000000015], [78.19208333333333, 33.73875], [78.19125, 33.74625], [78.18958333333333, 33.75208333333334], [78.18791666666665, 33.75375], [78.18791666666665, 33.75458333333333], [78.17708333333333, 33.754583333333336], [78.17041666666665, 33.754583333333336], [78.16375, 33.75708333333334], [78.15875, 33.761250000000004], [78.15708333333332, 33.764583333333334], [78.15708333333332, 33.77125], [78.15958333333333, 33.77625], [78.16291666666666, 33.77958333333333], [78.16874999999999, 33.77958333333333], [78.16958333333334, 33.78041666666666], [78.16874999999999, 33.78625], [78.16708333333332, 33.78625], [78.16624999999999, 33.78791666666667], [78.16208333333333, 33.78958333333333], [78.15458333333332, 33.789583333333326], [78.15041666666666, 33.78875000000001], [78.14791666666667, 33.78708333333333], [78.14291666666665, 33.78791666666668], [78.13958333333332, 33.78791666666667], [78.13708333333332, 33.790416666666665], [78.13291666666666, 33.791250000000005], [78.13125, 33.796250000000015], [78.12541666666665, 33.80291666666668], [78.12541666666665, 33.805416666666666], [78.11958333333332, 33.806250000000006], [78.11791666666666, 33.80791666666667], [78.11291666666666, 33.810416666666676], [78.10874999999999, 33.814583333333346], [78.10374999999999, 33.817083333333336], [78.10125, 33.817083333333336], [78.10125, 33.820416666666674], [78.09958333333333, 33.826249999999995], [78.09625, 33.83291666666667], [78.09458333333332, 33.83458333333334], [78.09458333333332, 33.83541666666667], [78.08708333333333, 33.83625], [78.08541666666666, 33.83791666666668], [78.08041666666665, 33.838750000000005], [78.07624999999999, 33.842083333333335], [78.07375, 33.842083333333335], [78.07375, 33.842916666666675], [78.06875, 33.83958333333334], [78.06291666666665, 33.83958333333334], [78.06124999999999, 33.83625000000001], [78.05874999999999, 33.833749999999995], [78.05541666666666, 33.83541666666667], [78.05041666666666, 33.83458333333334], [78.04708333333332, 33.827083333333334], [78.04374999999999, 33.827083333333334], [78.03791666666666, 33.82875000000001], [78.03291666666667, 33.82875], [78.03041666666665, 33.831250000000004], [78.02708333333332, 33.83125000000001], [78.02458333333333, 33.83291666666666], [78.01458333333332, 33.83291666666667], [78.01124999999999, 33.83291666666666], [78.01124999999999, 33.83375], [78.00791666666666, 33.83958333333334], [78.00458333333333, 33.84375], [78.00291666666666, 33.84375000000001], [77.99791666666665, 33.84708333333333], [77.99541666666666, 33.850416666666675], [77.99541666666666, 33.852916666666665], [77.99874999999999, 33.853750000000005], [78.00041666666665, 33.85625], [77.99958333333333, 33.85875000000001], [77.99624999999999, 33.862083333333324], [77.99624999999999, 33.86375], [77.99541666666666, 33.86375], [77.99374999999999, 33.863749999999996], [77.98624999999998, 33.865416666666675], [77.98124999999999, 33.867916666666666], [77.98124999999999, 33.87208333333334], [77.97874999999999, 33.87458333333333], [77.97375, 33.876250000000006], [77.97208333333333, 33.88125000000001], [77.97041666666667, 33.882083333333334], [77.96958333333332, 33.88541666666667], [77.96624999999999, 33.88708333333333], [77.96208333333333, 33.891250000000014], [77.96124999999999, 33.89458333333333], [77.95875, 33.897083333333335], [77.95625000000001, 33.90125], [77.95041666666665, 33.90291666666668], [77.94708333333332, 33.90291666666667], [77.94708333333332, 33.90374999999999], [77.94541666666666, 33.90458333333333], [77.94458333333333, 33.90791666666667], [77.94291666666666, 33.908750000000005], [77.94291666666666, 33.912916666666675], [77.94624999999999, 33.912916666666675], [77.94791666666666, 33.91458333333334], [77.94791666666666, 33.919583333333335], [77.94541666666666, 33.919583333333335], [77.94208333333333, 33.922916666666666], [77.94208333333333, 33.927083333333336], [77.93791666666665, 33.931250000000006], [77.93791666666665, 33.941250000000004], [77.93958333333333, 33.94291666666666], [77.93958333333333, 33.94541666666666], [77.93958333333333, 33.946250000000006], [77.93624999999999, 33.94875], [77.93291666666666, 33.95541666666667], [77.92625, 33.962916666666665], [77.92541666666666, 33.96625], [77.92541666666666, 33.97125000000002], [77.92625, 33.97541666666668], [77.92708333333333, 33.975416666666675], [77.93124999999999, 33.97958333333334], [77.93291666666666, 33.98291666666666], [77.93291666666666, 33.986250000000005], [77.93124999999999, 33.99125], [77.93541666666665, 33.99291666666667], [77.93708333333332, 33.99541666666667], [77.93708333333332, 33.99958333333333], [77.94125, 34.00375], [77.94041666666666, 34.00375], [77.93708333333332, 34.007083333333334], [77.93124999999999, 34.01125], [77.92291666666665, 34.012083333333344], [77.92291666666665, 34.01958333333334], [77.92374999999998, 34.02124999999999], [77.92708333333333, 34.02124999999999], [77.93541666666665, 34.02541666666667], [77.93541666666665, 34.031250000000014], [77.93875, 34.033750000000005], [77.93875, 34.04708333333334], [77.92708333333333, 34.04708333333333], [77.92041666666665, 34.05291666666667], [77.91874999999999, 34.05208333333334], [77.90875, 34.052083333333336], [77.90541666666665, 34.05375000000001], [77.90291666666666, 34.05791666666667], [77.90041666666666, 34.059583333333336], [77.89708333333333, 34.057916666666664], [77.89208333333332, 34.057916666666664], [77.88708333333332, 34.053750000000015], [77.88458333333332, 34.05625], [77.88541666666666, 34.06041666666667], [77.88541666666666, 34.06541666666667], [77.88624999999999, 34.06875000000001], [77.88291666666666, 34.07125], [77.88291666666666, 34.073750000000004], [77.88374999999999, 34.07541666666666], [77.88291666666666, 34.075416666666676], [77.87625, 34.081250000000004], [77.87625, 34.08291666666666], [77.87374999999999, 34.08708333333333], [77.87041666666666, 34.08791666666668], [77.86958333333332, 34.092083333333335], [77.86541666666666, 34.09458333333334], [77.86541666666666, 34.09708333333332], [77.86041666666665, 34.10208333333332], [77.85874999999999, 34.10708333333333], [77.85541666666666, 34.10708333333333], [77.85208333333333, 34.109583333333326], [77.85208333333333, 34.10875], [77.85041666666666, 34.10625], [77.84625, 34.10541666666667], [77.84291666666665, 34.103750000000005], [77.84041666666666, 34.106249999999996], [77.83291666666666, 34.107083333333335], [77.83125, 34.10541666666666], [77.82708333333332, 34.10541666666666], [77.82124999999999, 34.10291666666667], [77.82041666666666, 34.101250000000014], [77.81958333333333, 34.10125000000001], [77.81458333333333, 34.10625], [77.80958333333332, 34.10875], [77.80958333333332, 34.110416666666666], [77.80624999999999, 34.11375000000001], [77.80624999999999, 34.118750000000006], [77.80125, 34.12291666666666], [77.79958333333332, 34.12291666666666], [77.79958333333332, 34.12458333333334], [77.78958333333333, 34.124583333333334], [77.78708333333333, 34.12208333333334], [77.78291666666667, 34.11958333333333], [77.77874999999999, 34.11958333333334], [77.77541666666667, 34.12208333333334], [77.77541666666667, 34.12375], [77.77458333333333, 34.12375], [77.77374999999999, 34.12541666666668], [77.77541666666667, 34.12875], [77.77541666666667, 34.13458333333334], [77.77624999999999, 34.13875000000001], [77.77125, 34.14458333333334], [77.77125, 34.14958333333333], [77.76624999999999, 34.15291666666667], [77.76291666666665, 34.15375000000001], [77.75791666666666, 34.15375], [77.75458333333333, 34.15708333333335], [77.74874999999999, 34.15708333333335], [77.74208333333333, 34.15958333333333], [77.73875, 34.16375], [77.73875, 34.16708333333333], [77.73624999999998, 34.168749999999996], [77.73624999999998, 34.17208333333335], [77.73458333333332, 34.17374999999999], [77.73458333333332, 34.17708333333332], [77.73624999999998, 34.181250000000006], [77.73374999999999, 34.181250000000006], [77.72708333333333, 34.18708333333334], [77.72125, 34.187916666666666], [77.71708333333332, 34.190416666666664], [77.71624999999999, 34.192916666666676], [77.71624999999999, 34.194583333333334], [77.71458333333332, 34.19541666666667], [77.71458333333332, 34.20125], [77.71291666666666, 34.20791666666668], [77.71041666666666, 34.20791666666667], [77.70458333333332, 34.210416666666674], [77.70208333333332, 34.21458333333334], [77.69874999999999, 34.21625], [77.69541666666666, 34.21958333333333], [77.69458333333333, 34.22625], [77.68958333333333, 34.22791666666668], [77.68791666666665, 34.23041666666667], [77.68791666666665, 34.23708333333334], [77.68541666666665, 34.23875], [77.68541666666665, 34.243750000000006], [77.67958333333334, 34.24708333333333], [77.67875, 34.247083333333336], [77.67791666666666, 34.24708333333334], [77.67458333333332, 34.246249999999996], [77.67124999999999, 34.24125], [77.67124999999999, 34.24041666666667], [77.66708333333332, 34.24208333333334], [77.66208333333333, 34.24291666666668], [77.65791666666668, 34.24625], [77.64874999999999, 34.251250000000006], [77.64874999999999, 34.253750000000004], [77.64625, 34.254583333333336], [77.64375, 34.257916666666674], [77.64291666666665, 34.26458333333333], [77.64041666666665, 34.26875], [77.64041666666665, 34.27041666666666], [77.63874999999999, 34.272083333333335], [77.63458333333332, 34.271249999999995], [77.62541666666665, 34.27125000000001], [77.62291666666665, 34.27375000000001], [77.61791666666666, 34.27708333333334], [77.61541666666666, 34.276250000000005], [77.60958333333332, 34.27625], [77.60291666666666, 34.27958333333332], [77.59791666666666, 34.279583333333335], [77.59708333333333, 34.28125], [77.59208333333332, 34.283750000000005], [77.58375000000001, 34.283750000000005], [77.58291666666666, 34.283750000000005], [77.57708333333333, 34.283750000000005], [77.57291666666666, 34.28875000000001], [77.56458333333333, 34.28875000000001], [77.56124999999999, 34.29125000000002], [77.56124999999999, 34.29208333333334], [77.56041666666665, 34.29208333333333], [77.56041666666665, 34.29291666666666], [77.55874999999999, 34.294583333333335], [77.55874999999999, 34.297916666666666], [77.55458333333333, 34.30125], [77.54958333333333, 34.30291666666666], [77.54624999999999, 34.30208333333332], [77.53625, 34.302083333333336], [77.53375000000001, 34.30458333333334], [77.52958333333332, 34.30458333333335], [77.52541666666666, 34.30125], [77.52541666666666, 34.29958333333334], [77.51875, 34.29958333333334], [77.51624999999999, 34.301249999999996], [77.51624999999999, 34.30958333333333], [77.51208333333332, 34.31291666666666], [77.50541666666666, 34.31458333333334], [77.50125, 34.31458333333334], [77.49708333333332, 34.31125], [77.49624999999999, 34.31125000000001], [77.49624999999999, 34.307916666666664], [77.49125, 34.30458333333335], [77.48791666666668, 34.30541666666667], [77.48708333333333, 34.30708333333334], [77.48125, 34.308749999999996], [77.47541666666666, 34.30874999999999], [77.47125, 34.312083333333334], [77.46541666666666, 34.31375000000001], [77.46041666666666, 34.31125], [77.45875, 34.308749999999996], [77.45708333333333, 34.308749999999996], [77.45541666666665, 34.312083333333334], [77.45541666666665, 34.31708333333333], [77.45291666666667, 34.320416666666674], [77.45291666666667, 34.322916666666664], [77.44791666666666, 34.32374999999999], [77.44125, 34.33041666666666], [77.44041666666666, 34.330416666666665], [77.43875, 34.330416666666665], [77.43791666666665, 34.32625], [77.43374999999999, 34.323750000000004], [77.43041666666666, 34.322916666666664], [77.41874999999999, 34.32291666666667], [77.41541666666666, 34.325416666666676], [77.41458333333333, 34.32541666666667], [77.41375, 34.32708333333333], [77.40791666666667, 34.328750000000014], [77.40124999999999, 34.32875], [77.39791666666666, 34.33125], [77.39791666666666, 34.33708333333334], [77.39458333333333, 34.34041666666667], [77.38874999999999, 34.34291666666667], [77.38791666666665, 34.34625000000001], [77.38374999999999, 34.349583333333335], [77.38041666666666, 34.350416666666675], [77.37791666666666, 34.35458333333333], [77.37124999999999, 34.35458333333334], [77.36874999999999, 34.35958333333335], [77.36874999999999, 34.36041666666668], [77.36124999999998, 34.360416666666666], [77.35708333333334, 34.36208333333333], [77.35458333333332, 34.36041666666667], [77.35125, 34.36041666666668], [77.34875, 34.36291666666666], [77.33541666666667, 34.36291666666666], [77.32958333333332, 34.36875], [77.32208333333332, 34.36875], [77.31875, 34.36958333333333], [77.31625, 34.373749999999994], [77.31625, 34.376250000000006], [77.31208333333332, 34.37708333333334], [77.30874999999999, 34.37875], [77.30375, 34.37875], [77.29874999999998, 34.37625000000001], [77.29624999999999, 34.37375], [77.29624999999999, 34.372916666666654], [77.28875, 34.37875], [77.26958333333333, 34.37875], [77.26791666666665, 34.380416666666676], [77.26708333333332, 34.38041666666667], [77.26708333333332, 34.38875], [77.26958333333333, 34.389583333333334], [77.26958333333333, 34.392916666666665], [77.26624999999999, 34.39875000000001], [77.26458333333332, 34.398750000000014], [77.26124999999999, 34.40125], [77.26124999999999, 34.40291666666667], [77.25625, 34.40291666666667], [77.25375, 34.39958333333334], [77.25375, 34.39708333333334], [77.25041666666665, 34.39541666666668], [77.24541666666666, 34.39541666666668], [77.24374999999999, 34.397916666666674], [77.23875, 34.401250000000005], [77.23875, 34.40375], [77.23624999999998, 34.408750000000005], [77.23208333333332, 34.41375000000001], [77.22708333333333, 34.416250000000005], [77.22208333333333, 34.41791666666667], [77.22125, 34.41791666666668], [77.21958333333333, 34.41791666666668], [77.21374999999999, 34.41708333333333], [77.21125, 34.41458333333334], [77.20875, 34.41458333333334], [77.20541666666665, 34.41708333333334], [77.20124999999999, 34.41708333333333], [77.19791666666666, 34.41458333333335], [77.19375, 34.41458333333333], [77.19375, 34.41375000000001], [77.18958333333335, 34.41625], [77.18958333333335, 34.42541666666667], [77.18791666666667, 34.42791666666667], [77.18041666666666, 34.427916666666675], [77.17708333333333, 34.42958333333333], [77.17541666666666, 34.429583333333326], [77.17458333333333, 34.42958333333334], [77.17124999999999, 34.42625000000001], [77.16874999999999, 34.42625000000001], [77.16541666666666, 34.423750000000005], [77.16541666666666, 34.419583333333335], [77.16291666666666, 34.417916666666656], [77.15624999999999, 34.41791666666667], [77.15374999999999, 34.41958333333334], [77.14958333333333, 34.41791666666667], [77.14625, 34.41791666666667], [77.14375, 34.41541666666668], [77.13958333333332, 34.412916666666675], [77.13708333333332, 34.41291666666668], [77.13374999999999, 34.41708333333334], [77.13125, 34.41708333333333], [77.12958333333333, 34.41458333333334], [77.12625, 34.41458333333334], [77.12374999999999, 34.412916666666675], [77.11375, 34.412916666666675], [77.11124999999998, 34.41708333333333], [77.10458333333332, 34.417083333333345], [77.10208333333333, 34.41958333333332], [77.09374999999999, 34.42291666666667], [77.09374999999999, 34.42541666666668], [77.09041666666666, 34.42708333333334], [77.08791666666666, 34.42958333333334], [77.08791666666666, 34.430416666666666], [77.08624999999999, 34.430416666666666], [77.08541666666666, 34.42958333333333], [77.07874999999999, 34.442083333333336], [77.07708333333332, 34.44291666666666], [77.07374999999999, 34.449583333333344], [77.06958333333333, 34.45458333333334], [77.06875, 34.45791666666667], [77.06124999999999, 34.46541666666667], [77.05791666666666, 34.46625], [77.05708333333332, 34.471250000000005], [77.05541666666666, 34.47291666666668], [77.05541666666666, 34.481249999999996], [77.05458333333333, 34.48708333333333], [77.05291666666666, 34.488749999999996], [77.05208333333333, 34.49541666666667], [77.04958333333333, 34.49708333333333], [77.04791666666665, 34.50125], [77.04708333333332, 34.501250000000006], [77.04374999999999, 34.49791666666666], [77.04124999999999, 34.49208333333333], [77.03791666666666, 34.49208333333333], [77.03458333333333, 34.49041666666666], [77.03208333333333, 34.49291666666667], [77.03208333333333, 34.49541666666667], [77.02958333333332, 34.49791666666666], [77.02041666666666, 34.50208333333334], [77.01875, 34.504583333333336], [77.01374999999999, 34.50625000000001], [77.01374999999999, 34.50708333333335], [77.00791666666666, 34.503750000000004], [77.00458333333333, 34.50041666666667], [77.00458333333333, 34.497083333333336], [76.99874999999999, 34.496249999999996], [76.99791666666665, 34.49791666666666], [76.99458333333332, 34.49875], [76.99374999999999, 34.50041666666667], [76.98958333333333, 34.50208333333334], [76.98624999999998, 34.50458333333333], [76.98374999999999, 34.50458333333333], [76.98374999999999, 34.507916666666674], [76.98291666666665, 34.511250000000004], [76.98124999999999, 34.51208333333333], [76.98041666666666, 34.51541666666667], [76.97791666666666, 34.51708333333334], [76.96624999999999, 34.517083333333346], [76.96041666666666, 34.522083333333335], [76.95541666666666, 34.522083333333335], [76.95291666666665, 34.52041666666666], [76.95124999999999, 34.51708333333334], [76.95041666666665, 34.508750000000006], [76.94541666666666, 34.50875000000001], [76.93458333333334, 34.514583333333334], [76.93291666666666, 34.514583333333334], [76.92708333333333, 34.52125], [76.92541666666666, 34.526250000000005], [76.92041666666665, 34.526250000000005], [76.91791666666666, 34.528749999999995], [76.91791666666666, 34.53208333333333], [76.91458333333333, 34.53541666666666], [76.91208333333333, 34.53958333333335], [76.91208333333333, 34.54041666666667], [76.90708333333333, 34.54041666666668], [76.90374999999999, 34.53875], [76.88874999999999, 34.538750000000014], [76.88458333333332, 34.54291666666666], [76.88041666666666, 34.543749999999996], [76.88041666666666, 34.55041666666668], [76.87708333333333, 34.55291666666667], [76.87708333333333, 34.55458333333334], [76.87041666666666, 34.557916666666664], [76.86458333333333, 34.559583333333336], [76.86458333333333, 34.55791666666667], [76.86041666666667, 34.55291666666666], [76.85541666666666, 34.54958333333334], [76.85125, 34.54791666666667], [76.84625, 34.54708333333335], [76.84625, 34.54624999999999], [76.84208333333332, 34.54708333333335], [76.83958333333332, 34.54875000000001], [76.83875, 34.55291666666666], [76.83624999999999, 34.55541666666667], [76.83541666666666, 34.56041666666666], [76.83041666666666, 34.55958333333334], [76.81458333333333, 34.559583333333336], [76.80791666666666, 34.559583333333336], [76.80708333333332, 34.56375], [76.80541666666666, 34.56541666666667], [76.80541666666666, 34.56958333333335], [76.80208333333333, 34.570416666666674], [76.79874999999998, 34.57291666666667], [76.79874999999998, 34.57458333333333], [76.80208333333333, 34.57708333333334], [76.80708333333332, 34.57875], [76.80708333333332, 34.581250000000004], [76.81041666666667, 34.58291666666667], [76.81041666666667, 34.58958333333334], [76.81208333333332, 34.59125], [76.81208333333332, 34.595416666666665], [76.80958333333332, 34.596250000000005], [76.80624999999999, 34.596250000000005], [76.80291666666666, 34.600416666666675], [76.80375, 34.60541666666668], [76.80291666666666, 34.60541666666666], [76.80041666666666, 34.60791666666668], [76.79958333333333, 34.61208333333334], [76.79458333333332, 34.61625], [76.77791666666666, 34.61625000000001], [76.77624999999999, 34.61458333333333], [76.76875, 34.61458333333333], [76.76458333333332, 34.618750000000006], [76.76458333333332, 34.62125000000001], [76.76291666666665, 34.62458333333333], [76.76041666666666, 34.62708333333333], [76.76041666666666, 34.632083333333334], [76.75625, 34.635416666666664], [76.75541666666666, 34.63958333333334], [76.75541666666666, 34.64458333333333], [76.74958333333332, 34.65041666666668], [76.75291666666666, 34.65291666666666], [76.75541666666666, 34.65291666666667], [76.75541666666666, 34.65708333333333], [76.75125, 34.66125], [76.74458333333332, 34.66458333333335], [76.74374999999999, 34.66458333333334], [76.74624999999999, 34.66791666666666], [76.74624999999999, 34.67291666666667], [76.74291666666667, 34.67708333333333], [76.74291666666667, 34.68374999999999], [76.74208333333333, 34.68791666666666], [76.74041666666666, 34.68875], [76.74041666666666, 34.69208333333334], [76.73958333333333, 34.69208333333333], [76.73875, 34.69375], [76.73541666666665, 34.694583333333334], [76.72874999999999, 34.69791666666667], [76.72708333333333, 34.69791666666668], [76.72708333333333, 34.70208333333333], [76.72874999999999, 34.70458333333333], [76.72375, 34.70791666666668], [76.71874999999999, 34.71041666666667], [76.71624999999999, 34.712916666666665], [76.71708333333332, 34.71624999999999], [76.71541666666666, 34.717083333333335], [76.71458333333334, 34.721250000000005], [76.71624999999999, 34.723749999999995], [76.71291666666666, 34.72708333333334], [76.70958333333333, 34.727916666666665], [76.70958333333333, 34.72875], [76.70708333333333, 34.729583333333345], [76.70458333333332, 34.735416666666666], [76.70291666666665, 34.736250000000005], [76.70124999999999, 34.74041666666666], [76.70124999999999, 34.74375], [76.69958333333332, 34.74791666666666], [76.69791666666666, 34.74958333333333], [76.69624999999999, 34.749583333333334], [76.69375, 34.74958333333333], [76.69208333333333, 34.747083333333336], [76.68791666666667, 34.746249999999996], [76.68708333333332, 34.74458333333334], [76.68124999999999, 34.74458333333334], [76.67791666666666, 34.74625], [76.67291666666665, 34.74541666666667], [76.66958333333332, 34.74208333333334], [76.66458333333334, 34.74208333333335], [76.66291666666666, 34.73958333333334], [76.66208333333333, 34.73958333333334], [76.65791666666667, 34.736250000000005], [76.65208333333332, 34.73625000000001], [76.64625, 34.73374999999999], [76.64208333333332, 34.73375], [76.64041666666665, 34.73791666666667], [76.64041666666665, 34.747083333333336], [76.63708333333332, 34.749583333333334], [76.63208333333333, 34.75125], [76.63291666666666, 34.75625], [76.63541666666666, 34.757916666666674], [76.63624999999999, 34.76291666666666], [76.63374999999999, 34.763749999999995], [76.63374999999999, 34.76458333333333], [76.63291666666666, 34.763749999999995], [76.62708333333333, 34.76374999999999], [76.62208333333332, 34.761250000000004], [76.62208333333332, 34.75791666666667], [76.61791666666666, 34.75375000000001], [76.61375, 34.752083333333324], [76.61291666666666, 34.747083333333336], [76.60958333333332, 34.74625], [76.60125, 34.74624999999999], [76.59458333333333, 34.747083333333336], [76.59124999999999, 34.74875], [76.58791666666666, 34.74875], [76.58541666666666, 34.75041666666667], [76.58041666666666, 34.75041666666667], [76.57791666666665, 34.75375000000001], [76.57791666666665, 34.75875], [76.56541666666666, 34.75875000000001], [76.56208333333333, 34.762916666666676], [76.56208333333333, 34.764583333333334], [76.55958333333332, 34.76458333333334], [76.55874999999999, 34.76458333333334], [76.55375, 34.76208333333334], [76.54958333333333, 34.761250000000004], [76.54791666666665, 34.76291666666666], [76.54208333333332, 34.76291666666666], [76.54041666666667, 34.76041666666667], [76.54041666666667, 34.761250000000004], [76.53708333333333, 34.76375], [76.52791666666666, 34.76708333333334], [76.52791666666666, 34.76958333333333], [76.52541666666666, 34.77041666666667], [76.52374999999999, 34.77458333333333], [76.51958333333333, 34.776250000000005], [76.51791666666666, 34.77875], [76.51791666666666, 34.78458333333334], [76.51958333333333, 34.786249999999995], [76.51875000000001, 34.786249999999995], [76.51624999999999, 34.78791666666666], [76.51291666666665, 34.78791666666666], [76.51208333333332, 34.78958333333334], [76.50375, 34.79291666666668], [76.50041666666667, 34.793749999999996], [76.48958333333333, 34.79375], [76.48625, 34.79625], [76.48625, 34.79541666666667], [76.48374999999999, 34.79458333333334], [76.48208333333332, 34.790416666666665], [76.47874999999999, 34.78791666666666], [76.47125, 34.78791666666667], [76.46958333333333, 34.78625], [76.46625, 34.78625], [76.46291666666666, 34.78458333333334], [76.45708333333333, 34.78541666666667], [76.45208333333332, 34.787083333333335], [76.45208333333332, 34.794583333333335], [76.45124999999999, 34.79625], [76.44624999999999, 34.79625], [76.44291666666666, 34.798750000000005], [76.43374999999999, 34.80041666666666], [76.43374999999999, 34.802083333333336], [76.43208333333332, 34.80708333333334], [76.43208333333332, 34.81875000000001], [76.42708333333333, 34.82291666666668], [76.42625, 34.82958333333333], [76.42458333333333, 34.83208333333334], [76.42458333333333, 34.83708333333334], [76.42708333333333, 34.83875], [76.42875, 34.84208333333332], [76.42875, 34.846250000000005], [76.42541666666666, 34.84708333333334], [76.42041666666665, 34.84708333333334], [76.41541666666666, 34.85125], [76.41458333333333, 34.85458333333335], [76.41791666666666, 34.85791666666666], [76.41625, 34.86208333333333], [76.41125, 34.86458333333334], [76.41125, 34.86791666666667], [76.41375, 34.86958333333334], [76.41375, 34.87291666666666], [76.41208333333333, 34.87375], [76.41208333333333, 34.87708333333333], [76.41458333333333, 34.878750000000004], [76.41291666666666, 34.882083333333334], [76.41291666666666, 34.88541666666667], [76.41125, 34.88625000000001], [76.41125, 34.89291666666667], [76.41208333333333, 34.89291666666667], [76.40708333333333, 34.89625], [76.40791666666667, 34.90208333333332], [76.41125, 34.90375], [76.41041666666666, 34.90791666666667], [76.40708333333333, 34.91125], [76.40458333333332, 34.91208333333334], [76.40458333333332, 34.91708333333334], [76.40041666666666, 34.91958333333333], [76.39541666666666, 34.92541666666666], [76.39375, 34.93041666666667], [76.39375, 34.935416666666654], [76.39541666666666, 34.93625], [76.39541666666666, 34.93708333333332], [76.39541666666666, 34.93791666666667], [76.39458333333334, 34.94291666666667], [76.39291666666666, 34.94458333333333], [76.38624999999999, 34.94458333333334], [76.38041666666666, 34.95041666666667], [76.37958333333333, 34.950416666666655], [76.38041666666666, 34.95541666666667], [76.38458333333332, 34.956250000000004], [76.38624999999999, 34.95875000000001], [76.38708333333332, 34.963750000000005], [76.38374999999999, 34.967083333333335], [76.37958333333333, 34.96791666666665], [76.37625, 34.970416666666665], [76.37625, 34.97625000000001], [76.37208333333332, 34.97708333333333], [76.36958333333332, 34.98125000000001], [76.36541666666666, 34.98375], [76.36541666666666, 34.99041666666666], [76.36874999999999, 34.99208333333334], [76.37041666666667, 34.99208333333333], [76.37041666666667, 34.99541666666667], [76.36874999999999, 34.99875000000001], [76.36541666666666, 34.99875], [76.36541666666666, 35.00208333333334], [76.35708333333332, 35.00208333333334], [76.35208333333333, 35.003750000000004], [76.35125, 35.007916666666674], [76.34541666666667, 35.01208333333334], [76.34208333333333, 35.017916666666665], [76.34208333333333, 35.018750000000004], [76.33874999999999, 35.022083333333335], [76.34124999999999, 35.025416666666665], [76.33874999999999, 35.028749999999995], [76.33874999999999, 35.03291666666666], [76.33624999999999, 35.03958333333334], [76.33624999999999, 35.04041666666667], [76.33624999999999, 35.04125], [76.33458333333333, 35.04291666666666], [76.31958333333333, 35.041250000000005], [76.30958333333332, 35.041250000000005], [76.30541666666666, 35.045416666666675], [76.30541666666666, 35.05041666666667], [76.30375, 35.05291666666667], [76.29708333333332, 35.05625000000001], [76.29541666666665, 35.056250000000006], [76.29374999999999, 35.06041666666667], [76.29041666666666, 35.06124999999999], [76.28625, 35.06041666666667], [76.27541666666666, 35.06041666666667], [76.27291666666666, 35.063750000000006], [76.26958333333333, 35.06625000000001], [76.25708333333333, 35.066250000000004], [76.25208333333333, 35.06791666666666], [76.24791666666665, 35.07041666666668], [76.24041666666666, 35.07041666666668], [76.23708333333333, 35.068749999999994], [76.23291666666665, 35.06875], [76.23041666666666, 35.07041666666668], [76.22291666666666, 35.07041666666668], [76.22125, 35.07208333333333], [76.21374999999999, 35.07375], [76.21374999999999, 35.07291666666668], [76.20541666666666, 35.07291666666667], [76.20041666666665, 35.076249999999995], [76.19458333333333, 35.07791666666666], [76.18958333333333, 35.07791666666667], [76.18958333333333, 35.078750000000014], [76.18875, 35.078750000000014], [76.18041666666666, 35.078750000000014], [76.17625, 35.07958333333334], [76.17291666666665, 35.081250000000004], [76.16874999999999, 35.08125], [76.16708333333332, 35.084583333333335], [76.16125, 35.08541666666667], [76.16125, 35.08875], [76.15958333333333, 35.09208333333333], [76.15458333333332, 35.092083333333335], [76.14958333333333, 35.096250000000005], [76.14541666666666, 35.097083333333345], [76.14291666666666, 35.09958333333333], [76.14124999999999, 35.102916666666665], [76.13791666666665, 35.10291666666667], [76.13125, 35.10625], [76.12458333333333, 35.106249999999996], [76.11791666666666, 35.10958333333334], [76.11708333333333, 35.112083333333345], [76.10958333333332, 35.112083333333345], [76.10624999999999, 35.11291666666667], [76.10458333333332, 35.11708333333333], [76.10208333333333, 35.11958333333334], [76.10208333333333, 35.118750000000006], [76.09708333333333, 35.116249999999994], [76.08541666666666, 35.11625], [76.07874999999999, 35.11958333333334], [76.07374999999999, 35.119583333333345], [76.07208333333334, 35.12125000000001], [76.06708333333333, 35.120416666666664], [76.06708333333333, 35.12125], [76.06124999999999, 35.12458333333334], [76.05958333333332, 35.12791666666667], [76.05541666666666, 35.12958333333333], [76.05375, 35.12958333333334], [76.04624999999999, 35.12958333333333], [76.04375, 35.127916666666664], [76.03791666666666, 35.127916666666664], [76.03375, 35.13208333333335], [76.03041666666665, 35.132916666666674], [76.02624999999999, 35.137083333333344], [76.01791666666666, 35.139583333333334], [76.01708333333333, 35.145416666666655], [76.01208333333332, 35.147083333333335], [76.00708333333333, 35.14958333333333], [76.00291666666666, 35.149583333333325], [76.00125, 35.15125000000001], [76.00041666666667, 35.151250000000005], [76.00041666666667, 35.155416666666675], [75.99791666666667, 35.16458333333334], [75.99374999999999, 35.16541666666667], [75.99041666666666, 35.16875], [75.98708333333333, 35.16958333333333], [75.98625, 35.17124999999999], [75.98041666666666, 35.17208333333334], [75.97958333333332, 35.173750000000005], [75.97375, 35.17541666666667], [75.96791666666665, 35.17541666666667], [75.96458333333332, 35.177083333333336], [75.95958333333333, 35.17708333333332], [75.95625, 35.18041666666668], [75.94125, 35.18958333333334], [75.93791666666667, 35.19291666666666], [75.93624999999999, 35.192916666666676], [75.93541666666665, 35.19458333333335], [75.93541666666665, 35.20125], [75.93624999999999, 35.20458333333334], [75.93291666666666, 35.21041666666668], [75.93041666666666, 35.21041666666667], [75.92708333333333, 35.21375000000001], [75.92708333333333, 35.21541666666667], [75.92375, 35.21791666666667], [75.92291666666665, 35.21958333333334], [75.92124999999999, 35.21958333333334], [75.92041666666665, 35.224583333333335], [75.91624999999999, 35.228750000000005], [75.91624999999999, 35.23125], [75.91958333333334, 35.234583333333326], [75.91458333333333, 35.23708333333334], [75.91458333333333, 35.24375000000001], [75.91041666666666, 35.24791666666666], [75.90541666666665, 35.25125000000001], [75.89958333333333, 35.252916666666664], [75.89625, 35.25625], [75.89708333333333, 35.26041666666667], [75.89958333333333, 35.26208333333333], [75.90291666666666, 35.268750000000004], [75.90708333333333, 35.272916666666674], [75.90708333333333, 35.27708333333334], [75.90958333333333, 35.279583333333335], [75.91125, 35.28291666666667], [75.91291666666666, 35.28291666666667], [75.91791666666666, 35.28625], [75.92625000000001, 35.28958333333334], [75.92791666666666, 35.29208333333334], [75.93291666666666, 35.29708333333333], [75.93291666666666, 35.29958333333333], [75.93708333333333, 35.301249999999996], [75.93791666666667, 35.30458333333333], [75.94208333333333, 35.30708333333334], [75.95541666666666, 35.32041666666668], [75.96041666666666, 35.321250000000006], [75.96624999999999, 35.321250000000006], [75.96958333333333, 35.32541666666667], [75.97541666666666, 35.32875000000001], [75.98041666666666, 35.32875000000001], [75.98208333333332, 35.330416666666686], [75.98208333333332, 35.33625], [75.98124999999999, 35.33958333333334], [75.98541666666665, 35.34125], [75.98541666666665, 35.34458333333334], [75.99374999999999, 35.34458333333334], [76.00125, 35.34958333333332], [76.00541666666666, 35.35041666666667], [76.00874999999999, 35.34875], [76.01291666666665, 35.345416666666665], [76.01458333333332, 35.34791666666667], [76.01458333333332, 35.35125000000001], [76.01708333333333, 35.352916666666665], [76.01958333333333, 35.356249999999996], [76.01958333333333, 35.35874999999999], [76.02041666666666, 35.35875], [76.02041666666666, 35.364583333333336], [76.02458333333333, 35.36791666666667], [76.02624999999999, 35.36791666666667], [76.02624999999999, 35.37208333333334], [76.02041666666666, 35.377916666666664], [76.02041666666666, 35.378750000000004], [76.01875, 35.378750000000004], [76.01458333333332, 35.37791666666667], [76.01291666666665, 35.37958333333333], [76.00291666666666, 35.379583333333336], [76.00291666666666, 35.381249999999994], [75.99874999999999, 35.38541666666668], [75.98958333333333, 35.38708333333334], [75.98958333333333, 35.38625], [75.98541666666665, 35.38708333333332], [75.98208333333332, 35.389583333333334], [75.98124999999999, 35.392916666666665], [75.97708333333333, 35.39291666666667], [75.97208333333333, 35.394583333333316], [75.97208333333333, 35.401250000000005], [75.97291666666666, 35.40624999999999], [75.97208333333333, 35.40708333333333], [75.96958333333333, 35.40708333333333], [75.97041666666667, 35.41041666666667], [75.97041666666667, 35.41708333333334], [75.96624999999999, 35.419583333333335], [75.96624999999999, 35.426249999999996], [75.96791666666665, 35.427916666666675], [75.96791666666665, 35.42958333333335], [75.96791666666665, 35.43041666666667], [75.96374999999999, 35.433749999999996], [75.96374999999999, 35.43708333333333], [75.96124999999999, 35.43958333333333], [75.95875, 35.43958333333334], [75.95541666666666, 35.44291666666667], [75.95041666666665, 35.445416666666674], [75.95041666666665, 35.45041666666666], [75.94791666666667, 35.45208333333333], [75.94958333333332, 35.45625], [75.94541666666666, 35.46041666666667], [75.94458333333333, 35.463750000000005], [75.94458333333333, 35.467083333333335], [75.94708333333332, 35.46625], [75.96041666666666, 35.466249999999995], [75.96458333333332, 35.46708333333333], [75.96708333333332, 35.470416666666665], [75.97208333333333, 35.47541666666667], [75.97291666666666, 35.47791666666667], [75.97375, 35.47875000000001], [75.97458333333333, 35.47958333333333], [75.97541666666666, 35.48041666666667], [75.97791666666666, 35.48041666666668], [75.98124999999999, 35.47708333333333], [75.98625, 35.47625], [75.99374999999999, 35.47625], [75.99708333333332, 35.472916666666656], [76.00208333333333, 35.471250000000005], [76.00291666666666, 35.46958333333333], [76.00958333333332, 35.46958333333333], [76.01458333333332, 35.46791666666667], [76.01791666666666, 35.468749999999986], [76.02041666666666, 35.46874999999999], [76.02708333333332, 35.475416666666675], [76.02874999999999, 35.47791666666667], [76.02874999999999, 35.48291666666667], [76.03041666666665, 35.48375], [76.03041666666665, 35.48708333333334], [76.03208333333333, 35.489583333333336], [76.03125, 35.49208333333334], [76.03208333333333, 35.49625], [76.03458333333333, 35.498749999999994], [76.03458333333333, 35.50208333333334], [76.03708333333333, 35.50458333333333], [76.03791666666666, 35.50875], [76.04124999999999, 35.51208333333334], [76.04124999999999, 35.51541666666667], [76.04458333333332, 35.51625000000001], [76.04458333333332, 35.51958333333333], [76.04875, 35.51958333333335], [76.05041666666668, 35.52125], [76.05375, 35.517916666666665], [76.05958333333332, 35.51375], [76.05958333333332, 35.509583333333346], [76.06208333333333, 35.50708333333333], [76.06208333333333, 35.50291666666667], [76.06375, 35.500416666666666], [76.07124999999999, 35.49541666666667], [76.07791666666665, 35.49541666666667], [76.08041666666666, 35.497083333333336], [76.08541666666666, 35.497083333333336], [76.08874999999999, 35.49458333333334], [76.09208333333332, 35.48875], [76.09124999999999, 35.48458333333333], [76.08874999999999, 35.48291666666666], [76.08874999999999, 35.476250000000014], [76.08624999999999, 35.47291666666667], [76.08624999999999, 35.46958333333333], [76.08624999999999, 35.46874999999999], [76.08874999999999, 35.466249999999995], [76.09541666666667, 35.46708333333333], [76.10874999999999, 35.46708333333332], [76.11041666666665, 35.469583333333325], [76.11458333333333, 35.46958333333334], [76.11625, 35.471250000000005], [76.11958333333332, 35.47125000000001], [76.12041666666666, 35.47291666666666], [76.12458333333333, 35.47208333333334], [76.12458333333333, 35.46791666666667], [76.12791666666666, 35.463750000000005], [76.12958333333333, 35.464583333333344], [76.13708333333332, 35.46458333333334], [76.14041666666665, 35.462916666666665], [76.14208333333332, 35.45958333333332], [76.14291666666666, 35.45958333333333], [76.14458333333333, 35.459583333333335], [76.14458333333333, 35.460416666666674], [76.15875, 35.460416666666674], [76.16624999999999, 35.45958333333333], [76.17041666666665, 35.46125000000001], [76.17708333333333, 35.46125], [76.18124999999999, 35.463750000000005], [76.18458333333332, 35.463750000000005], [76.18708333333332, 35.46625], [76.18958333333333, 35.46625], [76.19541666666666, 35.472083333333345], [76.19874999999999, 35.47708333333333], [76.19874999999999, 35.47875000000001], [76.19874999999999, 35.47958333333334], [76.19708333333332, 35.481249999999996], [76.18791666666667, 35.48125], [76.18124999999999, 35.48458333333333], [76.18124999999999, 35.48791666666666], [76.18291666666666, 35.48958333333334], [76.18291666666666, 35.49708333333334], [76.18708333333332, 35.50041666666666], [76.18875, 35.50458333333333], [76.18374999999999, 35.50958333333336], [76.18041666666666, 35.510416666666664], [76.17541666666666, 35.51041666666667], [76.17208333333332, 35.50958333333334], [76.17041666666665, 35.511250000000004], [76.16541666666666, 35.51125], [76.15791666666667, 35.51375], [76.15374999999999, 35.51791666666666], [76.15374999999999, 35.522916666666674], [76.15541666666665, 35.53291666666667], [76.15124999999999, 35.53458333333334], [76.14625000000001, 35.53458333333334], [76.14541666666666, 35.54125000000001], [76.14291666666666, 35.54291666666666], [76.14291666666666, 35.54708333333333], [76.14458333333333, 35.55041666666667], [76.14874999999999, 35.552083333333336], [76.14958333333333, 35.555416666666666], [76.15625, 35.55625], [76.15875, 35.557916666666664], [76.16458333333333, 35.557916666666664], [76.16791666666667, 35.56041666666666], [76.17208333333332, 35.56291666666666], [76.17458333333335, 35.56541666666668], [76.17791666666666, 35.56624999999999], [76.17791666666666, 35.572916666666664], [76.17708333333333, 35.57708333333333], [76.17458333333335, 35.58041666666667], [76.16708333333332, 35.58041666666667], [76.16458333333333, 35.58541666666666], [76.17041666666665, 35.59125], [76.17041666666665, 35.59291666666666], [76.16708333333332, 35.596250000000005], [76.16375, 35.59791666666668], [76.16874999999999, 35.60291666666667], [76.17124999999999, 35.60625], [76.17124999999999, 35.60708333333334], [76.17458333333335, 35.607083333333335], [76.17708333333333, 35.60874999999999], [76.17958333333333, 35.60874999999999], [76.18291666666666, 35.60541666666666], [76.18624999999999, 35.60541666666667], [76.18791666666667, 35.60708333333334], [76.19208333333333, 35.607083333333335], [76.19791666666666, 35.608749999999986], [76.19958333333332, 35.607083333333335], [76.20374999999999, 35.60625], [76.20875, 35.60625], [76.21291666666666, 35.60541666666666], [76.21624999999999, 35.602916666666665], [76.21624999999999, 35.60125000000001], [76.22125, 35.59625], [76.22291666666666, 35.59375], [76.22708333333333, 35.595416666666665], [76.23291666666665, 35.595416666666665], [76.23541666666665, 35.59625], [76.24041666666666, 35.60125], [76.24458333333332, 35.60125000000001], [76.24708333333332, 35.60291666666667], [76.25625, 35.60291666666668], [76.25708333333333, 35.60208333333335], [76.25708333333333, 35.603750000000005], [76.26124999999999, 35.60874999999999], [76.26624999999999, 35.613749999999996], [76.26875, 35.61708333333334], [76.26791666666666, 35.622083333333336], [76.27291666666666, 35.62375], [76.27541666666666, 35.626250000000006], [76.27874999999999, 35.627916666666664], [76.27874999999999, 35.64375000000001], [76.27958333333332, 35.64791666666666], [76.28458333333333, 35.64791666666667], [76.28625, 35.646249999999995], [76.29041666666666, 35.64624999999999], [76.29458333333332, 35.64208333333333], [76.30624999999999, 35.64208333333333], [76.31041666666665, 35.64208333333334], [76.31625, 35.64125000000001], [76.32124999999999, 35.63791666666667], [76.32291666666666, 35.63541666666665], [76.32458333333332, 35.63541666666666], [76.33708333333333, 35.63541666666666], [76.34375, 35.63708333333334], [76.35208333333333, 35.63708333333334], [76.35374999999999, 35.63874999999999], [76.35708333333332, 35.63875], [76.35874999999999, 35.64041666666666], [76.36208333333333, 35.64041666666667], [76.36458333333333, 35.64208333333333], [76.37291666666665, 35.64208333333334], [76.37458333333332, 35.647083333333335], [76.37958333333333, 35.64875], [76.38374999999999, 35.652916666666655], [76.38708333333332, 35.65375], [76.38874999999999, 35.659583333333345], [76.39208333333332, 35.66291666666666], [76.39375, 35.666250000000005], [76.39458333333334, 35.67041666666667], [76.40124999999999, 35.677083333333336], [76.40124999999999, 35.67791666666667], [76.40625, 35.673750000000005], [76.40625, 35.67125], [76.41041666666666, 35.67458333333334], [76.41625, 35.677083333333336], [76.42041666666665, 35.67791666666667], [76.42958333333333, 35.67791666666666], [76.42958333333333, 35.67874999999999], [76.44125, 35.678749999999994], [76.44125, 35.67958333333334], [76.45041666666665, 35.679583333333326], [76.45041666666665, 35.678749999999994], [76.45541666666666, 35.678749999999994], [76.45708333333333, 35.67875000000001], [76.45708333333333, 35.67625], [76.45958333333333, 35.67375], [76.46041666666666, 35.67041666666667], [76.46208333333333, 35.669583333333335], [76.46208333333333, 35.66458333333334], [76.46291666666666, 35.66041666666667], [76.46625, 35.65791666666668], [76.46625, 35.65541666666667], [76.46958333333333, 35.654583333333335], [76.47041666666667, 35.65291666666666], [76.47874999999999, 35.65291666666668], [76.47958333333332, 35.64875], [76.48208333333332, 35.64875], [76.48541666666665, 35.64458333333334], [76.48291666666665, 35.63708333333334], [76.48291666666665, 35.63125], [76.48208333333332, 35.626250000000006], [76.48291666666665, 35.625416666666666], [76.48625, 35.625416666666666], [76.48875, 35.62375], [76.49374999999999, 35.62375], [76.49541666666666, 35.62041666666667], [76.49958333333332, 35.61625000000001], [76.50291666666666, 35.61625000000001], [76.50458333333333, 35.61375], [76.51041666666666, 35.61375], [76.51374999999999, 35.61291666666668], [76.51958333333333, 35.60875000000001], [76.52541666666666, 35.602916666666665], [76.53208333333333, 35.60041666666667], [76.53208333333333, 35.59958333333333], [76.53625, 35.60208333333333], [76.54791666666665, 35.60541666666666], [76.55208333333333, 35.60541666666666], [76.55375, 35.607916666666675], [76.55791666666666, 35.60874999999999], [76.56208333333333, 35.61208333333334], [76.56875000000001, 35.61291666666667], [76.57291666666666, 35.61208333333334], [76.57791666666665, 35.61458333333332], [76.58291666666666, 35.613749999999996], [76.58791666666666, 35.61375], [76.59625, 35.60541666666666], [76.59625, 35.60125], [76.59958333333333, 35.60125000000001], [76.60125, 35.599583333333335], [76.60458333333332, 35.599583333333335], [76.60541666666666, 35.59791666666667], [76.60958333333332, 35.600416666666675], [76.61208333333333, 35.59875], [76.61458333333333, 35.599583333333335], [76.62041666666666, 35.59958333333334], [76.62541666666667, 35.60458333333334], [76.63541666666666, 35.60874999999999], [76.63791666666665, 35.611250000000005], [76.64625, 35.611250000000005], [76.64708333333333, 35.61291666666667], [76.65625, 35.61291666666666], [76.65708333333333, 35.61208333333334], [76.65708333333333, 35.61125], [76.66958333333332, 35.62208333333333], [76.67124999999999, 35.622083333333336], [76.67708333333333, 35.627916666666664], [76.67958333333333, 35.632083333333334], [76.68291666666666, 35.632083333333334], [76.68958333333333, 35.631249999999994], [76.69458333333333, 35.631249999999994], [76.69541666666666, 35.631249999999994], [76.70124999999999, 35.63708333333334], [76.70208333333332, 35.63958333333334], [76.70791666666666, 35.64041666666666], [76.71624999999999, 35.64458333333334], [76.72541666666666, 35.65375000000002], [76.72791666666666, 35.65458333333332], [76.73374999999999, 35.65458333333334], [76.73374999999999, 35.65625], [76.73708333333333, 35.65791666666666], [76.74374999999999, 35.66458333333333], [76.74958333333332, 35.66375000000001], [76.75125, 35.66208333333333], [76.75625, 35.66291666666667], [76.75874999999999, 35.66458333333334], [76.76124999999999, 35.664583333333326], [76.76708333333332, 35.66041666666667], [76.77541666666666, 35.66041666666667], [76.77708333333332, 35.65958333333334], [76.77708333333332, 35.658750000000005], [76.78124999999999, 35.66208333333334], [76.78875000000001, 35.66208333333333], [76.79208333333332, 35.664583333333326], [76.79874999999998, 35.66375], [76.80624999999999, 35.663750000000014], [76.80708333333332, 35.66625000000001], [76.81291666666667, 35.66958333333333], [76.81541666666666, 35.669583333333335], [76.82124999999999, 35.66625000000001], [76.82874999999999, 35.66625000000001], [76.83208333333333, 35.668749999999996], [76.83624999999999, 35.66875], [76.84374999999999, 35.674583333333345], [76.85041666666666, 35.672083333333326], [76.85541666666666, 35.66791666666667], [76.85374999999999, 35.66375], [76.85541666666666, 35.662083333333335], [76.85624999999999, 35.65708333333335], [76.85874999999999, 35.655416666666675], [76.85874999999999, 35.65291666666666], [76.86124999999998, 35.65041666666667], [76.86541666666666, 35.65041666666667], [76.86874999999999, 35.64875], [76.86874999999999, 35.647083333333335], [76.87208333333332, 35.644583333333344], [76.87458333333332, 35.644583333333344], [76.87708333333333, 35.64208333333334], [76.88125, 35.639583333333334], [76.88374999999999, 35.63875], [76.88624999999999, 35.63541666666666], [76.88791666666665, 35.63541666666667], [76.89375, 35.62958333333333], [76.89874999999999, 35.62708333333334], [76.89958333333333, 35.619583333333345], [76.90124999999999, 35.617916666666666], [76.90625, 35.61708333333334], [76.90625, 35.61541666666666], [76.91041666666666, 35.613749999999996], [76.92041666666665, 35.611250000000005], [76.92958333333333, 35.611250000000005], [76.93208333333332, 35.61041666666667], [76.93541666666665, 35.607083333333335], [76.93958333333333, 35.604583333333345], [76.94291666666666, 35.604583333333345], [76.94874999999999, 35.60208333333334], [76.95124999999999, 35.599583333333335], [76.95625, 35.59875], [76.95875, 35.59625], [76.96791666666665, 35.596250000000005], [76.97375, 35.60125], [76.98041666666666, 35.60125000000001], [76.98291666666665, 35.599583333333335], [76.98708333333333, 35.59958333333333], [76.98708333333333, 35.60291666666667], [76.98875, 35.60625000000001], [76.99125000000001, 35.60625], [76.99125000000001, 35.61041666666668], [76.99458333333332, 35.613749999999996], [77.00208333333333, 35.61041666666668], [77.00874999999999, 35.61041666666668], [77.01374999999999, 35.60958333333334], [77.01958333333333, 35.60625000000001], [77.02458333333333, 35.60125000000001], [77.03124999999999, 35.60041666666667], [77.04041666666666, 35.60041666666667], [77.04041666666666, 35.599583333333335], [77.05791666666666, 35.599583333333335], [77.06458333333333, 35.59708333333334], [77.06541666666668, 35.595416666666665], [77.06875, 35.594583333333325], [77.07208333333332, 35.58791666666667], [77.07374999999999, 35.58708333333334], [77.07458333333332, 35.58375], [77.07958333333332, 35.578750000000014], [77.08375, 35.57625], [77.08375, 35.57458333333334], [77.08708333333334, 35.57041666666667], [77.09041666666666, 35.56791666666667], [77.09374999999999, 35.56791666666666], [77.09625, 35.56625], [77.09958333333333, 35.56541666666667], [77.10958333333332, 35.56541666666667], [77.11208333333333, 35.56458333333334], [77.11874999999999, 35.55791666666667], [77.12625, 35.55708333333333], [77.13041666666666, 35.55541666666666], [77.13458333333332, 35.552083333333336], [77.13708333333332, 35.55208333333333], [77.14041666666665, 35.54624999999999], [77.14708333333333, 35.53958333333334], [77.14791666666666, 35.53708333333334], [77.14791666666666, 35.53874999999999], [77.15791666666667, 35.53874999999999], [77.16375, 35.53791666666667], [77.17041666666665, 35.53625], [77.17625, 35.53208333333335], [77.17791666666666, 35.52875], [77.18041666666666, 35.52708333333333], [77.18624999999999, 35.52625], [77.19125, 35.52125], [77.20791666666666, 35.52125], [77.21791666666665, 35.52458333333334], [77.22375, 35.52791666666667], [77.22791666666666, 35.52958333333334], [77.23958333333334, 35.52958333333334], [77.24125, 35.528749999999995], [77.24458333333332, 35.53041666666667], [77.25041666666665, 35.53041666666666], [77.25375, 35.53208333333334], [77.25625, 35.53458333333334], [77.25958333333332, 35.53458333333334], [77.26124999999999, 35.53708333333333], [77.26458333333332, 35.538750000000014], [77.26791666666665, 35.53875], [77.27125, 35.537083333333335], [77.27875, 35.537083333333335], [77.28375, 35.53791666666666], [77.28625, 35.54041666666667], [77.29124999999999, 35.542916666666656], [77.29458333333332, 35.542916666666656], [77.29541666666665, 35.54125], [77.29958333333333, 35.540416666666665], [77.30458333333333, 35.543749999999996], [77.30958333333332, 35.54291666666666], [77.31458333333333, 35.53791666666666], [77.31708333333333, 35.53875000000001], [77.32124999999999, 35.53791666666667], [77.32374999999999, 35.53541666666666], [77.32791666666665, 35.53458333333334], [77.32875, 35.53125], [77.33375, 35.52541666666667], [77.33791666666666, 35.52541666666667], [77.33791666666666, 35.52041666666668], [77.33874999999999, 35.51791666666666], [77.34625, 35.51708333333334], [77.34958333333333, 35.52291666666668], [77.35624999999999, 35.529583333333335], [77.36124999999998, 35.53541666666667], [77.35541666666666, 35.540416666666665], [77.35541666666666, 35.54458333333334], [77.35291666666666, 35.54541666666666], [77.35125, 35.548750000000005], [77.35208333333333, 35.55375000000001], [77.35791666666665, 35.55708333333333], [77.36458333333333, 35.557916666666664], [77.36625, 35.55625], [77.37791666666666, 35.55291666666667], [77.37958333333333, 35.55375], [77.38291666666666, 35.55125], [77.38291666666666, 35.54791666666668], [77.38708333333332, 35.54708333333332], [77.38874999999999, 35.54375], [77.39124999999999, 35.542083333333345], [77.39874999999999, 35.541250000000005], [77.40208333333332, 35.53791666666666], [77.40458333333332, 35.53791666666667], [77.40458333333332, 35.53375000000001], [77.40208333333332, 35.53291666666667], [77.40124999999999, 35.52791666666667], [77.40374999999999, 35.52541666666667], [77.41125, 35.525416666666665], [77.41708333333332, 35.52708333333332], [77.41958333333332, 35.52375000000001], [77.42374999999998, 35.52375000000001], [77.42374999999998, 35.52125], [77.42041666666665, 35.517916666666665], [77.42458333333333, 35.51375000000001], [77.42541666666666, 35.50875], [77.42541666666666, 35.50375000000001], [77.42291666666665, 35.501250000000006], [77.42625, 35.499583333333334], [77.42625, 35.49625], [77.42958333333333, 35.49208333333335], [77.43624999999999, 35.485416666666666], [77.44291666666666, 35.48541666666667], [77.44874999999999, 35.49125000000001], [77.44874999999999, 35.49291666666666], [77.45458333333332, 35.493750000000006], [77.45541666666665, 35.49208333333334], [77.45875, 35.49208333333333], [77.46124999999999, 35.489583333333336], [77.46458333333332, 35.48791666666666], [77.47125, 35.48875], [77.47375, 35.490416666666675], [77.47874999999999, 35.49208333333334], [77.48208333333332, 35.49208333333334], [77.48624999999998, 35.494583333333324], [77.49125, 35.49375], [77.49624999999999, 35.49041666666666], [77.50125, 35.48875], [77.50375, 35.491249999999994], [77.50791666666666, 35.491249999999994], [77.51208333333332, 35.48791666666667], [77.51208333333332, 35.485416666666666], [77.52208333333333, 35.48625], [77.52374999999999, 35.48458333333333], [77.52958333333332, 35.485416666666666], [77.53375000000001, 35.48875], [77.54124999999999, 35.48791666666666], [77.54458333333332, 35.48458333333333], [77.54958333333333, 35.48374999999999], [77.55458333333333, 35.48625], [77.55874999999999, 35.48541666666667], [77.56625, 35.485416666666666], [77.57041666666666, 35.48291666666667], [77.57374999999999, 35.48291666666667], [77.57624999999999, 35.48041666666667], [77.58208333333333, 35.48041666666666], [77.58291666666666, 35.47958333333334], [77.58291666666666, 35.47375], [77.58208333333333, 35.46958333333333], [77.58541666666666, 35.46708333333333], [77.59124999999999, 35.46708333333333], [77.59374999999999, 35.466249999999995], [77.59458333333333, 35.46958333333333], [77.60041666666666, 35.46958333333335], [77.60374999999999, 35.47291666666667], [77.61041666666665, 35.47208333333333], [77.61708333333333, 35.46958333333334], [77.62208333333332, 35.46625], [77.62458333333332, 35.466249999999995], [77.62791666666666, 35.46291666666668], [77.63291666666666, 35.462916666666665], [77.63708333333332, 35.46625], [77.64124999999999, 35.46708333333333], [77.64124999999999, 35.47041666666667], [77.63958333333332, 35.47125], [77.63958333333332, 35.474583333333335], [77.63791666666665, 35.47541666666667], [77.63791666666665, 35.48208333333333], [77.63708333333332, 35.48375000000001], [77.64375, 35.48374999999999], [77.64625, 35.48708333333334], [77.65208333333332, 35.48708333333333], [77.65541666666665, 35.485416666666666], [77.65791666666668, 35.48041666666666], [77.66541666666666, 35.47291666666667], [77.66791666666666, 35.46958333333333], [77.67124999999999, 35.46874999999999], [77.67625, 35.46458333333332], [77.68208333333332, 35.462916666666665], [77.68208333333332, 35.458749999999995], [77.68708333333332, 35.45541666666667], [77.68958333333333, 35.45291666666666], [77.69291666666666, 35.45708333333333], [77.69291666666666, 35.45958333333334], [77.69708333333332, 35.463750000000005], [77.70708333333333, 35.463750000000005], [77.70708333333333, 35.46208333333333], [77.71791666666665, 35.46208333333334], [77.72874999999999, 35.47291666666666], [77.73124999999999, 35.47291666666666], [77.72874999999999, 35.47375], [77.72874999999999, 35.47625000000001], [77.73124999999999, 35.47791666666667], [77.73458333333332, 35.48291666666666], [77.73624999999998, 35.48791666666666], [77.73875, 35.48875], [77.74041666666666, 35.49208333333334], [77.74541666666666, 35.496249999999996], [77.74791666666665, 35.49708333333333], [77.75375, 35.497083333333336], [77.75708333333333, 35.502083333333346], [77.76458333333332, 35.502083333333324], [77.77125, 35.49874999999999], [77.77708333333332, 35.498749999999994], [77.78291666666667, 35.49791666666667], [77.78708333333333, 35.49458333333333], [77.79041666666666, 35.495416666666664], [77.79874999999998, 35.49541666666668], [77.80041666666666, 35.50291666666668], [77.79791666666665, 35.50458333333333], [77.79791666666665, 35.50875000000001], [77.80041666666666, 35.51125000000001], [77.80041666666666, 35.514583333333334], [77.80291666666666, 35.51625000000001], [77.80458333333333, 35.51958333333334], [77.80791666666666, 35.521249999999995], [77.81208333333332, 35.52541666666667], [77.81458333333333, 35.52458333333334], [77.81541666666666, 35.52041666666667], [77.81791666666666, 35.51791666666666], [77.82041666666666, 35.51791666666667], [77.82291666666666, 35.51541666666667], [77.82291666666666, 35.512083333333344], [77.82624999999999, 35.50791666666668], [77.82708333333332, 35.50541666666667], [77.82958333333332, 35.503750000000004], [77.83958333333332, 35.50375], [77.84124999999999, 35.50041666666666], [77.84374999999999, 35.49958333333333], [77.84374999999999, 35.497083333333336], [77.85458333333332, 35.49125], [77.85791666666665, 35.494583333333345], [77.85791666666665, 35.496249999999996], [77.86208333333332, 35.50041666666666], [77.86958333333332, 35.49708333333334], [77.87625, 35.49125], [77.87541666666667, 35.48708333333334], [77.87791666666666, 35.482916666666675], [77.88125, 35.47958333333333], [77.88958333333332, 35.47958333333333], [77.88958333333332, 35.477916666666665], [77.89291666666665, 35.474583333333335], [77.89625, 35.474583333333335], [77.89874999999999, 35.47208333333333], [77.89874999999999, 35.46958333333333], [77.90208333333332, 35.46541666666666], [77.90624999999999, 35.46541666666668], [77.91125, 35.46208333333333], [77.91125, 35.46291666666667], [77.91208333333333, 35.46791666666667], [77.91791666666666, 35.47375], [77.91791666666666, 35.47958333333334], [77.92125, 35.48208333333333], [77.92041666666665, 35.48541666666667], [77.91874999999999, 35.48624999999999], [77.91791666666666, 35.491249999999994], [77.92374999999998, 35.497083333333336], [77.92791666666668, 35.50208333333333], [77.92791666666668, 35.503750000000004], [77.93291666666666, 35.50875], [77.93041666666666, 35.51208333333333], [77.93124999999999, 35.51625000000001], [77.93291666666666, 35.51791666666668], [77.93291666666666, 35.521249999999995], [77.93624999999999, 35.52458333333333], [77.93458333333332, 35.52791666666667], [77.93208333333332, 35.52875], [77.93041666666666, 35.53541666666666], [77.93291666666666, 35.53708333333334], [77.92875, 35.54125], [77.92875, 35.54541666666667], [77.94208333333333, 35.558749999999996], [77.94874999999999, 35.55291666666666], [77.95208333333332, 35.552083333333336], [77.95541666666665, 35.553749999999994], [77.96208333333333, 35.56041666666667], [77.96291666666666, 35.563750000000006], [77.96708333333332, 35.56791666666667], [77.97208333333333, 35.56791666666666], [77.97625, 35.57041666666667], [77.97874999999999, 35.57041666666667], [77.98124999999999, 35.56791666666666], [77.98458333333332, 35.566250000000004], [77.98458333333332, 35.56291666666666], [77.98875, 35.561249999999994], [77.99458333333332, 35.55708333333334], [78.00125, 35.563750000000006], [78.00458333333333, 35.56791666666666], [78.00791666666666, 35.56875], [78.01291666666665, 35.57125], [78.01708333333332, 35.56958333333334], [78.02041666666666, 35.56625000000001], [78.02125, 35.56374999999999], [78.02375, 35.562916666666666], [78.03124999999999, 35.57041666666668], [78.03208333333332, 35.57541666666666], [78.03041666666665, 35.57708333333333], [78.02958333333332, 35.583749999999995], [78.03291666666667, 35.58291666666667], [78.03875, 35.58708333333334], [78.04124999999999, 35.58708333333334], [78.04541666666667, 35.58208333333333], [78.04708333333332, 35.58208333333332], [78.04791666666665, 35.57791666666667], [78.05291666666666, 35.576249999999995], [78.05874999999999, 35.57208333333333], [78.06625, 35.57208333333333], [78.06875, 35.56958333333332], [78.06958333333333, 35.566250000000004], [78.07291666666666, 35.56458333333333], [78.07624999999999, 35.56041666666667], [78.07624999999999, 35.556250000000006], [78.07791666666665, 35.553749999999994], [78.07541666666665, 35.552083333333336], [78.07541666666665, 35.547916666666666], [78.07291666666666, 35.54541666666667], [78.08208333333333, 35.53958333333334], [78.08624999999999, 35.53958333333334], [78.08874999999999, 35.53375000000001], [78.09124999999999, 35.533750000000005], [78.09458333333332, 35.53791666666667], [78.09124999999999, 35.54208333333334], [78.10041666666666, 35.55125000000001], [78.10291666666666, 35.55541666666666], [78.10624999999999, 35.55541666666667], [78.10791666666665, 35.55291666666666], [78.11291666666666, 35.548750000000005], [78.11625, 35.55125000000001], [78.12208333333332, 35.55041666666666], [78.12625, 35.54625], [78.13125, 35.544583333333335], [78.13208333333333, 35.54125000000001], [78.13458333333332, 35.54041666666667], [78.13708333333332, 35.537083333333335], [78.14291666666665, 35.537083333333335], [78.15208333333332, 35.52791666666667], [78.15458333333332, 35.526250000000005], [78.15791666666667, 35.526250000000005], [78.16291666666666, 35.52291666666668], [78.16458333333333, 35.52541666666667], [78.16874999999999, 35.52458333333334], [78.16958333333334, 35.522916666666674], [78.17291666666665, 35.522083333333335], [78.17875, 35.522083333333335], [78.18208333333332, 35.525416666666665], [78.19208333333333, 35.525416666666665], [78.19375, 35.52291666666667], [78.19291666666666, 35.51875000000001], [78.19791666666667, 35.51541666666666], [78.19791666666667, 35.511250000000004], [78.19541666666666, 35.508750000000006], [78.19958333333332, 35.50625000000001], [78.20791666666666, 35.49791666666667], [78.20791666666666, 35.492916666666666], [78.20708333333333, 35.48875], [78.21124999999999, 35.49208333333334], [78.21124999999999, 35.49458333333334], [78.21458333333332, 35.496249999999996], [78.22458333333333, 35.496249999999996], [78.22874999999999, 35.49791666666667], [78.24041666666666, 35.486250000000005], [78.24624999999999, 35.48125], [78.24791666666667, 35.47791666666667], [78.25041666666665, 35.47708333333334], [78.25541666666666, 35.47208333333334], [78.26041666666666, 35.470416666666665], [78.26291666666665, 35.46708333333332], [78.26291666666665, 35.463750000000005], [78.25708333333333, 35.45791666666667], [78.25291666666666, 35.452083333333334], [78.25458333333333, 35.45125], [78.25541666666666, 35.44625], [78.25791666666666, 35.44208333333332], [78.26541666666665, 35.438750000000006], [78.26708333333332, 35.437083333333334], [78.27374999999999, 35.43458333333333], [78.27624999999999, 35.432083333333345], [78.28208333333332, 35.432916666666664], [78.28541666666666, 35.43125], [78.29458333333332, 35.42791666666667], [78.30041666666668, 35.42791666666666], [78.30125, 35.43125], [78.31625, 35.43125], [78.31625, 35.43541666666667], [78.32124999999999, 35.440416666666664], [78.32374999999999, 35.444583333333334], [78.33124999999998, 35.444583333333334], [78.33375, 35.44208333333333], [78.33458333333333, 35.43541666666667], [78.33874999999999, 35.43541666666667], [78.34291666666665, 35.438750000000006], [78.34708333333333, 35.43791666666667], [78.35374999999999, 35.43791666666667], [78.35458333333332, 35.43625], [78.35874999999999, 35.436249999999994], [78.36375, 35.43291666666667], [78.36958333333332, 35.43375], [78.36958333333332, 35.42958333333333], [78.37124999999999, 35.429583333333326], [78.37124999999999, 35.422916666666666], [78.36375, 35.41625000000001], [78.36458333333333, 35.41208333333333], [78.36791666666666, 35.408750000000005], [78.36791666666666, 35.40624999999999], [78.37041666666666, 35.40541666666666], [78.37624999999998, 35.39875000000001], [78.37624999999998, 35.39541666666667], [78.37875, 35.39458333333334], [78.38291666666666, 35.39041666666667], [78.39041666666665, 35.389583333333334], [78.39208333333332, 35.38708333333334], [78.39541666666666, 35.38708333333332], [78.39874999999999, 35.383750000000006], [78.40541666666665, 35.38458333333333], [78.40541666666665, 35.38625], [78.40875, 35.38958333333334], [78.41541666666666, 35.39041666666667], [78.41874999999999, 35.38875000000001], [78.42291666666665, 35.38875000000001], [78.42541666666666, 35.395416666666655], [78.43458333333332, 35.40458333333333], [78.43458333333332, 35.40541666666667], [78.44375, 35.40541666666667], [78.44541666666666, 35.41041666666667], [78.44791666666666, 35.41291666666666], [78.44874999999999, 35.41791666666668], [78.45291666666665, 35.41791666666668], [78.45791666666666, 35.41291666666665], [78.45875, 35.41125], [78.45875, 35.40208333333334], [78.46124999999999, 35.39875000000001], [78.46124999999999, 35.393750000000004], [78.46041666666666, 35.38875], [78.45624999999998, 35.38541666666668], [78.45624999999998, 35.38041666666666], [78.45208333333332, 35.375416666666666], [78.44874999999999, 35.37541666666667], [78.44625, 35.37208333333333], [78.43958333333333, 35.36791666666667], [78.43708333333332, 35.36791666666667], [78.43458333333332, 35.36374999999999], [78.43458333333332, 35.357083333333335], [78.43541666666665, 35.35125000000001], [78.42958333333333, 35.34541666666667], [78.42791666666666, 35.34291666666667], [78.42791666666666, 35.33958333333334], [78.41958333333332, 35.337916666666665], [78.41958333333332, 35.335416666666674], [78.41624999999999, 35.33208333333333], [78.41125, 35.331250000000004], [78.40708333333332, 35.33541666666667], [78.40291666666666, 35.33708333333335], [78.40041666666666, 35.33958333333334], [78.39708333333333, 35.341249999999995], [78.39041666666665, 35.34208333333333], [78.38791666666665, 35.34125], [78.38291666666666, 35.33625], [78.37958333333333, 35.33458333333333], [78.38291666666666, 35.33125], [78.38958333333332, 35.331250000000004], [78.39208333333332, 35.33041666666667], [78.39958333333333, 35.322916666666664], [78.40208333333332, 35.31875], [78.40291666666666, 35.31541666666667], [78.40541666666665, 35.31458333333333], [78.40541666666665, 35.30875], [78.40374999999999, 35.303749999999994], [78.40541666666665, 35.29958333333333], [78.39958333333333, 35.29375000000001], [78.39291666666665, 35.29375000000001], [78.39208333333332, 35.29041666666667], [78.38791666666665, 35.28958333333335], [78.38541666666666, 35.287083333333335], [78.38624999999999, 35.283750000000005], [78.38041666666666, 35.27791666666667], [78.38041666666666, 35.271249999999995], [78.37708333333333, 35.27041666666668], [78.37458333333332, 35.26791666666667], [78.37291666666665, 35.264583333333334], [78.36458333333333, 35.26541666666667], [78.36124999999998, 35.263749999999995], [78.36208333333332, 35.26125], [78.35791666666665, 35.257083333333334], [78.35791666666665, 35.25458333333334], [78.36625, 35.246249999999996], [78.36625, 35.24375000000001], [78.37458333333332, 35.23041666666668], [78.37124999999999, 35.22625000000001], [78.36958333333332, 35.22958333333334], [78.36208333333332, 35.23208333333333], [78.36041666666665, 35.23041666666667], [78.35708333333332, 35.23041666666667], [78.35458333333332, 35.23208333333332], [78.35374999999999, 35.22791666666667], [78.35208333333333, 35.22541666666665], [78.34708333333333, 35.22041666666667], [78.34625, 35.213750000000005], [78.33541666666666, 35.208749999999995], [78.33541666666666, 35.20791666666666], [78.32624999999999, 35.20791666666666], [78.32291666666666, 35.20708333333334], [78.31958333333333, 35.204583333333346], [78.31458333333333, 35.19958333333333], [78.31208333333332, 35.19958333333333], [78.30708333333332, 35.193749999999994], [78.30791666666666, 35.187916666666666], [78.31041666666665, 35.18291666666667], [78.31625, 35.17625], [78.31791666666666, 35.17291666666669], [78.32208333333334, 35.17208333333333], [78.32208333333334, 35.16875000000001], [78.32374999999999, 35.16375], [78.32708333333332, 35.16375000000001], [78.33041666666665, 35.16541666666667], [78.33458333333333, 35.169583333333335], [78.33874999999999, 35.16958333333333], [78.34958333333333, 35.169583333333335], [78.35041666666667, 35.16708333333333], [78.35791666666665, 35.15958333333334], [78.36375, 35.15708333333333], [78.36791666666666, 35.15708333333334], [78.37208333333334, 35.154583333333335], [78.37541666666665, 35.15791666666667], [78.37875, 35.15791666666668], [78.38041666666666, 35.162083333333335], [78.38374999999999, 35.162083333333335], [78.38624999999999, 35.159583333333345], [78.38958333333332, 35.15958333333333], [78.39124999999999, 35.162083333333335], [78.39625000000001, 35.16375000000001], [78.39958333333333, 35.16291666666667], [78.40041666666666, 35.15625], [78.40374999999999, 35.153749999999995], [78.40374999999999, 35.15125], [78.40541666666665, 35.147083333333335], [78.40374999999999, 35.143750000000004], [78.40958333333333, 35.13875], [78.41541666666666, 35.137083333333344], [78.42374999999998, 35.137083333333344], [78.42625, 35.139583333333334], [78.42958333333333, 35.13958333333333], [78.43624999999999, 35.135416666666664], [78.44125, 35.13458333333334], [78.44291666666666, 35.13125], [78.44541666666666, 35.128750000000004], [78.44874999999999, 35.128750000000004], [78.44958333333332, 35.12625000000001], [78.45291666666665, 35.126250000000006], [78.45624999999998, 35.12458333333334], [78.46291666666666, 35.12458333333334], [78.46791666666667, 35.12041666666666], [78.47458333333334, 35.12041666666667], [78.48208333333332, 35.118750000000006], [78.48541666666665, 35.11541666666667], [78.49125, 35.11541666666667], [78.49458333333332, 35.11208333333333], [78.49458333333332, 35.10708333333332], [78.49791666666665, 35.104583333333345], [78.50124999999998, 35.10375], [78.50375, 35.101250000000014], [78.51124999999999, 35.10125], [78.51458333333332, 35.09708333333332], [78.52374999999999, 35.09708333333334], [78.52458333333333, 35.09875], [78.52958333333332, 35.09875000000001], [78.53041666666665, 35.097083333333345], [78.53375, 35.09625], [78.53791666666666, 35.09125], [78.53875, 35.08791666666667], [78.54124999999999, 35.085416666666674], [78.54708333333332, 35.084583333333335], [78.54874999999998, 35.079583333333346], [78.55541666666666, 35.07958333333333], [78.55624999999999, 35.07791666666667], [78.55958333333332, 35.07791666666666], [78.56041666666665, 35.07541666666667], [78.55125, 35.06541666666666], [78.54374999999999, 35.06125], [78.54041666666666, 35.05708333333334], [78.54041666666666, 35.052083333333336], [78.54124999999999, 35.048750000000005], [78.53708333333333, 35.04708333333334], [78.52874999999999, 35.051249999999996], [78.52624999999999, 35.05375000000001], [78.52291666666666, 35.05375], [78.51958333333333, 35.05041666666667], [78.51708333333332, 35.050416666666656], [78.51458333333332, 35.047916666666666], [78.50874999999999, 35.047916666666666], [78.50791666666666, 35.04625], [78.49958333333332, 35.046249999999986], [78.49874999999999, 35.04291666666666], [78.49374999999999, 35.037916666666675], [78.49291666666666, 35.035416666666656], [78.49541666666666, 35.03458333333334], [78.50041666666665, 35.029583333333335], [78.50041666666665, 35.02791666666667], [78.49708333333332, 35.02291666666667], [78.49874999999999, 35.022083333333335], [78.49791666666665, 35.016250000000014], [78.50958333333332, 35.004583333333336], [78.51041666666666, 35.00208333333333], [78.50625, 34.99791666666667], [78.50458333333333, 34.99458333333334], [78.50208333333333, 34.992916666666666], [78.50208333333333, 34.98875], [78.50541666666666, 34.98375000000001], [78.49625, 34.98208333333332], [78.49458333333332, 34.98041666666667], [78.49041666666666, 34.97958333333333], [78.48708333333332, 34.976250000000014], [78.48291666666665, 34.97625], [78.48208333333332, 34.978750000000005], [78.47458333333334, 34.97958333333332], [78.46874999999999, 34.97625000000001], [78.46874999999999, 34.97291666666667], [78.46708333333332, 34.971250000000005], [78.46291666666666, 34.97125000000001], [78.46208333333333, 34.96958333333333], [78.45291666666665, 34.96875], [78.44791666666666, 34.97291666666667], [78.44458333333333, 34.973749999999995], [78.44125, 34.97708333333333], [78.44125, 34.97958333333334], [78.43958333333333, 34.97708333333334], [78.43458333333332, 34.97874999999999], [78.43041666666666, 34.97874999999999], [78.43041666666666, 34.98041666666667], [78.42625, 34.978750000000005], [78.42374999999998, 34.97625000000001], [78.41874999999999, 34.973749999999995], [78.41541666666666, 34.97125], [78.41375, 34.96458333333333], [78.40958333333333, 34.96291666666666], [78.40958333333333, 34.95958333333334], [78.41208333333333, 34.95708333333333], [78.40875, 34.95208333333332], [78.41291666666666, 34.94791666666667], [78.41958333333332, 34.945416666666674], [78.42041666666665, 34.94125], [78.42374999999998, 34.938750000000006], [78.42374999999998, 34.93208333333333], [78.42875, 34.93541666666667], [78.43458333333332, 34.93541666666667], [78.44041666666666, 34.92958333333334], [78.44041666666666, 34.92791666666667], [78.44375, 34.92458333333334], [78.44541666666666, 34.92458333333334], [78.45041666666665, 34.91958333333333], [78.45041666666665, 34.917083333333345], [78.45374999999999, 34.91708333333334], [78.45541666666665, 34.91541666666666], [78.45875, 34.91375], [78.46124999999999, 34.91041666666667], [78.46374999999999, 34.91041666666667], [78.46624999999999, 34.90791666666667], [78.46791666666667, 34.90375000000001], [78.46541666666666, 34.901250000000005], [78.46374999999999, 34.897916666666674], [78.45958333333333, 34.892916666666665], [78.46124999999999, 34.887916666666676], [78.45624999999998, 34.882916666666674], [78.45708333333333, 34.88041666666666], [78.46708333333332, 34.88041666666666], [78.46874999999999, 34.883750000000006], [78.47125, 34.88541666666667], [78.47458333333334, 34.88458333333334], [78.48041666666666, 34.88458333333334], [78.48875, 34.87625], [78.49041666666666, 34.876250000000006], [78.49291666666666, 34.87291666666667], [78.50124999999998, 34.87291666666667], [78.50458333333333, 34.87041666666667], [78.50458333333333, 34.86541666666666], [78.50708333333333, 34.86375000000001], [78.50791666666666, 34.85958333333334], [78.51124999999999, 34.857083333333335], [78.51041666666666, 34.85375], [78.51291666666665, 34.85125000000001], [78.52208333333333, 34.85124999999999], [78.52291666666666, 34.85291666666667], [78.52624999999999, 34.85291666666667], [78.52958333333332, 34.850416666666675], [78.53541666666666, 34.850416666666675], [78.54041666666666, 34.846250000000005], [78.54374999999999, 34.846250000000005], [78.54958333333332, 34.84291666666667], [78.54958333333332, 34.844583333333325], [78.55291666666666, 34.846250000000005], [78.55541666666666, 34.84541666666667], [78.56124999999999, 34.845416666666665], [78.56375, 34.84708333333333], [78.56791666666666, 34.84791666666667], [78.57124999999999, 34.85125000000001], [78.56458333333333, 34.85791666666666], [78.56291666666665, 34.86041666666667], [78.56291666666665, 34.86708333333333], [78.56208333333332, 34.868750000000006], [78.56625, 34.87041666666667], [78.57124999999999, 34.87458333333334], [78.57791666666665, 34.873749999999994], [78.58041666666665, 34.876250000000006], [78.58041666666665, 34.88041666666667], [78.57874999999999, 34.882083333333334], [78.57874999999999, 34.88541666666667], [78.58041666666665, 34.88625000000001], [78.58124999999998, 34.892916666666665], [78.58375, 34.89458333333332], [78.58541666666666, 34.897916666666674], [78.58874999999999, 34.89958333333334], [78.59625, 34.89958333333335], [78.59875000000001, 34.89291666666667], [78.60291666666666, 34.88958333333333], [78.61124999999998, 34.88958333333333], [78.61291666666666, 34.89125000000001], [78.61708333333333, 34.89041666666666], [78.62124999999999, 34.88541666666667], [78.62124999999999, 34.87708333333334], [78.62458333333332, 34.87375000000001], [78.62958333333333, 34.87708333333334], [78.63208333333333, 34.88125], [78.63458333333332, 34.88125000000001], [78.63708333333332, 34.87875000000001], [78.64458333333334, 34.878750000000004], [78.64874999999999, 34.87458333333333], [78.64874999999999, 34.87041666666667], [78.65041666666666, 34.86791666666668], [78.65624999999999, 34.86625000000001], [78.66041666666666, 34.866249999999994], [78.66208333333333, 34.86458333333333], [78.65875, 34.861250000000005], [78.65374999999999, 34.86041666666667], [78.65291666666666, 34.857083333333335], [78.64874999999999, 34.854583333333345], [78.64874999999999, 34.85291666666667], [78.65208333333332, 34.84958333333333], [78.65458333333332, 34.85125], [78.65958333333333, 34.851250000000014], [78.66041666666666, 34.849583333333335], [78.66458333333333, 34.84958333333333], [78.66708333333332, 34.84708333333334], [78.66791666666666, 34.844583333333325], [78.67124999999999, 34.84458333333333], [78.67291666666665, 34.84625], [78.67625, 34.846250000000005], [78.67708333333333, 34.847916666666656], [78.68124999999999, 34.84791666666667], [78.68374999999999, 34.84541666666667], [78.68541666666665, 34.842083333333335], [78.68958333333333, 34.842083333333335], [78.69208333333333, 34.838750000000005], [78.69208333333333, 34.835416666666674], [78.68958333333333, 34.83041666666667], [78.68791666666667, 34.82958333333333], [78.68874999999998, 34.82291666666668], [78.69791666666666, 34.822916666666664], [78.69958333333332, 34.81875], [78.69624999999999, 34.81791666666667], [78.69624999999999, 34.81458333333333], [78.70291666666665, 34.80875000000001], [78.70624999999998, 34.80708333333334], [78.70875, 34.80458333333335], [78.71208333333333, 34.80458333333334], [78.71374999999999, 34.80291666666667], [78.70875, 34.797916666666666], [78.70541666666665, 34.79125000000001], [78.69375, 34.791250000000005], [78.69375, 34.78708333333333], [78.69041666666666, 34.783750000000005], [78.69041666666666, 34.78041666666665], [78.69291666666666, 34.77875], [78.69708333333332, 34.77875000000001], [78.70291666666665, 34.772916666666674], [78.70041666666665, 34.77041666666667], [78.68958333333333, 34.76291666666667], [78.68374999999999, 34.76291666666667], [78.68291666666666, 34.76458333333334], [78.67791666666666, 34.764583333333334], [78.67458333333332, 34.76291666666667], [78.66958333333332, 34.75791666666668], [78.67041666666665, 34.753750000000004], [78.66791666666666, 34.752083333333324], [78.66625, 34.742916666666666], [78.66708333333332, 34.739583333333336], [78.66541666666666, 34.738749999999996], [78.66541666666666, 34.73458333333334], [78.67291666666665, 34.729583333333345], [78.67625, 34.72958333333334], [78.67958333333333, 34.72625000000001], [78.67958333333333, 34.72458333333333], [78.68541666666665, 34.71875], [78.68708333333332, 34.71625], [78.68708333333332, 34.72458333333333], [78.69375, 34.73041666666666], [78.69458333333334, 34.73375000000001], [78.69791666666666, 34.73541666666667], [78.70291666666665, 34.740416666666675], [78.70291666666665, 34.74208333333333], [78.70875, 34.74291666666668], [78.71041666666666, 34.74458333333333], [78.71124999999999, 34.74958333333333], [78.71958333333332, 34.749583333333334], [78.72375, 34.75208333333333], [78.72958333333332, 34.75208333333333], [78.73041666666666, 34.75041666666667], [78.73541666666665, 34.75041666666667], [78.74125, 34.748749999999994], [78.74874999999999, 34.74125000000001], [78.75291666666666, 34.73958333333334], [78.75625, 34.73958333333334], [78.75708333333333, 34.74208333333334], [78.75958333333332, 34.74208333333333], [78.76874999999998, 34.73291666666667], [78.76874999999998, 34.73125000000001], [78.77624999999999, 34.723749999999995], [78.77874999999999, 34.725416666666675], [78.78625, 34.725416666666675], [78.79374999999999, 34.71875000000001], [78.79708333333332, 34.71708333333332], [78.79708333333332, 34.71541666666666], [78.80041666666665, 34.71291666666668], [78.80041666666665, 34.708749999999995], [78.80291666666666, 34.705416666666665], [78.82208333333332, 34.70541666666667], [78.82708333333332, 34.70125], [78.82624999999999, 34.69958333333333], [78.82624999999999, 34.69291666666666], [78.82291666666666, 34.692083333333336], [78.82124999999999, 34.68875], [78.81625, 34.683749999999996], [78.81041666666665, 34.68125], [78.81124999999999, 34.68041666666667], [78.81124999999999, 34.67458333333333], [78.81374999999998, 34.67208333333333], [78.81374999999998, 34.668749999999996], [78.80624999999999, 34.66541666666668], [78.80541666666666, 34.66375000000001], [78.80041666666665, 34.66375000000001], [78.79624999999999, 34.66125000000001], [78.79624999999999, 34.65625], [78.79374999999999, 34.65208333333333], [78.79374999999999, 34.64458333333333], [78.78541666666666, 34.635416666666664], [78.78208333333332, 34.636250000000004], [78.78375, 34.63458333333333], [78.78375, 34.62958333333333], [78.78791666666666, 34.623749999999994], [78.79374999999999, 34.62208333333333], [78.79791666666665, 34.61875000000001], [78.80791666666666, 34.61875], [78.81041666666665, 34.62125], [78.82041666666666, 34.61958333333333], [78.83375, 34.61958333333334], [78.83541666666666, 34.62208333333333], [78.83791666666666, 34.622083333333336], [78.84791666666666, 34.626250000000006], [78.85708333333332, 34.626250000000006], [78.86041666666665, 34.62291666666667], [78.86875, 34.62291666666667], [78.87041666666666, 34.626250000000006], [78.87374999999999, 34.626250000000006], [78.87458333333332, 34.62458333333333], [78.88374999999999, 34.62458333333334], [78.88958333333332, 34.62375000000001], [78.89458333333333, 34.624583333333334], [78.89708333333333, 34.62291666666666], [78.90208333333332, 34.62291666666667], [78.89874999999999, 34.61958333333333], [78.89874999999999, 34.61625], [78.90208333333332, 34.615416666666675], [78.90374999999999, 34.61291666666667], [78.90875, 34.61291666666667], [78.90875, 34.607083333333335], [78.91541666666666, 34.603750000000005], [78.92291666666665, 34.60375], [78.92041666666665, 34.59791666666667], [78.92124999999999, 34.59041666666667], [78.92541666666665, 34.59041666666668], [78.93041666666666, 34.58875], [78.94041666666666, 34.58875000000001], [78.94125, 34.58708333333334], [78.94458333333333, 34.58708333333334], [78.94624999999999, 34.58541666666667], [78.94624999999999, 34.58208333333333], [78.94375, 34.581250000000004], [78.94041666666666, 34.577916666666674], [78.94874999999999, 34.569583333333334], [78.94874999999999, 34.56708333333333], [78.94541666666666, 34.56291666666668], [78.94458333333333, 34.55958333333333], [78.94708333333332, 34.55958333333334], [78.95208333333332, 34.558749999999996], [78.95458333333332, 34.56041666666666], [78.95708333333333, 34.55958333333333], [78.96624999999999, 34.55958333333333], [78.96874999999999, 34.55708333333334], [78.97458333333333, 34.55791666666666], [78.97708333333333, 34.55708333333334], [78.97958333333332, 34.55291666666666], [78.98708333333332, 34.55291666666666], [78.99125, 34.55375], [79.00291666666666, 34.55375000000001], [79.00458333333333, 34.552083333333336], [79.00874999999999, 34.55041666666667], [79.01624999999999, 34.55041666666666], [79.02041666666666, 34.545416666666675], [79.02041666666666, 34.54125000000001], [79.01708333333332, 34.53958333333334], [79.02208333333333, 34.53875], [79.02624999999999, 34.536249999999995], [79.02958333333332, 34.53791666666668], [79.03458333333333, 34.53291666666667], [79.03791666666666, 34.53125000000001], [79.04124999999999, 34.52708333333334], [79.04124999999999, 34.522916666666674], [79.04291666666666, 34.51625000000001], [79.04624999999999, 34.51541666666667], [79.04708333333332, 34.51375], [79.05125, 34.51375], [79.05291666666666, 34.51125000000001], [79.04791666666665, 34.50708333333334], [79.05041666666665, 34.502916666666664], [79.05791666666666, 34.50208333333334], [79.06208333333332, 34.50041666666667], [79.06291666666665, 34.49791666666667], [79.06541666666666, 34.49791666666667], [79.07041666666666, 34.49458333333334], [79.07208333333332, 34.49208333333333], [79.07708333333332, 34.49291666666667], [79.08041666666665, 34.496249999999996], [79.08875, 34.495416666666664], [79.09208333333332, 34.49208333333333], [79.09124999999999, 34.48541666666666], [79.08958333333332, 34.482083333333335], [79.09374999999999, 34.481249999999996], [79.09625, 34.47958333333333], [79.10208333333333, 34.47875], [79.10874999999999, 34.478750000000005], [79.11041666666667, 34.475416666666675], [79.11041666666667, 34.47208333333332], [79.11291666666665, 34.46958333333333], [79.11291666666665, 34.46708333333333], [79.10958333333332, 34.46375000000001], [79.10708333333332, 34.46291666666667], [79.10624999999999, 34.45708333333333], [79.10874999999999, 34.45458333333334], [79.11041666666667, 34.45125000000001], [79.12041666666666, 34.45125], [79.12374999999999, 34.45375], [79.12624999999998, 34.453750000000014], [79.13125, 34.45208333333332], [79.13458333333332, 34.448750000000004], [79.13458333333332, 34.44541666666667], [79.13125, 34.443749999999994], [79.13125, 34.442083333333336], [79.12624999999998, 34.43791666666667], [79.13291666666666, 34.43541666666667], [79.13458333333332, 34.43708333333333], [79.14041666666665, 34.43791666666667], [79.14458333333333, 34.44208333333333], [79.14625, 34.44624999999999], [79.14958333333333, 34.44958333333334], [79.15708333333332, 34.44958333333334], [79.15958333333333, 34.447083333333346], [79.16125, 34.44291666666666], [79.16041666666666, 34.437083333333334], [79.16375, 34.43625000000001], [79.16375, 34.43375], [79.16708333333332, 34.43208333333333], [79.18041666666666, 34.432083333333345], [79.18708333333332, 34.43041666666667], [79.18958333333333, 34.42791666666667], [79.18958333333333, 34.42208333333334], [79.19541666666666, 34.41875], [79.20124999999999, 34.42041666666667], [79.20625, 34.41791666666667], [79.21124999999999, 34.41791666666666], [79.21624999999999, 34.42041666666667], [79.22041666666665, 34.42041666666667], [79.22125, 34.42291666666667], [79.22708333333333, 34.423750000000005], [79.23541666666665, 34.41958333333333], [79.23958333333333, 34.421249999999986], [79.24291666666666, 34.419583333333335], [79.24958333333332, 34.41875], [79.25208333333333, 34.42291666666668], [79.25791666666666, 34.42458333333334], [79.26208333333332, 34.424583333333345], [79.26541666666665, 34.42625], [79.26458333333332, 34.42791666666666], [79.26458333333332, 34.434583333333336], [79.26291666666665, 34.43791666666667], [79.26708333333332, 34.441250000000004], [79.27208333333333, 34.44041666666667], [79.27291666666666, 34.442083333333336], [79.27791666666666, 34.442916666666655], [79.30791666666666, 34.44291666666666], [79.30958333333332, 34.442083333333336], [79.32041666666666, 34.442083333333336], [79.32624999999999, 34.443749999999994], [79.34041666666666, 34.44375], [79.34541666666665, 34.44208333333334], [79.34958333333333, 34.439583333333346], [79.35125, 34.43625000000001], [79.35041666666666, 34.43208333333333], [79.36041666666665, 34.43208333333334], [79.36375, 34.434583333333336], [79.36708333333333, 34.435416666666676], [79.36791666666666, 34.43708333333334], [79.37291666666665, 34.43708333333333], [79.37708333333332, 34.43791666666667], [79.39208333333332, 34.43791666666667], [79.39374999999998, 34.43625], [79.40041666666666, 34.437083333333334], [79.40124999999999, 34.44041666666668], [79.40124999999999, 34.44541666666668], [79.40541666666665, 34.448750000000004], [79.41375, 34.448750000000004], [79.41624999999999, 34.45125], [79.42124999999999, 34.44958333333334], [79.42291666666665, 34.44625], [79.42791666666666, 34.44708333333334], [79.43458333333332, 34.45041666666667], [79.43874999999998, 34.45041666666666], [79.44041666666666, 34.44708333333333], [79.44375, 34.44458333333334], [79.44874999999999, 34.44458333333334], [79.45124999999999, 34.446250000000006], [79.45458333333333, 34.446250000000006], [79.45875, 34.450416666666676], [79.46041666666666, 34.45374999999999], [79.46458333333332, 34.45208333333333], [79.46874999999999, 34.452083333333334], [79.47291666666666, 34.44958333333333], [79.47708333333333, 34.44958333333332], [79.47791666666666, 34.44791666666667], [79.48291666666667, 34.447916666666664], [79.48541666666665, 34.445416666666674], [79.48541666666665, 34.44708333333334], [79.49208333333333, 34.45375000000001], [79.49624999999999, 34.45208333333333], [79.50458333333333, 34.45458333333334], [79.51124999999999, 34.45541666666668], [79.51624999999999, 34.450416666666676], [79.51874999999998, 34.44708333333333], [79.52291666666666, 34.44375], [79.52875, 34.44291666666666], [79.53208333333332, 34.442916666666655], [79.53124999999999, 34.43958333333334], [79.52958333333332, 34.438750000000006], [79.53041666666665, 34.434583333333336], [79.53041666666665, 34.42875], [79.52791666666666, 34.42625000000001], [79.52791666666666, 34.42291666666667], [79.53291666666665, 34.420416666666675], [79.53708333333333, 34.415416666666665], [79.53708333333333, 34.412916666666675], [79.53458333333333, 34.41041666666668], [79.53375, 34.40708333333334], [79.53124999999999, 34.40458333333333], [79.53041666666665, 34.40208333333334], [79.53291666666665, 34.40125], [79.53291666666665, 34.39875000000001], [79.53875, 34.397916666666674], [79.54124999999999, 34.39458333333332], [79.54208333333332, 34.389583333333334], [79.54041666666666, 34.38708333333333], [79.54208333333332, 34.38458333333333], [79.54458333333332, 34.383750000000006], [79.54874999999998, 34.38041666666667], [79.55125, 34.37958333333333], [79.55291666666666, 34.375416666666666], [79.55874999999999, 34.36958333333334], [79.55874999999999, 34.362083333333345], [79.56291666666665, 34.35875], [79.56291666666665, 34.34291666666666], [79.56458333333332, 34.342083333333335], [79.56625, 34.33708333333333], [79.56625, 34.33291666666668], [79.56875, 34.33291666666666], [79.57291666666666, 34.33124999999999], [79.57374999999999, 34.32875000000001], [79.57374999999999, 34.32125], [79.57374999999999, 34.320416666666674], [79.57708333333332, 34.317083333333336], [79.57958333333332, 34.317083333333336], [79.58458333333333, 34.312083333333334], [79.58458333333333, 34.31125000000001], [79.58874999999999, 34.31041666666667], [79.59625, 34.31041666666667], [79.59958333333333, 34.30958333333332], [79.60291666666666, 34.30708333333333], [79.60291666666666, 34.30208333333333], [79.60624999999999, 34.29958333333334], [79.60624999999999, 34.293749999999996], [79.60958333333332, 34.28541666666667], [79.61124999999998, 34.28541666666666], [79.61208333333332, 34.27875], [79.60958333333332, 34.27708333333334], [79.60791666666665, 34.27375000000001], [79.60791666666665, 34.259583333333346], [79.61208333333332, 34.25458333333333], [79.61208333333332, 34.251250000000006], [79.61041666666665, 34.24958333333335], [79.60708333333334, 34.24208333333335], [79.60624999999999, 34.23791666666668], [79.60624999999999, 34.237083333333324], [79.60208333333333, 34.23708333333333], [79.59875, 34.238749999999996], [79.59541666666665, 34.23875], [79.59041666666666, 34.24125000000001], [79.59041666666666, 34.240416666666675], [79.58041666666665, 34.23375000000001], [79.57708333333332, 34.232083333333335], [79.56708333333333, 34.22208333333334], [79.56708333333333, 34.21874999999999], [79.56541666666666, 34.21541666666666], [79.55958333333332, 34.20958333333334], [79.55874999999999, 34.20958333333335], [79.55291666666666, 34.208749999999995], [79.54874999999998, 34.20708333333334], [79.54624999999999, 34.202916666666674], [79.54041666666666, 34.20291666666667], [79.53541666666668, 34.206250000000004], [79.53458333333333, 34.208749999999995], [79.53208333333332, 34.21125000000001], [79.53291666666665, 34.212916666666665], [79.53291666666665, 34.21375], [79.53291666666665, 34.21458333333334], [79.52708333333332, 34.22041666666667], [79.52291666666666, 34.22125], [79.51791666666665, 34.22541666666667], [79.51374999999999, 34.22541666666668], [79.51208333333332, 34.22708333333335], [79.50874999999999, 34.22625], [79.49874999999999, 34.22791666666668], [79.49708333333332, 34.22791666666668], [79.49624999999999, 34.22791666666667], [79.49041666666666, 34.22291666666666], [79.48708333333332, 34.22291666666668], [79.48541666666665, 34.224583333333335], [79.48124999999999, 34.22458333333332], [79.47458333333333, 34.217083333333335], [79.47291666666666, 34.217083333333335], [79.46791666666665, 34.21208333333334], [79.46458333333332, 34.21208333333333], [79.45791666666666, 34.206250000000004], [79.45708333333332, 34.202916666666674], [79.45958333333333, 34.19958333333333], [79.45958333333333, 34.194583333333334], [79.45791666666666, 34.19375000000001], [79.45791666666666, 34.19041666666667], [79.45541666666665, 34.187083333333334], [79.45541666666665, 34.18541666666666], [79.45374999999999, 34.185416666666676], [79.44874999999999, 34.18041666666668], [79.44291666666666, 34.18041666666667], [79.44041666666666, 34.17791666666666], [79.44041666666666, 34.17541666666667], [79.44291666666666, 34.17208333333333], [79.43624999999999, 34.16541666666667], [79.43541666666665, 34.16291666666667], [79.43291666666667, 34.16208333333333], [79.42708333333333, 34.162083333333335], [79.42458333333332, 34.16041666666668], [79.41874999999999, 34.16041666666668], [79.41624999999999, 34.15625000000001], [79.41958333333332, 34.15125], [79.41958333333332, 34.147916666666674], [79.42458333333332, 34.142916666666665], [79.42041666666665, 34.14208333333334], [79.42041666666665, 34.140416666666674], [79.41375, 34.13708333333334], [79.41041666666666, 34.134583333333346], [79.41041666666666, 34.13208333333335], [79.40791666666665, 34.12958333333333], [79.40958333333333, 34.12708333333333], [79.41541666666666, 34.12458333333334], [79.42041666666665, 34.123749999999994], [79.42291666666665, 34.118750000000006], [79.42625, 34.11625], [79.42625, 34.11291666666667], [79.42458333333332, 34.112083333333345], [79.42374999999998, 34.10541666666666], [79.42041666666665, 34.10208333333333], [79.41708333333332, 34.10208333333334], [79.41624999999999, 34.10041666666667], [79.41541666666666, 34.10041666666667], [79.41791666666666, 34.09708333333333], [79.41791666666666, 34.093750000000014], [79.41624999999999, 34.091249999999995], [79.41624999999999, 34.08791666666667], [79.41874999999999, 34.08708333333333], [79.42041666666665, 34.08458333333335], [79.42041666666665, 34.07875000000001], [79.42374999999998, 34.07791666666667], [79.42625, 34.075416666666655], [79.42708333333333, 34.075416666666676], [79.42708333333333, 34.06625000000001], [79.43041666666666, 34.064583333333346], [79.43041666666666, 34.06125], [79.42791666666666, 34.05875000000001], [79.41874999999999, 34.05458333333333], [79.41958333333332, 34.05125000000001], [79.42124999999999, 34.05041666666667], [79.42208333333332, 34.04375], [79.41541666666666, 34.03791666666668], [79.41125000000001, 34.036249999999995], [79.41041666666666, 34.03625], [79.40958333333333, 34.03291666666667], [79.40624999999999, 34.03124999999999], [79.40541666666665, 34.02541666666667], [79.40791666666665, 34.02374999999999], [79.40791666666665, 34.01375], [79.40958333333333, 34.01125], [79.40958333333333, 34.009583333333346], [79.41208333333333, 34.008750000000006], [79.41708333333332, 34.008750000000006], [79.41958333333332, 34.007916666666674], [79.42124999999999, 34.00375], [79.42625, 34.003750000000004], [79.42875, 34.00208333333333], [79.43874999999998, 34.00208333333333], [79.44041666666666, 34.00125000000001], [79.44041666666666, 33.99958333333334], [79.43958333333332, 33.997916666666676], [79.44375, 33.99375], [79.44458333333333, 33.99125], [79.45208333333332, 33.98791666666667], [79.45875, 33.98624999999999], [79.46291666666666, 33.98291666666667], [79.46791666666665, 33.98458333333333], [79.47458333333333, 33.98458333333334], [79.47874999999999, 33.98041666666667], [79.48124999999999, 33.98041666666667], [79.48708333333332, 33.98041666666667], [79.48875, 33.982083333333335], [79.49208333333333, 33.982083333333335], [79.49458333333332, 33.98041666666666], [79.50041666666665, 33.98041666666667], [79.50291666666666, 33.982916666666654], [79.50291666666666, 33.99125], [79.50041666666665, 33.992916666666666], [79.50041666666665, 33.995416666666664], [79.50541666666666, 33.99875], [79.51541666666665, 33.998749999999994], [79.51708333333332, 33.99625], [79.52291666666666, 33.99625], [79.52374999999999, 33.999583333333334], [79.52708333333332, 34.00291666666668], [79.53041666666665, 34.00375000000001], [79.53375, 34.00041666666667], [79.53541666666668, 33.99708333333334], [79.55208333333333, 33.99125], [79.55375, 33.98874999999999], [79.55958333333332, 33.988749999999996], [79.56041666666665, 33.987083333333345], [79.56374999999998, 33.98625], [79.56708333333333, 33.98375000000001], [79.56708333333333, 33.981249999999996], [79.56958333333333, 33.97791666666668], [79.57624999999999, 33.978750000000005], [79.57791666666665, 33.976250000000014], [79.58208333333332, 33.97625], [79.58375, 33.973749999999995], [79.58458333333333, 33.973749999999995], [79.58541666666667, 33.973749999999995], [79.58958333333332, 33.976250000000014], [79.59374999999999, 33.976250000000014], [79.59374999999999, 33.97875000000001], [79.59708333333333, 33.98041666666667], [79.60208333333333, 33.97708333333334], [79.60208333333333, 33.974583333333335], [79.60458333333332, 33.97208333333334], [79.60541666666666, 33.96958333333334], [79.60958333333332, 33.96958333333334], [79.61041666666665, 33.967916666666675], [79.61375000000001, 33.96791666666667], [79.61791666666666, 33.96625], [79.62291666666665, 33.96208333333333], [79.62958333333333, 33.96541666666668], [79.63541666666666, 33.96541666666668], [79.63791666666665, 33.97041666666667], [79.64041666666665, 33.97041666666667], [79.64791666666666, 33.96958333333334], [79.65541666666665, 33.96625], [79.65624999999999, 33.96458333333334], [79.66458333333333, 33.96458333333333], [79.66791666666666, 33.96541666666667], [79.67124999999999, 33.96291666666668], [79.67208333333332, 33.96291666666667], [79.67291666666665, 33.96291666666668], [79.67708333333333, 33.96625], [79.68125, 33.97208333333333], [79.68291666666666, 33.97625], [79.69541666666666, 33.97625], [79.69708333333332, 33.97791666666668], [79.70541666666665, 33.97791666666667], [79.71041666666666, 33.98041666666667], [79.71874999999999, 33.98041666666667], [79.72125, 33.977916666666665], [79.73125, 33.976250000000014], [79.74374999999999, 33.976250000000014], [79.74624999999999, 33.973749999999995], [79.75041666666665, 33.97208333333332], [79.75041666666665, 33.971250000000005], [79.75625, 33.97708333333334], [79.76208333333332, 33.97791666666668], [79.76374999999999, 33.97958333333333], [79.76874999999998, 33.97958333333334], [79.77374999999999, 33.98458333333334], [79.77291666666666, 33.988749999999996], [79.77541666666666, 33.99125], [79.78124999999999, 33.99125], [79.78458333333333, 33.99458333333334], [79.78458333333333, 33.99541666666667], [79.78708333333333, 33.99374999999999], [79.79291666666666, 33.994583333333345], [79.80041666666665, 33.993750000000006], [79.80874999999999, 33.99375], [79.81041666666665, 33.988749999999996], [79.81291666666665, 33.98625], [79.81374999999998, 33.98291666666666], [79.81791666666666, 33.98041666666667], [79.81791666666666, 33.972916666666656], [79.81541666666666, 33.97041666666667], [79.81875, 33.96791666666667], [79.81875, 33.96541666666666], [79.82208333333332, 33.96541666666667], [79.82624999999999, 33.96291666666668], [79.83124999999998, 33.96791666666667], [79.83541666666666, 33.96958333333335], [79.84041666666666, 33.96958333333334], [79.84208333333332, 33.967083333333335], [79.84541666666665, 33.967083333333335], [79.84708333333333, 33.96541666666667], [79.85208333333333, 33.96541666666667], [79.85291666666666, 33.96708333333333], [79.85708333333332, 33.967916666666675], [79.86041666666665, 33.971250000000005], [79.86208333333332, 33.971250000000005], [79.86625, 33.973749999999995], [79.86708333333333, 33.97791666666667], [79.86541666666666, 33.97875000000001], [79.87124999999999, 33.98541666666668], [79.87124999999999, 33.99041666666667], [79.87458333333332, 33.994583333333345], [79.87624999999998, 33.99458333333334], [79.88125, 33.99958333333334], [79.88291666666666, 34.00541666666667], [79.87708333333333, 34.00875], [79.87708333333333, 34.012083333333344], [79.87708333333333, 34.01708333333333], [79.86291666666665, 34.01708333333334], [79.85874999999999, 34.016250000000014], [79.85541666666667, 34.01791666666668], [79.85125, 34.02208333333334], [79.84625, 34.022083333333335], [79.84374999999999, 34.022916666666674], [79.84208333333332, 34.02625000000001], [79.84208333333332, 34.03125000000001], [79.84041666666666, 34.03208333333333], [79.84041666666666, 34.033750000000005], [79.84541666666665, 34.03791666666667], [79.84791666666666, 34.041250000000005], [79.84791666666666, 34.04625000000001], [79.84875, 34.04875], [79.84875, 34.05375000000001], [79.85041666666666, 34.05458333333334], [79.85125, 34.05791666666666], [79.85125, 34.062916666666666], [79.85291666666666, 34.06458333333334], [79.85374999999999, 34.06875000000001], [79.84958333333333, 34.07625], [79.84958333333333, 34.08041666666668], [79.84458333333332, 34.08125000000001], [79.84124999999999, 34.08458333333335], [79.83958333333332, 34.08875], [79.83958333333332, 34.09875000000001], [79.84208333333332, 34.10125000000001], [79.84041666666666, 34.11041666666667], [79.84041666666666, 34.11625000000001], [79.83874999999999, 34.11708333333335], [79.83958333333332, 34.12208333333334], [79.84291666666665, 34.123749999999994], [79.84541666666665, 34.126250000000006], [79.84708333333333, 34.12625], [79.84875, 34.124583333333334], [79.85374999999999, 34.12541666666668], [79.86208333333332, 34.12541666666668], [79.86291666666665, 34.12708333333334], [79.86958333333332, 34.130416666666676], [79.87208333333332, 34.13041666666667], [79.87208333333332, 34.129583333333336], [79.88208333333333, 34.133750000000006], [79.88458333333332, 34.133750000000006], [79.88958333333332, 34.13875000000001], [79.89291666666665, 34.14125000000001], [79.89374999999998, 34.14125000000001], [79.89291666666665, 34.147083333333335], [79.89124999999999, 34.14875000000001], [79.89041666666665, 34.15375000000001], [79.89041666666665, 34.162083333333335], [79.89291666666665, 34.16375], [79.89291666666665, 34.17208333333335], [79.88958333333332, 34.17541666666667], [79.88958333333332, 34.18208333333334], [79.88791666666665, 34.18374999999999], [79.88791666666665, 34.191250000000004], [79.88958333333332, 34.192083333333336], [79.88958333333332, 34.195416666666674], [79.88624999999999, 34.20125000000001], [79.88708333333332, 34.20375000000001], [79.89208333333332, 34.204583333333346], [79.89458333333333, 34.20708333333334], [79.89791666666666, 34.207083333333344], [79.90041666666666, 34.20958333333334], [79.90041666666666, 34.212916666666665], [79.90291666666666, 34.21541666666667], [79.90624999999999, 34.215416666666655], [79.90624999999999, 34.22041666666668], [79.90874999999998, 34.22375], [79.91125, 34.224583333333335], [79.91208333333333, 34.22458333333333], [79.91208333333333, 34.23291666666666], [79.91375, 34.23458333333334], [79.91375, 34.239583333333336], [79.90874999999998, 34.24541666666667], [79.90458333333332, 34.24791666666666], [79.90291666666666, 34.24791666666666], [79.89958333333333, 34.25125], [79.89874999999999, 34.25541666666666], [79.89625, 34.25708333333334], [79.89541666666666, 34.25708333333334], [79.89791666666666, 34.26208333333333], [79.89708333333333, 34.265416666666674], [79.89874999999999, 34.275416666666665], [79.90208333333332, 34.27541666666667], [79.90624999999999, 34.27958333333334], [79.91041666666666, 34.28125], [79.91041666666666, 34.28458333333334], [79.91458333333333, 34.288750000000014], [79.92291666666667, 34.28958333333334], [79.92458333333332, 34.28791666666668], [79.92791666666666, 34.287916666666675], [79.92958333333334, 34.28625], [79.93874999999998, 34.286249999999995], [79.94208333333333, 34.29208333333334], [79.94791666666666, 34.293749999999996], [79.94791666666666, 34.29958333333334], [79.95624999999998, 34.306250000000006], [79.96124999999999, 34.30625], [79.96624999999999, 34.30624999999999], [79.97208333333333, 34.313750000000006], [79.97708333333333, 34.318749999999994], [79.97874999999999, 34.31874999999999], [79.97958333333334, 34.31458333333333], [79.98374999999999, 34.31291666666666], [79.99041666666666, 34.31208333333334], [79.99208333333333, 34.30958333333334], [79.99291666666666, 34.308749999999996], [79.99958333333332, 34.31541666666668], [80.00375000000001, 34.31458333333334], [80.00874999999999, 34.31458333333334], [80.01208333333332, 34.315416666666664], [80.01624999999999, 34.31875000000001], [80.01791666666665, 34.32374999999999], [80.02291666666666, 34.32541666666667], [80.02624999999999, 34.32875000000001], [80.02958333333332, 34.328750000000014], [80.03041666666665, 34.322916666666664], [80.03541666666666, 34.317083333333336], [80.03958333333333, 34.31541666666667], [80.03958333333333, 34.31208333333335], [80.04541666666665, 34.31125], [80.04874999999998, 34.309583333333336], [80.05375000000001, 34.30958333333333], [80.05624999999999, 34.31041666666667], [80.06041666666665, 34.312916666666666], [80.06625, 34.31791666666667], [80.07208333333332, 34.317916666666676], [80.07458333333332, 34.31541666666668], [80.07958333333332, 34.31291666666666], [80.08124999999998, 34.31041666666667], [80.09374999999999, 34.31041666666667], [80.09708333333333, 34.31208333333334], [80.09708333333333, 34.31541666666667], [80.10125, 34.316250000000004], [80.10458333333332, 34.31791666666667], [80.10375, 34.32291666666667], [80.10541666666666, 34.32458333333333], [80.10541666666666, 34.32875000000001], [80.10708333333332, 34.33041666666666], [80.11541666666666, 34.33125], [80.11791666666666, 34.334583333333335], [80.12291666666665, 34.33458333333334], [80.12541666666667, 34.333749999999995], [80.12541666666667, 34.33125], [80.12791666666668, 34.327916666666674], [80.13374999999999, 34.327916666666674], [80.13708333333332, 34.32708333333333], [80.13708333333332, 34.32958333333334], [80.14041666666665, 34.331250000000004], [80.14041666666665, 34.333749999999995], [80.15541666666665, 34.33374999999999], [80.16208333333333, 34.335416666666674], [80.16708333333332, 34.33791666666667], [80.17208333333332, 34.34208333333333], [80.17791666666668, 34.34208333333334], [80.18124999999999, 34.34125], [80.18458333333332, 34.338750000000005], [80.18624999999999, 34.33291666666668], [80.18958333333332, 34.33458333333334], [80.20124999999999, 34.33458333333334], [80.20458333333332, 34.33291666666667], [80.20875, 34.33208333333333], [80.21041666666666, 34.33375], [80.21124999999999, 34.33791666666668], [80.21458333333332, 34.338750000000005], [80.21124999999999, 34.342083333333335], [80.21208333333333, 34.34708333333332], [80.21458333333332, 34.34708333333333], [80.21791666666665, 34.350416666666675], [80.22541666666666, 34.350416666666675], [80.22958333333332, 34.35375000000001], [80.23374999999999, 34.353750000000005], [80.23541666666665, 34.35208333333333], [80.24041666666666, 34.35375000000001], [80.24374999999999, 34.35375000000001], [80.24624999999999, 34.35625], [80.25041666666665, 34.35791666666667], [80.25541666666666, 34.357916666666675], [80.25708333333333, 34.35458333333335], [80.25958333333332, 34.353750000000005], [80.26208333333332, 34.350416666666675], [80.26791666666665, 34.35041666666667], [80.27125, 34.35375000000001], [80.27541666666666, 34.35541666666667], [80.27958333333332, 34.36125], [80.27958333333332, 34.36375], [80.28291666666665, 34.36708333333334], [80.28875, 34.36708333333334], [80.29291666666666, 34.37041666666668], [80.29291666666666, 34.373749999999994], [80.29708333333332, 34.37791666666667], [80.30041666666665, 34.376250000000006], [80.30458333333333, 34.376250000000006], [80.30708333333332, 34.379583333333336], [80.31041666666665, 34.379583333333336], [80.31291666666665, 34.382083333333334], [80.31541666666666, 34.38625], [80.31541666666666, 34.38875], [80.31791666666666, 34.390416666666674], [80.32208333333332, 34.39041666666667], [80.32791666666665, 34.385416666666664], [80.33208333333332, 34.385416666666664], [80.33791666666666, 34.383750000000006], [80.33874999999999, 34.385416666666664], [80.34208333333332, 34.38625], [80.35041666666666, 34.37958333333333], [80.35374999999999, 34.37958333333333], [80.35874999999999, 34.37708333333334], [80.35874999999999, 34.375416666666666], [80.36541666666666, 34.375416666666666], [80.36625, 34.37375000000001], [80.36458333333333, 34.37041666666668], [80.36541666666666, 34.36375], [80.36291666666665, 34.36041666666667], [80.36708333333333, 34.35625], [80.36874999999999, 34.35125000000001], [80.37041666666666, 34.350416666666675], [80.37041666666666, 34.34541666666667], [80.37958333333333, 34.34208333333334], [80.38374999999999, 34.342083333333335], [80.38874999999999, 34.338750000000005], [80.38958333333332, 34.33708333333333], [80.39625, 34.33625], [80.40208333333332, 34.331250000000004], [80.40958333333333, 34.33125], [80.41624999999999, 34.33041666666666], [80.42124999999999, 34.32541666666667], [80.42374999999998, 34.32375000000001], [80.42291666666665, 34.31958333333334], [80.42124999999999, 34.318749999999994], [80.42291666666665, 34.31874999999999], [80.42708333333333, 34.31458333333334], [80.42791666666666, 34.31041666666667], [80.43124999999999, 34.30791666666667], [80.43458333333332, 34.307083333333345], [80.45374999999999, 34.30708333333333], [80.45541666666665, 34.306250000000006], [80.45541666666665, 34.308749999999996], [80.45791666666665, 34.31125], [80.46291666666666, 34.30958333333334], [80.46708333333332, 34.30958333333332], [80.46791666666665, 34.31125000000001], [80.48458333333332, 34.31125], [80.48874999999998, 34.31041666666667], [80.49291666666666, 34.30625000000001], [80.49291666666666, 34.303750000000015], [80.49874999999999, 34.30375000000001], [80.50291666666665, 34.30125], [80.50625, 34.297916666666666], [80.50625, 34.29541666666667], [80.51041666666666, 34.29041666666666], [80.51291666666665, 34.29041666666667], [80.51791666666665, 34.28708333333332], [80.52374999999999, 34.287083333333335], [80.52791666666666, 34.28791666666667], [80.52874999999999, 34.286249999999995], [80.53374999999998, 34.28541666666667], [80.53374999999998, 34.28291666666667], [80.53875, 34.28041666666666], [80.53875, 34.27875], [80.54624999999999, 34.272916666666674], [80.54624999999999, 34.26541666666666], [80.54541666666665, 34.26208333333333], [80.54958333333332, 34.25791666666668], [80.55375, 34.25541666666667], [80.55624999999999, 34.25541666666667], [80.55624999999999, 34.25041666666668], [80.55375, 34.247083333333336], [80.55541666666666, 34.24125000000001], [80.55541666666666, 34.23458333333334], [80.55291666666666, 34.232083333333335], [80.55041666666665, 34.227083333333326], [80.55041666666665, 34.22374999999999], [80.54541666666665, 34.220416666666665], [80.54041666666666, 34.221250000000005], [80.54041666666666, 34.21875], [80.53374999999998, 34.21208333333334], [80.53041666666665, 34.210416666666674], [80.53041666666665, 34.20791666666666], [80.52708333333332, 34.20791666666666], [80.52291666666666, 34.20375000000001], [80.52291666666666, 34.20125], [80.52041666666665, 34.19875000000001], [80.51874999999998, 34.192083333333336], [80.52125, 34.19125], [80.52541666666666, 34.18791666666667], [80.52541666666666, 34.18541666666667], [80.52958333333332, 34.181250000000006], [80.52958333333332, 34.176249999999996], [80.53124999999999, 34.17541666666667], [80.53374999999998, 34.16958333333332], [80.54124999999999, 34.16208333333333], [80.54208333333332, 34.16041666666667], [80.53791666666666, 34.15625], [80.53791666666666, 34.15375], [80.54208333333332, 34.15291666666666], [80.54791666666665, 34.15291666666667], [80.54958333333332, 34.14791666666666], [80.55124999999998, 34.14708333333334], [80.55124999999998, 34.14208333333334], [80.54708333333332, 34.13625000000001], [80.54708333333332, 34.13208333333334], [80.55124999999998, 34.12708333333334], [80.55124999999998, 34.123749999999994], [80.54874999999998, 34.12125], [80.55041666666665, 34.118750000000006], [80.55624999999999, 34.118750000000006], [80.55958333333332, 34.115416666666675], [80.56208333333332, 34.11541666666667], [80.56458333333332, 34.11291666666667], [80.56458333333332, 34.107083333333335], [80.55791666666666, 34.099583333333335], [80.56208333333332, 34.099583333333335], [80.56458333333332, 34.09708333333332], [80.56541666666666, 34.09458333333335], [80.56541666666666, 34.08958333333333], [80.55958333333332, 34.08375], [80.56124999999999, 34.08125000000001], [80.56124999999999, 34.07708333333333], [80.55958333333332, 34.07541666666667], [80.55958333333332, 34.06541666666667], [80.56124999999999, 34.06458333333334], [80.56124999999999, 34.06041666666666], [80.56291666666665, 34.05958333333333], [80.56291666666665, 34.055416666666666], [80.56458333333332, 34.05208333333333], [80.56791666666666, 34.048750000000005], [80.56791666666666, 34.045416666666675], [80.56625, 34.04458333333333], [80.56708333333333, 34.041250000000005], [80.56958333333333, 34.03875], [80.56708333333333, 34.03708333333334], [80.56625, 34.02958333333334], [80.57124999999999, 34.02875000000001], [80.57124999999999, 34.022916666666674], [80.56875, 34.01708333333334], [80.55874999999999, 34.011250000000004], [80.55458333333333, 34.00791666666666], [80.55124999999998, 34.00791666666667], [80.55458333333333, 34.00458333333333], [80.56208333333332, 34.00291666666667], [80.57124999999999, 33.99375], [80.57124999999999, 33.99208333333333], [80.58375, 33.97958333333333], [80.58458333333333, 33.978750000000005], [80.59875, 33.97875], [80.60041666666667, 33.97708333333334], [80.60874999999999, 33.97708333333334], [80.61541666666666, 33.97541666666668], [80.62124999999999, 33.975416666666675], [80.62208333333334, 33.97375], [80.62791666666665, 33.97291666666666], [80.63458333333332, 33.97291666666667], [80.64041666666665, 33.970416666666665], [80.64958333333333, 33.97041666666667], [80.65374999999999, 33.96958333333334], [80.65791666666665, 33.96625], [80.66291666666666, 33.96541666666668], [80.66958333333332, 33.96541666666667], [80.67208333333332, 33.96958333333334], [80.67458333333332, 33.97208333333333], [80.67208333333332, 33.976250000000014], [80.67208333333332, 33.97958333333334], [80.67541666666665, 33.981249999999996], [80.68124999999999, 33.98125], [80.68374999999999, 33.98375000000001], [80.68708333333332, 33.98375], [80.68874999999998, 33.98041666666667], [80.69291666666666, 33.97875], [80.69541666666666, 33.97958333333332], [80.70041666666665, 33.97958333333334], [80.70291666666665, 33.97708333333334], [80.70708333333332, 33.97708333333333], [80.70708333333332, 33.97458333333334], [80.70958333333333, 33.971250000000005], [80.71541666666666, 33.97041666666667], [80.71541666666666, 33.96541666666667], [80.71874999999999, 33.962916666666665], [80.71874999999999, 33.95875], [80.72291666666666, 33.95708333333333], [80.72541666666666, 33.95291666666667], [80.72541666666666, 33.951249999999995], [80.72958333333332, 33.94541666666667], [80.72541666666666, 33.942916666666676], [80.72124999999998, 33.93875], [80.71874999999999, 33.93875], [80.71541666666666, 33.935416666666654], [80.71041666666666, 33.934583333333336], [80.70708333333332, 33.931250000000006], [80.70208333333332, 33.93125], [80.70208333333332, 33.928750000000015], [80.69874999999999, 33.92541666666666], [80.69458333333333, 33.925416666666656], [80.69041666666665, 33.92291666666667], [80.68541666666665, 33.91791666666667], [80.68458333333332, 33.916250000000005], [80.68458333333332, 33.91125], [80.67958333333333, 33.90958333333334], [80.68124999999999, 33.90541666666667], [80.68124999999999, 33.90041666666667], [80.67708333333333, 33.89875000000001], [80.68291666666666, 33.893750000000004], [80.68958333333333, 33.891250000000014], [80.69125, 33.88875], [80.69125, 33.882083333333334], [80.69625, 33.88208333333334], [80.69874999999999, 33.87874999999999], [80.70041666666665, 33.87375], [80.70291666666665, 33.871249999999996], [80.70624999999998, 33.87041666666667], [80.71374999999999, 33.86541666666667], [80.71541666666666, 33.86291666666667], [80.71624999999999, 33.85791666666667], [80.71958333333332, 33.85125000000001], [80.73041666666666, 33.846250000000005], [80.73374999999999, 33.84374999999999], [80.73374999999999, 33.842083333333335], [80.73874999999998, 33.84208333333334], [80.74041666666666, 33.84375], [80.74625, 33.84375], [80.76958333333332, 33.820416666666674], [80.77208333333333, 33.822083333333325], [80.77958333333332, 33.82208333333334], [80.78291666666665, 33.82041666666667], [80.78875, 33.821250000000006], [80.79708333333332, 33.821250000000006], [80.80041666666665, 33.82124999999999], [80.80124999999998, 33.822916666666664], [80.80541666666666, 33.822916666666664], [80.80791666666666, 33.82458333333333], [80.81208333333332, 33.82458333333334], [80.81208333333332, 33.82708333333333], [80.81458333333332, 33.82875], [80.81291666666665, 33.83208333333334], [80.81291666666665, 33.83708333333335], [80.82374999999999, 33.83708333333334], [80.82874999999999, 33.84041666666667], [80.83375, 33.84041666666668], [80.83874999999999, 33.83708333333334], [80.83874999999999, 33.83541666666668], [80.84291666666665, 33.83125000000001], [80.84791666666666, 33.83625], [80.85291666666666, 33.84041666666667], [80.85541666666666, 33.84041666666668], [80.86208333333332, 33.83708333333334], [80.86874999999999, 33.84458333333333], [80.86958333333332, 33.84958333333333], [80.87208333333332, 33.85291666666667], [80.87791666666665, 33.85208333333334], [80.88041666666666, 33.84958333333333], [80.88541666666666, 33.849583333333335], [80.88708333333332, 33.84708333333334], [80.89041666666665, 33.84708333333332], [80.89708333333333, 33.84375000000001], [80.90124999999999, 33.842916666666675], [80.91041666666666, 33.84291666666668], [80.91375, 33.84124999999999], [80.92958333333333, 33.83458333333334], [80.93208333333332, 33.83208333333334], [80.93541666666665, 33.83041666666667], [80.93791666666667, 33.82791666666668], [80.94125, 33.82625], [80.94458333333334, 33.82625], [80.94958333333332, 33.82875], [80.95624999999998, 33.83625], [80.96208333333333, 33.835416666666674], [80.96458333333332, 33.832916666666655], [80.96791666666665, 33.826249999999995], [80.97124999999998, 33.82625], [80.97458333333333, 33.822916666666664], [80.97541666666666, 33.81875000000001], [80.98041666666666, 33.812083333333334], [80.98458333333332, 33.812083333333334], [80.98791666666666, 33.809583333333336], [80.98958333333331, 33.80458333333333], [80.99624999999999, 33.80041666666666], [81.00458333333333, 33.80041666666666], [81.00541666666666, 33.80125], [81.01458333333332, 33.801249999999996], [81.02291666666666, 33.79708333333334], [81.02458333333333, 33.79291666666667], [81.02874999999999, 33.78958333333335], [81.03208333333332, 33.78958333333333], [81.03124999999999, 33.78208333333333], [81.03708333333333, 33.78208333333333], [81.04374999999999, 33.77958333333333], [81.04374999999999, 33.77375000000001], [81.04708333333332, 33.77125], [81.05208333333331, 33.77208333333334], [81.05541666666666, 33.77541666666667], [81.06291666666665, 33.77541666666667], [81.06458333333332, 33.77375], [81.06791666666666, 33.77458333333334], [81.07874999999999, 33.77458333333334], [81.08375, 33.76958333333334], [81.09208333333332, 33.76791666666667], [81.09374999999999, 33.76958333333333], [81.09791666666666, 33.77041666666667], [81.09958333333333, 33.76958333333334], [81.10041666666666, 33.76208333333334], [81.10291666666666, 33.75958333333334], [81.11208333333333, 33.75958333333333], [81.11708333333333, 33.76291666666667], [81.11708333333333, 33.765416666666674], [81.12875, 33.765416666666674], [81.13041666666666, 33.76291666666667], [81.13458333333332, 33.76291666666666], [81.13625, 33.75875000000001], [81.13874999999999, 33.75708333333334], [81.14458333333332, 33.757916666666674], [81.14874999999999, 33.75958333333333], [81.15041666666666, 33.75541666666667], [81.15041666666666, 33.75291666666667], [81.15874999999998, 33.75291666666668], [81.16041666666666, 33.74958333333335], [81.16624999999999, 33.748749999999994], [81.17041666666665, 33.74625000000001], [81.16708333333332, 33.74291666666667], [81.16541666666666, 33.739583333333336], [81.16624999999999, 33.73458333333333], [81.16375, 33.732083333333335], [81.16291666666666, 33.732083333333335], [81.16208333333333, 33.72958333333334], [81.16208333333333, 33.72374999999999], [81.16041666666666, 33.71875], [81.15791666666667, 33.71791666666668], [81.15791666666667, 33.71541666666668], [81.15541666666665, 33.71375], [81.15541666666665, 33.710416666666674], [81.15291666666666, 33.70791666666667], [81.15374999999999, 33.702083333333334], [81.14874999999999, 33.70041666666666], [81.14624999999998, 33.69791666666667], [81.14374999999998, 33.69791666666666], [81.14124999999999, 33.69541666666668], [81.14291666666665, 33.69208333333333], [81.15041666666666, 33.68541666666667], [81.15041666666666, 33.68041666666667], [81.15458333333332, 33.67625], [81.15541666666665, 33.67291666666667], [81.15291666666666, 33.668749999999996], [81.15291666666666, 33.66208333333335], [81.15124999999999, 33.65958333333333], [81.15708333333332, 33.65625], [81.16125, 33.65208333333332], [81.16458333333334, 33.65208333333333], [81.16541666666666, 33.64708333333334], [81.16375, 33.63958333333334], [81.16375, 33.62958333333333], [81.16458333333334, 33.627083333333346], [81.17208333333332, 33.62375], [81.17624999999998, 33.61958333333334], [81.17624999999998, 33.61708333333335], [81.17208333333332, 33.61041666666667], [81.17208333333332, 33.60791666666667], [81.16958333333332, 33.60625], [81.16791666666666, 33.602916666666665], [81.16791666666666, 33.59875], [81.16624999999999, 33.59791666666668], [81.16541666666666, 33.59375], [81.16291666666666, 33.591249999999995], [81.15958333333333, 33.59125], [81.15708333333332, 33.58874999999999], [81.15708333333332, 33.58375000000001], [81.15374999999999, 33.582083333333344], [81.15124999999999, 33.57958333333333], [81.14791666666666, 33.57958333333334], [81.14374999999998, 33.57708333333334], [81.13958333333332, 33.577083333333334], [81.13374999999999, 33.57458333333333], [81.13208333333333, 33.57208333333334], [81.13208333333333, 33.56875], [81.12875, 33.56708333333332], [81.12374999999999, 33.567083333333336], [81.12374999999999, 33.563750000000006], [81.12124999999999, 33.55875], [81.12124999999999, 33.55458333333333], [81.11708333333333, 33.55125000000001], [81.11458333333331, 33.55125], [81.11124999999998, 33.54791666666668], [81.10708333333332, 33.54958333333334], [81.10041666666666, 33.54958333333333], [81.09625, 33.55041666666667], [81.09374999999999, 33.55375000000001], [81.09374999999999, 33.55625], [81.08958333333332, 33.55958333333333], [81.08124999999998, 33.55958333333333], [81.07541666666665, 33.55458333333334], [81.07291666666666, 33.55458333333333], [81.07041666666666, 33.55208333333333], [81.07041666666666, 33.54541666666667], [81.07374999999999, 33.540416666666665], [81.07124999999999, 33.54041666666667], [81.06625, 33.53541666666667], [81.06625, 33.53375], [81.06208333333333, 33.52958333333334], [81.06124999999999, 33.526250000000005], [81.05708333333332, 33.52458333333333], [81.05291666666665, 33.52458333333334], [81.04958333333332, 33.52208333333334], [81.03875, 33.52208333333335], [81.03875, 33.522916666666674], [81.03791666666666, 33.51708333333333], [81.03625, 33.51375], [81.03291666666665, 33.510416666666664], [81.03124999999999, 33.510416666666664], [81.02791666666666, 33.507083333333334], [81.02624999999999, 33.50291666666668], [81.02041666666665, 33.50291666666667], [81.01374999999999, 33.49958333333334], [81.01291666666665, 33.49791666666667], [81.00958333333332, 33.49708333333333], [81.00958333333332, 33.490416666666675], [81.01458333333332, 33.490416666666675], [81.01708333333332, 33.48791666666668], [81.02874999999999, 33.48791666666668], [81.03375, 33.48375000000001], [81.04291666666666, 33.48041666666667], [81.05041666666665, 33.47958333333334], [81.05124999999998, 33.48125000000001], [81.05458333333333, 33.48125], [81.05708333333332, 33.47875], [81.06041666666665, 33.47791666666667], [81.06291666666665, 33.47458333333333], [81.06291666666665, 33.46291666666668], [81.06875000000001, 33.45541666666667], [81.06541666666666, 33.452083333333334], [81.06458333333332, 33.44958333333334], [81.07124999999999, 33.44291666666666], [81.07041666666666, 33.44041666666667], [81.07374999999999, 33.44041666666666], [81.07541666666665, 33.438750000000006], [81.08124999999998, 33.43958333333334], [81.08624999999999, 33.43708333333335], [81.08708333333333, 33.435416666666654], [81.09041666666667, 33.434583333333336], [81.09708333333334, 33.42875000000001], [81.10125, 33.427083333333336], [81.10541666666666, 33.42708333333334], [81.11291666666665, 33.42125], [81.11458333333331, 33.417916666666656], [81.11791666666666, 33.417083333333345], [81.11958333333332, 33.41875], [81.12541666666665, 33.41875], [81.13125, 33.41791666666667], [81.13374999999999, 33.41541666666667], [81.13374999999999, 33.412083333333335], [81.13125, 33.40958333333334], [81.13125, 33.40625], [81.12791666666666, 33.40291666666668], [81.12791666666666, 33.39708333333334], [81.13125, 33.39458333333334], [81.13125, 33.38875], [81.12541666666665, 33.38208333333334], [81.12541666666665, 33.377083333333346], [81.12875, 33.37208333333333], [81.13125, 33.36958333333333], [81.13208333333333, 33.36708333333333], [81.13125, 33.363749999999996], [81.12791666666666, 33.36625000000001], [81.11958333333332, 33.36625000000001], [81.11875, 33.36458333333333], [81.11541666666665, 33.364583333333336], [81.11208333333333, 33.36291666666667], [81.11124999999998, 33.36625000000001], [81.10624999999999, 33.37125000000002], [81.10041666666666, 33.373750000000015], [81.09708333333334, 33.37125000000001], [81.09374999999999, 33.37125], [81.09208333333332, 33.372916666666676], [81.08624999999999, 33.37208333333333], [81.08958333333332, 33.367916666666666], [81.08541666666666, 33.36375000000002], [81.08375, 33.35958333333333], [81.07958333333332, 33.35958333333335], [81.07374999999999, 33.35708333333334], [81.06708333333333, 33.350416666666675], [81.06625, 33.34875], [81.06625, 33.33875], [81.06458333333332, 33.33624999999999], [81.06041666666665, 33.33291666666666], [81.06041666666665, 33.327916666666674], [81.05708333333332, 33.321250000000006], [81.05291666666665, 33.31541666666668], [81.05375, 33.31208333333335], [81.05124999999998, 33.309583333333336], [81.05874999999999, 33.30291666666667], [81.05874999999999, 33.29958333333334], [81.06374999999998, 33.29708333333334], [81.06374999999998, 33.294583333333335], [81.06958333333333, 33.287916666666675], [81.07291666666666, 33.286249999999995], [81.07458333333332, 33.28291666666667], [81.07791666666665, 33.28125000000001], [81.07874999999999, 33.27791666666667], [81.08124999999998, 33.27541666666667], [81.08541666666666, 33.27458333333333], [81.09458333333332, 33.27458333333334], [81.09708333333334, 33.27375000000001], [81.10125, 33.27041666666668], [81.09958333333333, 33.26875], [81.09958333333333, 33.265416666666674], [81.10208333333333, 33.26125], [81.10208333333333, 33.25791666666668], [81.10374999999999, 33.257083333333334], [81.10374999999999, 33.25041666666667], [81.10458333333332, 33.24708333333333], [81.10291666666666, 33.24625], [81.10291666666666, 33.24208333333333], [81.10041666666666, 33.23875], [81.10291666666666, 33.23625], [81.10708333333332, 33.235416666666666], [81.11124999999998, 33.23291666666667], [81.11124999999998, 33.229583333333345], [81.11875, 33.22625000000001], [81.11625, 33.21958333333335], [81.11625, 33.214583333333344], [81.11791666666666, 33.21458333333334], [81.12041666666666, 33.212916666666665], [81.12624999999998, 33.21291666666667], [81.13041666666666, 33.21208333333334], [81.13374999999999, 33.21041666666667], [81.13125, 33.20791666666667], [81.13125, 33.20458333333334], [81.12791666666666, 33.20208333333334], [81.12791666666666, 33.19708333333334], [81.11708333333333, 33.186250000000015], [81.11541666666665, 33.18208333333333], [81.11291666666665, 33.17958333333333], [81.10958333333332, 33.17875], [81.10874999999999, 33.17291666666667], [81.10624999999999, 33.17041666666667], [81.10541666666666, 33.162083333333335], [81.11291666666665, 33.15458333333334], [81.11541666666665, 33.154583333333335], [81.11958333333332, 33.15125000000001], [81.12875, 33.14208333333334], [81.12958333333333, 33.13791666666667], [81.13791666666665, 33.13791666666667], [81.14208333333332, 33.136250000000004], [81.14291666666665, 33.13374999999999], [81.14958333333333, 33.12958333333333], [81.15041666666666, 33.127916666666664], [81.15041666666666, 33.12208333333333], [81.15208333333332, 33.11958333333334], [81.15541666666665, 33.11708333333333], [81.15541666666665, 33.112083333333324], [81.15708333333332, 33.110416666666666], [81.15708333333332, 33.10208333333333], [81.15624999999999, 33.09791666666666], [81.15124999999999, 33.09291666666669], [81.14041666666665, 33.09458333333333], [81.13374999999999, 33.087916666666665], [81.13041666666666, 33.08625000000001], [81.13041666666666, 33.08208333333334], [81.12791666666666, 33.07875000000001], [81.12958333333333, 33.07708333333334], [81.12708333333332, 33.07375], [81.12708333333332, 33.07041666666667], [81.12374999999999, 33.069583333333334], [81.12374999999999, 33.06625], [81.12208333333332, 33.06541666666667], [81.12291666666665, 33.05958333333333], [81.11958333333332, 33.05791666666667], [81.11041666666665, 33.057916666666664], [81.10708333333332, 33.05875000000001], [81.10624999999999, 33.06125000000001], [81.10374999999999, 33.06208333333333], [81.09875, 33.066250000000004], [81.09458333333332, 33.06625], [81.09208333333332, 33.06958333333334], [81.08708333333333, 33.06958333333334], [81.08375, 33.073750000000004], [81.08624999999999, 33.07708333333334], [81.08458333333333, 33.080416666666665], [81.08375, 33.08625000000001], [81.07958333333332, 33.08625000000001], [81.07541666666665, 33.08875000000001], [81.07291666666666, 33.088750000000005], [81.07124999999999, 33.09208333333333], [81.06708333333333, 33.092916666666675], [81.06958333333333, 33.09541666666667], [81.06958333333333, 33.09791666666667], [81.07291666666666, 33.10208333333333], [81.06791666666666, 33.10458333333334], [81.06291666666665, 33.104583333333345], [81.06041666666665, 33.105416666666656], [81.05958333333332, 33.10791666666666], [81.05541666666666, 33.10958333333335], [81.03875, 33.10958333333335], [81.03208333333332, 33.10291666666669], [81.03208333333332, 33.10375000000001], [81.02708333333332, 33.10958333333335], [81.02208333333333, 33.109583333333354], [81.01958333333332, 33.11208333333334], [81.01374999999999, 33.11208333333334], [81.00874999999999, 33.11458333333334], [81.00874999999999, 33.116250000000015], [81.00291666666666, 33.11791666666667], [80.99958333333332, 33.11791666666667], [80.99541666666666, 33.12041666666667], [80.99208333333333, 33.12125000000001], [80.98958333333331, 33.12125], [80.98874999999998, 33.12541666666667], [80.98541666666665, 33.12708333333333], [80.98374999999999, 33.12625], [80.97791666666666, 33.12625], [80.97375, 33.129583333333336], [80.97375, 33.13541666666667], [80.97124999999998, 33.13625000000001], [80.96625, 33.13541666666667], [80.96124999999999, 33.13958333333334], [80.95624999999998, 33.14041666666668], [80.95624999999998, 33.14125], [80.95374999999999, 33.14375], [80.95374999999999, 33.14625], [80.95291666666665, 33.14625000000001], [80.95041666666665, 33.14874999999999], [80.94375, 33.150416666666665], [80.93708333333332, 33.151250000000005], [80.93458333333332, 33.153749999999995], [80.93458333333332, 33.15624999999999], [80.92958333333333, 33.157916666666665], [80.92791666666666, 33.162916666666675], [80.92624999999998, 33.162916666666675], [80.92374999999998, 33.16208333333334], [80.91958333333332, 33.162916666666675], [80.91791666666666, 33.16291666666668], [80.91291666666666, 33.16875], [80.91291666666666, 33.17291666666667], [80.91041666666666, 33.17541666666667], [80.90791666666665, 33.17625], [80.90541666666665, 33.18291666666668], [80.90374999999999, 33.182916666666664], [80.89874999999999, 33.187916666666666], [80.89791666666666, 33.19125], [80.89458333333332, 33.19458333333334], [80.89625, 33.19625], [80.89625, 33.200416666666676], [80.89291666666665, 33.20125], [80.88874999999999, 33.20625000000001], [80.88874999999999, 33.207083333333344], [80.88708333333332, 33.207083333333344], [80.88458333333332, 33.20791666666666], [80.88125, 33.20375000000001], [80.87458333333332, 33.20375000000001], [80.87208333333332, 33.20458333333334], [80.86874999999999, 33.202083333333334], [80.86708333333333, 33.203750000000014], [80.86458333333331, 33.20208333333334], [80.86124999999998, 33.20375000000001], [80.85874999999999, 33.206250000000004], [80.85458333333332, 33.206250000000004], [80.85208333333333, 33.20875], [80.84958333333333, 33.20875], [80.84208333333333, 33.21124999999999], [80.83708333333333, 33.21125], [80.83208333333332, 33.210416666666674], [80.82624999999999, 33.21541666666668], [80.82541666666665, 33.217916666666675], [80.82041666666667, 33.217916666666675], [80.81791666666666, 33.22125000000001], [80.81541666666665, 33.22125], [80.81208333333332, 33.22125], [80.80958333333332, 33.22291666666667], [80.80874999999999, 33.22791666666667], [80.80624999999999, 33.22708333333333], [80.80124999999998, 33.22708333333333], [80.79874999999998, 33.230416666666656], [80.79458333333332, 33.232083333333335], [80.79291666666666, 33.23375000000001], [80.78875, 33.23375000000001], [80.78708333333333, 33.23625], [80.78208333333332, 33.23625], [80.77791666666666, 33.24041666666667], [80.77125, 33.23958333333334], [80.76874999999998, 33.237083333333345], [80.76708333333332, 33.23375], [80.76458333333332, 33.23208333333334], [80.76458333333332, 33.22958333333333], [80.75874999999999, 33.22958333333333], [80.75874999999999, 33.23041666666667], [80.75041666666665, 33.22874999999999], [80.74791666666665, 33.22458333333334], [80.74541666666666, 33.225416666666675], [80.74458333333332, 33.22791666666667], [80.73958333333333, 33.22875000000001], [80.73958333333333, 33.22791666666667], [80.72958333333332, 33.22541666666667], [80.72874999999999, 33.22375], [80.72458333333334, 33.22375], [80.72041666666665, 33.22208333333334], [80.71791666666667, 33.22208333333334], [80.71541666666666, 33.21958333333334], [80.71208333333333, 33.21958333333334], [80.71124999999999, 33.21708333333333], [80.70708333333332, 33.212916666666686], [80.70624999999998, 33.21041666666667], [80.70374999999999, 33.20791666666667], [80.70124999999999, 33.20791666666668], [80.69958333333332, 33.20541666666667], [80.69958333333332, 33.20041666666667], [80.69625, 33.20041666666666], [80.69458333333333, 33.19708333333333], [80.68958333333333, 33.19708333333334], [80.68791666666665, 33.198750000000004], [80.68291666666666, 33.198750000000004], [80.67875, 33.19625], [80.67791666666666, 33.193750000000016], [80.67458333333332, 33.19208333333333], [80.66791666666667, 33.19208333333333], [80.66708333333332, 33.18958333333334], [80.66458333333333, 33.18791666666667], [80.66125, 33.187916666666666], [80.65624999999999, 33.185416666666676], [80.65541666666665, 33.182083333333345], [80.65541666666665, 33.176249999999996], [80.65291666666666, 33.17458333333333], [80.65208333333332, 33.169583333333335], [80.64958333333333, 33.16791666666666], [80.64958333333333, 33.16708333333333], [80.63958333333333, 33.16708333333333], [80.63541666666666, 33.16791666666667], [80.63374999999999, 33.16958333333333], [80.62791666666665, 33.169583333333335], [80.62374999999999, 33.17041666666667], [80.62124999999999, 33.16708333333333], [80.61708333333333, 33.16708333333333], [80.61374999999998, 33.170416666666675], [80.61041666666665, 33.17208333333334], [80.60874999999999, 33.17208333333334], [80.60708333333332, 33.17458333333334], [80.59208333333332, 33.17458333333334], [80.59291666666665, 33.17875], [80.58708333333333, 33.18374999999999], [80.58291666666665, 33.183749999999996], [80.57958333333332, 33.186250000000015], [80.57874999999999, 33.190416666666664], [80.57708333333332, 33.191250000000004], [80.57624999999999, 33.191250000000004], [80.57791666666665, 33.19375000000001], [80.58291666666665, 33.19625], [80.59041666666666, 33.19625], [80.59791666666666, 33.202916666666674], [80.60041666666667, 33.20791666666667], [80.60041666666667, 33.213750000000005], [80.60208333333333, 33.216249999999995], [80.60208333333333, 33.22041666666666], [80.60458333333332, 33.22208333333334], [80.60458333333332, 33.22791666666667], [80.60291666666666, 33.23041666666667], [80.60291666666666, 33.23458333333333], [80.59791666666666, 33.23875], [80.59708333333333, 33.24625], [80.59541666666665, 33.24791666666666], [80.59541666666665, 33.25541666666667], [80.59458333333332, 33.25625000000001], [80.58791666666666, 33.25625000000001], [80.58624999999999, 33.26041666666667], [80.58624999999999, 33.26541666666668], [80.57958333333332, 33.27208333333334], [80.57958333333332, 33.27375], [80.57374999999999, 33.27375000000001], [80.57124999999999, 33.27458333333334], [80.56791666666666, 33.27791666666668], [80.56458333333332, 33.27708333333334], [80.55958333333332, 33.27791666666668], [80.55375, 33.27791666666666], [80.54958333333332, 33.27875], [80.54874999999998, 33.28041666666667], [80.54375, 33.28125000000001], [80.54208333333332, 33.28125000000001], [80.53958333333333, 33.278749999999995], [80.53958333333333, 33.27624999999999], [80.53791666666666, 33.27291666666667], [80.53541666666666, 33.27041666666668], [80.53208333333332, 33.26458333333335], [80.52624999999999, 33.266250000000014], [80.51958333333332, 33.26708333333334], [80.51374999999999, 33.26208333333333], [80.50625, 33.259583333333346], [80.50208333333332, 33.26125], [80.50124999999998, 33.26125], [80.50041666666665, 33.261250000000004], [80.49291666666666, 33.25374999999999], [80.49208333333333, 33.25041666666667], [80.49041666666666, 33.24958333333334], [80.49125, 33.242916666666666], [80.48791666666665, 33.23958333333334], [80.49041666666666, 33.23625], [80.49624999999999, 33.23125], [80.49541666666666, 33.22708333333333], [80.49125, 33.22375], [80.48791666666665, 33.22375000000001], [80.48708333333332, 33.225416666666675], [80.47874999999999, 33.225416666666675], [80.47874999999999, 33.224583333333335], [80.46791666666665, 33.224583333333335], [80.46124999999999, 33.22791666666667], [80.46041666666666, 33.23041666666667], [80.45541666666665, 33.23375000000001], [80.44958333333332, 33.23375000000001], [80.44791666666667, 33.23541666666667], [80.43874999999998, 33.240416666666675], [80.43624999999999, 33.240416666666675], [80.43208333333332, 33.24208333333334], [80.42958333333333, 33.24458333333333], [80.42624999999998, 33.24458333333334], [80.42624999999998, 33.24541666666668], [80.42458333333332, 33.24625], [80.41791666666666, 33.24708333333333], [80.41208333333333, 33.24958333333334], [80.40874999999998, 33.24791666666666], [80.40208333333332, 33.24791666666666], [80.39791666666667, 33.24875000000001], [80.39458333333332, 33.24791666666667], [80.38208333333333, 33.23541666666667], [80.38125, 33.23375000000001], [80.38125, 33.23291666666666], [80.37708333333332, 33.23458333333334], [80.37458333333332, 33.23458333333334], [80.37291666666665, 33.238749999999996], [80.37124999999999, 33.239583333333336], [80.36541666666666, 33.24541666666668], [80.35874999999999, 33.24541666666668], [80.35624999999999, 33.246249999999996], [80.35208333333334, 33.25125], [80.35208333333334, 33.25208333333334], [80.35041666666666, 33.25375], [80.34458333333332, 33.25375000000001], [80.34124999999999, 33.25458333333333], [80.33958333333332, 33.25708333333334], [80.33375, 33.25625], [80.33291666666665, 33.25958333333334], [80.32958333333332, 33.26041666666667], [80.32874999999999, 33.258750000000006], [80.32124999999999, 33.258750000000006], [80.31791666666666, 33.259583333333346], [80.31791666666666, 33.25875], [80.31541666666666, 33.257083333333334], [80.31124999999999, 33.25708333333335], [80.30708333333332, 33.25541666666666], [80.30208333333334, 33.25708333333334], [80.30208333333334, 33.25625], [80.29958333333332, 33.25541666666666], [80.29624999999999, 33.25208333333333], [80.29124999999999, 33.251250000000006], [80.29041666666666, 33.248750000000015], [80.28541666666666, 33.24791666666666], [80.27874999999999, 33.24125000000001], [80.28124999999999, 33.23791666666666], [80.28208333333332, 33.23375000000001], [80.27958333333332, 33.23125], [80.27458333333333, 33.22958333333334], [80.27041666666666, 33.225416666666675], [80.26874999999998, 33.22208333333334], [80.26374999999999, 33.22458333333335], [80.26124999999999, 33.223749999999995], [80.25458333333333, 33.22458333333334], [80.24458333333332, 33.22458333333334], [80.24291666666666, 33.222916666666656], [80.24291666666666, 33.21208333333334], [80.23958333333333, 33.206250000000004], [80.23624999999998, 33.20375000000001], [80.23624999999998, 33.198750000000004], [80.22458333333333, 33.187083333333334], [80.22208333333333, 33.18625000000001], [80.22208333333333, 33.183749999999996], [80.21874999999999, 33.17958333333334], [80.21958333333332, 33.17625], [80.21958333333332, 33.17125], [80.21791666666665, 33.17041666666667], [80.21874999999999, 33.16708333333334], [80.21624999999999, 33.16458333333333], [80.21541666666666, 33.161249999999995], [80.21374999999999, 33.16041666666667], [80.21374999999999, 33.15708333333334], [80.21124999999999, 33.15708333333334], [80.20791666666666, 33.15375], [80.20791666666666, 33.15291666666666], [80.20791666666666, 33.15125], [80.21041666666666, 33.14958333333335], [80.21041666666666, 33.14125], [80.21124999999999, 33.139583333333334], [80.20791666666666, 33.13375], [80.20458333333332, 33.130416666666676], [80.20291666666665, 33.130416666666676], [80.20124999999999, 33.127083333333324], [80.20124999999999, 33.119583333333345], [80.19958333333334, 33.116250000000015], [80.19708333333332, 33.114583333333336], [80.19708333333332, 33.110416666666666], [80.20208333333332, 33.10541666666667], [80.20208333333332, 33.100416666666675], [80.20791666666666, 33.099583333333335], [80.21374999999999, 33.09458333333335], [80.21291666666666, 33.092083333333335], [80.20541666666665, 33.083750000000016], [80.19874999999999, 33.08041666666667], [80.19541666666666, 33.07708333333334], [80.19041666666666, 33.07458333333334], [80.19041666666666, 33.07291666666668], [80.18208333333332, 33.06708333333332], [80.17791666666668, 33.067083333333336], [80.17791666666668, 33.06291666666668], [80.17791666666668, 33.05791666666668], [80.17041666666665, 33.04958333333333], [80.17041666666665, 33.04541666666668], [80.16874999999999, 33.040416666666665], [80.16458333333333, 33.037916666666675], [80.16458333333333, 33.03458333333334], [80.16041666666666, 33.02458333333333], [80.16041666666666, 33.008750000000006], [80.15791666666665, 33.002916666666664], [80.15458333333332, 32.99791666666667], [80.14791666666666, 32.993750000000006], [80.14791666666666, 32.98041666666667], [80.14458333333332, 32.97625], [80.14458333333332, 32.97375000000001], [80.14458333333332, 32.97208333333334], [80.14291666666666, 32.96875000000001], [80.14458333333332, 32.96625], [80.14874999999999, 32.96541666666667], [80.15124999999999, 32.959583333333335], [80.15374999999999, 32.95958333333334], [80.15624999999999, 32.95791666666667], [80.16125, 32.95291666666667], [80.17041666666665, 32.94541666666666], [80.17041666666665, 32.943750000000016], [80.17458333333332, 32.938750000000006], [80.17708333333333, 32.93791666666668], [80.17708333333333, 32.93541666666666], [80.17958333333333, 32.93291666666668], [80.18208333333332, 32.93291666666667], [80.18541666666665, 32.93041666666667], [80.18541666666665, 32.92458333333334], [80.18458333333332, 32.92291666666667], [80.18958333333332, 32.92208333333333], [80.18958333333332, 32.91708333333334], [80.19041666666666, 32.91374999999999], [80.19291666666666, 32.91375], [80.19458333333333, 32.91041666666667], [80.19708333333332, 32.908750000000005], [80.19624999999999, 32.904583333333335], [80.19624999999999, 32.90041666666667], [80.20291666666665, 32.899583333333325], [80.20374999999999, 32.897916666666674], [80.20291666666665, 32.89375], [80.20541666666665, 32.890416666666674], [80.21208333333333, 32.89125], [80.21208333333333, 32.889583333333334], [80.21708333333332, 32.88875], [80.21874999999999, 32.88541666666667], [80.22541666666666, 32.88541666666668], [80.22708333333333, 32.89041666666667], [80.22958333333332, 32.89208333333333], [80.23124999999999, 32.89208333333333], [80.23791666666665, 32.88541666666667], [80.24041666666666, 32.88208333333334], [80.24458333333332, 32.88125], [80.24458333333332, 32.88041666666667], [80.24791666666665, 32.87791666666667], [80.24958333333333, 32.87458333333335], [80.25291666666666, 32.87291666666668], [80.25375, 32.87041666666667], [80.25375, 32.864583333333336], [80.24874999999999, 32.85791666666667], [80.24458333333332, 32.85625], [80.24125, 32.85625], [80.24125, 32.842916666666675], [80.23874999999998, 32.83958333333334], [80.23374999999999, 32.837916666666665], [80.23208333333332, 32.835416666666674], [80.22625, 32.83208333333333], [80.22625, 32.82875000000001], [80.22874999999999, 32.82708333333334], [80.22791666666667, 32.820416666666674], [80.22958333333332, 32.81958333333335], [80.22958333333332, 32.816250000000004], [80.22708333333333, 32.809583333333336], [80.22958333333332, 32.80458333333334], [80.23374999999999, 32.802083333333336], [80.23374999999999, 32.80041666666666]]]]}}]}