{
"type": "FeatureCollection",
"name": "Kirther_range",
"crs": { "type": "name", "properties": { "name": "urn:ogc:def:crs:OGC:1.3:CRS84" } },
"features": [
{ "type": "Feature", "properties": { "Id": 0 }, "geometry": { "type": "MultiPolygon", "coordinates": [ [ [ [ 67.059273368668926, 29.34005510364824 ], [ 67.0350028664094, 29.331489044027137 ], [ 67.002166304528998, 29.317212277992155 ], [ 66.966474389441544, 29.324350661009646 ], [ 66.92507176794004, 29.328633690820254 ], [ 66.903656618887567, 29.320067631199151 ], [ 66.880813793231653, 29.314356924785272 ], [ 66.87224773361072, 29.30579086516417 ], [ 66.870820057007109, 29.297224805543294 ], [ 66.856543290972127, 29.291514099129188 ], [ 66.840838848333703, 29.291514099129188 ], [ 66.827989758902163, 29.248683801024242 ], [ 66.827989758902163, 29.225840975368385 ], [ 66.825134405695167, 29.201570473108859 ], [ 66.842266524937145, 29.191576736884315 ], [ 66.837983495126707, 29.180155324056386 ], [ 66.833700465316213, 29.163023204814351 ], [ 66.827989758902163, 29.134469672744387 ], [ 66.820851375884672, 29.115909876898968 ], [ 66.816568346074234, 29.127331289726897 ], [ 66.825134405695167, 29.145891085572373 ], [ 66.817996022677676, 29.167306234624846 ], [ 66.815140669470793, 29.187293707073877 ], [ 66.810857639660185, 29.207281179522909 ], [ 66.819423699281231, 29.2144195625404 ], [ 66.815140669470793, 29.225840975368385 ], [ 66.792297843814708, 29.235834711592872 ], [ 66.802291580039252, 29.248683801024242 ], [ 66.81228531626374, 29.282948039508312 ], [ 66.833700465316213, 29.301507835353732 ], [ 66.846549554747639, 29.304363188560785 ], [ 66.857970967575739, 29.298652482146679 ], [ 66.860826320782621, 29.311501571578276 ], [ 66.880813793231653, 29.325778337613258 ], [ 66.913650355112054, 29.334344397234133 ], [ 66.939348533975021, 29.341482780251624 ], [ 66.965046712838102, 29.345765810062119 ], [ 67.012160040753486, 29.345765810062119 ], [ 67.02215377697803, 29.355759546286606 ], [ 67.040713572823449, 29.35290419307961 ], [ 67.059273368668926, 29.34005510364824 ] ] ] ] } },
{ "type": "Feature", "properties": { "Id": 0 }, "geometry": { "type": "MultiPolygon", "coordinates": [ [ [ [ 66.511045552925566, 29.438564789289501 ], [ 66.606699885359944, 29.401445197598605 ], [ 66.600989178946065, 29.3714639889252 ], [ 66.593850795928574, 29.358614899493659 ], [ 66.556731204237508, 29.350048839872727 ], [ 66.523894642357106, 29.350048839872727 ], [ 66.50533484651163, 29.364325605907709 ], [ 66.485347374062599, 29.342910456855236 ], [ 66.495341110287143, 29.325778337613258 ], [ 66.49962414009758, 29.312929248181661 ], [ 66.498196463494139, 29.277237333094206 ], [ 66.486775050666211, 29.255822184041733 ], [ 66.478208991045108, 29.244400771213805 ], [ 66.491058080476648, 29.217274915747282 ], [ 66.511045552925566, 29.188721383677318 ], [ 66.541026761599085, 29.157312498400472 ], [ 66.549592821220017, 29.144463408968932 ], [ 66.569580293669048, 29.15588482179686 ], [ 66.582429383100475, 29.140180379158494 ], [ 66.572435646876102, 29.13018664293395 ], [ 66.572435646876102, 29.101633110863986 ], [ 66.585284736307472, 29.090211698036057 ], [ 66.603844532152948, 29.101633110863986 ], [ 66.622404327998538, 29.091639374639442 ], [ 66.623832004601979, 29.078790285208072 ], [ 66.623832004601979, 29.067368872379973 ], [ 66.603844532152948, 29.070224225586969 ], [ 66.596706149135457, 29.053092106344991 ], [ 66.602416855549507, 29.021683221068145 ], [ 66.598133825739012, 28.995985042205064 ], [ 66.588140089514525, 28.968859186738712 ], [ 66.598133825739012, 28.926028888633766 ], [ 66.603844532152948, 28.898903033167187 ], [ 66.603844532152948, 28.878915560718326 ], [ 66.592423119324962, 28.880343237321767 ], [ 66.590995442721521, 28.900330709770799 ], [ 66.592423119324962, 28.916035152409222 ], [ 66.588140089514525, 28.926028888633766 ], [ 66.58385705970403, 28.936022624858253 ], [ 66.576718676686539, 28.970286863342096 ], [ 66.578146353289981, 28.990274335791185 ], [ 66.582429383100475, 29.005978778429551 ], [ 66.575291000082984, 29.025966250878639 ], [ 66.569580293669048, 29.044526046724059 ], [ 66.581001706497034, 29.055947459551987 ], [ 66.581001706497034, 29.071651902190581 ], [ 66.569580293669048, 29.074507255397464 ], [ 66.55244817442707, 29.088784021432446 ], [ 66.543882114806138, 29.108771493881477 ], [ 66.525322318960548, 29.11162684708853 ], [ 66.509617876322125, 29.103060787467427 ], [ 66.476781314441666, 29.095922404449936 ], [ 66.455366165389194, 29.101633110863986 ], [ 66.448227782371703, 29.121620583313018 ], [ 66.471070608027617, 29.145891085572373 ], [ 66.491058080476648, 29.148746438779369 ], [ 66.471070608027617, 29.161595528210967 ], [ 66.482492020855602, 29.197287443298421 ], [ 66.472498284631229, 29.2144195625404 ], [ 66.463932225010126, 29.222985622161332 ], [ 66.463932225010126, 29.248683801024242 ], [ 66.472498284631229, 29.262960567059224 ], [ 66.47392596123467, 29.284375716111697 ], [ 66.478208991045108, 29.317212277992155 ], [ 66.47963666764872, 29.342910456855236 ], [ 66.49248575708009, 29.362897929304097 ], [ 66.503907169908075, 29.401445197598605 ], [ 66.511045552925566, 29.438564789289501 ] ] ] ] } },
{ "type": "Feature", "properties": { "Id": 0 }, "geometry": { "type": "MultiPolygon", "coordinates": [ [ [ [ 67.273424859193653, 28.372090366476471 ], [ 67.260575769762113, 28.362096630251983 ], [ 67.255816847750452, 28.360668953648371 ], [ 67.255816847750452, 28.352578786228662 ], [ 67.250582033537739, 28.349247540820386 ], [ 67.24487132712369, 28.337350235791234 ], [ 67.233449914295704, 28.329260068371525 ], [ 67.234877590899146, 28.318314547744592 ], [ 67.242491866117859, 28.307844919319052 ], [ 67.240588297313195, 28.290712800077074 ], [ 67.231070453289874, 28.28880923127241 ], [ 67.229166884485267, 28.281670848254919 ], [ 67.229642776686319, 28.273104788633816 ], [ 67.227263315680489, 28.265014621214107 ], [ 67.230594561088708, 28.255496777190785 ], [ 67.232022237692149, 28.237888765747584 ], [ 67.229642776686319, 28.222184323109161 ], [ 67.229642776686319, 28.201245066257741 ], [ 67.219649040461945, 28.170787965383113 ], [ 67.20013746021408, 28.159366552555184 ], [ 67.190619616190759, 28.148896924129474 ], [ 67.178246418960441, 28.132716589289828 ], [ 67.163493760724236, 28.11796393105368 ], [ 67.153500024499749, 28.118439823254846 ], [ 67.150168779091644, 28.108446087030359 ], [ 67.148741102488088, 28.103211272817646 ], [ 67.151596455695085, 28.094645213196543 ], [ 67.153024132298697, 28.088458614581498 ], [ 67.156831269907968, 28.079416662759343 ], [ 67.146123695381732, 28.09421691021555 ], [ 67.136129959157188, 28.104924484741787 ], [ 67.139699150665933, 28.116345897569772 ], [ 67.141840665571237, 28.122056603983822 ], [ 67.15040672519217, 28.124198118888955 ], [ 67.15825894651141, 28.122770442285514 ], [ 67.163969652925459, 28.125625795492567 ], [ 67.160400461416714, 28.129194987001313 ], [ 67.160400461416714, 28.139188723225686 ], [ 67.168252682735897, 28.145613267941428 ], [ 67.173963389149947, 28.159176195674718 ], [ 67.179674095563882, 28.16774225529565 ], [ 67.192523184995423, 28.174880638313141 ], [ 67.200375406314606, 28.192726595856868 ], [ 67.203944597823352, 28.204148008684967 ], [ 67.209655304237401, 28.220566289625083 ], [ 67.21036914253915, 28.231987702453068 ], [ 67.209655304237401, 28.240553762074114 ], [ 67.213938334047896, 28.2519751749021 ], [ 67.2160798489532, 28.263396587730028 ], [ 67.2160798489532, 28.272676485652823 ], [ 67.2160798489532, 28.287667089989554 ], [ 67.222504393668828, 28.2912362814983 ], [ 67.232498129893315, 28.293377796403604 ], [ 67.233211968195064, 28.303371532627978 ], [ 67.228215100082878, 28.306226885834974 ], [ 67.221790555367079, 28.309082239042027 ], [ 67.216793687254892, 28.31693446036121 ], [ 67.223218231970691, 28.321931328473568 ], [ 67.222504393668828, 28.329783549792751 ], [ 67.222504393668828, 28.34334647752604 ], [ 67.222504393668828, 28.348343345638227 ], [ 67.22892893838457, 28.354054052052277 ], [ 67.222504393668828, 28.364761626578513 ], [ 67.223218231970691, 28.368330818087259 ], [ 67.233211968195064, 28.374755362802887 ], [ 67.237494998005673, 28.383321422423933 ], [ 67.23678115970381, 28.392601320346614 ], [ 67.244633381023164, 28.391173643743173 ], [ 67.248916410833601, 28.380466069216936 ], [ 67.251771764040654, 28.369044656388951 ], [ 67.253913278945788, 28.36404778827665 ], [ 67.261765500265028, 28.365475464880205 ], [ 67.266048530075636, 28.37546920110475 ], [ 67.268903883282519, 28.38260758412224 ], [ 67.273424859193653, 28.372090366476471 ] ] ] ] } },
{ "type": "Feature", "properties": { "Id": 0 }, "geometry": { "type": "MultiPolygon", "coordinates": [ [ [ [ 67.105434912182091, 28.066853108648502 ], [ 67.126850061234563, 28.064473647642671 ], [ 67.131608983246224, 28.05019688160769 ], [ 67.128634656988936, 28.044843094344571 ], [ 67.12476803285449, 28.045140526970329 ], [ 67.119711678217072, 28.041571335461583 ], [ 67.115250188831169, 28.041571335461583 ], [ 67.112870727825339, 28.041868768087284 ], [ 67.106029777433548, 28.044248229093114 ], [ 67.105732344807848, 28.041571335461583 ], [ 67.099188827041814, 28.03532525032125 ], [ 67.096809366035984, 28.031458626186804 ], [ 67.092942741901481, 28.025807406297929 ], [ 67.085209493632533, 28.027294569426601 ], [ 67.08104543687233, 28.029079165180974 ], [ 67.077476245363584, 28.023130512666398 ], [ 67.081640302123787, 28.017479292777523 ], [ 67.087291522012663, 28.012720370765862 ], [ 67.080153138995172, 28.01093577501149 ], [ 67.073014755977681, 28.01301780339162 ], [ 67.064984075082975, 28.01301780339162 ], [ 67.062604614077145, 28.017181860151823 ], [ 67.060225153071315, 28.016289562274608 ], [ 67.055763663685411, 28.012422938140162 ], [ 67.051897039550909, 28.009448611882874 ], [ 67.04386635865626, 28.006176852999829 ], [ 67.041189465024672, 28.004689689871213 ], [ 67.041486897650429, 27.999930767859553 ], [ 67.038215138767384, 27.997253874227965 ], [ 67.033158784130023, 27.994576980596435 ], [ 67.029887025246978, 27.99576671109935 ], [ 67.028697294744063, 27.99844360473088 ], [ 67.030481890498436, 28.001417930988168 ], [ 67.031671621001351, 28.007664016128501 ], [ 67.028697294744063, 28.007069150877044 ], [ 67.02423580535816, 28.009448611882874 ], [ 67.021558911726572, 28.007069150877044 ], [ 67.021558911726572, 28.001715363613926 ], [ 67.020964046475115, 27.998741037356638 ], [ 67.017989720217827, 27.991007789087689 ], [ 67.014717961334838, 27.985654001824571 ], [ 67.011446202451793, 27.983274540818741 ], [ 67.014420528709081, 27.97851561880708 ], [ 67.015610259211996, 27.97405412942112 ], [ 67.012338500329008, 27.976731023052707 ], [ 67.010851337200336, 27.98089507981291 ], [ 67.009661606697421, 27.977623320929865 ], [ 67.011446202451793, 27.974946427298335 ], [ 67.007877010943048, 27.97643359042695 ], [ 67.005200117311517, 27.97851561880708 ], [ 66.999251464796941, 27.971674668415289 ], [ 67.006389847814432, 27.967213179029386 ], [ 67.008471876194506, 27.963941420146341 ], [ 67.005200117311517, 27.962751689643426 ], [ 67.002820656305687, 27.958587632883223 ], [ 67.000441195299857, 27.958290200257522 ], [ 66.998954032171184, 27.957992767631765 ], [ 67.000441195299857, 27.95442357612302 ], [ 66.999846330048399, 27.948772356234201 ], [ 66.996277138539654, 27.948474923608444 ], [ 66.996574571165354, 27.944905732099699 ], [ 66.995682273288196, 27.94163397321671 ], [ 66.994789975410981, 27.938957079585123 ], [ 66.991518216527993, 27.936280185953592 ], [ 66.98188139945421, 27.929617695137097 ], [ 66.976170693040331, 27.929617695137097 ], [ 66.96094214260296, 27.929617695137097 ], [ 66.945713592165532, 27.927714126332489 ], [ 66.933756800611377, 27.931313061103822 ], [ 66.929711716901409, 27.930123330600907 ], [ 66.927332255895578, 27.93059922280213 ], [ 66.924476902688582, 27.932026899405571 ], [ 66.922573333883918, 27.930837168902656 ], [ 66.921383603381003, 27.927743869595076 ], [ 66.919004142375172, 27.928457707896825 ], [ 66.918052357972954, 27.927981815695773 ], [ 66.915672896967124, 27.927505923494607 ], [ 66.912103705458378, 27.924412624187028 ], [ 66.91257959765943, 27.921795217080501 ], [ 66.916148789168176, 27.917988079471286 ], [ 66.919480034576395, 27.91441888796254 ], [ 66.92066976507931, 27.90965996595088 ], [ 66.924476902688582, 27.902283636832692 ], [ 66.923049226085141, 27.895145253815201 ], [ 66.923287172185667, 27.888482762998876 ], [ 66.924952794889748, 27.883010002685523 ], [ 66.92400101048753, 27.878489026774389 ], [ 66.92400101048753, 27.870636805455149 ], [ 66.922097441682752, 27.870636805455149 ], [ 66.922097441682752, 27.876109565768559 ], [ 66.919717980676921, 27.874205996963894 ], [ 66.919242088475869, 27.870636805455149 ], [ 66.922097441682752, 27.863974314638881 ], [ 66.91591084306765, 27.860643069230662 ], [ 66.910676028854766, 27.863498422437658 ], [ 66.909962190553074, 27.874443943064591 ], [ 66.910913974955463, 27.878489026774389 ], [ 66.916624681369342, 27.887530978596658 ], [ 66.914007274262985, 27.890862224004707 ], [ 66.911865759357681, 27.895621146016367 ], [ 66.914959058665261, 27.89847649922342 ], [ 66.910676028854766, 27.900142121927558 ], [ 66.914959058665261, 27.900142121927558 ], [ 66.91591084306765, 27.902759529033858 ], [ 66.916386735268816, 27.906328720542604 ], [ 66.916386735268816, 27.912753265258402 ], [ 66.914483166464208, 27.91441888796254 ], [ 66.912103705458378, 27.915608618465455 ], [ 66.913293435961293, 27.918463971672452 ], [ 66.910676028854766, 27.921557270980031 ], [ 66.908534513949633, 27.92488851638808 ], [ 66.907582729547244, 27.926554139092161 ], [ 66.911389867156515, 27.929171546198688 ], [ 66.914007274262985, 27.930837168902656 ], [ 66.914483166464208, 27.932264845506268 ], [ 66.917814411872257, 27.931788953305045 ], [ 66.920431818978784, 27.934644306512098 ], [ 66.924238956588056, 27.934168414310875 ], [ 66.929235824700243, 27.936309929216179 ], [ 66.933756800611377, 27.937737605819621 ], [ 66.937563938220649, 27.939879120724925 ], [ 66.945416159540002, 27.944875988837111 ], [ 66.943036698534172, 27.945113934937638 ], [ 66.940895183628868, 27.944875988837111 ], [ 66.936612153818373, 27.942258581730755 ], [ 66.938039830421815, 27.946065719340027 ], [ 66.941133129729394, 27.94892107254708 ], [ 66.935898315516681, 27.949396964748246 ], [ 66.932805016208988, 27.952966156256991 ], [ 66.930663501303798, 27.952966156256991 ], [ 66.929949663002105, 27.954869725061656 ], [ 66.927808148096801, 27.95367999455874 ], [ 66.924952794889748, 27.952728210156295 ], [ 66.926856363694412, 27.95629740166504 ], [ 66.923763064386833, 27.960104539274482 ], [ 66.918052357972954, 27.962484000280313 ], [ 66.911865759357681, 27.967718814493026 ], [ 66.901158184831445, 27.977474604617043 ], [ 66.899016669926311, 27.976522820214598 ], [ 66.896637208920481, 27.973905413108298 ], [ 66.895685424518092, 27.976522820214598 ], [ 66.899730508228004, 27.979616119522177 ], [ 66.890688556405905, 27.987706286942057 ], [ 66.889260879802293, 27.991037532350276 ], [ 66.886405526595297, 27.991037532350276 ], [ 66.881884550684276, 27.997224130965378 ], [ 66.87664973647145, 28.002696891278731 ], [ 66.872366706660955, 28.006741974988699 ], [ 66.869035461252736, 28.008645543793307 ], [ 66.869035461252736, 28.011025004799137 ], [ 66.866656000246905, 28.012452681402749 ], [ 66.865942161945213, 28.015545980710328 ], [ 66.864276539241075, 28.017687495615462 ], [ 66.862848862637634, 28.020066956621292 ], [ 66.859517617229415, 28.020066956621292 ], [ 66.859279671128888, 28.021018741023681 ], [ 66.861421186034079, 28.022684363727819 ], [ 66.864752431442298, 28.022922309828289 ], [ 66.862610916536994, 28.02506382473365 ], [ 66.866418054146379, 28.025301770834119 ], [ 66.867131892448128, 28.028870962342864 ], [ 66.869273407353433, 28.030298638946476 ], [ 66.867369838548655, 28.031964261650444 ], [ 66.865704215844687, 28.03481961485744 ], [ 66.863324754838857, 28.036009345360355 ], [ 66.863800647039909, 28.038150860265716 ], [ 66.861897078235245, 28.039340590768632 ], [ 66.86070734773233, 28.042909782277377 ], [ 66.857614048424807, 28.046478973786122 ], [ 66.855234587418977, 28.049572273093645 ], [ 66.851300545222784, 28.052919381575236 ], [ 66.847493407613342, 28.052919381575236 ], [ 66.842258593400459, 28.053395273776232 ], [ 66.832264857176142, 28.059105980190338 ], [ 66.819891659945768, 28.07100328521949 ], [ 66.80751846271545, 28.080045237041588 ], [ 66.801331864100348, 28.085755943455638 ], [ 66.797048834289683, 28.079569344840365 ], [ 66.790386343473415, 28.077189883834535 ], [ 66.795621157686298, 28.087659512260302 ], [ 66.791814020077027, 28.090514865467298 ], [ 66.787530990266362, 28.09432200307657 ], [ 66.787530990266362, 28.10241217049645 ], [ 66.787530990266362, 28.107171092508111 ], [ 66.781344391651317, 28.114309475525602 ], [ 66.773730116432603, 28.118116613134873 ], [ 66.767543517817501, 28.118116613134873 ], [ 66.773730116432603, 28.122399642945311 ], [ 66.766591733415112, 28.130489810365248 ], [ 66.762308703604674, 28.131917486968632 ], [ 66.762308703604674, 28.136200516779297 ], [ 66.758977458196398, 28.139055869986123 ], [ 66.75469442838596, 28.139055869986123 ], [ 66.753742643983742, 28.137152301181516 ], [ 66.748031937569692, 28.140483546589735 ], [ 66.743273015558032, 28.136676408980293 ], [ 66.740417662350978, 28.134772840175685 ], [ 66.736610524741707, 28.133345163572244 ], [ 66.737562309143925, 28.127158564956972 ], [ 66.73137571052888, 28.124303211750146 ], [ 66.728520357321827, 28.121447858543092 ], [ 66.726616788517219, 28.116213044330266 ], [ 66.721381974304336, 28.116213044330266 ], [ 66.708056992671743, 28.11526125992782 ], [ 66.700442717453086, 28.116213044330266 ], [ 66.685690059216881, 28.123827319548923 ], [ 66.666654371170239, 28.132393379169855 ], [ 66.65523295834231, 28.137152301181516 ], [ 66.652377605135257, 28.137628193382739 ], [ 66.641432084508494, 28.139055869986123 ], [ 66.626203534071124, 28.137152301181516 ], [ 66.611926768036142, 28.137152301181516 ], [ 66.604788385018651, 28.140007654388569 ], [ 66.621444612059463, 28.140959438790958 ], [ 66.632866024887392, 28.142863007595565 ], [ 66.649522251928204, 28.145242468601396 ], [ 66.66332312576219, 28.138104085583905 ], [ 66.679503460601779, 28.135248732376908 ], [ 66.692828442234372, 28.126206780554753 ], [ 66.705201639464747, 28.120496074140704 ], [ 66.716147160091452, 28.120496074140704 ], [ 66.728520357321827, 28.125254996152364 ], [ 66.734706955937099, 28.134296947974462 ], [ 66.735658740339318, 28.141435330991953 ], [ 66.743273015558032, 28.146670145204837 ], [ 66.743273015558032, 28.150953175015275 ], [ 66.735182848138095, 28.162850480044426 ], [ 66.730899818327657, 28.169988863061917 ], [ 66.721857866505559, 28.17855492268302 ], [ 66.716623052292675, 28.184741521298122 ], [ 66.711388238079792, 28.191879904315613 ], [ 66.700442717453086, 28.202349532741323 ], [ 66.691876657832154, 28.206156670350765 ], [ 66.689497196826323, 28.213770945569308 ], [ 66.684738274814663, 28.227571819403238 ], [ 66.677599891797172, 28.238041447828778 ], [ 66.680455245003998, 28.24660750744988 ], [ 66.666178478969016, 28.255173567070813 ], [ 66.656660634945695, 28.268022656502353 ], [ 66.654757066141087, 28.275161039519844 ], [ 66.651901712934034, 28.288010128951214 ], [ 66.644287437715548, 28.290865482158267 ], [ 66.635245485893222, 28.298955649578147 ], [ 66.630010671680395, 28.306094032595638 ], [ 66.624775857467682, 28.31799133762479 ], [ 66.621920504260686, 28.324177936239892 ], [ 66.623586126964767, 28.327985073849163 ], [ 66.628107102875731, 28.321322583032838 ], [ 66.631438348284007, 28.313470361713655 ], [ 66.635483431993919, 28.307045816997856 ], [ 66.637149054698057, 28.301097164483281 ], [ 66.641907976709717, 28.300383326181588 ], [ 66.646191006520155, 28.297527972974535 ], [ 66.649522251928204, 28.294910565868179 ], [ 66.655946796644002, 28.289913697755878 ], [ 66.656422688845225, 28.284202991341942 ], [ 66.659991880353971, 28.278254338827367 ], [ 66.661895449158578, 28.274209255117455 ], [ 66.662847233560967, 28.269212387005268 ], [ 66.667606155572628, 28.263025788389996 ], [ 66.673554808087204, 28.258742758579558 ], [ 66.67855167619939, 28.253745890467371 ], [ 66.678789622300087, 28.261836057887081 ], [ 66.68426238261344, 28.269450333105794 ], [ 66.68188292160761, 28.260170435182999 ], [ 66.68188292160761, 28.257315081976117 ], [ 66.680693191104695, 28.25469767486959 ], [ 66.680217298903528, 28.251842321662593 ], [ 66.687355681921019, 28.24660750744988 ], [ 66.689021304625101, 28.243514208142187 ], [ 66.694256118837984, 28.251128483360844 ], [ 66.694018172737287, 28.243990100343353 ], [ 66.689021304625101, 28.241372693236997 ], [ 66.693542280536064, 28.228682234539235 ], [ 66.697349418145507, 28.219164390515914 ], [ 66.701156555754778, 28.211550115297257 ], [ 66.708770830973492, 28.206791193285596 ], [ 66.723999381410863, 28.193466211653003 ], [ 66.728758303422524, 28.184900152031901 ], [ 66.739227931848063, 28.176334092410968 ], [ 66.743986853859724, 28.163009110778262 ], [ 66.749697560273773, 28.15444305115733 ], [ 66.764926110710974, 28.151587697950276 ], [ 66.78110644555079, 28.143973422731619 ], [ 66.77563368523721, 28.139749879446356 ], [ 66.768197869594189, 28.141831907826429 ], [ 66.764926110710974, 28.137965283691983 ], [ 66.768792734845647, 28.13380122693178 ], [ 66.774741387360223, 28.131124333300193 ], [ 66.780987472500328, 28.123093652405544 ], [ 66.780095174623341, 28.118632163019583 ], [ 66.785151529260531, 28.122796219779786 ], [ 66.786043827137917, 28.116847567265211 ], [ 66.787828422892289, 28.113278375756465 ], [ 66.790802749149577, 28.110898914750635 ], [ 66.792289912278022, 28.106437425364732 ], [ 66.793182210155408, 28.099893907598698 ], [ 66.799130862669983, 28.098109311844325 ], [ 66.804187217307174, 28.095134985587038 ], [ 66.80983843719622, 28.097217013967111 ], [ 66.816976820213711, 28.097217013967111 ], [ 66.825304933734117, 28.100191340224399 ], [ 66.826197231611104, 28.104950262236059 ], [ 66.827089529488489, 28.110006616873477 ], [ 66.826494664237032, 28.114765538885138 ], [ 66.825899798985574, 28.118632163019583 ], [ 66.828814638717631, 28.130945873724727 ], [ 66.815489657085095, 28.137608364541052 ], [ 66.799309322245449, 28.149981561771369 ], [ 66.830718207522295, 28.141415502150267 ], [ 66.837380698338734, 28.139511933345659 ], [ 66.856416386385376, 28.151885130576034 ], [ 66.86878958361558, 28.166161896611015 ], [ 66.882114565248344, 28.175679740634337 ], [ 66.90019846889254, 28.187101153462265 ], [ 66.908764528513643, 28.187101153462265 ], [ 66.915427019329968, 28.188052937864654 ], [ 66.926848432157897, 28.194715428680979 ], [ 66.931607354169557, 28.205185057106689 ], [ 66.92970378536495, 28.217558254337064 ], [ 66.927800216560286, 28.236593942383706 ], [ 66.924944863353289, 28.246111786407027 ], [ 66.919234156939183, 28.258484983637345 ], [ 66.92970378536495, 28.268954612062885 ], [ 66.933510922974165, 28.276568887281599 ], [ 66.935414491778829, 28.28608673130492 ], [ 66.92970378536495, 28.288942084511973 ], [ 66.928752000962504, 28.304170634949173 ], [ 66.943028766997486, 28.276568887281599 ], [ 66.937318060583607, 28.26514747445367 ], [ 66.92970378536495, 28.252774277223295 ], [ 66.949691257813811, 28.239449295590703 ], [ 66.953498395423253, 28.217558254337064 ], [ 66.954450179825471, 28.19947435069264 ], [ 66.945884120204539, 28.189956506669319 ], [ 66.932559138571946, 28.183294015852994 ], [ 66.918282372536964, 28.180438662645997 ], [ 66.915427019329968, 28.16996903422023 ], [ 66.910172376275398, 28.169473313177548 ], [ 66.908685213146782, 28.169473313177548 ], [ 66.906603184766652, 28.16649898692026 ], [ 66.901844262754992, 28.167093852171718 ], [ 66.895598177614715, 28.167391284797247 ], [ 66.891136688228755, 28.162929795411515 ], [ 66.886377766217095, 28.168283582674633 ], [ 66.885188035714179, 28.159955469154227 ], [ 66.884295737837022, 28.155493979768096 ], [ 66.872101000182113, 28.155493979768096 ], [ 66.869126673924825, 28.150735057756435 ], [ 66.868234376047667, 28.144191539990402 ], [ 66.859608829901504, 28.140027483230199 ], [ 66.851578149006855, 28.131699369709793 ], [ 66.845332063866522, 28.118017468926269 ], [ 66.846224361743737, 28.105525298645659 ], [ 66.84830639012381, 28.093925426242436 ], [ 66.85276787950977, 28.074592305569865 ], [ 66.860203695152961, 28.070130816184133 ], [ 66.853660177386928, 28.071320546687048 ], [ 66.854552475264143, 28.065371894172472 ], [ 66.858419099398589, 28.054069454394778 ], [ 66.868829241299125, 28.054069454394778 ], [ 66.868234376047667, 28.052284858640405 ], [ 66.858121666772888, 28.052284858640405 ], [ 66.864070319287464, 28.045443908248444 ], [ 66.869126673924825, 28.035628631599593 ], [ 66.874183028562243, 28.026110787576272 ], [ 66.871208702304955, 28.026408220201802 ], [ 66.870613837053497, 28.023136461318813 ], [ 66.874183028562243, 28.021649298190141 ], [ 66.868234376047667, 28.019567269810068 ], [ 66.8747778938137, 28.01421348254712 ], [ 66.875967624316615, 28.007669964780916 ], [ 66.879239383199604, 28.00975199316099 ], [ 66.887864929345767, 28.001423879640583 ], [ 66.895003312363258, 27.991906035617262 ], [ 66.900357099626376, 27.989526574611432 ], [ 66.90719805001811, 27.980008730588111 ], [ 66.919987652924476, 27.97287034757062 ], [ 66.933074688456543, 27.966326829804586 ], [ 66.943782262982779, 27.962460205670141 ], [ 66.957166731140546, 27.958891014161395 ], [ 66.969658901421155, 27.952050063769605 ], [ 66.972633227678443, 27.951157765892447 ], [ 66.978284447567319, 27.949670602763774 ], [ 66.980663908573149, 27.945803978629328 ], [ 66.977987014941561, 27.944316815500656 ], [ 66.983043369578979, 27.94045019136621 ], [ 66.986315128461968, 27.945209113377871 ], [ 66.99018175259647, 27.945209113377871 ], [ 66.99018175259647, 27.942234787120583 ], [ 66.993453511479458, 27.943721950249198 ], [ 66.994643241982374, 27.956214120529808 ], [ 66.991668915725086, 27.960973042541468 ], [ 66.994345809356673, 27.964839666675971 ], [ 66.995535539859588, 27.969301156061874 ], [ 66.992561213602301, 27.969003723436174 ], [ 66.992263780976543, 27.975547241202207 ], [ 66.997022702988204, 27.983280489471156 ], [ 66.998509866116876, 27.987444546231359 ], [ 66.998212433491119, 27.99458292924885 ], [ 67.003566220754237, 27.990121439862889 ], [ 67.006837979637282, 27.989526574611432 ], [ 67.005945681760068, 27.99458292924885 ], [ 67.010704603771728, 27.998152120757595 ], [ 67.010704603771728, 28.002911042769256 ], [ 67.016058391034846, 28.008859695283832 ], [ 67.022304476175179, 28.013023752044205 ], [ 67.028550561315456, 28.010941723663905 ], [ 67.035391511707246, 28.013618617295492 ], [ 67.039258135841692, 28.015998078301322 ], [ 67.035986376958704, 28.00975199316099 ], [ 67.033904348578574, 28.005290503775086 ], [ 67.039258135841692, 28.008859695283832 ], [ 67.042529894724737, 28.015700645675565 ], [ 67.046396518859183, 28.01213145416682 ], [ 67.057698958636877, 28.017485241429938 ], [ 67.057698958636877, 28.019864702435768 ], [ 67.058591256514092, 28.021649298190141 ], [ 67.062457880648537, 28.020459567687226 ], [ 67.075544916180604, 28.030869709587932 ], [ 67.080898703443722, 28.038008092605423 ], [ 67.081791001320937, 28.033546603219293 ], [ 67.085657625455383, 28.03384403584522 ], [ 67.08833451908697, 28.038008092605423 ], [ 67.093390873724331, 28.044254177745529 ], [ 67.10112412199328, 28.047823369254274 ], [ 67.10558561137924, 28.054664319646236 ], [ 67.111236831268059, 28.060018106909354 ], [ 67.105434912182091, 28.066853108648502 ] ] ] ] } },
{ "type": "Feature", "properties": { "Id": 0 }, "geometry": { "type": "MultiPolygon", "coordinates": [ [ [ [ 66.715016916113939, 27.814537046474356 ], [ 66.72691422114309, 27.781224592392732 ], [ 66.740001256675157, 27.76694782635775 ], [ 66.780452093774272, 27.737204563784871 ], [ 66.801867242826745, 27.714599684229484 ], [ 66.809005625844236, 27.687235882662435 ], [ 66.805436434335491, 27.664631003107047 ], [ 66.810195356347151, 27.638456932042914 ], [ 66.813764547855897, 27.622990435505017 ], [ 66.805436434335491, 27.618231513493356 ], [ 66.811385086850066, 27.596816364440883 ], [ 66.824472122382133, 27.565883371365089 ], [ 66.830420774896709, 27.532570917283465 ], [ 66.824472122382133, 27.515914690242653 ], [ 66.828041313890878, 27.493309810687265 ], [ 66.8375591579142, 27.473084392137707 ], [ 66.848266732440436, 27.458807626102725 ], [ 66.849456462943351, 27.445720590570659 ], [ 66.858974306966672, 27.427874633026931 ], [ 66.860164037469588, 27.405269753471543 ], [ 66.874440803504569, 27.382664873916156 ], [ 66.887527839036636, 27.355301072349107 ], [ 66.899425144065788, 27.333885923296634 ], [ 66.91370191010077, 27.30295293022084 ], [ 66.92084029311826, 27.275589128653792 ], [ 66.922030023621176, 27.251794518595489 ], [ 66.931547867644497, 27.243466405075083 ], [ 66.9553424777028, 27.242276674572167 ], [ 66.960101399714461, 27.231569100045931 ], [ 66.975567896252358, 27.218482064513864 ], [ 66.971998704743612, 27.201825837473052 ], [ 66.986275470778594, 27.191118262946816 ], [ 66.994603584299, 27.198256645964307 ], [ 67.011259811339812, 27.18754907143807 ], [ 67.018398194357303, 27.163754461379767 ], [ 67.026726307877709, 27.155426347859361 ], [ 67.027916038380624, 27.138770120818549 ], [ 67.035054421398115, 27.132821468303973 ], [ 67.050520917936012, 27.131631737801058 ], [ 67.061228492462249, 27.117354971766076 ], [ 67.044572265421436, 27.123303624280652 ], [ 67.071936066988485, 27.094750092210688 ], [ 67.063607953468079, 27.082852787181537 ], [ 67.051710648438927, 27.10664739723984 ], [ 67.038623612906861, 27.123303624280652 ], [ 67.024346846871879, 27.132821468303973 ], [ 67.017208463854388, 27.154236617356446 ], [ 67.002931697819406, 27.175651766408919 ], [ 66.983896009772764, 27.176841496911834 ], [ 66.974378165749442, 27.189928532443901 ], [ 66.964860321726121, 27.175651766408919 ], [ 66.963670591223206, 27.198256645964307 ], [ 66.947014364182394, 27.22205125602261 ], [ 66.938686250661988, 27.231569100045931 ], [ 66.912512179597854, 27.233948561051761 ], [ 66.911322449094939, 27.255363710104234 ], [ 66.900614874568703, 27.286296703180028 ], [ 66.883958647527891, 27.299383738712095 ], [ 66.886338108533721, 27.308901582735416 ], [ 66.868492150989994, 27.329127001284974 ], [ 66.850646193446266, 27.351731880840362 ], [ 66.848266732440436, 27.367198377378259 ], [ 66.844697540931691, 27.390992987436562 ], [ 66.825661852885048, 27.396941639951137 ], [ 66.820902930873388, 27.419546519506525 ], [ 66.832800235902539, 27.411218405986119 ], [ 66.84231807992586, 27.402890292465713 ], [ 66.844697540931691, 27.419546519506525 ], [ 66.8375591579142, 27.443341129564828 ], [ 66.818523469867557, 27.463566548114386 ], [ 66.806626164838406, 27.509966037728077 ], [ 66.812574817352981, 27.53614010879221 ], [ 66.816144008861727, 27.552796335833023 ], [ 66.806626164838406, 27.56826283237092 ], [ 66.799487781820915, 27.590867711926307 ], [ 66.794728859809254, 27.60990339997295 ], [ 66.781641824277187, 27.624180166007932 ], [ 66.795918590312169, 27.632508279528338 ], [ 66.791159668300509, 27.655113159083726 ], [ 66.779262363271357, 27.671769386124538 ], [ 66.749519100698478, 27.678907769142029 ], [ 66.740001256675157, 27.678907769142029 ], [ 66.712637455108108, 27.675338577633283 ], [ 66.695981228067296, 27.665820733609962 ], [ 66.665048234991502, 27.661061811598302 ], [ 66.637684433424454, 27.655113159083726 ], [ 66.626976858898217, 27.643215854054574 ], [ 66.605561709845745, 27.637267201539998 ], [ 66.625787128395302, 27.661061811598302 ], [ 66.644822816441945, 27.664631003107047 ], [ 66.662668773985672, 27.670579655621623 ], [ 66.68527365354106, 27.671769386124538 ], [ 66.728103951646005, 27.68604615215952 ], [ 66.716206646616854, 27.696753726685756 ], [ 66.712637455108108, 27.715789414732399 ], [ 66.686463384043975, 27.733635372276126 ], [ 66.667427695997333, 27.758619712837344 ], [ 66.637684433424454, 27.777655400883987 ], [ 66.594854135319508, 27.787173244907308 ], [ 66.56749033375246, 27.777655400883987 ], [ 66.517521652629853, 27.776465670381072 ], [ 66.49372704257155, 27.776465670381072 ], [ 66.45922485798701, 27.782414322895647 ], [ 66.443758361449113, 27.810967854965611 ], [ 66.423532942899556, 27.849039231058896 ], [ 66.429481595414131, 27.872833841117199 ], [ 66.450896744466604, 27.831193273515169 ], [ 66.475881085027822, 27.796691088930629 ], [ 66.512762730618192, 27.793121897421884 ], [ 66.543695723694157, 27.790742436416053 ], [ 66.599613057331169, 27.807398663456866 ], [ 66.607941170851575, 27.808588393959781 ], [ 66.599613057331169, 27.84547003955015 ], [ 66.598423326828254, 27.874023571620114 ], [ 66.590095213307848, 27.891869529163841 ], [ 66.591284943810763, 27.906146295198823 ], [ 66.60675144034866, 27.895438720672587 ], [ 66.612700092863236, 27.881161954637605 ], [ 66.618648745377811, 27.856177614076387 ], [ 66.617459014874896, 27.832383004018084 ], [ 66.625787128395302, 27.802639741445205 ], [ 66.667427695997333, 27.785983514404393 ], [ 66.691222306055636, 27.750291599316938 ], [ 66.700740150078957, 27.740773755293617 ], [ 66.704309341587702, 27.775275939878156 ], [ 66.712637455108108, 27.785983514404393 ], [ 66.715016916113939, 27.814537046474356 ] ] ] ] } },
{ "type": "Feature", "properties": { "Id": 0 }, "geometry": { "type": "MultiPolygon", "coordinates": [ [ [ [ 67.129043131128412, 27.415739381897254 ], [ 67.116194041696872, 27.401462615862272 ], [ 67.12047707150731, 27.382902820016682 ], [ 67.10762798207594, 27.352921611343277 ], [ 67.08906818623052, 27.348638581532839 ], [ 67.080502126609417, 27.30295293022084 ], [ 67.08335747981647, 27.295814547203349 ], [ 67.069080713781489, 27.285820810978805 ], [ 67.057659300953503, 27.272971721547265 ], [ 67.051948594539454, 27.274399398150877 ], [ 67.060514654160556, 27.241562836270248 ], [ 67.060514654160556, 27.230141423442319 ], [ 67.061942330763998, 27.193021831751423 ], [ 67.067653037178047, 27.151619210249919 ], [ 67.086212833023467, 27.130204061197446 ], [ 67.087640509626908, 27.101650529127483 ], [ 67.071936066988485, 27.094750092210688 ], [ 67.071579147837554, 27.112358103653719 ], [ 67.06836687547974, 27.121281082425583 ], [ 67.063370007367382, 27.133059414404499 ], [ 67.058373139255252, 27.153046886853531 ], [ 67.053733190293826, 27.163040623077848 ], [ 67.051591675388693, 27.170179006095339 ], [ 67.045880968974643, 27.17838814656551 ], [ 67.041954858314909, 27.195520265807545 ], [ 67.038742585957152, 27.218006172312641 ], [ 67.041597939164149, 27.226215312782813 ], [ 67.035173394448407, 27.245845866080913 ], [ 67.031961122090593, 27.251913491645723 ], [ 67.033388798694034, 27.260836470417587 ], [ 67.039456424258844, 27.260836470417587 ], [ 67.041597939164149, 27.265476419379013 ], [ 67.038385666806164, 27.270830206642131 ], [ 67.033031879543046, 27.276540913056181 ], [ 67.03255598734205, 27.283084430822214 ], [ 67.025893496525555, 27.289746921638539 ], [ 67.015423868100015, 27.29926476566186 ], [ 66.999243533260426, 27.306879040880517 ], [ 66.982111414018391, 27.3097343940874 ], [ 66.962123941569359, 27.315445100501449 ], [ 66.949750744338985, 27.326866513329378 ], [ 66.935473978304003, 27.348757554583074 ], [ 66.934522193901785, 27.363034320618056 ], [ 66.925956134280682, 27.38587714627397 ], [ 66.926907918683128, 27.400153912308951 ], [ 66.935473978304003, 27.400153912308951 ], [ 66.943088253522717, 27.376359302250648 ], [ 66.949750744338985, 27.354468260997123 ], [ 66.955461450753091, 27.34114327936436 ], [ 66.959268588362306, 27.33067365093882 ], [ 66.971641785592681, 27.323059375720163 ], [ 67.001147102065033, 27.318300453708503 ], [ 66.984966767225444, 27.342095063766806 ], [ 67.015423868100015, 27.316396884903838 ], [ 67.037314909353711, 27.310686178489789 ], [ 67.045880968974643, 27.304023687673521 ], [ 67.055398812997964, 27.295457628052418 ], [ 67.059205950607179, 27.315445100501449 ], [ 67.063013088216621, 27.324011160122382 ], [ 67.0687237946305, 27.337336141755145 ], [ 67.074434501044607, 27.353516476594734 ], [ 67.090614835884196, 27.37540751784843 ], [ 67.109650523931009, 27.394443205895072 ], [ 67.088711267079589, 27.40110569671134 ], [ 67.074434501044607, 27.409671756332273 ], [ 67.074434501044607, 27.420141384757983 ], [ 67.061109519412014, 27.420141384757983 ], [ 67.045880968974643, 27.447743132425558 ], [ 67.041122046962982, 27.464875251667536 ], [ 67.04302561576759, 27.478200233300299 ], [ 67.056350597400353, 27.486766292921232 ], [ 67.059205950607179, 27.470585958081642 ], [ 67.056350597400353, 27.458212760851268 ], [ 67.071579147837554, 27.428707444378915 ], [ 67.092518404688803, 27.421093169160372 ], [ 67.105843386321567, 27.413478893941715 ], [ 67.115361230344888, 27.421093169160372 ], [ 67.121071936758995, 27.433466366390576 ], [ 67.122023721161213, 27.42204495356259 ], [ 67.123927289965991, 27.42204495356259 ], [ 67.129043131128412, 27.415739381897254 ] ] ] ] } },
{ "type": "Feature", "properties": { "Id": 0 }, "geometry": { "type": "MultiPolygon", "coordinates": [ [ [ [ 66.385521053331502, 27.204681190679878 ], [ 66.406936202383974, 27.202896594925505 ], [ 66.424782159927702, 27.185050637381778 ], [ 66.456904883506411, 27.14043574352246 ], [ 66.451551096243293, 27.104743828435005 ], [ 66.428351351436447, 27.072621104856296 ], [ 66.401582415120856, 27.065482721838805 ], [ 66.401582415120856, 27.031575402505723 ], [ 66.437274330208311, 27.006591061944505 ], [ 66.465827862278275, 26.992314295909523 ], [ 66.492596798593866, 26.965545359593932 ], [ 66.517581139155084, 26.947699402050205 ], [ 66.540780883961929, 26.956622380822068 ], [ 66.551488458488166, 26.945914806295832 ], [ 66.522934926418202, 26.935207231769596 ], [ 66.524719522172745, 26.915576678471496 ], [ 66.519365734909456, 26.87274638036655 ], [ 66.497950585856984, 26.849546635559705 ], [ 66.478320032558884, 26.842408252542214 ], [ 66.455120287752038, 26.819208507735368 ], [ 66.442628117471429, 26.796008762928523 ], [ 66.451551096243293, 26.75496306057795 ], [ 66.451551096243293, 26.731763315771104 ], [ 66.474750841050138, 26.712132762473004 ], [ 66.503304373120102, 26.67644084738555 ], [ 66.522934926418202, 26.628256762017486 ], [ 66.472966245295765, 26.60505701721064 ], [ 66.455120287752038, 26.58542646391254 ], [ 66.455120287752038, 26.549734548825086 ], [ 66.487243011330747, 26.576503485140677 ], [ 66.480104628313256, 26.54616535731634 ], [ 66.460474075015156, 26.533673187035731 ], [ 66.458689479260784, 26.514042633737461 ], [ 66.419428372664584, 26.499765867702479 ], [ 66.383736457577129, 26.497981271948106 ], [ 66.364105904279029, 26.469427739878142 ], [ 66.362321308524656, 26.405182292720724 ], [ 66.362321308524656, 26.389120930931369 ], [ 66.381951861822756, 26.365921186124524 ], [ 66.367675095787774, 26.33736765405456 ], [ 66.394444032103365, 26.308814121984597 ], [ 66.387305649085874, 26.226722717283451 ], [ 66.346259946735302, 26.212445951248469 ], [ 66.328413989191574, 26.253491653599042 ], [ 66.310568031647847, 26.223153525774705 ], [ 66.296291265612865, 26.265983823879651 ], [ 66.27309152080602, 26.274906802651515 ], [ 66.258814754771038, 26.273122206897142 ], [ 66.265953137788529, 26.328444675282697 ], [ 66.298075861367238, 26.35699820735266 ], [ 66.317706414665338, 26.392690122440115 ], [ 66.335552372209065, 26.444443399316924 ], [ 66.337336967963438, 26.456935569597533 ], [ 66.335552372209065, 26.48727369742187 ], [ 66.362321308524656, 26.522965612509495 ], [ 66.392659436348993, 26.522965612509495 ], [ 66.424782159927702, 26.555088336088204 ], [ 66.417643776910211, 26.608626208719386 ], [ 66.431920542945193, 26.622902974754368 ], [ 66.467612458032647, 26.635395145034977 ], [ 66.499735181611356, 26.633610549280604 ], [ 66.487243011330747, 26.655025698333077 ], [ 66.460474075015156, 26.69607140068365 ], [ 66.428351351436447, 26.724624932753613 ], [ 66.433705138699565, 26.756747656332323 ], [ 66.417643776910211, 26.796008762928523 ], [ 66.419428372664584, 26.845977444050959 ], [ 66.437274330208311, 26.808500933209132 ], [ 66.447981904734547, 26.837054465279095 ], [ 66.464043266523902, 26.85311582706845 ], [ 66.485458415576375, 26.867392593103432 ], [ 66.505088968874475, 26.883453954892786 ], [ 66.48902760708512, 26.899515316682141 ], [ 66.505088968874475, 26.920930465734614 ], [ 66.497950585856984, 26.940561019032714 ], [ 66.480104628313256, 26.938776423278341 ], [ 66.456904883506411, 26.967329955348305 ], [ 66.431920542945193, 26.967329955348305 ], [ 66.417643776910211, 26.995883487418268 ], [ 66.387305649085874, 26.997668083172641 ], [ 66.374813478805265, 27.035144594014469 ], [ 66.383736457577129, 27.06191353033006 ], [ 66.383736457577129, 27.08154408362816 ], [ 66.414074585401465, 27.094036253908769 ], [ 66.414074585401465, 27.111882211452496 ], [ 66.43013594719082, 27.14043574352246 ], [ 66.417643776910211, 27.158281701066187 ], [ 66.385521053331502, 27.204681190679878 ] ] ] ] } },
{ "type": "Feature", "properties": { "Id": 0 }, "geometry": { "type": "MultiPolygon", "coordinates": [ [ [ [ 66.842377566451091, 26.640748932298095 ], [ 66.878069481538546, 26.621118379 ], [ 66.881638673047291, 26.594349442684404 ], [ 66.895915439082273, 26.567580506368813 ], [ 66.913761396626001, 26.544380761561968 ], [ 66.954807098976573, 26.514042633737461 ], [ 66.978006843783419, 26.476566122895633 ], [ 67.006560375853383, 26.442658803562551 ], [ 67.038683099432092, 26.417674463001333 ], [ 67.056529056975819, 26.389120930931369 ], [ 67.076159610273919, 26.358782803107033 ], [ 67.110066929607001, 26.31773710075646 ], [ 67.143974248940083, 26.287398972932124 ], [ 67.172527781010047, 26.242784079072806 ], [ 67.170743185255674, 26.205307568230978 ], [ 67.167173993746928, 26.198169185213487 ], [ 67.186804547045028, 26.194599993704742 ], [ 67.190373738553774, 26.203522972476605 ], [ 67.224281057886856, 26.149985099845424 ], [ 67.222496462132483, 26.14106212107356 ], [ 67.204650504588756, 26.162477270126033 ], [ 67.188589142799401, 26.162477270126033 ], [ 67.179666164027537, 26.16069267437166 ], [ 67.183235355536283, 26.132139142301696 ], [ 67.170743185255674, 26.103585610231733 ], [ 67.151112631957574, 26.144631312582305 ], [ 67.14218965318571, 26.191030802195996 ], [ 67.104713142343883, 26.19995378096786 ], [ 67.060098248484564, 26.244568674827178 ], [ 67.047606078203955, 26.274906802651515 ], [ 67.020837141888364, 26.299891143212733 ], [ 67.067236631502055, 26.283829781423378 ], [ 67.045821482449583, 26.303460334721478 ], [ 67.031544716414601, 26.324875483773951 ], [ 67.011914163116501, 26.328444675282697 ], [ 66.983360631046537, 26.344506037072051 ], [ 66.990499014064028, 26.364136590370151 ], [ 66.960160886239692, 26.373059569142015 ], [ 66.942314928695964, 26.399828505457606 ], [ 66.936961141432846, 26.421243654510079 ], [ 66.924468971152237, 26.446227995071297 ], [ 66.915545992380373, 26.460504761106279 ], [ 66.898889765339561, 26.486678832170412 ], [ 66.88937192131624, 26.495006945690818 ], [ 66.879259212041461, 26.499171002451021 ], [ 66.870336233269597, 26.498576137199564 ], [ 66.863197850252106, 26.506309385468512 ], [ 66.856059467234616, 26.519396421000749 ], [ 66.848921084217125, 26.529509130275528 ], [ 66.845351892708379, 26.536647513293019 ], [ 66.844162162205464, 26.550329414076543 ], [ 66.855464601983158, 26.542596165807595 ], [ 66.869146502766682, 26.517611825246206 ], [ 66.873310559526885, 26.508093981222885 ], [ 66.882233538298749, 26.512852903234545 ], [ 66.90662301360851, 26.495006945690818 ], [ 66.918520318637661, 26.480730179655836 ], [ 66.92863302791244, 26.462884222112109 ], [ 66.94826358121054, 26.433735824790688 ], [ 66.954212233725116, 26.41588986724696 ], [ 66.97027359551447, 26.3915003919372 ], [ 66.981576035292164, 26.384362008919709 ], [ 66.995852801327146, 26.380792817410963 ], [ 67.000016858087349, 26.370680108136185 ], [ 67.002396319093179, 26.363541725118694 ], [ 67.013103893619416, 26.355808476849745 ], [ 67.00715524110484, 26.342721441317678 ], [ 67.020837141888364, 26.341531710814763 ], [ 67.027975524905855, 26.352239285341 ], [ 67.02678579440294, 26.370085242884727 ], [ 67.020837141888364, 26.3915003919372 ], [ 67.010724432613586, 26.410536079983842 ], [ 66.992878475069858, 26.421838519761536 ], [ 66.973842787023216, 26.428976902779027 ], [ 66.963730077748437, 26.442063938311094 ], [ 66.953617368473658, 26.462289356860651 ], [ 66.953617368473658, 26.477160988147091 ], [ 66.945289254953252, 26.481325044907294 ], [ 66.929227893163898, 26.486083966918955 ], [ 66.926848432158067, 26.492627484684988 ], [ 66.92625356690661, 26.503929924462682 ], [ 66.913761396626001, 26.508688846474513 ], [ 66.904243552602679, 26.522370747257867 ], [ 66.892941112824985, 26.525939938766612 ], [ 66.881638673047291, 26.531293726029901 ], [ 66.878069481538546, 26.542001300556137 ], [ 66.876284885784173, 26.559847258099865 ], [ 66.8745002900298, 26.569959967374643 ], [ 66.86736190701231, 26.587805924918371 ], [ 66.850705679971497, 26.602082690953353 ], [ 66.838213509690888, 26.607436478216471 ], [ 66.842377566451091, 26.616954322239792 ], [ 66.846541623211294, 26.61992864849708 ], [ 66.838213509690888, 26.626472166263113 ], [ 66.823341878404449, 26.631231088274774 ], [ 66.819772686895703, 26.638369471292265 ], [ 66.821557282650076, 26.648482180567044 ], [ 66.817393225889873, 26.668707599116601 ], [ 66.826911069913194, 26.665138407607856 ], [ 66.829885396170482, 26.655620563584534 ], [ 66.823936743655906, 26.643128393303925 ], [ 66.832264857176312, 26.64193866280101 ], [ 66.842377566451091, 26.640748932298095 ] ] ] ] } },
{ "type": "Feature", "properties": { "Id": 0 }, "geometry": { "type": "MultiPolygon", "coordinates": [ [ [ [ 66.173035185510912, 27.864208294971036 ], [ 66.142697057686576, 27.82137799686609 ], [ 66.128420291651594, 27.785686081778636 ], [ 66.114143525616612, 27.778547698761145 ], [ 66.087374589301021, 27.760701741217417 ], [ 66.067744036002921, 27.74285578367369 ], [ 66.067744036002921, 27.708948464340608 ], [ 66.092728376564139, 27.708948464340608 ], [ 66.124851100142848, 27.705379272831863 ], [ 66.130204887405966, 27.730363613393081 ], [ 66.151620036458439, 27.748209570936808 ], [ 66.137343270423457, 27.725009826129963 ], [ 66.137343270423457, 27.716086847358099 ], [ 66.135558674669085, 27.698240889814372 ], [ 66.156973823721557, 27.687533315288135 ], [ 66.155189227967185, 27.662548974726917 ], [ 66.180173568528403, 27.676825740761899 ], [ 66.205157909089621, 27.666118166235663 ], [ 66.205157909089621, 27.635780038411326 ], [ 66.21765007937023, 27.621503272376344 ], [ 66.208727100598367, 27.587595953043262 ], [ 66.201588717580876, 27.551904037955808 ], [ 66.199804121826503, 27.523350505885844 ], [ 66.21765007937023, 27.510858335605235 ], [ 66.194450334563385, 27.503719952587744 ], [ 66.185527355791521, 27.464458845991544 ], [ 66.176604377019657, 27.448397484202189 ], [ 66.185527355791521, 27.426982335149717 ], [ 66.185527355791521, 27.400213398834126 ], [ 66.173035185510912, 27.35738310072918 ], [ 66.164112206739048, 27.330614164413589 ], [ 66.148050844949694, 27.303845228097998 ], [ 66.13912786617783, 27.280645483291153 ], [ 66.11949731287973, 27.275291696028034 ], [ 66.096297568072885, 27.268153313010544 ], [ 66.08023620628353, 27.25923033423868 ], [ 66.06060565298543, 27.25923033423868 ], [ 66.030267525161094, 27.252091951221189 ], [ 66.019559950634857, 27.243168972449155 ], [ 65.996360205828012, 27.2271076106598 ], [ 65.996360205828012, 27.2074770573617 ], [ 65.960668290740557, 27.173569738028618 ], [ 65.932114758670593, 27.193200291326718 ], [ 65.908915013863748, 27.216400036133564 ], [ 65.949960716214321, 27.212830844624818 ], [ 65.96245288649493, 27.234245993677291 ], [ 65.949960716214321, 27.248522759712444 ], [ 65.991006418564893, 27.252091951221189 ], [ 66.032052120915466, 27.261014929993053 ], [ 66.057036461476685, 27.271722504519289 ], [ 66.09986675958163, 27.284214674799898 ], [ 66.114143525616612, 27.305629823852371 ], [ 66.107005142599121, 27.327044972904844 ], [ 66.126635695897221, 27.348460121957316 ], [ 66.135558674669085, 27.369875271009789 ], [ 66.137343270423457, 27.378798249781653 ], [ 66.149835440704067, 27.398428803079753 ], [ 66.151620036458439, 27.414490164869108 ], [ 66.167681398247794, 27.446612888447817 ], [ 66.156973823721557, 27.47516642051778 ], [ 66.155189227967185, 27.523350505885844 ], [ 66.174819781265285, 27.560827016727671 ], [ 66.192665738809012, 27.582242165780144 ], [ 66.169465994002167, 27.612580293604481 ], [ 66.148050844949694, 27.650056804446308 ], [ 66.117712717125357, 27.666118166235663 ], [ 66.096297568072885, 27.673256549253153 ], [ 66.085589993546648, 27.689317911042508 ], [ 66.065959440248548, 27.689317911042508 ], [ 66.053467269967939, 27.680394932270644 ], [ 66.044544291196075, 27.705379272831863 ], [ 66.044544291196075, 27.725009826129963 ], [ 66.053467269967939, 27.758917145463045 ], [ 66.069528631757294, 27.771409315743654 ], [ 66.085589993546648, 27.798178252059245 ], [ 66.108789738353494, 27.80174744356799 ], [ 66.133774078914712, 27.839223954409817 ], [ 66.155189227967185, 27.862423699216663 ], [ 66.173035185510912, 27.864208294971036 ] ] ] ] } },
{ "type": "Feature", "properties": { "Id": 0 }, "geometry": { "type": "MultiPolygon", "coordinates": [ [ [ [ 67.83092464132352, 25.598366552168784 ], [ 67.845201407358502, 25.622161162227087 ], [ 67.854719251381823, 25.591228169151293 ], [ 67.852339790375993, 25.543638949034687 ], [ 67.868996017416805, 25.536500566017196 ], [ 67.866616556410975, 25.512705955958893 ], [ 67.878513861440126, 25.496049728918081 ], [ 67.885652244457617, 25.48653188489476 ], [ 67.897549549486769, 25.460357813830626 ], [ 67.921344159545072, 25.429424820754832 ], [ 67.899929010492599, 25.405630210696529 ], [ 67.861857634399314, 25.408009671702359 ], [ 67.840442485346841, 25.384215061643886 ], [ 67.82854518031769, 25.386594522649716 ], [ 67.838063024341011, 25.434183742766493 ], [ 67.847580868364332, 25.477014040871438 ], [ 67.852339790375993, 25.526982721993875 ], [ 67.838063024341011, 25.531741644005535 ], [ 67.83092464132352, 25.553156793058008 ], [ 67.83092464132352, 25.598366552168784 ] ] ] ] } },
{ "type": "Feature", "properties": { "Id": 0 }, "geometry": { "type": "MultiPolygon", "coordinates": [ [ [ [ 66.900555388043699, 25.883901872868421 ], [ 66.919591076090342, 25.8743840288451 ], [ 66.926729459107833, 25.841071574763475 ], [ 66.90531431005536, 25.812518042693512 ], [ 66.924349998102002, 25.774446666600227 ], [ 66.924349998102002, 25.750652056541924 ], [ 66.931488381119493, 25.72209852447196 ], [ 66.931488381119493, 25.703062836425318 ], [ 66.945765147154475, 25.686406609384505 ], [ 66.955282991177796, 25.684027148378675 ], [ 66.955282991177796, 25.657853077314542 ], [ 66.950524069166136, 25.631679006250408 ], [ 66.938626764136984, 25.598366552168784 ], [ 66.921970537096172, 25.579330864122142 ], [ 66.90769377106119, 25.56505409808716 ], [ 66.891037544020378, 25.560295176075499 ], [ 66.881519699997057, 25.536500566017196 ], [ 66.879140238991226, 25.512705955958893 ], [ 66.879140238991226, 25.484152423888929 ], [ 66.862484011950414, 25.465116735842287 ], [ 66.855345628932923, 25.436563203772323 ], [ 66.82917155786879, 25.408009671702359 ], [ 66.772064493728863, 25.405630210696529 ], [ 66.722095812606426, 25.398491827679038 ], [ 66.688783358524631, 25.417527515725681 ], [ 66.736372578641408, 25.453219430813135 ], [ 66.75064934467639, 25.446081047795644 ], [ 66.791100181775505, 25.446081047795644 ], [ 66.814894791833808, 25.446081047795644 ], [ 66.836309940886281, 25.453219430813135 ], [ 66.838689401892111, 25.465116735842287 ], [ 66.862484011950414, 25.49129080690642 ], [ 66.857725089938754, 25.517464877970554 ], [ 66.876760777985396, 25.560295176075499 ], [ 66.891037544020378, 25.581710325127972 ], [ 66.914832154078681, 25.610263857197936 ], [ 66.919591076090342, 25.631679006250408 ], [ 66.924349998102002, 25.662611999326202 ], [ 66.912452693072851, 25.679268226367014 ], [ 66.90769377106119, 25.726857446483621 ], [ 66.883899161002887, 25.793482354646869 ], [ 66.90531431005536, 25.852968879792627 ], [ 66.900555388043699, 25.883901872868421 ] ] ] ] } },
{ "type": "Feature", "properties": { "Id": 0 }, "geometry": { "type": "MultiPolygon", "coordinates": [ [ [ [ 66.394681978204062, 26.209174192365481 ], [ 66.403961876126857, 26.196325102934111 ], [ 66.428946216688075, 26.191328234821754 ], [ 66.454644395550986, 26.187759043313008 ], [ 66.461068940266784, 26.190614396520004 ], [ 66.473918029698154, 26.197752779537495 ], [ 66.478914897810512, 26.191328234821754 ], [ 66.481770251017394, 26.1884728816147 ], [ 66.48533944252614, 26.195611264632191 ], [ 66.489622472336748, 26.20203580934799 ], [ 66.497474693655931, 26.210601868969093 ], [ 66.497474693655931, 26.219881766891717 ], [ 66.497474693655931, 26.227020149909208 ], [ 66.500330046862985, 26.248435298961681 ], [ 66.502471561768118, 26.261284388393221 ], [ 66.509609944785609, 26.26770893310902 ], [ 66.521745195915457, 26.276988831031645 ], [ 66.534594285346827, 26.286982567256132 ], [ 66.545301859873064, 26.294120950273623 ], [ 66.555295596097608, 26.301259333291114 ], [ 66.559578625908046, 26.311253069515658 ], [ 66.556723272701049, 26.31981912913659 ], [ 66.559578625908046, 26.326957512154081 ], [ 66.559578625908046, 26.334095895171572 ], [ 66.557437111002912, 26.341234278189063 ], [ 66.559578625908046, 26.355511044224045 ], [ 66.566003170623844, 26.356224882525737 ], [ 66.568858523830841, 26.354083367620603 ], [ 66.563147817416791, 26.346944984603113 ], [ 66.562433979115099, 26.345517307999501 ], [ 66.564575494020403, 26.337665086680317 ], [ 66.566003170623844, 26.328385188757693 ], [ 66.568858523830841, 26.323388320645336 ], [ 66.565289332322095, 26.314822261024403 ], [ 66.56143460549265, 26.308540483969068 ], [ 66.559721393568509, 26.304828524799859 ], [ 66.558293716964897, 26.300688262649714 ], [ 66.5560094343993, 26.297404606461669 ], [ 66.552297475230318, 26.294406485594379 ], [ 66.547300607117961, 26.290266223444178 ], [ 66.545301859873064, 26.287696405557881 ], [ 66.541447133043619, 26.284555517030299 ], [ 66.537592406214117, 26.282556769785231 ], [ 66.534451517686591, 26.279130345936949 ], [ 66.525742690405195, 26.275703922088496 ], [ 66.523601175499891, 26.273134104202143 ], [ 66.519603681010153, 26.269564912693397 ], [ 66.515606186520415, 26.267851700769256 ], [ 66.512608065652898, 26.264710812241503 ], [ 66.509824096276134, 26.257810375324709 ], [ 66.511132799829454, 26.254122210765729 ], [ 66.510537934577997, 26.250909938407744 ], [ 66.50899128492415, 26.248292531301388 ], [ 66.505422093415405, 26.243414636239493 ], [ 66.504470309013016, 26.241154148283897 ], [ 66.501852901906659, 26.23615728017154 ], [ 66.50292365935934, 26.235800361020779 ], [ 66.504589282063421, 26.234967549668625 ], [ 66.503042632409574, 26.232231169512033 ], [ 66.50292365935934, 26.230446573757661 ], [ 66.50292365935934, 26.228780951053579 ], [ 66.503756470711267, 26.227234301399676 ], [ 66.504470309013016, 26.226520463097984 ], [ 66.503756470711267, 26.225211759544834 ], [ 66.50292365935934, 26.221761541086323 ], [ 66.50530312036517, 26.221523594985797 ], [ 66.507087716119543, 26.2212856488851 ], [ 66.509229231024676, 26.224022029041919 ], [ 66.5102999884773, 26.225806624796292 ], [ 66.513869179986045, 26.226401490047749 ], [ 66.517438371494791, 26.226639436148218 ], [ 66.523268050959132, 26.228186085802122 ], [ 66.526361350266654, 26.232231169512033 ], [ 66.529692595674931, 26.238060848976374 ], [ 66.531834110580064, 26.2409162021832 ], [ 66.535760221239741, 26.244842312842934 ], [ 66.537306870893588, 26.247816639100222 ], [ 66.539924277999944, 26.253646318564506 ], [ 66.544088334760147, 26.25685859092232 ], [ 66.545516011363588, 26.259357024978385 ], [ 66.549323148973031, 26.262688270386661 ], [ 66.550988771677112, 26.264353893090743 ], [ 66.558959966046586, 26.261974432084912 ], [ 66.564432726359939, 26.262450324286135 ], [ 66.568001917868685, 26.260903674632289 ], [ 66.575378246986872, 26.25888113277739 ], [ 66.584658144909497, 26.260070863280305 ], [ 66.588227336418242, 26.259832917179608 ], [ 66.59120166267553, 26.258762159726928 ], [ 66.592867285379668, 26.258048321425235 ], [ 66.595365719435733, 26.258048321425235 ], [ 66.597269288240568, 26.257453456173778 ], [ 66.599410803145702, 26.256501671771559 ], [ 66.601433345000771, 26.255430914318879 ], [ 66.604288698207597, 26.255311941268644 ], [ 66.606192267012432, 26.25578783346964 ], [ 66.60916659326972, 26.256977563972555 ], [ 66.609404539370246, 26.257810375324709 ], [ 66.609404539370246, 26.259238051928151 ], [ 66.610171487241644, 26.26262849832608 ], [ 66.6112268257869, 26.257050280300973 ], [ 66.609417673994983, 26.254788840560991 ], [ 66.608211572800428, 26.254788840560991 ], [ 66.60640242100834, 26.25328121406784 ], [ 66.60806081015096, 26.251321299626454 ], [ 66.610774537839006, 26.251170536977156 ], [ 66.612432926981455, 26.251924350223817 ], [ 66.614694366721494, 26.251321299626454 ], [ 66.616201993214816, 26.251321299626454 ], [ 66.617558857058839, 26.255391891158354 ], [ 66.618915720902692, 26.255994941755716 ], [ 66.621780211239923, 26.258256381495585 ], [ 66.624493938927969, 26.258407144145053 ], [ 66.626453853369242, 26.258407144145053 ], [ 66.630825970199737, 26.258407144145053 ], [ 66.631730546095696, 26.256899517651675 ], [ 66.632936647290251, 26.255994941755716 ], [ 66.635801137627652, 26.257351805599569 ], [ 66.63761028941957, 26.257351805599569 ], [ 66.638665627964826, 26.259764007988906 ], [ 66.639268678562189, 26.260517821235567 ], [ 66.641077830354163, 26.261573159780824 ], [ 66.642434694198187, 26.26262849832608 ], [ 66.644846896587467, 26.262779260975378 ], [ 66.645299184535361, 26.261120871832929 ], [ 66.645299184535361, 26.259160957391543 ], [ 66.649068250768551, 26.258256381495585 ], [ 66.648465200171358, 26.256597992352908 ], [ 66.646505285729916, 26.257201042950271 ], [ 66.645902235132723, 26.257804093547691 ], [ 66.644093083340806, 26.258105618846287 ], [ 66.644243845990104, 26.259311720041012 ], [ 66.643490032743443, 26.260970109183631 ], [ 66.641077830354163, 26.259764007988906 ], [ 66.641831643600824, 26.258105618846287 ], [ 66.640022491808907, 26.256597992352908 ], [ 66.638967153263422, 26.254638077911693 ], [ 66.636856476172909, 26.254788840560991 ], [ 66.635499612329056, 26.254788840560991 ], [ 66.635650374978354, 26.25252740082118 ], [ 66.632635121991655, 26.253582739366436 ], [ 66.629921394303778, 26.25644722970361 ], [ 66.627810717213265, 26.256296467054312 ], [ 66.623589363032011, 26.257050280300973 ], [ 66.621478685941327, 26.255391891158354 ], [ 66.622534024486583, 26.254185789963799 ], [ 66.619368008850586, 26.25328121406784 ], [ 66.618161907656031, 26.250115198431843 ], [ 66.618312670305329, 26.249059859886415 ], [ 66.616805043812178, 26.247702996042563 ], [ 66.613639028176237, 26.24951214783448 ], [ 66.612131401682859, 26.248607571938521 ], [ 66.610623775189538, 26.248004521341159 ], [ 66.607156234255001, 26.248607571938521 ], [ 66.605497845112325, 26.250265961081141 ], [ 66.604442506567068, 26.251924350223817 ], [ 66.602784117424449, 26.252075112873115 ], [ 66.599015051191316, 26.252979688769074 ], [ 66.595849035555318, 26.25403502731433 ], [ 66.594190646412699, 26.255090365859758 ], [ 66.592532257270079, 26.255844179106248 ], [ 66.590421580179509, 26.256597992352908 ], [ 66.587255564543568, 26.257050280300973 ], [ 66.583938786258273, 26.257050280300973 ], [ 66.58092353327163, 26.256899517651675 ], [ 66.578963618830414, 26.256899517651675 ], [ 66.576551416441248, 26.256899517651675 ], [ 66.573686926103903, 26.257804093547691 ], [ 66.571274723714566, 26.257804093547691 ], [ 66.568711758675988, 26.257804093547691 ], [ 66.566902606884071, 26.259010194742245 ], [ 66.565847268338814, 26.258859432092947 ], [ 66.563284303300179, 26.25946248269031 ], [ 66.561776676806858, 26.259613245339608 ], [ 66.560118287664238, 26.258708669443649 ], [ 66.556650746729645, 26.260819346534163 ], [ 66.55544464553509, 26.259613245339608 ], [ 66.55378625639247, 26.259914770638204 ], [ 66.552127867249851, 26.259311720041012 ], [ 66.551072528704367, 26.257502568248867 ], [ 66.548057275717895, 26.25644722970361 ], [ 66.545494310679317, 26.255391891158354 ], [ 66.544589734783358, 26.253130451418372 ], [ 66.544137446835236, 26.250718249029035 ], [ 66.540971431199466, 26.249361385185182 ], [ 66.539463804706145, 26.248456809289223 ], [ 66.539463804706145, 26.245893844250645 ], [ 66.537051602316808, 26.240767914173432 ], [ 66.535242450524891, 26.239109525030813 ], [ 66.533131773434206, 26.236848085290774 ], [ 66.532227197538248, 26.23473740820026 ], [ 66.529362707201017, 26.234888170849558 ], [ 66.531171858992991, 26.233380544356237 ], [ 66.530568808395572, 26.231571392564319 ], [ 66.529061181902421, 26.230063766070941 ], [ 66.527855080707695, 26.22855613957762 ], [ 66.525744403617182, 26.227500801032363 ], [ 66.523181438578547, 26.225540886591148 ], [ 66.520015422942606, 26.224787073344487 ], [ 66.516849407306609, 26.224334785396422 ], [ 66.513080341073476, 26.22373173479923 ], [ 66.511421951930856, 26.222224108305852 ], [ 66.510065088086776, 26.220113431215339 ], [ 66.506446784502941, 26.21996266856587 ], [ 66.503280768866944, 26.218605804722017 ], [ 66.503431531516242, 26.215289026436722 ], [ 66.506597547152239, 26.214685975839359 ], [ 66.509612800138882, 26.214082925242167 ], [ 66.509462037489413, 26.211972248151483 ], [ 66.504336107412428, 26.212424536099547 ], [ 66.500114753231173, 26.210163096359565 ], [ 66.498456364088554, 26.208806232515485 ], [ 66.501622379724495, 26.206997080723568 ], [ 66.504486870061726, 26.200514286802502 ], [ 66.501471617075026, 26.203378777139733 ], [ 66.498004076140489, 26.205790979529013 ], [ 66.497250262893829, 26.203680302438329 ], [ 66.497551788192595, 26.200061998854437 ], [ 66.496496449647111, 26.197499033815859 ], [ 66.496797974945935, 26.195388356725118 ], [ 66.496345686997813, 26.192976154336009 ], [ 66.494084247258002, 26.196745220569198 ], [ 66.491973570167318, 26.19523759407582 ], [ 66.489410605128683, 26.192373103738646 ], [ 66.489109079830087, 26.191016239894623 ], [ 66.490767468972763, 26.189207088102648 ], [ 66.490918231622061, 26.180613617090899 ], [ 66.494225872776951, 26.163494061403014 ], [ 66.497081225984005, 26.142078912350541 ], [ 66.493512034475259, 26.133512852729609 ], [ 66.484232136552464, 26.129229822919172 ], [ 66.475666076931532, 26.120663763298069 ], [ 66.464958502405295, 26.081402656701869 ], [ 66.453537089577367, 26.071408920477325 ], [ 66.453537089577367, 26.084258009908865 ], [ 66.453537089577367, 26.097107099340462 ], [ 66.44782638316326, 26.097107099340462 ], [ 66.460675472594858, 26.111383865375444 ], [ 66.464958502405295, 26.124232954806814 ], [ 66.471383047121094, 26.130657499522556 ], [ 66.471383047121094, 26.136368205936662 ], [ 66.47423840032809, 26.147789618764591 ], [ 66.469955370517482, 26.161352546497881 ], [ 66.457106281086112, 26.162780223101265 ], [ 66.42212820430035, 26.157783354989135 ], [ 66.397857702040824, 26.157069516687216 ], [ 66.385722450911203, 26.164207899704707 ], [ 66.380011744497097, 26.142078912350541 ], [ 66.367162655065727, 26.115666895185882 ], [ 66.350744374125441, 26.122091439901681 ], [ 66.347889020918387, 26.148503457066283 ], [ 66.345747506013254, 26.174201635929251 ], [ 66.345747506013254, 26.187050725360791 ], [ 66.360024272048236, 26.202755167999385 ], [ 66.375014876384967, 26.211321227620317 ], [ 66.391433157325082, 26.218459610637808 ], [ 66.394681978204062, 26.209174192365481 ] ] ] ] } },
{ "type": "Feature", "properties": { "Id": 0 }, "geometry": { "type": "MultiPolygon", "coordinates": [ [ [ [ 66.721226452733276, 26.391922317962894 ], [ 66.734075542164817, 26.364796462496372 ], [ 66.745496954992745, 26.352661211366694 ], [ 66.756918367820731, 26.328390709107168 ], [ 66.782616546683641, 26.279849704588173 ], [ 66.785471899890695, 26.263431423648058 ], [ 66.804745534037806, 26.250582334216517 ], [ 66.815453108564043, 26.223456478749938 ], [ 66.82830219799564, 26.20632435950813 ], [ 66.837582095918435, 26.19847213818872 ], [ 66.841865125728873, 26.177056989136247 ], [ 66.839009772521877, 26.167777091213452 ], [ 66.836154419314823, 26.147789618764591 ], [ 66.83401290440969, 26.137082044238355 ], [ 66.849003508746364, 26.107100835564779 ], [ 66.840473997646484, 26.088535519369827 ], [ 66.822628040102757, 26.083181732106709 ], [ 66.802997486804657, 26.079612540597964 ], [ 66.79228991227842, 26.063551178808609 ], [ 66.790505316524047, 26.040351434001764 ], [ 66.802997486804657, 26.020720880703664 ], [ 66.81192046557652, 25.995736540142445 ], [ 66.813705061330893, 25.983244369861836 ], [ 66.810135869822147, 25.961829220809364 ], [ 66.819058848594011, 25.943983263265636 ], [ 66.810135869822147, 25.920783518458791 ], [ 66.815489657085266, 25.911860539686927 ], [ 66.815489657085266, 25.890445390634454 ], [ 66.794074508032793, 25.877953220353845 ], [ 66.760167188699711, 25.877953220353845 ], [ 66.742321231155984, 25.888660794880082 ], [ 66.73339825238412, 25.918998922704418 ], [ 66.719121486349138, 25.918998922704418 ], [ 66.710198507577275, 25.918998922704418 ], [ 66.690567954279175, 25.906506752423809 ], [ 66.672721996735447, 25.872599433090727 ], [ 66.665583613717956, 25.836907518003272 ], [ 66.660229826454838, 25.808353985933309 ], [ 66.633460890139247, 25.788723432635209 ], [ 66.637030081647993, 25.831553730740154 ], [ 66.610261145332402, 25.8351229222489 ], [ 66.619184124104265, 25.849399688283881 ], [ 66.563861655718711, 25.851184284038254 ], [ 66.547800293929356, 25.904722156669436 ], [ 66.578138421753692, 25.924352709967536 ], [ 66.620968719858638, 25.918998922704418 ], [ 66.672721996735447, 25.922568114213163 ], [ 66.69413714578792, 25.935060284493773 ], [ 66.715552294840393, 25.935060284493773 ], [ 66.724475273612256, 25.942198667511263 ], [ 66.749459614173475, 25.927921901476282 ], [ 66.758382592945338, 25.922568114213163 ], [ 66.75302880568222, 25.906506752423809 ], [ 66.754813401436593, 25.888660794880082 ], [ 66.77265935898032, 25.897583773651945 ], [ 66.774443954734693, 25.911860539686927 ], [ 66.788720720769675, 25.910075943932554 ], [ 66.804782082559029, 25.899368369406318 ], [ 66.795859103787166, 25.926137305721909 ], [ 66.795859103787166, 25.949337050528754 ], [ 66.797643699541538, 25.963613816563736 ], [ 66.779797741997811, 25.977890582598718 ], [ 66.794074508032793, 25.990382752879327 ], [ 66.794074508032793, 26.006444114668682 ], [ 66.778013146243438, 26.022505476458036 ], [ 66.770874763225947, 26.026074667966782 ], [ 66.778013146243438, 26.052843604282373 ], [ 66.765520975962829, 26.061766583054236 ], [ 66.776228550489066, 26.084966327861082 ], [ 66.79228991227842, 26.106381476913555 ], [ 66.808351274067775, 26.099243093896064 ], [ 66.821877653279842, 26.098534775943847 ], [ 66.836154419314823, 26.097820937642155 ], [ 66.839723610823569, 26.109242350470083 ], [ 66.827588359693891, 26.129229822919172 ], [ 66.821163814978149, 26.175629312532863 ], [ 66.799748665925677, 26.234877891578094 ], [ 66.781902708381949, 26.250582334216517 ], [ 66.764770589139914, 26.286274249303972 ], [ 66.74977998480324, 26.318396972882681 ], [ 66.73621705706995, 26.349805858159641 ], [ 66.726937159147326, 26.359799594384185 ], [ 66.718407648047389, 26.384064576294008 ], [ 66.721226452733276, 26.391922317962894 ] ] ] ] } },
{ "type": "Feature", "properties": { "Id": 0 }, "geometry": { "type": "MultiPolygon", "coordinates": [ [ [ [ 66.915628416909612, 26.120366330672312 ], [ 66.974639049854204, 26.055644991313727 ], [ 67.003192581924168, 26.011862908806563 ], [ 67.045071095626838, 25.994730789564528 ], [ 67.067913921282752, 25.994730789564528 ], [ 67.092660315743444, 25.975695101517886 ], [ 67.102178159766765, 25.962370119885293 ], [ 67.117406710204023, 25.981405807931935 ], [ 67.163092361515965, 25.968080826299172 ], [ 67.184031618367271, 25.962370119885293 ], [ 67.193549462390763, 25.933816587815329 ], [ 67.227813700874606, 25.924298743792008 ], [ 67.260329892125242, 25.919355841855349 ], [ 67.220199425656062, 25.909070193354637 ], [ 67.172610205539286, 25.935720156619993 ], [ 67.185935187172049, 25.918588037377958 ], [ 67.193549462390763, 25.890034505307995 ], [ 67.20116373760942, 25.872902386065959 ], [ 67.208778012827963, 25.850059560409875 ], [ 67.206874444023299, 25.817698890730696 ], [ 67.210681581632741, 25.79104892746534 ], [ 67.235427976093263, 25.772013239418698 ], [ 67.256367232944569, 25.739652569739462 ], [ 67.265885076967891, 25.716809744083378 ], [ 67.265885076967891, 25.692063349622856 ], [ 67.254463664139905, 25.671124092771606 ], [ 67.256367232944569, 25.665413386357557 ], [ 67.27730648979599, 25.665413386357557 ], [ 67.265885076967891, 25.650184835920129 ], [ 67.263981508163226, 25.633052716678321 ], [ 67.29253504023319, 25.655895542334235 ], [ 67.303956453061176, 25.657799111138843 ], [ 67.256367232944569, 25.598788478194308 ], [ 67.225910132069941, 25.566427808514902 ], [ 67.220199425656062, 25.587367065366323 ], [ 67.229717269679384, 25.608306322217629 ], [ 67.241138682507369, 25.627342010264272 ], [ 67.233524407288655, 25.6387634230922 ], [ 67.218295856851284, 25.671124092771606 ], [ 67.208778012827963, 25.695870487232128 ], [ 67.208778012827963, 25.722520450497484 ], [ 67.21639228804662, 25.739652569739462 ], [ 67.199260168804642, 25.760591826590769 ], [ 67.19545303119537, 25.79104892746534 ], [ 67.19545303119537, 25.810084615511983 ], [ 67.19545303119537, 25.842445285191388 ], [ 67.17451377434395, 25.857673835628589 ], [ 67.170706636734678, 25.891938074112602 ], [ 67.168803067930014, 25.910973762159244 ], [ 67.149767379883372, 25.931913019010551 ], [ 67.145960242273986, 25.947141569447922 ], [ 67.138345967055443, 25.969984395103836 ], [ 67.111696003790087, 25.958562982275851 ], [ 67.090756746938837, 25.945238000643315 ], [ 67.079335334110738, 25.966177257494564 ], [ 67.069817490087416, 25.977598670322493 ], [ 67.056492508454824, 25.973791532713278 ], [ 67.037456820408181, 25.981405807931935 ], [ 67.003192581924168, 25.985212945541207 ], [ 66.987964031486911, 26.004248633587849 ], [ 66.965121205830883, 26.040416440876527 ], [ 66.949892655393626, 26.07468067936037 ], [ 66.928953398542376, 26.088005660993133 ], [ 66.915628416909612, 26.120366330672312 ] ] ] ] } },
{ "type": "Feature", "properties": { "Id": 0 }, "geometry": { "type": "MultiPolygon", "coordinates": [ [ [ [ 66.920304914392034, 26.815341883600922 ], [ 66.932678111622408, 26.821647455266429 ], [ 66.943385686148645, 26.823075131869871 ], [ 66.93910265633815, 26.827358161680309 ], [ 66.935533464829405, 26.84163492771529 ], [ 66.934105788225793, 26.84948714903453 ], [ 66.914118315776932, 26.845917957525785 ], [ 66.89984154974195, 26.850200987336393 ], [ 66.887706298612102, 26.850200987336393 ], [ 66.882709430499972, 26.86090856186263 ], [ 66.861376705976738, 26.870848331911475 ], [ 66.863756166982569, 26.882269744739403 ], [ 66.857093676166244, 26.880842068135962 ], [ 66.848527616545198, 26.876559038325354 ], [ 66.841865125728873, 26.881317960337014 ], [ 66.839009772521877, 26.893691157567332 ], [ 66.829967820699721, 26.903684893791876 ], [ 66.829016036297503, 26.910347384608144 ], [ 66.8204499766764, 26.914154522217586 ], [ 66.823305329883453, 26.921292905235077 ], [ 66.816166946865962, 26.928907180453621 ], [ 66.804269641836811, 26.925100042844349 ], [ 66.79407147035937, 26.931067322773572 ], [ 66.785233953790168, 26.933666102465281 ], [ 66.783806277186727, 26.947466976299211 ], [ 66.778571462973844, 26.964599095541246 ], [ 66.763818804737696, 26.978399969375005 ], [ 66.762391128134254, 26.995056196415817 ], [ 66.750969715306155, 26.999815118427478 ], [ 66.75239739190954, 27.008857070249633 ], [ 66.744783116691053, 27.023609728485781 ], [ 66.732663654797079, 27.027207059791863 ], [ 66.721464398833746, 27.037886494520762 ], [ 66.713374231414036, 27.043597200934641 ], [ 66.716705476822085, 27.055018613762797 ], [ 66.710042986005817, 27.056922182567405 ], [ 66.714326015816255, 27.065012349987114 ], [ 66.696718004373224, 27.075481978412881 ], [ 66.697193896574447, 27.08690339124081 ], [ 66.713374231414036, 27.075957870614047 ], [ 66.72336796763858, 27.055970398165016 ], [ 66.738596518075781, 27.047880230745307 ], [ 66.742403655685223, 27.045500769739476 ], [ 66.741954847871568, 27.040763842609636 ], [ 66.766198265743526, 27.009332962450799 ], [ 66.78056196838719, 26.993223227710303 ], [ 66.789516983600606, 26.971261586357514 ], [ 66.798558935422761, 26.958888389127196 ], [ 66.790468768002995, 26.945563407494603 ], [ 66.798558935422761, 26.936997347873501 ], [ 66.808552671647249, 26.930334857057233 ], [ 66.816642839067129, 26.933190210264229 ], [ 66.825208898688061, 26.926051827246738 ], [ 66.825684790889284, 26.917961659826858 ], [ 66.830443712900944, 26.916058091022251 ], [ 66.836154419314994, 26.907492031401148 ], [ 66.839485664723043, 26.901781324987269 ], [ 66.846624047740534, 26.887504558952287 ], [ 66.845196371137092, 26.883697421342845 ], [ 66.849479400947587, 26.880366175934796 ], [ 66.857093676166244, 26.886552774549841 ], [ 66.868039196793006, 26.882745636940626 ], [ 66.869942765597671, 26.871324224112641 ], [ 66.876998724085865, 26.874471489595749 ], [ 66.891275490120847, 26.871616136388866 ], [ 66.888420136913851, 26.855911693750272 ], [ 66.894844681629593, 26.861622400164379 ], [ 66.90769377106119, 26.860194723560767 ], [ 66.921256698794423, 26.851628663939834 ], [ 66.924112052001306, 26.857339370353884 ], [ 66.934819626527542, 26.863050076767763 ], [ 66.944813362752029, 26.846631795827648 ], [ 66.953379422373132, 26.823075131869871 ], [ 66.938388818036287, 26.81593674885238 ], [ 66.949810230864387, 26.804515336024451 ], [ 66.976936086330738, 26.774534127350876 ], [ 66.985502145951841, 26.750977463393269 ], [ 67.006203456702451, 26.732417667547793 ], [ 67.011914163116501, 26.733845344151234 ], [ 67.020480222737433, 26.715999386607507 ], [ 67.031901635565532, 26.711716356797069 ], [ 67.041181533488157, 26.701008782270833 ], [ 67.050461431411009, 26.697439590762087 ], [ 67.056172137825058, 26.703150297175966 ], [ 67.076159610273919, 26.682448986425186 ], [ 67.076873448575611, 26.667458382088512 ], [ 67.071876580463481, 26.657464645863968 ], [ 67.069021227256428, 26.651040101148169 ], [ 67.074018095368785, 26.63961868832024 ], [ 67.066879712351295, 26.629624952095696 ], [ 67.071162742161732, 26.623914245681817 ], [ 67.081870316687969, 26.629624952095696 ], [ 67.095433244421258, 26.599643743422348 ], [ 67.094005567817646, 26.573945564559381 ], [ 67.0968609210247, 26.546105870791166 ], [ 67.116848393473731, 26.533256781359569 ], [ 67.134694351017458, 26.520407691928199 ], [ 67.138977380827896, 26.507558602496658 ], [ 67.135408189319151, 26.491854159858235 ], [ 67.143974248940083, 26.487571130047797 ], [ 67.165389397992556, 26.449737700055039 ], [ 67.168244751199609, 26.404765887044732 ], [ 67.164675559690863, 26.386919929501005 ], [ 67.168244751199609, 26.366932457051973 ], [ 67.181807678932842, 26.367646295353893 ], [ 67.189659900252082, 26.353369529318911 ], [ 67.198225959873184, 26.329812865361077 ], [ 67.20679201949406, 26.310539231213966 ], [ 67.205364342890675, 26.291979435368319 ], [ 67.203936666287063, 26.28055802254039 ], [ 67.218213432322045, 26.264139741600275 ], [ 67.221782623830791, 26.245579945754628 ], [ 67.231776360055278, 26.23344469462495 ], [ 67.244625449486875, 26.237013886133695 ], [ 67.270323628349786, 26.189900558218312 ], [ 67.277462011367277, 26.143501068604621 ], [ 67.265326760237599, 26.118516728043403 ], [ 67.264612921935736, 26.102098447103117 ], [ 67.271037466651478, 26.089963195973439 ], [ 67.283172717781326, 26.040708353152695 ], [ 67.276034334763835, 26.019293204100222 ], [ 67.281745041177714, 25.992881186935449 ], [ 67.286028070988209, 25.970752199581227 ], [ 67.281031202876022, 25.955047756942804 ], [ 67.27246514325509, 25.947909373925313 ], [ 67.27246514325509, 25.933632607890331 ], [ 67.284600394384768, 25.936487961097384 ], [ 67.291024939100566, 25.929349578079893 ], [ 67.28531423268646, 25.910789782234303 ], [ 67.273892819858531, 25.901509884311622 ], [ 67.260329892125242, 25.919355841855349 ], [ 67.278889687970718, 25.9136451354413 ], [ 67.283886556083075, 25.920783518458791 ], [ 67.263185245332295, 25.93434644619208 ], [ 67.261043730426991, 25.950764727132366 ], [ 67.273178981556839, 25.962899978262044 ], [ 67.27246514325509, 25.974321391089973 ], [ 67.26675443684104, 25.988598157124954 ], [ 67.253191509107751, 26.07854178314534 ], [ 67.252477670806059, 26.097815417292622 ], [ 67.248908479297313, 26.124227434457282 ], [ 67.239628581374518, 26.134935008983518 ], [ 67.249622317599005, 26.132079655776693 ], [ 67.258188377220108, 26.148497936716808 ], [ 67.243911611185126, 26.173482277278026 ], [ 67.234631713262331, 26.194897426330499 ], [ 67.225351815339536, 26.215598737081223 ], [ 67.211788887606417, 26.240583077642441 ], [ 67.202508989683622, 26.254146005375731 ], [ 67.196798283269572, 26.266281256505408 ], [ 67.196084444967823, 26.278416507635256 ], [ 67.179666164027537, 26.288410243859573 ], [ 67.176810810820484, 26.301259333291114 ], [ 67.170386266104913, 26.294120950273623 ], [ 67.157537176673372, 26.305542363101608 ], [ 67.153492092963404, 26.329931838411369 ], [ 67.136835865922592, 26.382279980539636 ], [ 67.134456404916762, 26.446525427697225 ], [ 67.117800177875949, 26.470320037755528 ], [ 67.108282333852628, 26.498873569825491 ], [ 67.108282333852628, 26.513150335860473 ], [ 67.089246645805986, 26.515529796866304 ], [ 67.063072574741852, 26.560739555977079 ], [ 67.055934191724361, 26.622605542128667 ], [ 67.027380659654398, 26.64402069118114 ], [ 67.048795808706871, 26.674953684256934 ], [ 67.017862815631077, 26.705886677332728 ], [ 66.996447666578604, 26.705886677332728 ], [ 66.975032517526131, 26.751096436443504 ], [ 66.951237907467828, 26.762993741472656 ], [ 66.920304914392034, 26.815341883600922 ] ] ] ] } },
{ "type": "Feature", "properties": { "Id": 0 }, "geometry": { "type": "MultiPolygon", "coordinates": [ [ [ [ 66.996887010258774, 27.055765913234893 ], [ 66.99105733079449, 27.056208344265713 ], [ 66.989153761989826, 27.053828883259882 ], [ 66.985346624380441, 27.049545853449217 ], [ 66.99105733079449, 27.044786931437557 ], [ 66.99676803720854, 27.042883362632949 ], [ 66.994864468403762, 27.032889626408405 ], [ 66.985822516581607, 27.027178919994526 ], [ 66.979635917966505, 27.027654812195749 ], [ 66.979635917966505, 27.032889626408405 ], [ 66.971069858345459, 27.028606596597967 ], [ 66.966310936333798, 27.029558381000356 ], [ 66.965835044132746, 27.023371782385084 ], [ 66.964407367529134, 27.019564644775869 ], [ 66.956317200109424, 27.021468213580476 ], [ 66.952985954701205, 27.024799458988696 ], [ 66.956317200109424, 27.02670302779336 ], [ 66.944419895080273, 27.028130704396744 ], [ 66.938709188666223, 27.030986057603798 ], [ 66.939185080867389, 27.020040536977035 ], [ 66.931570805648732, 27.014805722764208 ], [ 66.9230047460278, 27.013378046160767 ], [ 66.92538420703363, 27.006715555344272 ], [ 66.917769931814917, 27.005763770942053 ], [ 66.917294039613751, 27.012426261758378 ], [ 66.912059225400867, 27.005287878740887 ], [ 66.905396734584599, 27.004811986539664 ], [ 66.909679764395037, 27.010522692953714 ], [ 66.916342255211362, 27.017185183770039 ], [ 66.919673500619581, 27.010522692953714 ], [ 66.921101177223022, 27.016233399367593 ], [ 66.926335991435849, 27.017185183770039 ], [ 66.933950266654563, 27.021944105781699 ], [ 66.931094913447509, 27.030034273201579 ], [ 66.936805619861559, 27.037648548420066 ], [ 66.94156454187322, 27.031937842006187 ], [ 66.947275248287156, 27.030986057603798 ], [ 66.955365415707035, 27.02908248879919 ], [ 66.959648445517473, 27.026227135592137 ], [ 66.958220768914032, 27.022895890184088 ], [ 66.962027906523303, 27.026227135592137 ], [ 66.962979690925692, 27.032889626408405 ], [ 66.976780564759508, 27.036696764017847 ], [ 66.981539486771169, 27.033365518609628 ], [ 66.991533222995656, 27.035744979615458 ], [ 66.984394839978165, 27.040979793828342 ], [ 66.982491271173558, 27.050973530052829 ], [ 66.982015378972335, 27.056208344265713 ], [ 66.98867786978866, 27.05811191307032 ], [ 66.996388180053373, 27.057511527469387 ], [ 66.996887010258774, 27.055765913234893 ] ] ] ] } },
{ "type": "Feature", "properties": { "Id": 0 }, "geometry": { "type": "MultiPolygon", "coordinates": [ [ [ [ 66.996388180053373, 27.057511527469387 ], [ 67.000016858087179, 27.059831501949986 ], [ 67.004478347473082, 27.06191353033006 ], [ 67.013103893619245, 27.06191353033006 ], [ 67.019052546133821, 27.061021232452902 ], [ 67.023216602894195, 27.059534069324229 ], [ 67.032734446917516, 27.060723799827144 ], [ 67.036898503677548, 27.056857175692699 ], [ 67.039836281414011, 27.046188582686341 ], [ 67.045226617197955, 27.050908523178123 ], [ 67.049985539209615, 27.057749473569856 ], [ 67.06604690099914, 27.058046906195614 ], [ 67.073185284016631, 27.060128934575687 ], [ 67.072590418765003, 27.054477714686868 ], [ 67.074375014519546, 27.045554735915005 ], [ 67.079133936531207, 27.031277969880023 ], [ 67.08359542591694, 27.025329317365447 ], [ 67.08329799329141, 27.018785799599414 ], [ 67.079728801782494, 27.014324310213453 ], [ 67.078539071279579, 27.010755118704708 ], [ 67.082108262788495, 27.004806466190132 ], [ 67.084190291168397, 26.997668083172641 ], [ 67.084785156419855, 26.989934834903693 ], [ 67.088056915303071, 26.985473345517789 ], [ 67.087462050051613, 26.995288622166811 ], [ 67.091923539437346, 26.999452678927014 ], [ 67.091031241560358, 26.989042537026535 ], [ 67.094005567817646, 26.985175912892032 ], [ 67.097277326700464, 26.975955501494468 ], [ 67.099954220332222, 26.975658068868711 ], [ 67.102631113963582, 26.97089914685705 ], [ 67.107390035975243, 26.958406976576441 ], [ 67.106200305472328, 26.97089914685705 ], [ 67.112446390612831, 26.972088877359965 ], [ 67.109472064355543, 26.966437657471147 ], [ 67.109472064355543, 26.954540352441995 ], [ 67.113041255864289, 26.950673728307493 ], [ 67.116610447373034, 26.953945487190538 ], [ 67.121071936758995, 26.954837785067696 ], [ 67.121369369384695, 26.950376295681792 ], [ 67.125830858770655, 26.947699402050205 ], [ 67.128507752402186, 26.953053189313323 ], [ 67.133861539665304, 26.954837785067696 ], [ 67.130887213408016, 26.950376295681792 ], [ 67.135943568045207, 26.947996834675962 ], [ 67.138620461676965, 26.947996834675962 ], [ 67.143081951062697, 26.945914806295832 ], [ 67.142487085811467, 26.942940480038544 ], [ 67.144271681565613, 26.941453316909929 ], [ 67.147246007823128, 26.938776423278341 ], [ 67.149328036203201, 26.941155884284171 ], [ 67.152897227711946, 26.942940480038544 ], [ 67.155871553969234, 26.942048182161386 ], [ 67.157953582349364, 26.939966153781256 ], [ 67.156168986594764, 26.93609952964681 ], [ 67.151707497209031, 26.937586692775426 ], [ 67.147840873074358, 26.932827770763765 ], [ 67.14456911419154, 26.932530338138065 ], [ 67.142487085811467, 26.933125203389523 ], [ 67.141297355308552, 26.937289260149726 ], [ 67.133564107039376, 26.940263586407013 ], [ 67.129697482905101, 26.942940480038544 ], [ 67.127912887150728, 26.938776423278341 ], [ 67.12017963888178, 26.936694394898268 ], [ 67.114230986367204, 26.932827770763765 ], [ 67.111851525361374, 26.92925857925502 ], [ 67.111851525361374, 26.921525330986071 ], [ 67.107687468601171, 26.924499657243359 ], [ 67.1079849012267, 26.93134060763515 ], [ 67.106200305472328, 26.93401750126668 ], [ 67.106200305472328, 26.930448309757935 ], [ 67.104118277092425, 26.924499657243359 ], [ 67.10322597921504, 26.912304919588507 ], [ 67.101143950835137, 26.917658706851626 ], [ 67.098467057203379, 26.917063841600168 ], [ 67.098169624577849, 26.923012494114744 ], [ 67.097277326700464, 26.92687911824919 ], [ 67.095492730946091, 26.938478990652641 ], [ 67.089246645805986, 26.960191572330814 ], [ 67.083000560665482, 26.978632395125999 ], [ 67.079133936531207, 26.988745104400778 ], [ 67.075386285446996, 27.001356247731849 ], [ 67.069675579032946, 27.012777660559777 ], [ 67.076338069849214, 27.017536582571438 ], [ 67.067772010228282, 27.030861564204031 ], [ 67.061109519412014, 27.03657227061808 ], [ 67.061109519412014, 27.051800821055281 ], [ 67.055398812997964, 27.048945467848455 ], [ 67.039122443112262, 27.042976310328527 ], [ 67.031984060094771, 27.047378313189256 ], [ 67.026511299781419, 27.053683884854763 ], [ 67.021134574513894, 27.053704389860115 ], [ 67.019729835914688, 27.055706426709662 ], [ 67.01669602313217, 27.0573720494138 ], [ 67.012948372048129, 27.057253076363509 ], [ 67.010390451466833, 27.055408994083905 ], [ 67.004858204628249, 27.055944372810359 ], [ 66.996887010258774, 27.055765913234893 ], [ 66.996388180053373, 27.057511527469387 ] ] ] ] } },
{ "type": "Feature", "properties": { "Id": 0 }, "geometry": { "type": "MultiPolygon", "coordinates": [ [ [ [ 67.058931455985885, 26.94934451974899 ], [ 67.0604186191145, 26.943693299860172 ], [ 67.061905782243173, 26.940421540977127 ], [ 67.061905782243173, 26.939529243099969 ], [ 67.061905782243173, 26.938339512597054 ], [ 67.063392945371788, 26.932390860082478 ], [ 67.067854434757749, 26.928226803322275 ], [ 67.071721058892194, 26.923765313936315 ], [ 67.073803087272324, 26.917221796170281 ], [ 67.069044165260664, 26.912760306784378 ], [ 67.064285243249003, 26.913057739410078 ], [ 67.069936463137822, 26.918411526673196 ], [ 67.066962136880534, 26.920196122427569 ], [ 67.065772406377619, 26.921683285556242 ], [ 67.063690377997546, 26.924360179187772 ], [ 67.063095512746088, 26.92733450544506 ], [ 67.058336590734427, 26.925549909690687 ], [ 67.055957129728597, 26.92971396645089 ], [ 67.053577668722767, 26.928524235947975 ], [ 67.049711044588264, 26.928226803322275 ], [ 67.04287009419653, 26.923170448684857 ], [ 67.032459952295994, 26.926739640193603 ], [ 67.025321569278503, 26.930606264328105 ], [ 67.024726704027046, 26.933878023211093 ], [ 67.032162519670294, 26.934175455836851 ], [ 67.034541980676124, 26.930606264328105 ], [ 67.041382931067858, 26.927631938070817 ], [ 67.044654689950903, 26.927631938070817 ], [ 67.044654689950903, 26.930606264328105 ], [ 67.047926448833891, 26.93179599483102 ], [ 67.052090505594094, 26.932093427456721 ], [ 67.05803915810867, 26.931201129579563 ], [ 67.058336590734427, 26.929119101199433 ], [ 67.063095512746088, 26.929119101199433 ], [ 67.060716051740258, 26.932688292708178 ], [ 67.059823753863043, 26.935960051591223 ], [ 67.058336590734427, 26.943395867234415 ], [ 67.058931455985885, 26.94934451974899 ] ] ] ] } },
{ "type": "Feature", "properties": { "Id": 0 }, "geometry": { "type": "MultiPolygon", "coordinates": [ [ [ [ 65.857303648041352, 27.700242926664146 ], [ 65.830534711725761, 27.666335607331064 ], [ 65.832319307480134, 27.655628032804827 ], [ 65.837673094743252, 27.6377820752611 ], [ 65.830534711725761, 27.618151521963 ], [ 65.825180924462643, 27.5985209686649 ], [ 65.818042541445152, 27.571752032349309 ], [ 65.800196583901425, 27.543198500279345 ], [ 65.787704413620816, 27.523567946981245 ], [ 65.787704413620816, 27.4985836064198 ], [ 65.78413522211207, 27.475383861613182 ], [ 65.78413522211207, 27.455753308314854 ], [ 65.778781434848952, 27.430768967753636 ], [ 65.757366285796479, 27.418276797473027 ], [ 65.739520328252752, 27.4200613932274 ], [ 65.748443307024615, 27.445045733788618 ], [ 65.762720073059597, 27.455753308314854 ], [ 65.76450466881397, 27.464676287086718 ], [ 65.768073860322716, 27.482522244630673 ], [ 65.766289264568343, 27.4985836064198 ], [ 65.762720073059597, 27.5199987554725 ], [ 65.768073860322716, 27.530706329998736 ], [ 65.785919817866443, 27.5592598620687 ], [ 65.796627392392679, 27.569967436594936 ], [ 65.780566030603325, 27.584244202629918 ], [ 65.762720073059597, 27.584244202629918 ], [ 65.776996839094579, 27.594951777156155 ], [ 65.791273605129561, 27.596736372910527 ], [ 65.805550371164543, 27.605659351682391 ], [ 65.819827137199525, 27.623505309226118 ], [ 65.821611732953897, 27.639566671015473 ], [ 65.816257945690779, 27.662766415822318 ], [ 65.821611732953897, 27.680612373366046 ], [ 65.834103903234507, 27.6966737351554 ], [ 65.841242286251997, 27.702027522418518 ], [ 65.857303648041352, 27.700242926664146 ] ] ] ] } },
{ "type": "Feature", "properties": { "Id": 0 }, "geometry": { "type": "MultiPolygon", "coordinates": [ [ [ [ 66.766852617520215, 28.765131042140069 ], [ 66.77280127003479, 28.754423467613833 ], [ 66.769232078526045, 28.737767240573021 ], [ 66.758524503999809, 28.717541822023463 ], [ 66.754955312491063, 28.710403439005972 ], [ 66.746627198970657, 28.6889882899535 ], [ 66.734729893941505, 28.665193679895197 ], [ 66.734729893941505, 28.639019608831063 ], [ 66.738299085450251, 28.621173651287336 ], [ 66.783508844561027, 28.598568771731948 ], [ 66.8049239936135, 28.567635778656154 ], [ 66.81206237663099, 28.53670278558036 ], [ 66.825149412163057, 28.517667097533717 ], [ 66.833477525683463, 28.496251948481245 ], [ 66.833477525683463, 28.473647068925857 ], [ 66.845374830712615, 28.448662728364638 ], [ 66.852513213730106, 28.424868118306335 ], [ 66.858461866244681, 28.414160543780099 ], [ 66.867979710268003, 28.412970813277184 ], [ 66.871548901776748, 28.390365933721796 ], [ 66.8834462068059, 28.367761054166408 ], [ 66.889394859320475, 28.34753563561685 ], [ 66.889394859320475, 28.341586983102275 ], [ 66.88820512881756, 28.330879408576038 ], [ 66.898912703343797, 28.333258869581869 ], [ 66.898912703343797, 28.322551295055632 ], [ 66.911999738875863, 28.321361564552717 ], [ 66.917948391390439, 28.317792373043972 ], [ 66.928752000962504, 28.304170634949173 ], [ 66.916758660887524, 28.30351560700899 ], [ 66.906051086361288, 28.30827452902065 ], [ 66.894153781332136, 28.313033451032311 ], [ 66.881066745800069, 28.309464259523565 ], [ 66.875118093285494, 28.324930756061462 ], [ 66.871548901776748, 28.334448600084784 ], [ 66.866789979765088, 28.348725366119766 ], [ 66.856082405238851, 28.352294557628511 ], [ 66.84656456121553, 28.358243210143087 ], [ 66.834667256186378, 28.359432940646002 ], [ 66.816821298642651, 28.385607011710135 ], [ 66.806113724116415, 28.390365933721796 ], [ 66.802544532607669, 28.397504316739287 ], [ 66.789457497075603, 28.398694047242202 ], [ 66.781129383555196, 28.399883777745117 ], [ 66.791836958081433, 28.42129892679759 ], [ 66.837046717192209, 28.37965835919556 ], [ 66.867979710268003, 28.363002132154747 ], [ 66.879877015297154, 28.338017791593529 ], [ 66.878687284794239, 28.353484288131426 ], [ 66.854892674735936, 28.392745394727626 ], [ 66.8441851002097, 28.416540004785929 ], [ 66.823959681660142, 28.446283267358808 ], [ 66.822769951157227, 28.461749763896705 ], [ 66.819200759648481, 28.478405990937517 ], [ 66.819200759648481, 28.49744167898416 ], [ 66.814441837636821, 28.505769792504566 ], [ 66.808493185122245, 28.521236289042463 ], [ 66.793026688584348, 28.518856828036633 ], [ 66.771611539531875, 28.523615750048293 ], [ 66.757334773496893, 28.558117934632833 ], [ 66.753765581988148, 28.547410360106596 ], [ 66.739488815953166, 28.53908224658619 ], [ 66.714504475391948, 28.529564402562869 ], [ 66.680002290807408, 28.520046558539548 ], [ 66.677622829801578, 28.509338984013311 ], [ 66.668104985778257, 28.50220060099582 ], [ 66.674053638292833, 28.478405990937517 ], [ 66.649069297731614, 28.470077877417111 ], [ 66.643120645217039, 28.496251948481245 ], [ 66.662156333263681, 28.521236289042463 ], [ 66.682381751813239, 28.541461707592021 ], [ 66.707366092374457, 28.552169282118257 ], [ 66.712125014386118, 28.565256317650324 ], [ 66.726401780421099, 28.577153622679475 ], [ 66.744247737964827, 28.591430388714457 ], [ 66.744247737964827, 28.605707154749439 ], [ 66.737109354947336, 28.605707154749439 ], [ 66.722832588912354, 28.634260686819403 ], [ 66.725212049918184, 28.673521793415603 ], [ 66.732350432935675, 28.681849906936009 ], [ 66.734729893941505, 28.702075325485566 ], [ 66.739488815953166, 28.711593169508888 ], [ 66.743058007461912, 28.723490474538039 ], [ 66.745437468467742, 28.731818588058445 ], [ 66.73116070243276, 28.73062885755553 ], [ 66.725212049918184, 28.711593169508888 ], [ 66.716883936397778, 28.713972630514718 ], [ 66.727591510924015, 28.737767240573021 ], [ 66.740678546456081, 28.737767240573021 ], [ 66.759714234502724, 28.738956971075936 ], [ 66.766852617520215, 28.765131042140069 ] ] ] ] } },
{ "type": "Feature", "properties": { "Id": 0 }, "geometry": { "type": "MultiPolygon", "coordinates": [ [ [ [ 66.179601641281124, 27.101530879913582 ], [ 66.182624889256829, 27.100113387403155 ], [ 66.188573541771405, 27.09654419589441 ], [ 66.193629896408765, 27.083457160362343 ], [ 66.202552875180629, 27.075723912093395 ], [ 66.198388818420426, 27.070370124830276 ], [ 66.18768124389419, 27.05966255030404 ], [ 66.180245428250998, 27.048062677900646 ], [ 66.176378804116496, 27.037355103374409 ], [ 66.165968662216017, 27.029919287731161 ], [ 66.161507172830056, 27.026350096222416 ], [ 66.154963655064023, 27.02278090471367 ], [ 66.165968662216017, 27.019211713204925 ], [ 66.186194080765574, 27.023673202590885 ], [ 66.206716931940832, 27.020996308959297 ], [ 66.22902437887052, 27.013560493316106 ], [ 66.235865329262253, 27.008504138678688 ], [ 66.250439527922993, 27.008504138678688 ], [ 66.259957371946314, 27.013560493316106 ], [ 66.270367513846793, 27.019806578456382 ], [ 66.276316166361369, 27.019806578456382 ], [ 66.264716293957974, 27.012073330187434 ], [ 66.250142095297235, 27.004934947169943 ], [ 66.23140383987635, 27.002258053538412 ], [ 66.219506534847199, 27.013857925941807 ], [ 66.175783938865038, 27.006422110298615 ], [ 66.141876619531956, 26.995119670520921 ], [ 66.127985992429046, 26.983719006592992 ], [ 66.123764638247792, 26.973316383789268 ], [ 66.124669214143751, 26.968944266958601 ], [ 66.123463112949025, 26.962461473037536 ], [ 66.12014633466373, 26.960200033297497 ], [ 66.115472692534638, 26.945274531013979 ], [ 66.116528031079895, 26.939244025040807 ], [ 66.110497525106723, 26.930047503431695 ], [ 66.104768544432318, 26.9226601336145 ], [ 66.107934560068145, 26.91647886499203 ], [ 66.09919032640704, 26.915875814394667 ], [ 66.103562443237593, 26.911503697564115 ], [ 66.103110155289698, 26.90487014099358 ], [ 66.100094902303056, 26.901402600059043 ], [ 66.101451766147079, 26.89793505912445 ], [ 66.098587275809678, 26.89311065434606 ], [ 66.097833462563187, 26.89009540135936 ], [ 66.098738038458976, 26.88768319897008 ], [ 66.098888801108444, 26.883763370087593 ], [ 66.094215158979182, 26.880898879750248 ], [ 66.093612108381819, 26.877129813517058 ], [ 66.096175073420568, 26.876677525568994 ], [ 66.09979337700446, 26.875169899075843 ], [ 66.104014731185657, 26.876376000270398 ], [ 66.105974645626873, 26.873360747283755 ], [ 66.107180746821484, 26.871099307543886 ], [ 66.10914066126287, 26.876376000270398 ], [ 66.113060490145301, 26.876376000270398 ], [ 66.115171167236042, 26.874265323179884 ], [ 66.116528031079895, 26.87079778224512 ], [ 66.114568116638679, 26.867330241310583 ], [ 66.115774217833405, 26.865671852167964 ], [ 66.11939252141724, 26.865671852167964 ], [ 66.121653961157108, 26.862656599181435 ], [ 66.12632760328637, 26.86145049798688 ], [ 66.128136755078344, 26.860545922090751 ], [ 66.12632760328637, 26.858736770298833 ], [ 66.119694046715836, 26.859339820896196 ], [ 66.11939252141724, 26.855419992013708 ], [ 66.121955486455875, 26.852857026974959 ], [ 66.115472692534638, 26.848937198092472 ], [ 66.113211252794599, 26.845469657157935 ], [ 66.116678793729363, 26.842303641521937 ], [ 66.111854388950746, 26.840645252379318 ], [ 66.110045237158829, 26.837177711444724 ], [ 66.113060490145301, 26.832654831964931 ], [ 66.116226505781299, 26.829941104276827 ], [ 66.117281844326556, 26.824965936849139 ], [ 66.116829556378661, 26.819840006771926 ], [ 66.116829556378661, 26.816221703187864 ], [ 66.121653961157108, 26.81169882370807 ], [ 66.122106249105173, 26.808382045422775 ], [ 66.118337182871983, 26.807025181578922 ], [ 66.118789470819877, 26.802502302098901 ], [ 66.11773413227462, 26.797677897320511 ], [ 66.114115828690615, 26.793155017840661 ], [ 66.118035657573216, 26.790893578100679 ], [ 66.121050910559916, 26.78998900220472 ], [ 66.122860062351833, 26.784863072127507 ], [ 66.120447859962553, 26.781847819140808 ], [ 66.116829556378661, 26.777927990258377 ], [ 66.117583369625322, 26.774761974622379 ], [ 66.114266591340083, 26.772500534882397 ], [ 66.111854388950746, 26.770540620441182 ], [ 66.109743711860062, 26.767676130103951 ], [ 66.111100575704086, 26.76451011446801 ], [ 66.112457439547939, 26.762097912078673 ], [ 66.113663540742721, 26.759384184390797 ], [ 66.11230667689864, 26.755012067560244 ], [ 66.108537610665508, 26.752298339872368 ], [ 66.107029984172186, 26.749433849535023 ], [ 66.105673120328277, 26.743403343561852 ], [ 66.1029593926404, 26.741594191769877 ], [ 66.103260917938996, 26.739031226731299 ], [ 66.10672845887359, 26.735111397848641 ], [ 66.10672845887359, 26.733302246056724 ], [ 66.110346762457425, 26.732699195459531 ], [ 66.112909727496003, 26.733151483407426 ], [ 66.116829556378661, 26.734056059303384 ], [ 66.119392521417069, 26.73435758460198 ], [ 66.120900147910447, 26.734056059303384 ], [ 66.123010825001131, 26.736015973744657 ], [ 66.124518451494453, 26.73571444844606 ], [ 66.126478365935668, 26.735412923147464 ], [ 66.127081416533088, 26.738880464082001 ], [ 66.13009666951956, 26.739031226731299 ], [ 66.131905821311648, 26.737222074939382 ], [ 66.13461954899941, 26.737071312290084 ], [ 66.140951580271349, 26.73737283758868 ], [ 66.144720646504481, 26.734809872550045 ], [ 66.142157681465903, 26.730588518368847 ], [ 66.145323697101844, 26.731040806316912 ], [ 66.1493942886338, 26.731945382212871 ], [ 66.153314117516231, 26.72877936657693 ], [ 66.155123269308206, 26.72877936657693 ], [ 66.157686234346954, 26.730739281018145 ], [ 66.161455300580144, 26.731342331615508 ], [ 66.162962927073465, 26.730739281018145 ], [ 66.164319790917318, 26.729683942472889 ], [ 66.166279705358704, 26.729382417174293 ], [ 66.167184281254492, 26.731493094264806 ], [ 66.167636569202557, 26.734809872550045 ], [ 66.168390382449275, 26.738277413484639 ], [ 66.1665812306573, 26.742348005016595 ], [ 66.164621316216085, 26.74430791945781 ], [ 66.165224366813277, 26.746418596548494 ], [ 66.162359876476103, 26.746569359197792 ], [ 66.162058351177507, 26.74973537483379 ], [ 66.161907588528038, 26.753805966365519 ], [ 66.164621316216085, 26.75591664345626 ], [ 66.168691907747871, 26.758781133793434 ], [ 66.174119363123793, 26.768128418051845 ], [ 66.174873176370511, 26.774309686674485 ], [ 66.17653156551313, 26.773254348129058 ], [ 66.175174701669107, 26.765866978312033 ], [ 66.169898008942596, 26.757122744650815 ], [ 66.164319790917318, 26.753805966365519 ], [ 66.163264452372061, 26.749584612184321 ], [ 66.166279705358704, 26.74837851098971 ], [ 66.168691907747871, 26.743855631509916 ], [ 66.170953347487853, 26.739935802627258 ], [ 66.171556398085215, 26.736769786991317 ], [ 66.169596483644, 26.732699195459531 ], [ 66.169747246293298, 26.729834705122187 ], [ 66.165525892112043, 26.727271740083552 ], [ 66.16175682587874, 26.728628603927632 ], [ 66.156630895801527, 26.72666868948636 ], [ 66.152409541620273, 26.726819452135658 ], [ 66.147735899491181, 26.728930129226228 ], [ 66.144720646504481, 26.72877936657693 ], [ 66.144569883855183, 26.72666868948636 ], [ 66.146228272997803, 26.724859537694272 ], [ 66.141856156167307, 26.723050385902354 ], [ 66.144268358556587, 26.723050385902354 ], [ 66.144720646504481, 26.720638183513017 ], [ 66.143816070608523, 26.718979794370568 ], [ 66.142609969413968, 26.715512253435861 ], [ 66.140197767024631, 26.712346237800034 ], [ 66.141554630868711, 26.710084798060052 ], [ 66.146831323595165, 26.709783272761456 ], [ 66.148791238036438, 26.709783272761456 ], [ 66.149545051283098, 26.706768019774756 ], [ 66.151504965724314, 26.70028522585352 ], [ 66.150901915127122, 26.698325311412304 ], [ 66.150298864529759, 26.696063871672493 ], [ 66.150901915127122, 26.693199381335091 ], [ 66.152560304269741, 26.69093794159528 ], [ 66.153314117516231, 26.691842517491239 ], [ 66.155274031957674, 26.691993280140537 ], [ 66.158741572892211, 26.690485653647215 ], [ 66.160701487333426, 26.688827264504596 ], [ 66.160701487333426, 26.686716587414026 ], [ 66.159796911437468, 26.684153622375447 ], [ 66.16175682587874, 26.683399809128787 ], [ 66.161003012632023, 26.680233793492789 ], [ 66.159947674086766, 26.67857540435017 ], [ 66.159193860840105, 26.677218540506317 ], [ 66.15723394639889, 26.678123116402276 ], [ 66.155877082554866, 26.676766252558252 ], [ 66.156178607853633, 26.674806338117037 ], [ 66.156630895801527, 26.672695661026296 ], [ 66.159796911437468, 26.670886509234379 ], [ 66.162209113826805, 26.670735746585081 ], [ 66.16416902826802, 26.670434221286484 ], [ 66.166128942709406, 26.66998193333842 ], [ 66.166128942709406, 26.670886509234379 ], [ 66.167636569202557, 26.673449474272957 ], [ 66.171254872786449, 26.673600236922255 ], [ 66.17276249927977, 26.672092610429104 ], [ 66.175023939019809, 26.672846423675594 ], [ 66.175626989617172, 26.671037271883677 ], [ 66.176230040214364, 26.664705240611909 ], [ 66.174571651071687, 26.661237699677372 ], [ 66.182411308837004, 26.657920921392076 ], [ 66.182109783538237, 26.652342703366799 ], [ 66.180602157044859, 26.64902592508173 ], [ 66.181808258239641, 26.647518298588409 ], [ 66.192060118394011, 26.646915247991046 ], [ 66.195979947276498, 26.645106096199072 ], [ 66.199598250860504, 26.642693893809792 ], [ 66.198844437613843, 26.639980166121916 ], [ 66.194924608731185, 26.63832177697924 ], [ 66.198392149665779, 26.63425118544734 ], [ 66.197186048471224, 26.630934407162044 ], [ 66.198995200263141, 26.62731610357821 ], [ 66.200201301457696, 26.625054663838171 ], [ 66.1998997761591, 26.622642461449061 ], [ 66.197186048471224, 26.620381021709079 ], [ 66.202462741197735, 26.620833309656973 ], [ 66.201558165301719, 26.622642461449061 ], [ 66.20442265563895, 26.62430085059151 ], [ 66.208945535118971, 26.622340936150295 ], [ 66.211659262806847, 26.620531784358377 ], [ 66.209699348365461, 26.618722632566403 ], [ 66.208191721872254, 26.61570737957976 ], [ 66.209096297768269, 26.613144414541182 ], [ 66.208794772469446, 26.611787550697272 ], [ 66.213619177248063, 26.610732212151845 ], [ 66.210453161612122, 26.609073823009396 ], [ 66.20849324717085, 26.608621535061332 ], [ 66.209096297768269, 26.606963145918712 ], [ 66.208191721872254, 26.603947892932013 ], [ 66.205176468885611, 26.603947892932013 ], [ 66.201558165301719, 26.604852468828142 ], [ 66.200653589405761, 26.60334484233482 ], [ 66.201407402652421, 26.601535690542903 ], [ 66.204121130340354, 26.602289503789564 ], [ 66.206231807431038, 26.601987978490797 ], [ 66.207739433924189, 26.598671200205501 ], [ 66.205477994184378, 26.596862048413584 ], [ 66.20849324717085, 26.596560523114988 ], [ 66.210453161612122, 26.595354421920433 ], [ 66.211810025456145, 26.593545270128345 ], [ 66.213468414598765, 26.593545270128345 ], [ 66.214372990494724, 26.597465099010947 ], [ 66.216483667585294, 26.599425013452219 ], [ 66.218895869974574, 26.599877301400284 ], [ 66.216785192884061, 26.595655947219029 ], [ 66.217388243481423, 26.593092982180451 ], [ 66.215277566390682, 26.591283830388477 ], [ 66.219348157922639, 26.59233916893379 ], [ 66.223267986805126, 26.593545270128345 ], [ 66.223871037402489, 26.591434593037775 ], [ 66.221308072363854, 26.591283830388477 ], [ 66.220101971169299, 26.588570102700601 ], [ 66.220101971169299, 26.58480103646724 ], [ 66.218292819377382, 26.582539596727429 ], [ 66.221308072363854, 26.581936546130066 ], [ 66.221006547065258, 26.580579682286043 ], [ 66.216634430234762, 26.581333495532704 ], [ 66.211508500157549, 26.583293409973919 ], [ 66.216785192884061, 26.57922281844219 ], [ 66.215579091689278, 26.577413666650045 ], [ 66.213920702546829, 26.57545375220883 ], [ 66.215277566390682, 26.575001464260936 ], [ 66.216634430234762, 26.573644600416912 ], [ 66.218142056728084, 26.574096888364977 ], [ 66.223720274753191, 26.57304154981955 ], [ 66.226886290389132, 26.574247651014275 ], [ 66.229600018077065, 26.575152226910234 ], [ 66.233670609608964, 26.577112141351449 ], [ 66.23698738789426, 26.574398413663573 ], [ 66.233067559011602, 26.573644600416912 ], [ 66.23155993251828, 26.571232398027576 ], [ 66.235781286699478, 26.572136973923591 ], [ 66.235781286699478, 26.567011043846378 ], [ 66.235781286699478, 26.561432825821271 ], [ 66.239248827634071, 26.557814522237209 ], [ 66.239399590283369, 26.553442405406713 ], [ 66.239399590283369, 26.552236304212158 ], [ 66.242414843270012, 26.546507323537583 ], [ 66.246033146853904, 26.543642833200352 ], [ 66.248294586593886, 26.540627580213709 ], [ 66.251008314281819, 26.538215377824599 ], [ 66.251460602229713, 26.535350887487198 ], [ 66.255229668463016, 26.533240210396684 ], [ 66.258395684099014, 26.53278792244862 ], [ 66.260958649137592, 26.530677245358106 ], [ 66.259149497345675, 26.528868093565961 ], [ 66.260506361189528, 26.528265042968769 ], [ 66.264426190072186, 26.526757416475448 ], [ 66.265783053916039, 26.528415805618067 ], [ 66.268647544253383, 26.529169618864728 ], [ 66.269099832201277, 26.526908179124746 ], [ 66.271361271941316, 26.524345214086168 ], [ 66.271662797239912, 26.526305128527554 ], [ 66.274678050226555, 26.526154365878085 ], [ 66.274678050226555, 26.524345214086168 ], [ 66.275431863473216, 26.52283758759279 ], [ 66.276788727317069, 26.525551315280893 ], [ 66.278597879109043, 26.52359140083945 ], [ 66.280708556199727, 26.52419445143687 ], [ 66.282517707991644, 26.525099027332828 ], [ 66.283573046536901, 26.525099027332828 ], [ 66.283271521238305, 26.522686824943492 ], [ 66.28131160679709, 26.520576147852978 ], [ 66.278597879109043, 26.518766996061061 ], [ 66.278899404407809, 26.5180131828144 ], [ 66.27724101526519, 26.516204031022426 ], [ 66.274678050226555, 26.5149979298277 ], [ 66.272115085187977, 26.513641065983848 ], [ 66.270155170746534, 26.512284202139824 ], [ 66.267441443058658, 26.509721237101189 ], [ 66.268195256305319, 26.516053268372957 ], [ 66.206231807431038, 26.580730444935341 ], [ 66.202010453249613, 26.581936546130066 ], [ 66.199749013509802, 26.586157900311321 ], [ 66.203065791795098, 26.587213238856577 ], [ 66.207287145976295, 26.587213238856577 ], [ 66.210302398962824, 26.586610188259215 ], [ 66.214071465196128, 26.586610188259215 ], [ 66.212111550754742, 26.588419340051303 ], [ 66.210302398962824, 26.588570102700601 ], [ 66.208342484521552, 26.591434593037775 ], [ 66.207136383326997, 26.591886880985669 ], [ 66.204724180937717, 26.590530017141816 ], [ 66.201105877353655, 26.590680779791114 ], [ 66.198392149665779, 26.591133067739008 ], [ 66.195678421977902, 26.593545270128345 ], [ 66.195075371380483, 26.595505184569731 ], [ 66.191004779848754, 26.596711285764286 ], [ 66.195075371380483, 26.599425013452219 ], [ 66.200653589405761, 26.599123488153623 ], [ 66.198542912315247, 26.601234165244136 ], [ 66.198542912315247, 26.60259102908816 ], [ 66.197789099068586, 26.605907807373455 ], [ 66.200804352055059, 26.608169247113437 ], [ 66.203518079742992, 26.608169247113437 ], [ 66.201256640003123, 26.60952611095729 ], [ 66.200653589405761, 26.61193831334657 ], [ 66.203216554444396, 26.612089075995868 ], [ 66.204573418288419, 26.613596702489247 ], [ 66.204874943587015, 26.616159667527825 ], [ 66.206231807431038, 26.620230259059781 ], [ 66.20442265563895, 26.620230259059781 ], [ 66.203367317093694, 26.618270344618338 ], [ 66.198241387016481, 26.616913480774485 ], [ 66.195979947276498, 26.617818056670444 ], [ 66.194170795484524, 26.61947644581312 ], [ 66.195075371380483, 26.621737885553102 ], [ 66.196130709925967, 26.62430085059151 ], [ 66.194020032835226, 26.625356189136937 ], [ 66.191457067796648, 26.626562290331549 ], [ 66.190854017199285, 26.631838983058003 ], [ 66.194321558133822, 26.634401948096638 ], [ 66.189497153355433, 26.635608049291363 ], [ 66.188592577459474, 26.638020251680473 ], [ 66.190100203952625, 26.64043245406981 ], [ 66.195075371380483, 26.642090843212429 ], [ 66.190703254549987, 26.644050757653815 ], [ 66.187084950966096, 26.644955333549774 ], [ 66.182260546187536, 26.645558384146966 ], [ 66.178491479954346, 26.645709146796264 ], [ 66.177436141409089, 26.647367535939111 ], [ 66.173968600474325, 26.647970586536303 ], [ 66.172008686033109, 26.647970586536303 ], [ 66.168842670397339, 26.650835076873648 ], [ 66.171104110137151, 26.65068431422435 ], [ 66.174722413720986, 26.650382788925583 ], [ 66.176833090811726, 26.650232026276285 ], [ 66.178793005252942, 26.65068431422435 ], [ 66.179094530551708, 26.652644228665565 ], [ 66.179999106447667, 26.654001092509475 ], [ 66.178642242603644, 26.656413294898755 ], [ 66.171707160734513, 26.657468633444012 ], [ 66.169445720994531, 26.660785411729307 ], [ 66.169596483644, 26.665006765910505 ], [ 66.170802584838555, 26.665609816507867 ], [ 66.170802584838555, 26.668625069494396 ], [ 66.169445720994531, 26.667268205650544 ], [ 66.166279705358704, 26.666815917702422 ], [ 66.161003012632023, 26.667117443001246 ], [ 66.15798775964555, 26.668474306845098 ], [ 66.156027845204335, 26.668775832143865 ], [ 66.153766405464296, 26.671037271883677 ], [ 66.153314117516231, 26.673750999571553 ], [ 66.152108016321677, 26.67691701520755 ], [ 66.153615642814998, 26.679932268194193 ], [ 66.15557555725627, 26.680686081440683 ], [ 66.157535471697486, 26.680535318791385 ], [ 66.157535471697486, 26.682495233232828 ], [ 66.157384709048188, 26.684907435622108 ], [ 66.158138522294848, 26.687018112712622 ], [ 66.157836996996252, 26.688525739206 ], [ 66.153766405464296, 26.689882603049853 ], [ 66.153012592217635, 26.688374976556702 ], [ 66.151354203075016, 26.686716587414026 ], [ 66.149545051283098, 26.687319638011218 ], [ 66.148338950088373, 26.690334890997917 ], [ 66.146228272997803, 26.695310058425832 ], [ 66.146529798296399, 26.700134463204222 ], [ 66.14728361154306, 26.70405429208688 ], [ 66.145172934452546, 26.707069545073352 ], [ 66.140951580271349, 26.707823358320013 ], [ 66.137785564635351, 26.708275646268135 ], [ 66.137333276687457, 26.711140136605309 ], [ 66.137785564635351, 26.713703101643887 ], [ 66.13869014053131, 26.716869117279884 ], [ 66.140951580271349, 26.719130557019867 ], [ 66.141554630868541, 26.72124123411038 ], [ 66.140197767024631, 26.721995047357098 ], [ 66.139594716427268, 26.723954961798313 ], [ 66.140499292323227, 26.725161062993038 ], [ 66.142609969413968, 26.725764113590401 ], [ 66.139142428479374, 26.727120977434254 ], [ 66.137936327284649, 26.729834705122187 ], [ 66.138087089934118, 26.731342331615508 ], [ 66.139745479076566, 26.732397670160765 ], [ 66.141102342920647, 26.735412923147464 ], [ 66.139142428479374, 26.735563685796762 ], [ 66.137333276687457, 26.734809872550045 ], [ 66.135071836947475, 26.733754534004788 ], [ 66.131302770714285, 26.733754534004788 ], [ 66.13009666951956, 26.733754534004788 ], [ 66.13009666951956, 26.730588518368847 ], [ 66.127382941831684, 26.729683942472889 ], [ 66.124819976793049, 26.730739281018145 ], [ 66.123613875598494, 26.731493094264806 ], [ 66.118789470819877, 26.728628603927632 ], [ 66.119090996118473, 26.73119156896621 ], [ 66.114266591340083, 26.730136230420953 ], [ 66.110949813054788, 26.727271740083552 ], [ 66.107331509470782, 26.728025553330212 ], [ 66.104617781782849, 26.729985467771485 ], [ 66.101301003497611, 26.732096144862169 ], [ 66.101451766147079, 26.73571444844606 ], [ 66.100697952900418, 26.736468261692721 ], [ 66.09677812401776, 26.738277413484639 ], [ 66.097984225212485, 26.740840378523217 ], [ 66.098738038458976, 26.743252580912554 ], [ 66.102054816744271, 26.745664783301834 ], [ 66.102356342043038, 26.748227748340412 ], [ 66.102054816744271, 26.750639950729749 ], [ 66.103260917938996, 26.753805966365519 ], [ 66.105673120328106, 26.755162830209542 ], [ 66.107029984172186, 26.757122744650815 ], [ 66.105522357678808, 26.759534947040095 ], [ 66.102356342043038, 26.760137997637457 ], [ 66.101753291445675, 26.764359351818712 ], [ 66.103110155289698, 26.767826892753249 ], [ 66.103713205886891, 26.772651297531695 ], [ 66.106577696224065, 26.77551578786904 ], [ 66.110346762457425, 26.77762646495961 ], [ 66.111100575704086, 26.779887904699592 ], [ 66.111703626301448, 26.785315360075401 ], [ 66.113211252794599, 26.787727562464681 ], [ 66.109592949210764, 26.787727562464681 ], [ 66.108989898613402, 26.791948916645936 ], [ 66.107783797418847, 26.795265694931174 ], [ 66.104617781782849, 26.795868745528367 ], [ 66.106125408276171, 26.799185523813833 ], [ 66.107783797418847, 26.797828659969809 ], [ 66.108839135964104, 26.798130185268406 ], [ 66.110949813054788, 26.799939337060323 ], [ 66.111402101002682, 26.802803827397668 ], [ 66.11155286365215, 26.808382045422775 ], [ 66.112155914249342, 26.812301874305433 ], [ 66.110949813054788, 26.815317127292076 ], [ 66.10914066126287, 26.818935430875968 ], [ 66.107633034769549, 26.822402971810504 ], [ 66.10672845887359, 26.8257197500958 ], [ 66.103260917938996, 26.831297968120907 ], [ 66.102507104692336, 26.836122372899467 ], [ 66.102808629990932, 26.842152878872639 ], [ 66.103260917938996, 26.845620419807233 ], [ 66.106125408276171, 26.850294061936324 ], [ 66.11155286365215, 26.852404739027065 ], [ 66.113362015443897, 26.855419992013708 ], [ 66.115623455183936, 26.859339820896196 ], [ 66.114266591340083, 26.861148972688113 ], [ 66.111703626301448, 26.861148972688113 ], [ 66.10838684801621, 26.863259649778797 ], [ 66.104316256484253, 26.864164225674756 ], [ 66.101079428088724, 26.864536563732941 ], [ 66.088230338657354, 26.863108887129499 ], [ 66.083947308846689, 26.880241006371364 ], [ 66.089658015260795, 26.895945449009957 ], [ 66.095368721674845, 26.91736059806243 ], [ 66.102507104692336, 26.931637364097412 ], [ 66.105362457899162, 26.94876948333939 ], [ 66.109645487709827, 26.968756955788251 ], [ 66.123922253744809, 26.988744428237339 ], [ 66.126777606951634, 27.010159577289812 ], [ 66.129632960158688, 27.017297960307303 ], [ 66.155331139021598, 27.033002402945669 ], [ 66.161041845435705, 27.044423815773655 ], [ 66.171035581660192, 27.060128258412249 ], [ 66.183884671091562, 27.077260377654227 ], [ 66.179601641281124, 27.101530879913582 ] ] ] ] } }
]
}
